Unnamed: 0,p0q0
0,-1.3711222
1,0.6168398
2,0.81584793
3,0.53510094
4,-0.7934991
5,-0.45271802
6,-0.49877223
7,0.11428709
8,-0.61300033
9,-0.42606115
10,-0.42672688
11,-0.06900632
12,-0.5004529
13,-0.521369
14,-0.8259127
15,0.041994322
16,-0.6497489
17,-0.3826512
18,-0.5040823
19,0.069178514
20,-0.50932354
21,-0.3826512
22,-0.7052821
23,-0.0069949767
24,-0.38556144
25,-0.60928476
26,-0.2999388
27,-0.20479524
28,-0.7733759
29,-0.8010764
30,-0.3458454
31,-0.017059015
32,-0.7934991
33,-0.17270343
34,-0.26805636
35,0.069178514
36,-0.5950308
37,-0.50521094
38,-0.7264074
39,0.089312986
40,-0.8537886
41,-0.5504632
42,-0.7863446
43,0.17487414
44,0.0056402176
45,-1.3626052
46,-0.004258438
47,-1.5751811
48,0.4069263
49,-1.3287809
50,0.03348627
51,-1.2970024
52,-0.05414951
53,-1.3375816
54,-0.06702194
55,-1.1644907
56,-1.0791994
57,-1.3357716
58,-1.2157339
59,-0.73727375
60,-0.7840067
61,-1.197993
62,-0.9627417
63,-1.1082909
64,-1.2971636
65,-0.59746456
66,-1.0141939
67,-0.24459837
68,-1.3351591
69,-0.89387095
70,-0.9264209
71,-1.3351591
72,-0.9627417
73,-1.551808
74,0.19810024
75,-1.3386077
76,-1.2574056
77,-2.0143225
78,-0.23163989
79,-1.2971636
80,-0.7614906
81,-0.8300793
82,0.08223314
83,-2.1267228
84,-0.47887588
85,-1.3774202
86,0.031743973
87,-1.3859544
88,-0.99190444
89,-0.8469134
90,0.105184205
91,-0.8742091
92,-0.8966562
93,-1.1804725
94,0.40302494
95,-1.2384316
96,-0.97609544
97,-1.5021507
98,-0.010751528
99,-1.5373626
100,-0.87723136
101,-0.9245245
102,0.021296505
103,0.01433813
104,-0.047319487
105,0.1682389
106,-0.12575528
107,-0.017209211
108,-0.87333333
109,-0.50521094
110,-0.5214644
111,-0.054341946
112,-0.8537886
113,-0.6551803
114,-0.4554929
115,-0.123236716
116,-0.55286443
117,-0.4633308
118,-0.5607633
119,0.17513329
120,-0.79245144
121,-0.6551803
122,-1.3269775
123,-0.25477082
124,0.113982946
125,1.6131474
126,-0.11161016
127,0.16431405
128,-0.1093135
129,0.23124403
130,0.17500043
131,0.0056341533
132,-0.36888266
133,0.28882837
134,0.068154
135,-0.3042795
136,0.19638602
137,-0.11090445
138,-0.039381325
139,-0.24718025
140,0.1682389
141,0.037043836
142,-0.18557733
143,-0.038252886
144,-1.3538402
145,1.4803632
146,0.12516358
147,-1.2664049
148,1.5255817
149,-0.004258438
150,-1.1101824
151,1.6685158
152,-0.029579083
153,-1.1488764
154,1.102965
155,0.1099802
156,-4.284984
157,0.8615392
158,0.1655511
159,-1.5928344
160,1.2493292
161,-0.07627915
162,-0.8579468
163,1.3400519
164,-0.047413956
165,-1.3661357
166,1.6639918
167,-0.07627915
168,-1.42743
169,1.9825108
170,0.00059282756
171,-2.158867
172,1.0815139
173,-0.047413956
174,-1.4445696
175,1.7902458
176,0.34583962
177,-1.087169
178,1.4370567
179,0.27468204
180,-1.1359285
181,0.31507096
182,-1.12783
183,-0.047413956
184,-1.4812697
185,1.9768912
186,-0.05414951
187,-1.1664826
188,1.4584063
189,-0.023767719
190,-1.3512268
191,0.8536103
192,-0.09596701
193,-1.5759571
194,1.7661852
195,-1.197993
196,-0.5806458
197,-1.1668805
198,-1.2971636
199,-0.5457113
200,-0.78213984
201,-1.6800457
202,-1.4794407
203,-0.86842704
204,-2.0732117
205,-3.577949
206,-0.49047512
207,-1.5831357
208,-0.5669574
209,-0.9188418
210,-1.4328547
211,-0.65061814
212,-1.080667
213,0.3811696
214,0.39663935
215,0.40018347
216,-1.8380734
217,1.9711732
218,0.59303623
219,0.9269644
220,-1.5928506
221,2.4414995
222,0.46011087
223,0.30221003
224,-1.0462515
225,2.2067168
226,0.3448354
227,0.3478747
228,-1.6579485
229,2.3701694
230,0.51397026
231,0.3478747
232,-1.2991376
233,2.2814214
234,0.24454145
235,0.5150221
236,-1.2444849
237,2.1271489
238,0.5300611
239,0.5414672
240,-1.3105745
241,2.2980301
242,-3.8608096
243,0.5254259
244,-1.2525547
245,2.3286507
246,0.434366
247,0.58757854
248,-1.4898287
249,-0.22164264
250,0.21428564
251,0.3560757
252,-1.5294752
253,2.2306252
254,0.4032824
255,0.23542178
256,-1.4419558
257,2.3766072
258,-0.29397467
259,-1.0099813
260,-2.0620003
261,2.377442
262,0.5448198
263,0.2503966
264,-0.79420453
265,0.6600821
266,-0.877109
267,0.27849406
268,-1.8370247
269,0.522105
270,-1.6107463
271,0.3879555
272,-1.8255816
273,-0.16487439
274,-0.13055603
275,-0.37805974
276,-1.6865879
277,-0.035152063
278,0.15152624
279,-0.3156297
280,-1.3243926
281,-0.06430007
282,0.089492515
283,-1.3350017
284,-1.465733
285,-0.20339154
286,-0.051562753
287,-0.3586682
288,0.36171988
289,-0.10652777
290,0.64388704
291,0.044965215
292,-1.1070645
293,0.27123207
294,-1.2689297
295,0.24277058
296,-0.93178934
297,0.31675926
298,0.16176058
299,-1.1769285
300,0.26848218
301,-0.9496526
302,0.5185489
303,-1.0629259
304,0.26848218
305,-0.81469697
306,-0.00951698
307,-1.449326
308,0.4690164
309,-3.7617784
310,0.37978896
311,-1.25604
312,0.30262402
313,-1.5242996
314,0.2575129
315,-0.09638015
316,0.8868093
317,0.4531006
318,-0.47045672
319,0.3893397
320,0.61061734
321,0.53339165
322,-0.4153316
323,0.26496398
324,0.72415406
325,0.16207872
326,-0.47045672
327,0.15327975
328,1.4683778
329,0.30002978
330,-0.4153316
331,-1.9297917
332,-1.6751529
333,-0.22020319
334,-1.6580933
335,2.4569545
336,-1.2730151
337,-0.27829656
338,-1.5250058
339,2.6432707
340,0.2761724
341,-0.23768653
342,-0.4074115
343,2.5536034
344,-1.9271073
345,-0.2255984
346,-0.44411722
347,2.1614816
348,-1.9646701
349,-0.49212798
350,-0.8270239
351,2.5699778
352,-1.4408998
353,-0.21019004
354,-1.8648713
355,2.6233368
356,-1.2976052
357,-0.16561836
358,-0.87491995
359,2.5467334
360,-1.485068
361,-0.53869593
362,-1.6202719
363,2.7021525
364,-1.7160351
365,-0.17983478
366,-0.38226828
367,2.1614816
368,-1.2968875
369,-0.205321
370,-0.13047577
371,-0.53924775
372,2.7511575
373,-1.3364768
374,-0.40445367
375,-1.4287088
376,2.4876063
377,-1.6312011
378,-0.76812506
379,-0.29714304
380,-0.5013052
381,-0.23935162
382,-0.34861532
383,0.32111272
384,-0.6946589
385,0.03293715
386,-0.46506783
387,0.23122372
388,-0.687691
389,-0.14648207
390,-1.9146953
391,0.37253082
392,-0.7780919
393,-0.106313914
394,-0.80184335
395,0.39727062
396,-1.5178771
397,-0.89466614
398,-1.668131
399,0.27116913
400,-0.569806
401,-2.9676027
402,-1.5919861
403,0.22313364
404,-1.1739016
405,-0.55837077
406,-0.49197933
407,0.24600132
408,-0.32761684
409,-0.70045316
410,-2.2815876
411,0.73172927
412,-0.8587433
413,0.23755473
414,-1.4894515
415,0.43556356
416,-0.6788172
417,-0.8453358
418,-0.30329964
419,0.24240477
420,-0.94176257
421,-0.34693643
422,-0.8543957
423,0.59769124
424,0.4220618
425,-1.2002891
426,0.6310352
427,0.20255274
428,-0.3702638
429,0.82332784
430,0.57426363
431,-2.2305646
432,1.6844686
433,0.5891792
434,0.19094424
435,0.17803046
436,0.9790969
437,-0.45929042
438,0.036025636
439,0.89560366
440,0.93962103
441,-0.116683565
442,0.036025636
443,0.62842
444,0.55988246
445,-0.32529116
446,-0.90249914
447,-0.57277876
448,0.4728993
449,-1.6044347
450,-0.8641833
451,0.72146624
452,-2.487098
453,-0.92436194
454,-1.5356901
455,-2.2187357
456,-1.2924259
457,0.45057672
458,-3.3448334
459,-1.5480576
460,0.42482445
461,-0.38649443
462,-1.2182567
463,0.48727593
464,-1.4366126
465,-1.1344352
466,0.50644803
467,0.035920013
468,0.6932503
469,0.68676114
470,-0.3581383
471,0.27566224
472,-0.2632809
473,-0.11815434
474,0.22890048
475,-0.1412447
476,-0.3581383
477,0.050999437
478,-0.25566915
479,-0.15492846
480,0.044946074
481,-0.14956447
482,-0.36415958
483,0.119470604
484,-0.007046035
485,0.14495875
486,0.24400114
487,-0.11321483
488,-0.17695469
489,0.1682389
490,-0.1086098
491,-0.20179921
492,-0.29736388
493,0.6085562
494,-0.23598148
495,-1.3016983
496,-2.238072
497,-1.2646149
498,-0.23435502
499,0.16039306
500,-1.2374697
501,-0.43298817
502,0.17102304
503,-1.8362917
504,-0.25496152
505,0.078265466
506,-0.39376843
507,-0.033852797
508,-0.30455762
509,-0.43651018
510,-0.15403116
511,-0.096552804
512,-0.24425775
513,0.11431523
514,-1.6329622
515,-0.20091529
516,0.25603452
517,-1.148565
518,-0.24425775
519,0.16907983
520,-1.0376667
521,-0.32499778
522,0.27530643
523,-1.3958743
524,-0.996972
525,0.16039306
526,-1.3353684
527,-0.42617217
528,0.25603452
529,-0.04097699
530,-0.034017246
531,0.3378668
532,-0.23786293
533,-0.24355274
534,-0.021315979
535,0.46488395
536,-0.08806845
537,-0.20491505
538,0.13821618
539,-0.019803075
540,0.8946155
541,0.310806
542,0.759502
543,-0.5615918
544,-0.45016533
545,-0.7642867
546,-0.009339588
547,-1.3507036
548,-0.4584125
549,-0.096992955
550,0.3181029
551,-0.7934991
552,-0.66581094
553,-0.37699458
554,-0.06900632
555,-0.5442084
556,-0.6021359
557,-0.30658254
558,-0.043457862
559,-0.5950308
560,-0.36216798
561,-0.77805275
562,-0.13229446
563,-0.7934991
564,-1.5199177
565,-0.42578778
566,0.022536848
567,-0.7831981
568,-0.67229265
569,-0.37633207
570,-0.23044004
571,-2.4173036
572,-0.9113587
573,-0.95988315
574,0.04142141
575,-0.6017223
576,-0.7939815
577,-0.29548123
578,0.20763922
579,-0.6313728
580,-0.92652816
581,-0.4554929
582,-0.0078516845
583,-0.4030451
584,0.19638602
585,-0.24775387
586,-0.054888427
587,-0.1120552
588,-1.22961
589,-0.56257486
590,0.084385835
591,-0.264679
592,-0.047319487
593,-0.30989805
594,0.050999437
595,-0.23290507
596,0.4126791
597,-0.6136643
598,-0.7644326
599,-0.2917776
600,-0.18017627
601,-0.4858812
602,-0.62877494
603,-0.77805275
604,0.24423723
605,-0.7831981
606,-0.5750269
607,-1.0855818
608,-0.06726168
609,-2.4173036
610,-0.45271802
611,-0.77805275
612,-0.06900632
613,-0.5604939
614,-0.8063069
615,-0.6151824
616,-0.06900632
617,-0.3871081
618,0.044946074
619,-0.14310157
620,0.01433813
621,-0.56589866
622,-0.45016533
623,-0.34305942
624,-0.25477082
625,-0.3581383
626,0.17646866
627,-0.40903908
628,-0.5628314
629,-0.49013653
630,0.23320274
631,-0.6017223
632,0.14474303
633,-1.3894982
634,-0.04015884
635,-1.4345903
636,0.074456654
637,-1.4690385
638,0.1001519
639,-1.5983344
640,-0.05414951
641,-1.2497646
642,0.018350344
643,-1.4856071
644,0.044264182
645,-0.8461016
646,-0.7174898
647,-1.139174
648,-0.23116128
649,-0.5103178
650,-0.49515447
651,-4.344973
652,-0.1747573
653,-0.62877494
654,0.17266285
655,-1.9192249
656,-0.770281
657,-0.59057456
658,-0.72402215
659,-1.1014453
660,-0.82206666
661,-0.87863487
662,0.035649408
663,-1.3275009
664,-0.65810984
665,-1.8614483
666,0.23424743
667,-1.501138
668,-0.6832526
669,-1.2303537
670,-1.3160294
671,-1.1498438
672,-1.1440061
673,-0.07154366
674,-1.2846869
675,-0.3753679
676,-1.1630838
677,-0.1896925
678,-1.2666689
679,-0.9777167
680,-2.2000268
681,-0.062459875
682,-1.1994137
683,-0.7685553
684,-1.2381376
685,0.58527833
686,-1.1177685
687,-0.67372656
688,-1.5006192
689,0.4244516
690,-1.3617834
691,-0.8181732
692,-1.4068226
693,-0.07154366
694,-1.7213383
695,-0.62105364
696,-1.486945
697,-1.2282882
698,-1.3351591
699,-0.31047425
700,-1.3115071
701,-0.7923232
702,-1.197993
703,-0.54566616
704,-2.2948308
705,-0.58872956
706,-1.6632686
707,-1.3709527
708,-1.2666689
709,-0.8777812
710,-1.611361
711,-1.0996817
712,-1.3114052
713,-0.9109054
714,-1.340058
715,-0.7621806
716,-1.560565
717,-0.7058142
718,-1.2324234
719,-0.49706104
720,-1.2971636
721,-0.87723136
722,-0.83564794
723,-3.1918192
724,-1.2625179
725,-0.99291563
726,-0.9377955
727,0.27704865
728,-1.2666689
729,-1.4336147
730,-1.6238042
731,0.084640935
732,-1.2410891
733,-0.48864472
734,-1.1162676
735,0.16023292
736,-1.3515637
737,-0.25902703
738,0.14769155
739,-0.16706224
740,-0.12673266
741,-0.17025252
742,-0.030695299
743,-0.35463658
744,0.017783625
745,-0.41598564
746,0.14769155
747,-0.16297589
748,-0.08732908
749,-0.33567384
750,0.018424915
751,-0.03762297
752,-0.26711157
753,0.114566155
754,-0.28857434
755,-1.3206182
756,-0.31482226
757,0.17116241
758,0.32470882
759,-0.05586263
760,-0.37323347
761,0.27566224
762,-0.10526145
763,0.14567003
764,-0.15916967
765,0.117286734
766,0.102232486
767,-0.029277992
768,-0.31703335
769,0.1682389
770,-0.116380304
771,-0.3674923
772,-0.17025252
773,0.13129018
774,-0.20782767
775,0.14785583
776,-1.9630378
777,-0.19954251
778,-0.10569387
779,-0.41737774
780,-0.15532054
781,-0.12518105
782,-0.31483328
783,-0.3588778
784,0.1682389
785,-0.25566915
786,-0.09564005
787,-2.5513191
788,0.0630373
789,-0.09564005
790,-0.13053326
791,-0.6139748
792,-2.305239
793,-0.5468467
794,-0.029555202
795,-0.16706224
796,-0.06005424
797,-0.3768355
798,0.15300451
799,0.09957629
800,-0.102506526
801,-0.15492846
802,-1.8067005
803,-0.11321483
804,-0.6285322
805,-0.5276688
806,0.02459527
807,-0.0924431
808,-0.0469529
809,-0.25903305
810,0.07429197
811,-0.20285004
812,-0.20782767
813,-0.07349341
814,-1.654095
815,1.4549481
816,-0.05414951
817,-1.5713595
818,1.6875052
819,-0.05414951
820,-1.7378978
821,1.2457366
822,0.019214112
823,-1.828368
824,1.5027725
825,-0.047413956
826,-0.1959774
827,-1.4897579
828,1.6252846
829,0.034604512
830,-1.5350822
831,1.9192952
832,-0.047413956
833,-1.2985585
834,1.4814389
835,0.005125961
836,-1.5973316
837,1.3645657
838,-0.5203181
839,-1.3512268
840,1.2603617
841,-0.084663406
842,-1.2450573
843,1.2272493
844,0.29516184
845,0.31604075
846,0.57486767
847,-0.11594774
848,-0.3330956
849,-1.1022612
850,0.56240743
851,0.15755455
852,-0.0015502208
853,-1.1144753
854,0.9035974
855,-0.03210487
856,0.34756565
857,-1.4836378
858,1.3012047
859,0.098931976
860,0.8453879
861,-1.0875049
862,1.2271061
863,-0.07036526
864,-0.15310526
865,-1.7188876
866,1.046866
867,0.5375933
868,-0.7948833
869,-1.7145939
870,0.6363951
871,-0.0033967758
872,0.1705541
873,-2.1064582
874,0.65109694
875,0.019214112
876,-1.3512268
877,1.560946
878,0.13086067
879,-1.0386028
880,1.1706387
881,0.2096925
882,-1.2999327
883,1.3079903
884,0.040144138
885,-1.2086843
886,1.0922215
887,-0.2808588
888,0.711385
889,0.9720623
890,-2.878154
891,0.5663047
892,-0.15853599
893,0.32487115
894,0.601195
895,0.39183667
896,-0.14213502
897,-0.4501566
898,-0.5220662
899,-3.3869274
900,-0.27027154
901,-0.39158788
902,0.78613913
903,0.78576016
904,0.9179178
905,0.47790554
906,0.4644439
907,-1.2460206
908,2.2629256
909,0.5027345
910,0.3811696
911,-1.409083
912,2.3665876
913,-1.3057704
914,0.3478747
915,-1.016003
916,2.2893014
917,0.6790091
918,-0.07490506
919,-1.58575
920,1.8539077
921,0.54522806
922,0.42592818
923,-1.5587103
924,1.9721043
925,0.5169669
926,0.3977425
927,-1.3528401
928,-1.1653801
929,0.2489265
930,0.4069263
931,-1.5419669
932,2.2893014
933,0.40821278
934,0.72424155
935,-1.6421522
936,2.2893014
937,0.252336
938,0.80760175
939,-1.3486217
940,2.4670947
941,0.45728818
942,-0.0022397947
943,-2.0028818
944,2.4002883
945,0.4274802
946,-0.0015502208
947,-3.523607
948,2.1829367
949,0.33239928
950,-0.000318242
951,-1.7348298
952,2.3809526
953,0.24179366
954,0.6900301
955,-0.75355035
956,2.5595577
957,0.16416746
958,-0.17286998
959,-1.2714274
960,2.5187018
961,0.6841996
962,-0.0864787
963,-1.2961407
964,2.423989
965,0.36321196
966,0.0056402176
967,-1.6138318
968,2.4068367
969,0.7970912
970,0.7127379
971,-1.4249665
972,1.4885104
973,0.572033
974,0.4772213
975,-1.3445201
976,2.33375
977,0.60655373
978,-0.07627915
979,-0.8856553
980,2.3518348
981,0.47324684
982,-0.084663406
983,-1.2011874
984,2.5252502
985,0.5027345
986,0.37356266
987,-1.5789063
988,2.26335
989,0.35166678
990,0.2723488
991,-0.9709286
992,2.2530234
993,0.55845255
994,0.7141536
995,0.124203004
996,0.51710445
997,0.5764199
998,0.8776127
999,-0.628635
1000,-1.3389878
1001,1.3160379
1002,-1.2654687
1003,0.23108716
1004,-0.25352785
1005,0.33335695
1006,0.45876643
1007,0.3209444
1008,0.43031248
1009,-0.65509576
1010,0.73216075
1011,0.81954896
1012,0.53339165
1013,-0.53281784
1014,0.30676764
1015,0.65623915
1016,0.45105258
1017,-0.7857269
1018,0.8260448
1019,0.63300884
1020,0.1871861
1021,-0.83662367
1022,0.72707665
1023,0.5017077
1024,0.1871861
1025,-0.6846796
1026,0.7834802
1027,0.72415406
1028,0.5341535
1029,-0.67492986
1030,0.3200947
1031,0.7083944
1032,-0.16563924
1033,-0.4582526
1034,1.0709126
1035,0.66362643
1036,0.593587
1037,-0.5337245
1038,0.22887608
1039,-1.094355
1040,0.96968603
1041,0.5294182
1042,-0.47906628
1043,0.30925438
1044,0.8797328
1045,0.03608138
1046,-1.314844
1047,0.20456004
1048,1.1629896
1049,-0.49274462
1050,0.17903477
1051,1.2023735
1052,0.58045036
1053,-0.82617974
1054,0.46689108
1055,1.1781036
1056,0.62321025
1057,-0.56894845
1058,0.3200947
1059,0.78124124
1060,0.3542578
1061,-0.88321316
1062,0.6060797
1063,0.78124124
1064,0.1871861
1065,-0.7893575
1066,0.16056463
1067,0.7450657
1068,0.22663161
1069,-0.52770215
1070,0.32327592
1071,0.78124124
1072,0.08340135
1073,-0.80371475
1074,0.35166675
1075,0.7450657
1076,0.19691835
1077,-0.98036724
1078,0.26649982
1079,0.5013213
1080,0.23538667
1081,-0.5097786
1082,-0.09217196
1083,-1.4133042
1084,2.6033611
1085,-1.9336962
1086,-0.089634806
1087,-0.39061543
1088,2.6914515
1089,-1.1777276
1090,-1.7482992
1091,-0.7215
1092,2.5178258
1093,-2.1551516
1094,-0.20653602
1095,-2.177243
1096,2.3844242
1097,-1.4602057
1098,-0.31779718
1099,-0.48571053
1100,2.5304468
1101,-1.8025786
1102,-0.43683553
1103,-1.0177497
1104,2.4876063
1105,-1.1405349
1106,-1.2433162
1107,2.1442535
1108,-1.5496784
1109,-0.14883468
1110,-1.316433
1111,2.6150353
1112,-1.375573
1113,-1.7160319
1114,-1.2115092
1115,-0.19026108
1116,-1.2532717
1117,2.1369011
1118,-1.9872721
1119,-0.35387647
1120,-0.40761346
1121,2.4350734
1122,-1.7357533
1123,-0.3168934
1124,-1.764467
1125,2.6102006
1126,-1.6546177
1127,-1.2039081
1128,-1.6387131
1129,2.1874506
1130,-2.2256064
1131,-0.205321
1132,-1.3062779
1133,2.475432
1134,-1.4962788
1135,-0.40406895
1136,-1.2256571
1137,2.4466329
1138,-1.9872721
1139,-1.110899
1140,-0.52875614
1141,-1.5065116
1142,2.4938333
1143,-0.25118795
1144,-0.18445654
1145,-0.69455606
1146,2.4589999
1147,-1.8917395
1148,-0.44187516
1149,-1.2219961
1150,2.658602
1151,-1.648867
1152,-0.4840173
1153,-0.6593504
1154,0.80477893
1155,0.30002978
1156,-0.26920736
1157,0.75973475
1158,0.22663161
1159,-0.64944595
1160,0.66144305
1161,0.4558571
1162,-0.603695
1163,-0.123839766
1164,0.15755488
1165,-0.7412386
1166,0.84044886
1167,0.1556247
1168,-0.40628374
1169,0.5851455
1170,0.0156231215
1171,1.010045
1172,0.6860438
1173,0.5916613
1174,-1.1983366
1175,-0.434398
1176,-0.687691
1177,-0.5707056
1178,-0.4954321
1179,-0.2511806
1180,-0.59047693
1181,-0.29257438
1182,0.7131799
1183,-1.0172919
1184,-0.62768227
1185,-0.3048397
1186,-1.4196299
1187,-1.196072
1188,-0.873403
1189,-0.72211635
1190,-0.21887387
1191,-0.69729537
1192,0.087161615
1193,-0.61051124
1194,-1.7036294
1195,-0.37884033
1196,-0.22083011
1197,-0.7877085
1198,-0.43961796
1199,-0.6548536
1200,-0.349925
1201,-0.53313935
1202,-0.8682801
1203,-0.52677596
1204,-0.46997124
1205,-0.57030797
1206,-0.7806177
1207,-0.36794654
1208,-1.266192
1209,-0.42215985
1210,-0.29378727
1211,-0.6101815
1212,-1.196072
1213,-0.36139748
1214,-0.002873873
1215,-0.61115444
1216,-0.43632436
1217,-0.43961796
1218,-0.66998345
1219,-0.21887387
1220,-0.37137473
1221,-0.11682263
1222,-0.82373387
1223,-0.3888055
1224,-0.13605352
1225,-0.47781923
1226,-0.64894027
1227,-0.35775703
1228,-0.5368152
1229,-0.44735894
1230,-0.3458795
1231,-0.44777113
1232,-1.5903548
1233,0.17832302
1234,0.10717294
1235,0.30398437
1236,-0.06928552
1237,-1.2838082
1238,0.37108406
1239,-0.16957456
1240,0.10230427
1241,0.22410542
1242,0.031077405
1243,0.31441474
1244,-1.152208
1245,0.32892856
1246,0.2699829
1247,-1.2117732
1248,0.23533379
1249,0.3756247
1250,0.73285604
1251,0.31892624
1252,-0.2831281
1253,-0.6640038
1254,-0.45271802
1255,-0.15482654
1256,-0.81403476
1257,-0.88079697
1258,-0.06375553
1259,-0.61717176
1260,-0.45271802
1261,-0.77805275
1262,-0.18017627
1263,-0.58743703
1264,-0.45271802
1265,-0.49690044
1266,0.040557172
1267,-0.9917717
1268,-0.45271802
1269,-0.12587054
1270,-0.59057456
1271,-0.5816343
1272,-0.7364165
1273,0.6619769
1274,-0.7934991
1275,-1.9361255
1276,-2.788635
1277,-0.6313728
1278,-0.6021359
1279,-0.5214644
1280,0.13821556
1281,-0.59057456
1282,-0.52585566
1283,-0.4651485
1284,0.069178514
1285,-0.6313728
1286,-0.61572933
1287,0.052878853
1288,-2.5545108
1289,0.05925622
1290,-1.1940895
1291,0.5212487
1292,-1.5748655
1293,-0.05165466
1294,-2.4194758
1295,0.22814672
1296,-1.0559753
1297,0.42318094
1298,-1.3686173
1299,-0.20554227
1300,-1.2324234
1301,-1.3275009
1302,-0.96078694
1303,-0.68114185
1304,-1.1994137
1305,-0.87723136
1306,-0.88187546
1307,-1.3515637
1308,-2.0903647
1309,-1.0163105
1310,0.31487018
1311,-1.3313382
1312,-0.7810847
1313,-1.1732342
1314,-0.29254544
1315,-1.1994137
1316,-0.59712136
1317,-1.2324234
1318,-0.15969558
1319,-1.197993
1320,-0.045491256
1321,-0.9663166
1322,-0.34948128
1323,-1.4097742
1324,-0.23760861
1325,-1.3713121
1326,0.15439254
1327,-1.7425873
1328,-0.5735256
1329,-1.2752573
1330,-0.067086816
1331,-1.3515637
1332,-1.3059868
1333,-1.4570898
1334,0.34759519
1335,-0.8961619
1336,-0.680334
1337,-1.3014556
1338,0.021296505
1339,-1.3617158
1340,-0.08682427
1341,0.20042926
1342,-0.12325656
1343,-0.3217673
1344,0.20791627
1345,0.17799273
1346,-0.10596566
1347,0.1692958
1348,-0.7934991
1349,-0.3956419
1350,-0.2732244
1351,-0.2469332
1352,-1.4356102
1353,-0.82234126
1354,-0.68721724
1355,-0.62059736
1356,-0.85744184
1357,-0.6127267
1358,0.03136774
1359,-0.67101663
1360,-0.746581
1361,0.0035794885
1362,-0.025229862
1363,-0.02469987
1364,-0.22417724
1365,-0.044941615
1366,-0.7418934
1367,-0.15916967
1368,0.050999437
1369,-0.1583628
1370,-0.42132825
1371,-0.35236555
1372,0.17116241
1373,-0.116380304
1374,-0.21335901
1375,-0.15888299
1376,0.1682389
1377,-0.50967926
1378,-0.05586263
1379,0.09193878
1380,-1.2999327
1381,1.4248145
1382,-0.21635237
1383,-1.4148697
1384,1.0872602
1385,-1.0146947
1386,-4.341239
1387,-0.054844618
1388,-1.087169
1389,1.3028587
1390,-0.0033423065
1391,-1.1468927
1392,0.6443012
1393,0.14474303
1394,-1.1488764
1395,1.1165215
1396,-0.06443592
1397,-1.2912594
1398,1.4167756
1399,0.3478747
1400,-2.0174787
1401,1.1953872
1402,-0.0033423065
1403,-2.1634076
1404,1.343686
1405,0.008312096
1406,-1.8761739
1407,1.7044613
1408,-0.13805011
1409,-1.1840748
1410,1.3136175
1411,-0.0069480105
1412,-1.6161692
1413,1.4655347
1414,0.49662873
1415,-1.278581
1416,2.2855365
1417,0.1512175
1418,-1.8197917
1419,1.2064965
1420,-0.07349341
1421,-1.3960356
1422,1.2320374
1423,-0.0015502208
1424,-1.2311122
1425,1.3486911
1426,0.54508924
1427,-1.7125354
1428,1.3250443
1429,-0.009526177
1430,-1.5350822
1431,1.7583148
1432,-1.1653816
1433,-0.83410174
1434,-0.98346734
1435,-1.2715834
1436,-1.5631231
1437,-0.3817164
1438,-1.3381253
1439,-0.8777812
1440,-0.73812425
1441,-1.2999507
1442,-0.108758524
1443,-1.2550156
1444,-1.3343562
1445,-0.53337765
1446,-0.56753933
1447,-1.2804085
1448,-0.9090558
1449,-1.2818193
1450,0.26426607
1451,0.5498354
1452,0.06938538
1453,1.9610527
1454,0.35156947
1455,0.03032686
1456,-1.8240321
1457,2.2893014
1458,0.33283067
1459,-0.1894124
1460,-1.1748799
1461,2.3985872
1462,0.3819094
1463,0.47597665
1464,-1.1706282
1465,2.2530234
1466,-1.3057704
1467,0.43923616
1468,-1.4872057
1469,2.0115767
1470,0.5079443
1471,-1.390285
1472,-0.033778224
1473,0.058334365
1474,-0.0015502208
1475,-1.2767785
1476,1.7528077
1477,0.40641552
1478,0.44840777
1479,-1.3105745
1480,2.053384
1481,0.5039197
1482,0.39332777
1483,-1.4419558
1484,2.2436535
1485,0.5459966
1486,0.44840777
1487,-1.5029751
1488,2.4100223
1489,0.5894927
1490,-1.4294065
1491,-0.107167155
1492,-0.021484716
1493,0.25589505
1494,-0.9987637
1495,-0.21510822
1496,0.49989465
1497,-0.24648705
1498,0.49989465
1499,-1.3150135
1500,-0.01864554
1501,-1.2969115
1502,-0.8961748
1503,-0.31767377
1504,-0.10868789
1505,-1.2485465
1506,-0.06430007
1507,0.023285937
1508,-0.10868789
1509,-1.4919302
1510,-0.06430007
1511,0.11897476
1512,-0.5366915
1513,-1.8607366
1514,-0.48917833
1515,0.14061081
1516,-0.3586682
1517,-1.4919302
1518,-0.14955641
1519,-0.113782436
1520,-0.119437724
1521,0.71708196
1522,0.037694845
1523,0.6839275
1524,0.47781616
1525,0.47537237
1526,-0.6850262
1527,0.29169512
1528,0.3796557
1529,-0.94307756
1530,0.33581334
1531,-1.1101973
1532,0.491861
1533,0.65556604
1534,-1.6858779
1535,0.48348466
1536,-0.76465863
1537,0.41327405
1538,-1.194867
1539,0.41629472
1540,-1.1455379
1541,0.43971598
1542,-1.1334586
1543,0.36488584
1544,-0.93178934
1545,0.30980876
1546,-1.1263
1547,0.36981416
1548,0.18160824
1549,0.40510553
1550,1.0121307
1551,0.21684086
1552,-0.42205736
1553,0.64544064
1554,0.7106466
1555,0.08260206
1556,-0.59299755
1557,0.38355207
1558,1.1800863
1559,0.65882176
1560,0.07538409
1561,-0.6173432
1562,-0.19561324
1563,-0.31922257
1564,2.675287
1565,-1.6312011
1566,-0.09217196
1567,-0.73728603
1568,1.9409993
1569,-1.4442807
1570,-0.18445654
1571,-1.4930737
1572,2.6233368
1573,-1.3653466
1574,-0.1655986
1575,-0.5812128
1576,2.5319192
1577,-1.226291
1578,-0.27616578
1579,-1.972152
1580,2.5304468
1581,-1.6119485
1582,-0.14631033
1583,-0.6402017
1584,2.7511575
1585,0.22367497
1586,0.035132427
1587,2.5199976
1588,-1.2148768
1589,-0.1461418
1590,-2.3082087
1591,-1.7568482
1592,2.4842243
1593,-1.181781
1594,-0.28627372
1595,-0.52432597
1596,2.592513
1597,-1.5740517
1598,-0.2343694
1599,-0.44438058
1600,2.7025926
1601,-1.3345236
1602,-0.21094057
1603,-0.14492391
1604,0.027762283
1605,-0.29847494
1606,-0.3168934
1607,-1.8919541
1608,2.5716915
1609,-1.1405349
1610,-0.63178337
1611,-0.29714304
1612,0.04763664
1613,-0.52677596
1614,-0.20961626
1615,-0.43801486
1616,-0.3909242
1617,-0.62722147
1618,0.39317805
1619,-0.3546829
1620,-0.39188692
1621,-0.2932805
1622,0.77115667
1623,-0.29062802
1624,-0.0809771
1625,-1.9636123
1626,0.69705665
1627,-0.93761754
1628,-0.33495635
1629,-1.3131549
1630,0.8267073
1631,-0.03698075
1632,-0.20642313
1633,-0.53389287
1634,0.3081495
1635,-0.67736906
1636,-0.45527494
1637,-0.4269819
1638,0.48578835
1639,-0.3034564
1640,-0.5169462
1641,-1.931434
1642,0.20453557
1643,-0.3349532
1644,-0.39188692
1645,-0.6420196
1646,0.31981087
1647,-0.7567705
1648,-0.0809771
1649,-1.5125757
1650,0.39317805
1651,-0.49347633
1652,-0.77813065
1653,-0.6942387
1654,-0.26444262
1655,-0.12791663
1656,-0.3584705
1657,-0.84792835
1658,0.59769124
1659,0.27694222
1660,-0.7547918
1661,0.964011
1662,0.45898712
1663,-0.6284752
1664,-0.008324941
1665,0.35879892
1666,-0.5942336
1667,1.100618
1668,0.22663161
1669,-0.016579162
1670,0.95758826
1671,-0.1996192
1672,0.31371075
1673,0.45359775
1674,1.0500307
1675,-0.3304464
1676,0.3976055
1677,0.6436108
1678,1.0584835
1679,-0.7906363
1680,-0.7499381
1681,-1.317058
1682,0.42385623
1683,0.15805593
1684,-0.7589884
1685,0.5443485
1686,-1.640136
1687,-0.73256385
1688,-2.483085
1689,-1.3059107
1690,-1.4920781
1691,-1.3348066
1692,0.5443485
1693,-1.869128
1694,-1.2924259
1695,0.58267236
1696,-1.5215478
1697,-1.0792645
1698,0.46178254
1699,-1.6328468
1700,-0.6586842
1701,0.3903069
1702,-0.10813794
1703,0.52441114
1704,0.6074486
1705,-0.34377006
1706,0.23124403
1707,-0.2064744
1708,-0.27991268
1709,0.23509564
1710,-0.122705474
1711,-0.22348182
1712,0.117286734
1713,-0.35614753
1714,-0.087001465
1715,-1.1867018
1716,-0.03653827
1717,0.17799273
1718,-0.11321483
1719,-0.3323954
1720,0.084385835
1721,-0.13003659
1722,-0.40053254
1723,0.050999437
1724,-0.10526145
1725,-0.2637789
1726,-1.1721083
1727,-0.02736214
1728,-0.043799985
1729,0.010694317
1730,0.3930567
1731,-0.085617304
1732,-1.6492597
1733,0.16039306
1734,-1.280655
1735,-0.24425775
1736,-0.22030912
1737,-1.0684856
1738,-0.23598148
1739,0.09964463
1740,-13.105905
1741,-1.0375441
1742,-0.45192626
1743,-0.03742108
1744,0.031272635
1745,-0.3616714
1746,0.15458216
1747,0.29985204
1748,0.11215068
1749,-0.24703263
1750,0.70111567
1751,2.5422754
1752,-1.4103862
1753,-1.0375441
1754,0.4044078
1755,-0.39376843
1756,0.22376202
1757,-0.43298817
1758,0.059066996
1759,-1.3749281
1760,-0.36106148
1761,0.16638142
1762,0.053847097
1763,0.10655811
1764,-1.148565
1765,0.11441027
1766,0.18162397
1767,-0.16143027
1768,0.16039306
1769,-1.4429747
1770,-0.43298817
1771,0.110616766
1772,-1.2936009
1773,-0.039296087
1774,-0.053665955
1775,-0.23264794
1776,-0.23788196
1777,0.036025636
1778,-0.15132733
1779,0.11658207
1780,-0.016579162
1781,0.79974264
1782,-0.43298817
1783,0.027955696
1784,0.67204785
1785,0.15145195
1786,0.47176018
1787,-0.7934991
1788,-0.4105159
1789,-0.03241826
1790,0.008830418
1791,-0.5863903
1792,-0.4584125
1793,0.10190798
1794,-0.45407063
1795,-0.45271802
1796,0.019070784
1797,0.32342207
1798,-0.51603794
1799,-0.5750269
1800,-0.30658254
1801,0.09533759
1802,-0.6522177
1803,-0.36216798
1804,-0.42672688
1805,0.0005065409
1806,-0.4858812
1807,-0.45271802
1808,0.032730427
1809,0.024607204
1810,-0.4558944
1811,-0.4584125
1812,-0.005975864
1813,-0.17352234
1814,-0.8537886
1815,-0.57277876
1816,-0.66086257
1817,0.00055543624
1818,-0.6497489
1819,-1.1998625
1820,-0.5681859
1821,-0.057077702
1822,-0.5752049
1823,0.34860274
1824,0.048049547
1825,-0.7382286
1826,-0.118718415
1827,0.14769155
1828,-0.22354592
1829,-0.17439163
1830,0.20263259
1831,0.16581044
1832,-0.15970142
1833,-0.06911149
1834,-0.6190372
1835,0.12518775
1836,-0.10596566
1837,0.01433813
1838,-0.6685557
1839,-0.44163054
1840,-0.88079697
1841,0.041994322
1842,-0.595535
1843,-0.5643129
1844,-0.77805275
1845,0.09533759
1846,-0.5440675
1847,-0.5643129
1848,0.07612733
1849,0.20763922
1850,-0.87333333
1851,-0.65689135
1852,-0.77805275
1853,0.46817923
1854,-0.74773693
1855,-0.45271802
1856,-0.4554929
1857,0.065412275
1858,-0.5950308
1859,-0.64701504
1860,-0.46551615
1861,-0.06900632
1862,0.020054732
1863,0.02459527
1864,0.04254785
1865,-0.20782767
1866,-0.5238569
1867,-0.45016533
1868,-0.55354196
1869,-0.18017627
1870,-0.27100453
1871,-0.017417587
1872,-0.08374309
1873,-0.36167073
1874,-0.35051712
1875,0.20267095
1876,-0.5004529
1877,-0.0069480105
1878,-1.4278255
1879,-0.15340154
1880,-1.4018137
1881,-0.047413956
1882,-0.60419565
1883,0.12464767
1884,-1.6613072
1885,-0.0069480105
1886,-1.4764456
1887,-0.047413956
1888,-1.1519097
1889,-1.1612916
1890,-0.03745653
1891,-0.21652909
1892,-0.551715
1893,-0.39070928
1894,0.5434192
1895,-0.44345537
1896,-0.26861593
1897,-0.5604939
1898,-1.0572281
1899,-0.81015265
1900,-0.5615918
1901,-0.7329026
1902,-0.81015265
1903,-0.36167073
1904,-0.61572933
1905,0.46902144
1906,-0.51603794
1907,-0.5504632
1908,-0.2040919
1909,0.04045752
1910,-0.61572933
1911,-0.71795464
1912,-1.3287696
1913,-2.0171292
1914,-1.1537417
1915,-2.6223402
1916,-1.6875116
1917,-0.6862829
1918,-0.74548906
1919,0.035683215
1920,-1.3351591
1921,0.28747594
1922,0.2710837
1923,-1.3058636
1924,-0.11039812
1925,-1.0343035
1926,0.16023292
1927,-1.2172806
1928,-1.0791994
1929,-1.2276248
1930,0.16269138
1931,-1.2360506
1932,-0.90843993
1933,-0.7344908
1934,-2.7790248
1935,-1.1994137
1936,-0.27123252
1937,-1.2431691
1938,0.084640935
1939,-1.2360506
1940,-0.45028725
1941,-1.269786
1942,0.27736542
1943,-1.3386077
1944,-0.46234623
1945,-2.4397898
1946,0.106110364
1947,-2.387183
1948,-2.822894
1949,-1.486945
1950,-1.0709186
1951,-1.3319628
1952,-0.75166076
1953,-1.3617834
1954,-0.80122656
1955,-1.3515637
1956,-1.396334
1957,0.5137688
1958,-1.3617834
1959,-0.41171023
1960,-1.7431897
1961,-0.7621806
1962,-1.5415713
1963,-0.821282
1964,-1.3115071
1965,-1.3264858
1966,-1.3287696
1967,-4.5257773
1968,-1.5373626
1969,-1.0227711
1970,-1.3617834
1971,-0.72005266
1972,-1.1497275
1973,0.2549462
1974,-1.1994137
1975,-1.5396053
1976,-0.6776817
1977,0.50431377
1978,-1.2666689
1979,-0.5457113
1980,-1.1717755
1981,0.27454907
1982,-1.3617834
1983,-0.26332504
1984,-1.2653702
1985,0.28242677
1986,-1.1611881
1987,-1.5623618
1988,-0.88801676
1989,0.50469464
1990,-1.5688995
1991,-0.25902703
1992,0.15300451
1993,-0.14310157
1994,0.052735906
1995,-0.4678298
1996,0.14769155
1997,-0.19678558
1998,0.30568925
1999,-0.048811466
2000,0.45192435
2001,-1.5230505
2002,-0.3570766
2003,0.25109845
2004,-0.19905353
2005,-0.06911149
2006,-0.25902703
2007,0.117286734
2008,-0.033757195
2009,0.060435824
2010,-0.2367041
2011,0.018424915
2012,-0.24775387
2013,-0.06911149
2014,-0.36415958
2015,0.15300451
2016,-0.08374309
2017,-0.034059253
2018,-0.34377006
2019,0.02459527
2020,-1.0664696
2021,-0.058799606
2022,-0.32392907
2023,0.02459527
2024,-0.14956447
2025,-0.5382241
2026,-0.29524064
2027,0.15300451
2028,-0.06558917
2029,-0.20381655
2030,-0.029555202
2031,-0.3275002
2032,0.06554757
2033,-0.17025252
2034,0.18590474
2035,-0.05586263
2036,-0.14294484
2037,0.17116241
2038,-0.42802283
2039,-0.1859017
2040,-0.20578954
2041,0.15051147
2042,-0.25322607
2043,-0.13107358
2044,-0.3042795
2045,0.17529862
2046,-0.39002484
2047,-0.23511514
2048,0.117286734
2049,-0.06558917
2050,-0.2739865
2051,-0.020986658
2052,-0.26743573
2053,-0.054888427
2054,-0.34377006
2055,0.044946074
2056,-0.033558317
2057,-0.20782767
2058,-0.31914163
2059,0.044946074
2060,-0.08374309
2061,-0.1769416
2062,-0.30989805
2063,0.02459527
2064,-0.28361636
2065,-0.20782767
2066,0.00059282756
2067,-1.448589
2068,1.6205866
2069,-0.09596701
2070,-1.399593
2071,1.7364482
2072,-0.07349341
2073,-1.4013392
2074,1.672075
2075,-0.0015502208
2076,-0.7474049
2077,1.0971607
2078,-0.047413956
2079,-1.3172091
2080,1.3130404
2081,0.05925622
2082,-1.3287809
2083,1.4159783
2084,0.16086128
2085,-1.5914779
2086,1.8480924
2087,0.15164249
2088,-1.0513123
2089,1.1621147
2090,-0.26688898
2091,-1.3252662
2092,1.9395328
2093,-0.047413956
2094,-1.8490568
2095,1.2023402
2096,0.00059282756
2097,-1.4363801
2098,1.0574986
2099,0.09944667
2100,-0.05165466
2101,-1.7012255
2102,1.046866
2103,0.013358284
2104,0.50933594
2105,-1.5827941
2106,0.8208097
2107,0.05754665
2108,0.37356266
2109,-1.8646368
2110,0.59970784
2111,0.27761775
2112,0.22814672
2113,-1.4079114
2114,0.52145416
2115,0.11468111
2116,0.3560757
2117,-1.9966409
2118,0.7742587
2119,0.13117734
2120,0.23658451
2121,-1.2947648
2122,1.1245829
2123,0.04496186
2124,0.00059282756
2125,-1.1565255
2126,0.92243284
2127,0.019846024
2128,0.15769358
2129,-1.1565255
2130,0.7742587
2131,0.34652868
2132,-0.21708104
2133,-1.001265
2134,1.5371437
2135,0.004020213
2136,-0.3839967
2137,-0.047413956
2138,-1.004137
2139,1.5990981
2140,-0.047413956
2141,-1.1519097
2142,1.3635846
2143,-0.047413956
2144,-1.2086843
2145,1.2800788
2146,-0.037011527
2147,-1.5185093
2148,1.0600189
2149,-0.25067377
2150,0.66977775
2151,0.028737148
2152,0.80988216
2153,0.12598132
2154,1.1649613
2155,-1.7891018
2156,0.31616837
2157,-0.24360238
2158,0.5327787
2159,-0.45162013
2160,-0.17364119
2161,0.55120075
2162,0.18346158
2163,0.70117176
2164,-0.34771407
2165,-0.08374948
2166,-0.1652091
2167,0.30288488
2168,-0.29702538
2169,-0.043545566
2170,0.74882716
2171,0.85941696
2172,0.9232033
2173,0.43241036
2174,1.0469583
2175,0.5265273
2176,-1.3257551
2177,-0.057844467
2178,-0.20202613
2179,-0.0033423065
2180,2.4596698
2181,0.74896103
2182,0.91828907
2183,-0.18259314
2184,0.5120928
2185,0.28545246
2186,-1.3953383
2187,2.277467
2188,0.67288667
2189,2.515188
2190,-1.1358902
2191,0.5498354
2192,-1.3301462
2193,2.462642
2194,0.35505366
2195,0.3562871
2196,-1.5443839
2197,2.2468061
2198,0.54374623
2199,0.4328717
2200,-1.493987
2201,2.1708498
2202,0.4909047
2203,0.31964746
2204,-1.4355556
2205,1.6334423
2206,0.6253208
2207,0.45537764
2208,-1.0375781
2209,2.0357497
2210,0.689848
2211,0.8281511
2212,-1.3505903
2213,2.547977
2214,0.28610244
2215,0.7684123
2216,-1.3445201
2217,2.4105844
2218,0.46011087
2219,0.38300338
2220,-1.224075
2221,2.413367
2222,0.6333767
2223,0.37732995
2224,-1.1911918
2225,2.379447
2226,-0.087780975
2227,0.3478747
2228,-1.5286139
2229,2.092697
2230,0.44364628
2231,0.17537805
2232,-1.4400985
2233,1.9721043
2234,0.5590702
2235,0.31225288
2236,-1.5811613
2237,2.2830844
2238,0.30739677
2239,0.5498354
2240,-1.244036
2241,2.4137814
2242,0.39376038
2243,0.46281028
2244,-1.2525547
2245,1.9956441
2246,0.54522806
2247,0.45791945
2248,-1.5286139
2249,2.4002883
2250,0.6085328
2251,0.6084155
2252,-1.364282
2253,2.3403115
2254,0.53138834
2255,0.12541027
2256,-1.6679256
2257,2.29844
2258,0.55253804
2259,0.57602155
2260,-0.8494409
2261,0.60093313
2262,0.5764199
2263,0.51122063
2264,-0.17833982
2265,-1.4329466
2266,0.8270092
2267,-1.0727293
2268,0.24323334
2269,-2.094259
2270,0.41610655
2271,0.09937073
2272,0.8797328
2273,0.44798377
2274,-0.98036724
2275,0.90260965
2276,1.0533408
2277,0.4720078
2278,-0.26980054
2279,0.39108208
2280,0.46266785
2281,0.23538667
2282,-1.5095444
2283,0.25293952
2284,0.72415406
2285,0.28688607
2286,-0.76984036
2287,-0.04652358
2288,0.8208559
2289,0.21684086
2290,-0.66930056
2291,0.29918402
2292,0.7424228
2293,0.28231487
2294,-0.5366303
2295,0.436141
2296,0.6438343
2297,0.4558571
2298,-0.5724443
2299,0.3200947
2300,0.4541348
2301,0.5596768
2302,-0.5921706
2303,0.6510466
2304,0.675288
2305,0.70567423
2306,-0.4103669
2307,1.230154
2308,0.39225298
2309,-0.72004646
2310,0.17329773
2311,1.129681
2312,-0.6231174
2313,0.42549685
2314,1.1412764
2315,0.2545071
2316,-1.2017893
2317,0.27846143
2318,0.67914474
2319,0.28287494
2320,-0.7265728
2321,0.674411
2322,0.7450657
2323,0.27694222
2324,-0.916067
2325,0.3200947
2326,0.78124124
2327,0.1871861
2328,-0.8813179
2329,0.32327592
2330,0.7083944
2331,0.1556247
2332,-0.5097786
2333,0.3200947
2334,0.72415406
2335,0.1871861
2336,-1.5747662
2337,0.22282927
2338,0.6349044
2339,0.27694222
2340,-0.4866058
2341,0.2429678
2342,0.9999679
2343,0.5595742
2344,-0.75380033
2345,0.26649982
2346,0.65274125
2347,0.71708196
2348,-0.8719683
2349,2.838435
2350,-1.6116349
2351,-0.82396376
2352,-1.4728898
2353,2.6101189
2354,-2.40096
2355,-0.5960322
2356,2.444091
2357,-1.5272079
2358,-0.3843307
2359,-1.3456603
2360,2.444091
2361,-1.5669966
2362,-1.8984679
2363,-1.8355757
2364,2.4619753
2365,-1.5781375
2366,-0.30714193
2367,-1.3964256
2368,2.6145918
2369,-1.2810113
2370,-1.5153621
2371,2.5164986
2372,-1.7724466
2373,-0.3132346
2374,-1.2165949
2375,2.5835824
2376,-1.457704
2377,-1.3583827
2378,-1.4977689
2379,-0.53192073
2380,-2.2774303
2381,2.608361
2382,-1.3061033
2383,-0.24850588
2384,-1.2331262
2385,2.4938333
2386,-1.1697352
2387,-0.28428346
2388,-0.4830294
2389,2.649142
2390,-1.2093599
2391,-0.50431
2392,-0.4929905
2393,2.4419327
2394,-0.09227131
2395,-0.19561324
2396,-1.167772
2397,2.3792005
2398,-1.8794836
2399,-0.23009449
2400,-1.3675418
2401,2.4756181
2402,-1.7990421
2403,-0.27661538
2404,-0.31922257
2405,2.4298625
2406,-1.4488847
2407,-1.0732695
2408,-0.31421915
2409,-0.111371554
2410,-0.3586682
2411,-0.3675639
2412,-1.5302038
2413,2.489298
2414,-1.0856916
2415,-0.34230226
2416,-1.4655539
2417,2.4298625
2418,-1.4074231
2419,-0.49347633
2420,0.54458827
2421,0.13297275
2422,-0.48255533
2423,1.0055748
2424,0.5173168
2425,-0.7412386
2426,1.1735135
2427,0.50030047
2428,-0.8233283
2429,0.7452599
2430,0.28688607
2431,-0.6581327
2432,0.3688462
2433,0.21558814
2434,-1.4475412
2435,0.77648777
2436,0.36284423
2437,-0.90191275
2438,0.5851455
2439,0.44725192
2440,-0.5720645
2441,0.1616958
2442,0.36171988
2443,-0.36775956
2444,0.5094083
2445,0.30034748
2446,-0.7936872
2447,-0.44735894
2448,-0.36639923
2449,-0.24988146
2450,-0.5887164
2451,-0.5563698
2452,-0.41296384
2453,-0.41480687
2454,-0.42189702
2455,-0.21234858
2456,-0.48506063
2457,-0.41176233
2458,-0.589104
2459,-0.8123812
2460,-0.31867084
2461,-0.589104
2462,-0.8635243
2463,-0.33280793
2464,-0.5068324
2465,-0.67525643
2466,-0.3522419
2467,-0.70502824
2468,-0.44735894
2469,-0.46997124
2470,-3.7534473
2471,-0.5942102
2472,-0.29514053
2473,-0.4073928
2474,-0.44735894
2475,-0.29514053
2476,-0.42212898
2477,-0.22211151
2478,-0.32841998
2479,-0.11801607
2480,-1.0429413
2481,-0.29514053
2482,-0.37372133
2483,-0.3998271
2484,-0.4110291
2485,-0.87676233
2486,-0.52739364
2487,-0.29514053
2488,-0.75590193
2489,-0.8128904
2490,-0.29514053
2491,-0.02076728
2492,-0.729526
2493,-0.5893451
2494,-0.41578698
2495,-0.13055821
2496,-0.52739364
2497,-0.2770177
2498,-0.5379824
2499,-0.529193
2500,-0.4011958
2501,-0.13935773
2502,-0.4831291
2503,-0.71294343
2504,-0.4110291
2505,-0.45490503
2506,-1.2145225
2507,-0.26756522
2508,-0.2120054
2509,0.36569175
2510,0.16039306
2511,0.1753077
2512,0.16638142
2513,0.20397161
2514,0.18946527
2515,0.4175286
2516,0.26883858
2517,0.26997483
2518,-1.3749281
2519,0.30398437
2520,0.16638142
2521,-1.0438783
2522,0.30398437
2523,-0.40672275
2524,-1.4317324
2525,0.17521644
2526,0.9256989
2527,1.0477905
2528,0.9385646
2529,-0.6180141
2530,-0.44163054
2531,-0.6662387
2532,0.00055543624
2533,-0.40068963
2534,-0.5520476
2535,-0.86096317
2536,-0.06375553
2537,-0.7934991
2538,-0.49515447
2539,-0.30658254
2540,-0.064388156
2541,-0.8537886
2542,-0.4633308
2543,-0.2935207
2544,-0.06900632
2545,0.17031495
2546,-0.45271802
2547,-0.30658254
2548,-0.06900632
2549,-0.8537886
2550,-1.8993387
2551,-0.4114595
2552,0.32423243
2553,-0.5162642
2554,-0.57277876
2555,-0.03447433
2556,0.19731313
2557,-0.917277
2558,-0.43901473
2559,-0.6826021
2560,-0.13171975
2561,-0.6313728
2562,-0.402677
2563,-0.6826021
2564,0.11428709
2565,0.37732995
2566,-1.4406817
2567,0.23852357
2568,-1.4642739
2569,0.31604075
2570,-1.7786438
2571,0.004020213
2572,-0.9514177
2573,0.25288528
2574,-1.4369303
2575,-1.5094488
2576,-1.0057869
2577,-1.197993
2578,-0.34028822
2579,-0.65234536
2580,-1.2418891
2581,0.31906557
2582,-1.1964797
2583,-1.197993
2584,-0.25979826
2585,-0.95378524
2586,-1.3848076
2587,-2.408007
2588,-1.1644855
2589,0.4379985
2590,-1.0779063
2591,-1.3268023
2592,-0.50889045
2593,-1.103559
2594,-1.3114052
2595,-0.6345871
2596,-1.1440061
2597,0.5134056
2598,-1.3319628
2599,-0.83410174
2600,-1.1251248
2601,0.11694128
2602,-1.3058636
2603,-0.40320078
2604,-1.1001853
2605,0.07061806
2606,-1.2668753
2607,-1.576666
2608,-1.0470842
2609,-0.02457873
2610,-1.3287696
2611,-0.34465048
2612,-0.81060874
2613,0.22419655
2614,-1.259454
2615,0.04620472
2616,0.4028215
2617,-1.3115071
2618,-1.0791994
2619,-0.010347411
2620,-0.20782767
2621,0.35355222
2622,0.1682389
2623,-0.81815404
2624,0.5672803
2625,-0.5440675
2626,-0.50521094
2627,-0.5681859
2628,-0.11007079
2629,-0.61300033
2630,-0.8042452
2631,-0.66086257
2632,-0.06900632
2633,-0.4509676
2634,-0.5810066
2635,-0.743602
2636,-0.06726168
2637,-0.46153662
2638,-0.12812425
2639,-0.25279483
2640,0.3804145
2641,-0.2367041
2642,0.17934848
2643,-0.004033751
2644,-0.17439163
2645,-0.3042795
2646,0.044946074
2647,-0.1412447
2648,-0.075069614
2649,0.006172804
2650,-1.1721083
2651,-0.040252436
2652,0.3817879
2653,-0.18153265
2654,0.117286734
2655,0.20798665
2656,-0.017209211
2657,-0.6670264
2658,0.17116241
2659,0.10919558
2660,-0.21335901
2661,0.005125961
2662,-1.458365
2663,2.1400788
2664,0.004020213
2665,-1.4158772
2666,1.077726
2667,0.004020213
2668,-1.2311122
2669,0.94899476
2670,0.11519313
2671,-1.4072888
2672,1.4457631
2673,-0.21073382
2674,-1.1488764
2675,0.6986171
2676,-0.03391614
2677,-1.3766594
2678,1.2955033
2679,0.062705964
2680,-1.3244982
2681,1.4609452
2682,0.062705964
2683,-1.4345903
2684,0.76080203
2685,0.062705964
2686,-1.5928344
2687,0.9232095
2688,-0.0015502208
2689,-1.4207793
2690,1.5374261
2691,0.31225288
2692,-1.757662
2693,1.3303528
2694,-0.0864787
2695,-1.8468509
2696,1.1567458
2697,0.3478747
2698,-1.1704543
2699,1.3667068
2700,0.09185892
2701,-1.5665128
2702,0.7970733
2703,0.391714
2704,-1.6973095
2705,0.9959983
2706,-0.14344165
2707,-1.0540733
2708,0.14713629
2709,-1.5759571
2710,-0.5975621
2711,0.043536074
2712,-1.4853394
2713,-1.197993
2714,-0.44063973
2715,-0.8888374
2716,-1.279089
2717,-1.7764921
2718,-12.561403
2719,-3.4621944
2720,-0.9690283
2721,-0.76329523
2722,-1.4473957
2723,-0.8095647
2724,0.108117834
2725,-1.4442222
2726,-1.2100904
2727,-1.039543
2728,-1.0806227
2729,-0.95673126
2730,-0.6870856
2731,0.41925272
2732,0.50059867
2733,0.6983823
2734,-1.5582113
2735,2.0496142
2736,0.5229521
2737,0.40018347
2738,-1.2160983
2739,1.9506469
2740,0.6862112
2741,0.01954819
2742,-1.2959223
2743,2.4002883
2744,0.44463992
2745,0.41906404
2746,-1.4510992
2747,2.5211055
2748,0.06536988
2749,0.63646317
2750,-1.4355556
2751,2.1673715
2752,-0.15752414
2753,0.6749898
2754,-1.2444849
2755,2.3303108
2756,1.0311283
2757,0.77561396
2758,-1.2525547
2759,2.2622967
2760,0.5475899
2761,0.48481315
2762,-1.3301462
2763,1.9273481
2764,0.60595584
2765,0.3478747
2766,-1.1779823
2767,2.2236207
2768,0.569494
2769,0.37732995
2770,-1.4185963
2771,2.4830706
2772,0.434366
2773,0.3102738
2774,-0.8017781
2775,2.2980301
2776,0.434366
2777,0.5033366
2778,-1.2548261
2779,2.3206873
2780,0.434366
2781,0.27196997
2782,-0.7303807
2783,0.40486282
2784,-0.79420453
2785,0.25589505
2786,-0.87768275
2787,0.20645733
2788,-1.026891
2789,0.3879555
2790,-1.3978618
2791,-0.035152063
2792,-0.011439974
2793,-0.121075034
2794,-1.3978618
2795,-0.035152063
2796,-0.067503475
2797,-0.02005643
2798,-1.23459
2799,-0.06430007
2800,-0.1739019
2801,-0.33296418
2802,-1.6467727
2803,0.41802067
2804,-0.098812126
2805,-0.51255065
2806,-0.9316967
2807,-0.035152063
2808,0.045524143
2809,-0.18949237
2810,0.61221147
2811,0.4446108
2812,0.7834802
2813,0.9453115
2814,0.36127594
2815,0.36207792
2816,-1.1165943
2817,0.24824092
2818,-1.3126456
2819,0.30699494
2820,0.7011551
2821,-1.2660033
2822,0.2575129
2823,0.22105306
2824,-0.2981462
2825,-1.1036488
2826,0.29145274
2827,-1.3877506
2828,0.36097562
2829,-1.1690018
2830,0.32792073
2831,-2.0256126
2832,0.17556946
2833,-1.6166791
2834,0.49330482
2835,0.7818213
2836,-1.0962077
2837,0.31617916
2838,0.36992216
2839,0.78124124
2840,0.1871861
2841,-0.4496302
2842,0.24059682
2843,0.5648165
2844,0.1871861
2845,-0.7058532
2846,0.20406747
2847,0.7450657
2848,0.42572096
2849,-0.47971705
2850,0.23941863
2851,0.59751964
2852,0.27694222
2853,-0.5556363
2854,-1.3518475
2855,-1.0698591
2856,0.07174458
2857,-0.32162875
2858,2.6448925
2859,-1.4698951
2860,0.042565744
2861,-1.305765
2862,2.5672407
2863,-1.636333
2864,-1.2532717
2865,2.6359448
2866,-1.573627
2867,-0.53535867
2868,-1.9532627
2869,2.7502012
2870,-1.4990245
2871,-0.4140376
2872,-1.182064
2873,2.6233368
2874,-1.4074231
2875,0.30709663
2876,-2.433191
2877,2.7574306
2878,-1.2235464
2879,-0.20653602
2880,-1.4359341
2881,2.0487773
2882,-1.5832131
2883,-0.22020319
2884,-1.3795416
2885,2.4292216
2886,-1.9502664
2887,0.14396591
2888,-1.773598
2889,2.3792005
2890,-1.2276429
2891,-0.11023255
2892,-0.75268126
2893,2.3359833
2894,-1.4483474
2895,-0.29207715
2896,-1.3518475
2897,2.444091
2898,-1.6849203
2899,-0.6213796
2900,-0.7521242
2901,-0.29714304
2902,-0.1061455
2903,-0.37565258
2904,-0.800273
2905,-0.5013052
2906,-0.093831524
2907,-0.46282455
2908,0.64321846
2909,-0.9549848
2910,-0.7885105
2911,-1.8808459
2912,0.52847034
2913,-0.841276
2914,-0.62722147
2915,0.32417607
2916,-0.7815204
2917,-0.56945795
2918,-1.7619013
2919,0.5112231
2920,-0.56830674
2921,-2.1934752
2922,-1.8576949
2923,0.33444926
2924,-0.24823622
2925,-0.6126202
2926,-1.7900825
2927,0.38534656
2928,-0.96792454
2929,-0.22317913
2930,-0.5320026
2931,0.7358915
2932,-0.85956526
2933,-0.5112941
2934,-0.99724966
2935,0.80931973
2936,0.11510016
2937,-0.85817516
2938,-1.2860518
2939,0.30454752
2940,-1.0946772
2941,-0.067319445
2942,-0.36139748
2943,-1.2805097
2944,-0.37938866
2945,-0.37145394
2946,-0.55457443
2947,0.7181212
2948,0.15755488
2949,-0.6724658
2950,0.5851455
2951,0.15755488
2952,-0.53389853
2953,0.52684027
2954,0.22134712
2955,-0.5720645
2956,0.6225719
2957,0.57223195
2958,-0.053665955
2959,1.0108856
2960,-0.4795091
2961,-0.053665955
2962,-0.27484465
2963,0.86941403
2964,-0.43865213
2965,-0.121158294
2966,0.65283823
2967,1.0760839
2968,-0.1080519
2969,-1.1029357
2970,-1.3059107
2971,0.6372852
2972,-0.4241674
2973,-1.5198915
2974,0.5443485
2975,0.12730415
2976,-1.2519714
2977,-0.087470524
2978,-1.2627779
2979,-0.6963601
2980,-2.2873085
2981,-0.64701504
2982,0.65183175
2983,-0.90249914
2984,-1.2924259
2985,0.4141283
2986,-2.2747288
2987,-1.0316099
2988,0.727569
2989,-0.5036177
2990,-2.0933352
2991,0.77243567
2992,0.08009651
2993,0.59391034
2994,0.6336394
2995,-0.26496786
2996,-0.004648697
2997,-0.20285004
2998,-0.33202004
2999,0.25109845
3000,-0.103726655
3001,-0.34377006
3002,0.19040768
3003,-0.058839083
3004,-0.24368347
3005,0.05346554
3006,-0.26117018
3007,-0.35236555
3008,0.010122871
3009,-0.08267289
3010,-0.4966781
3011,0.17999211
3012,-0.15424024
3013,-0.30989805
3014,0.251548
3015,-0.25231186
3016,-0.51847494
3017,0.018424915
3018,-0.18091238
3019,-0.24425775
3020,-0.16143027
3021,0.78778523
3022,-0.20592162
3023,-1.1730573
3024,0.16638142
3025,-1.4688342
3026,-0.2446585
3027,-0.018091617
3028,-1.3696539
3029,0.1459578
3030,-0.06837077
3031,-1.2325033
3032,-0.5304786
3033,-0.2912218
3034,0.06534013
3035,0.019681826
3036,0.17655176
3037,0.16867897
3038,-0.35187542
3039,-0.12169929
3040,-0.7344744
3041,-0.07375023
3042,-0.25999305
3043,0.07106913
3044,-0.4217265
3045,-0.45192626
3046,-0.16143027
3047,0.16006786
3048,-1.7806462
3049,-0.23435502
3050,0.067591585
3051,-0.07741353
3052,0.621325
3053,-1.3335519
3054,-0.07687029
3055,0.34247324
3056,-1.3212528
3057,-0.70644724
3058,0.3673643
3059,-0.19922452
3060,-1.1370285
3061,-0.27027154
3062,-0.053665955
3063,0.41494104
3064,-0.22295658
3065,-0.012218379
3066,-0.09718378
3067,-0.44937032
3068,0.24835932
3069,-0.12174166
3070,0.05372744
3071,-0.019803075
3072,0.77315706
3073,0.043604895
3074,0.5155112
3075,-0.5604939
3076,-0.57348347
3077,-0.7863446
3078,-0.06900632
3079,-0.5604939
3080,-0.5504632
3081,-0.21826907
3082,0.09533759
3083,-0.70094997
3084,-0.7589884
3085,-0.4049973
3086,-0.24858014
3087,-0.5950308
3088,0.024740009
3089,-0.21826907
3090,0.11428709
3091,-0.8537886
3092,-0.4105159
3093,-0.22536656
3094,-0.60013986
3095,0.18837693
3096,-0.22134948
3097,-0.558663
3098,-0.36216798
3099,-0.6826021
3100,0.11428709
3101,-2.4173036
3102,-0.4633308
3103,-0.23065187
3104,-0.24858014
3105,-0.59057456
3106,-0.62877494
3107,-0.82438356
3108,0.31340736
3109,-0.3499659
3110,-0.709779
3111,-0.8049248
3112,-0.06900632
3113,-0.32617894
3114,0.0019778966
3115,-0.1261016
3116,-0.051301662
3117,-2.5513191
3118,-4.536537
3119,-0.2367041
3120,0.040237825
3121,-0.19678558
3122,-0.46698827
3123,-2.4173036
3124,-0.62877494
3125,-0.77930456
3126,0.069178514
3127,-0.45407063
3128,-0.57277876
3129,-0.31125498
3130,0.069178514
3131,-0.35727373
3132,-0.5504632
3133,-0.2323205
3134,-0.39409098
3135,-0.9527519
3136,-0.603667
3137,-0.2199586
3138,0.19731313
3139,-1.0779063
3140,-0.5079089
3141,-0.4324958
3142,-1.0779063
3143,-0.83177346
3144,-0.74816287
3145,0.17116241
3146,-0.10526145
3147,-0.075069614
3148,-2.4173036
3149,-0.45016533
3150,-0.37633207
3151,-0.06726168
3152,-0.34377006
3153,0.040237825
3154,-0.19874737
3155,-0.917277
3156,-0.30047545
3157,0.2930961
3158,-0.33627442
3159,0.46268043
3160,-1.193052
3161,0.06640258
3162,-1.1931914
3163,-0.06826895
3164,-2.031032
3165,-0.0033423065
3166,-1.2086843
3167,0.05925622
3168,-1.4690385
3169,0.07882524
3170,-1.9404117
3171,-0.92417425
3172,-0.42913547
3173,-1.5952119
3174,-0.45016533
3175,-0.53082806
3176,-0.74773693
3177,-0.9209568
3178,0.33992425
3179,-0.917277
3180,-0.7644326
3181,-0.9211168
3182,-0.47996914
3183,-0.7714138
3184,-0.9436607
3185,-0.7934991
3186,-0.26060614
3187,-2.3743596
3188,-0.1806446
3189,-0.6631569
3190,0.8898601
3191,-1.2172806
3192,-0.17332496
3193,-1.0633348
3194,-0.30244175
3195,-1.1994137
3196,-0.72233087
3197,-0.9930698
3198,0.45480174
3199,-1.3617834
3200,-1.1205167
3201,0.23424743
3202,-1.197993
3203,-0.62105364
3204,-1.1612532
3205,0.06022343
3206,-1.197993
3207,-0.45155478
3208,0.38884467
3209,-0.52553797
3210,-0.8808888
3211,-1.7134861
3212,0.06022343
3213,-1.2625179
3214,-0.1809295
3215,-1.7883787
3216,0.20625691
3217,-1.2172806
3218,-0.7621806
3219,-1.1892473
3220,0.2658737
3221,-1.1994137
3222,-0.7621806
3223,-0.8862382
3224,-0.02457873
3225,-1.9021426
3226,-1.4647224
3227,-1.3440409
3228,-0.75166076
3229,-1.372342
3230,0.090832345
3231,-1.5033299
3232,-1.0862172
3233,-2.7866504
3234,0.22355658
3235,-1.3617834
3236,-0.42173478
3237,-1.8860368
3238,-0.3472746
3239,-1.6192734
3240,-0.60614944
3241,-1.6403955
3242,-1.4317532
3243,-1.3351591
3244,-0.85698706
3245,-3.5170028
3246,-1.3813618
3247,-1.3287696
3248,-0.8181732
3249,-0.9408266
3250,0.5193214
3251,0.30181858
3252,-1.4026052
3253,-1.2172806
3254,-0.90843993
3255,-1.1483556
3256,-0.122309916
3257,-1.2541181
3258,-0.8753207
3259,-0.91438866
3260,0.048757125
3261,-0.86839795
3262,-0.97609544
3263,-1.1766844
3264,0.06022343
3265,-1.3115071
3266,-0.25902703
3267,0.22890048
3268,-0.24775387
3269,0.07687155
3270,-0.17693698
3271,-1.1721083
3272,-0.14956447
3273,0.01433813
3274,-0.34377006
3275,0.018424915
3276,-0.11090445
3277,-0.05586263
3278,-0.27991268
3279,0.15300451
3280,-0.11090445
3281,0.007873299
3282,-0.34377006
3283,0.018424915
3284,-0.11090445
3285,-0.20782767
3286,-0.24718025
3287,0.010122871
3288,-1.3515745
3289,-0.26189393
3290,-0.7252913
3291,0.040237825
3292,-0.19391923
3293,0.13813615
3294,-0.35411575
3295,0.018424915
3296,-0.18091238
3297,-0.035219427
3298,-0.34377006
3299,0.117286734
3300,-0.10526145
3301,0.14361985
3302,-0.29524064
3303,0.018424915
3304,-0.1859017
3305,-0.34377006
3306,0.251548
3307,0.021488495
3308,-0.038599916
3309,-0.40085563
3310,-0.016444951
3311,-0.254386
3312,0.03267554
3313,-0.14774401
3314,0.063119575
3315,-0.72107035
3316,-0.5584666
3317,-0.3292313
3318,0.044553388
3319,-0.21859422
3320,-1.9670413
3321,-0.25902703
3322,0.044553388
3323,-1.0933805
3324,-0.25548768
3325,0.119470604
3326,-0.1769416
3327,-0.15916967
3328,0.17116241
3329,-1.1703066
3330,-0.054888427
3331,-0.30989805
3332,0.018424915
3333,-0.119226746
3334,-0.0469529
3335,-0.3561362
3336,0.114566155
3337,-0.21302208
3338,-0.054888427
3339,-0.23897532
3340,1.5368389
3341,0.07337704
3342,0.23302588
3343,-0.0033423065
3344,-1.8789674
3345,1.2185935
3346,0.004020213
3347,-1.4727215
3348,-0.072807685
3349,0.15769358
3350,-1.7279971
3351,0.26288906
3352,0.39935333
3353,-1.2020719
3354,-0.45022705
3355,0.019214112
3356,-0.1996712
3357,-0.3091606
3358,-0.0033423065
3359,-1.7786438
3360,0.66934234
3361,-0.0033423065
3362,-1.5959622
3363,1.2095709
3364,-0.047413956
3365,-1.1664826
3366,0.85091084
3367,0.019214112
3368,-1.9404117
3369,1.2211859
3370,-0.05602364
3371,-1.1091198
3372,0.63214475
3373,0.04477759
3374,-0.047413956
3375,-1.4783157
3376,1.1394594
3377,-0.03277988
3378,0.55629116
3379,-1.138267
3380,1.0251976
3381,0.030222038
3382,0.14474303
3383,-1.5863645
3384,1.0213916
3385,0.009926455
3386,0.51068866
3387,-2.4175284
3388,1.1670082
3389,0.38697875
3390,0.44840777
3391,-0.663494
3392,1.2628945
3393,0.07081639
3394,0.020051297
3395,-1.752581
3396,1.0984228
3397,0.43829238
3398,-3.0391097
3399,0.5706285
3400,0.49491867
3401,-0.0033423065
3402,-4.163937
3403,0.6084844
3404,0.28831834
3405,-0.05414951
3406,-0.82989925
3407,1.0953423
3408,-0.02736036
3409,-0.07418287
3410,-1.2588565
3411,1.3761817
3412,-1.1274425
3413,-1.4237158
3414,1.7093192
3415,0.018517217
3416,-1.0540733
3417,1.4935114
3418,0.6689673
3419,-0.29581508
3420,0.3116393
3421,0.003453849
3422,-1.5928344
3423,2.0826342
3424,0.00059282756
3425,-1.3569224
3426,1.0037248
3427,0.9810596
3428,-0.49682403
3429,0.16382919
3430,-0.07852928
3431,0.23032509
3432,-1.4892724
3433,0.105162
3434,0.6824188
3435,0.27041075
3436,-0.93150854
3437,0.4144957
3438,-14.343051
3439,0.5377522
3440,-0.0004796406
3441,-0.22984776
3442,-2.2894616
3443,-0.37384024
3444,0.7523339
3445,0.11658207
3446,-0.39986825
3447,-1.682516
3448,0.72116816
3449,0.73502976
3450,0.85822994
3451,0.74882716
3452,0.525934
3453,-1.4898287
3454,2.272417
3455,0.5841254
3456,0.3840386
3457,-1.6142565
3458,2.377442
3459,0.6682929
3460,0.87943816
3461,-1.3445201
3462,2.2830844
3463,0.59303623
3464,0.37732995
3465,-1.4185963
3466,1.8344378
3467,0.58536303
3468,0.003453849
3469,-1.355407
3470,2.4068367
3471,0.434366
3472,-0.12769577
3473,-0.341797
3474,-0.07449524
3475,0.10924856
3476,-1.2079294
3477,2.4068367
3478,0.434366
3479,0.37284803
3480,-1.6178308
3481,2.3809526
3482,0.55845255
3483,-0.05602364
3484,-1.5587103
3485,2.177979
3486,0.6599433
3487,0.16086128
3488,-1.4167467
3489,2.4558618
3490,0.35156947
3491,0.3835107
3492,-1.5197542
3493,2.2530234
3494,0.18995446
3495,0.07708161
3496,-1.8380734
3497,2.0588417
3498,0.60084814
3499,-1.4750872
3500,2.3206873
3501,0.6207561
3502,0.37732995
3503,-1.5001119
3504,1.8825663
3505,0.5459966
3506,0.37732995
3507,-1.6432079
3508,2.4002883
3509,0.5933059
3510,0.430129
3511,-1.3631992
3512,2.3968947
3513,0.35505366
3514,0.574809
3515,-1.5211483
3516,2.4094062
3517,0.6682929
3518,0.3811696
3519,-1.6118737
3520,2.2530046
3521,0.58536303
3522,0.525934
3523,-0.8971428
3524,2.1472073
3525,0.5725786
3526,-0.084663406
3527,-1.5619717
3528,2.1195188
3529,0.6413181
3530,0.5427761
3531,0.122527085
3532,0.5373749
3533,0.13973668
3534,0.569723
3535,0.23336662
3536,-0.93346727
3537,0.3636398
3538,-2.9520962
3539,-1.1303138
3540,-1.2171531
3541,0.25589505
3542,0.068639845
3543,0.73619527
3544,0.36171988
3545,-0.88321316
3546,0.65285045
3547,0.83210915
3548,0.27073658
3549,-0.5097786
3550,-1.2358016
3551,0.139645
3552,0.5341535
3553,0.2671777
3554,0.9356995
3555,0.8077838
3556,-0.4582526
3557,0.3188583
3558,0.60867494
3559,0.23538667
3560,-0.7854253
3561,0.073333174
3562,-0.00036887865
3563,0.42482445
3564,0.064278156
3565,0.7083944
3566,0.36171988
3567,-0.6685243
3568,0.88078284
3569,0.6633518
3570,0.28287494
3571,-0.88321316
3572,0.8526966
3573,0.8163399
3574,0.58045036
3575,-0.48722884
3576,0.22540508
3577,1.0100597
3578,0.5293646
3579,-0.5097786
3580,0.2529079
3581,0.7083944
3582,-0.5376511
3583,0.43670136
3584,0.5073128
3585,0.36171988
3586,-1.2217528
3587,0.1376582
3588,0.8818509
3589,0.35879892
3590,-1.604539
3591,0.32327592
3592,0.7083944
3593,0.51239496
3594,-0.25208947
3595,0.6020386
3596,-0.45529225
3597,1.002529
3598,-0.305776
3599,0.3455056
3600,1.1257501
3601,0.4558571
3602,-0.5437177
3603,0.34976307
3604,0.670135
3605,-1.5195025
3606,0.49290138
3607,0.7083944
3608,0.1871861
3609,-0.27247214
3610,0.0754603
3611,0.7450657
3612,-0.07665059
3613,-1.1311454
3614,0.5553513
3615,1.2047443
3616,-1.279391
3617,-0.36228895
3618,-0.18445654
3619,-1.9609308
3620,2.6033611
3621,-1.573627
3622,-0.2935504
3623,-1.3278315
3624,2.5389555
3625,-1.2235464
3626,-0.30714193
3627,-1.0887903
3628,2.4466329
3629,-1.0923393
3630,0.14575732
3631,-0.5160642
3632,2.444091
3633,-1.8827425
3634,-0.18445654
3635,-0.19045714
3636,0.003624812
3637,0.07016719
3638,-0.20531154
3639,-1.5404665
3640,2.4562895
3641,-1.9947277
3642,-2.2208064
3643,2.4466329
3644,-1.5545717
3645,-1.3780371
3646,2.5158696
3647,-1.3208693
3648,-1.4437739
3649,-1.0870354
3650,-0.23222563
3651,-1.2532717
3652,2.4494789
3653,-1.661019
3654,-0.17026761
3655,-0.67657286
3656,2.7079968
3657,-1.3113948
3658,-0.39491343
3659,-0.37503442
3660,2.4292216
3661,-1.8989552
3662,-2.4869828
3663,-1.2406434
3664,2.5467806
3665,-1.7665722
3666,-5.783318
3667,-1.3661374
3668,2.5154495
3669,-1.6118381
3670,-0.21222457
3671,-1.1991322
3672,2.65066
3673,-1.6448895
3674,-0.14125541
3675,-1.4597971
3676,2.5672407
3677,-1.7851334
3678,-0.22020319
3679,-0.40675145
3680,2.5467806
3681,-1.4410516
3682,0.069076546
3683,0.0790543
3684,-0.82879853
3685,2.592513
3686,-1.478157
3687,-0.24192192
3688,-1.4655539
3689,2.4466329
3690,-1.4074231
3691,-1.299483
3692,0.5824145
3693,0.21960817
3694,-2.7257073
3695,0.64618915
3696,0.5341535
3697,-2.018225
3698,0.5142041
3699,0.4558571
3700,-0.12266907
3701,0.36405337
3702,0.7265569
3703,0.1709812
3704,-0.39784545
3705,0.10670791
3706,0.27012864
3707,0.46605423
3708,0.18561482
3709,-0.949333
3710,0.6879001
3711,0.1556247
3712,-0.8212736
3713,0.5851455
3714,0.33176535
3715,-0.7097106
3716,-0.5428588
3717,-0.37137473
3718,-0.6603817
3719,-0.5548968
3720,-0.6101815
3721,-0.5396076
3722,-0.38396662
3723,-0.714331
3724,0.4356693
3725,-0.4896361
3726,-0.3445096
3727,-0.7384519
3728,-0.29643992
3729,-0.4210694
3730,-0.34467837
3731,-0.62232083
3732,-0.33666953
3733,-0.050065763
3734,-0.84112185
3735,-0.49413812
3736,-0.16830157
3737,-1.2005932
3738,-0.35227332
3739,-1.5584964
3740,-0.71294343
3741,-0.8376225
3742,-0.43272197
3743,-0.5092608
3744,-0.5274092
3745,-0.65524125
3746,-1.8521308
3747,-0.33666953
3748,-1.5300117
3749,-0.42215985
3750,-0.6892467
3751,-0.16329363
3752,0.03971239
3753,-0.8128904
3754,-0.4771657
3755,-0.37063414
3756,-0.53743535
3757,-0.36139748
3758,-0.62435406
3759,-0.48056155
3760,-0.55732256
3761,-1.3067216
3762,-0.7229359
3763,-0.5929456
3764,-0.7247393
3765,-0.71507156
3766,-0.39097822
3767,-0.31646475
3768,-0.4960714
3769,-0.3389969
3770,-0.84975296
3771,-0.82380426
3772,-0.5084848
3773,-0.020259354
3774,0.36569175
3775,0.11431523
3776,0.4139409
3777,-0.019108562
3778,0.16907983
3779,0.35889053
3780,-0.39168444
3781,0.09964463
3782,-1.1129398
3783,0.4635024
3784,-0.18871056
3785,-4.381867
3786,0.53816295
3787,-0.29844034
3788,0.36220804
3789,0.5599268
3790,0.761147
3791,-14.617111
3792,0.4423038
3793,-0.61717176
3794,-0.57277876
3795,-0.059685085
3796,-0.7934991
3797,-0.5750269
3798,-0.25655547
3799,-0.06900632
3800,-0.6313728
3801,-0.3827328
3802,-1.397452
3803,0.09591966
3804,0.41601786
3805,-0.3125822
3806,-0.648079
3807,-0.639661
3808,-0.95681405
3809,-0.72549254
3810,0.13170539
3811,-0.7934991
3812,-0.9042427
3813,-0.5713241
3814,0.35276723
3815,-0.7934991
3816,-0.64643604
3817,-0.7863446
3818,0.09533759
3819,-0.026101103
3820,-0.45016533
3821,-0.37821397
3822,0.11428709
3823,-0.7934991
3824,-0.4633308
3825,-0.30658254
3826,0.040462907
3827,-0.09596701
3828,-1.1153419
3829,0.2096925
3830,-1.1554679
3831,0.3236638
3832,-1.3359503
3833,0.017704276
3834,-1.4690726
3835,0.26851448
3836,-1.312897
3837,-0.60143125
3838,-1.0932227
3839,-1.0138692
3840,-1.2666689
3841,-1.2413436
3842,-1.4550264
3843,-1.3666197
3844,-0.9627417
3845,-1.017103
3846,-1.2894564
3847,-0.5457113
3848,-1.2194468
3849,0.09032472
3850,-1.2666689
3851,-1.0646669
3852,-1.1821659
3853,0.21464092
3854,-1.2212437
3855,-0.33317998
3856,-0.9608579
3857,-0.8832221
3858,-1.2384316
3859,-0.6451765
3860,-1.1804725
3861,0.35072252
3862,-1.5361946
3863,-0.9544105
3864,-1.1772467
3865,0.093462326
3866,-1.1218295
3867,-2.631533
3868,-1.7146728
3869,-0.025960494
3870,-1.0807029
3871,-0.86003834
3872,-1.0727384
3873,-0.9106797
3874,-1.3351591
3875,-0.37136513
3876,-0.8564004
3877,-0.5500307
3878,-0.025693301
3879,0.1682389
3880,0.043492593
3881,-0.4708845
3882,-0.6890765
3883,-0.6021359
3884,-2.9487617
3885,-0.06900632
3886,-0.6313728
3887,-0.5643129
3888,-0.7863446
3889,-0.064388156
3890,-0.45512196
3891,-1.0955304
3892,-1.25323
3893,-0.18017627
3894,-0.59715647
3895,-0.8568728
3896,-0.40447807
3897,0.21430126
3898,-0.30989805
3899,-0.53562826
3900,-0.044941615
3901,-0.9211055
3902,-0.3581383
3903,0.17116241
3904,-0.10526145
3905,-0.22602431
3906,-0.32354856
3907,0.15300451
3908,-0.81815404
3909,-0.07919187
3910,-0.17416406
3911,-0.030776804
3912,-0.25031713
3913,0.01433813
3914,-0.3323954
3915,0.21371447
3916,-0.42271176
3917,-0.075069614
3918,0.14185221
3919,-1.506438
3920,0.018350344
3921,-3.2934976
3922,0.86587554
3923,0.150124
3924,-1.0557883
3925,0.5297201
3926,-0.1959774
3927,-1.2313644
3928,-1.4963222
3929,0.000778825
3930,-1.370778
3931,-0.18403856
3932,0.7943994
3933,-0.6314045
3934,0.23917854
3935,-0.0015502208
3936,-1.4915484
3937,-1.693262
3938,0.07882524
3939,-1.3512503
3940,-0.74834126
3941,0.052878853
3942,-1.3574113
3943,1.2855334
3944,-0.0033423065
3945,-1.6161692
3946,0.6967127
3947,-0.049193017
3948,-1.9404117
3949,1.3400519
3950,0.014649437
3951,-1.2062777
3952,1.4370567
3953,-0.06443592
3954,-2.2501879
3955,2.0403886
3956,0.00059282756
3957,-0.6020989
3958,1.6183842
3959,-1.1653816
3960,-0.59746456
3961,-0.33271953
3962,-1.3381253
3963,-2.0075667
3964,-0.91814667
3965,-1.6720397
3966,-1.1709747
3967,0.09740937
3968,-1.3645397
3969,-0.97516435
3970,-1.1850072
3971,-1.7365777
3972,-0.8588158
3973,-0.39805338
3974,-1.1611881
3975,-0.74359643
3976,0.019214112
3977,0.46642122
3978,2.4170735
3979,0.5255655
3980,-0.6959016
3981,-1.2991376
3982,1.9212282
3983,0.5725786
3984,1.0070469
3985,-0.18336535
3986,0.44455066
3987,-1.493987
3988,2.4005764
3989,0.3683236
3990,0.37732995
3991,-1.3577235
3992,1.9039073
3993,-4.070893
3994,0.38926733
3995,-1.5928506
3996,2.181968
3997,0.7837306
3998,0.5968102
3999,-1.0390023
4000,2.4596698
4001,0.7365824
4002,0.42162204
4003,-1.6134844
4004,2.077724
4005,0.5811373
4006,0.48481315
4007,-1.3105745
4008,2.291383
4009,0.60595584
4010,2.3062081
4011,-1.5801789
4012,0.5033366
4013,-3.763309
4014,0.036243465
4015,-0.31782308
4016,0.45791945
4017,-1.4492443
4018,2.147273
4019,0.434366
4020,0.2514508
4021,-0.81064945
4022,0.09167305
4023,-1.7940043
4024,-0.2756493
4025,-0.26072422
4026,-0.6900914
4027,-1.443956
4028,0.2503966
4029,-1.3349113
4030,-0.39376247
4031,-0.17418012
4032,0.05934193
4033,-1.8824699
4034,-0.057844467
4035,0.1649966
4036,-0.4313872
4037,-1.2291218
4038,-0.16722785
4039,-0.096916065
4040,-0.059846755
4041,-1.1881835
4042,-0.035152063
4043,-0.011439974
4044,-0.24329495
4045,-2.5698278
4046,-0.035152063
4047,-0.01848773
4048,-0.23465675
4049,0.60549957
4050,0.6556828
4051,0.7602029
4052,0.12342003
4053,0.2390663
4054,-1.1133595
4055,0.34264684
4056,-1.1884246
4057,0.019646851
4058,0.2266969
4059,-1.1263
4060,0.30980876
4061,-2.2335913
4062,0.22585356
4063,-1.1690018
4064,0.39216134
4065,-1.3942509
4066,-0.0912315
4067,-2.3058777
4068,-0.5385297
4069,-1.396069
4070,0.32369322
4071,0.15167294
4072,0.9999679
4073,0.05687217
4074,-0.15752955
4075,0.26308954
4076,1.7744673
4077,0.70567423
4078,0.44228724
4079,0.7450657
4080,0.3542578
4081,-0.23264088
4082,0.43628597
4083,0.5637853
4084,0.43031248
4085,-0.6710855
4086,-0.3371215
4087,-1.4074231
4088,-0.0723318
4089,-0.36670217
4090,2.6109903
4091,-2.1276531
4092,0.786942
4093,-0.8153026
4094,-0.52164775
4095,-1.6762683
4096,2.737648
4097,-1.4138572
4098,-1.1458821
4099,-1.6875622
4100,2.5467806
4101,-1.4957759
4102,-1.1478983
4103,-0.49342844
4104,2.6233368
4105,-1.7163258
4106,0.17927723
4107,-0.9339374
4108,2.6233368
4109,-1.2264432
4110,-0.16623957
4111,0.032468572
4112,2.6233368
4113,-1.61858
4114,0.0010851925
4115,-1.519617
4116,2.5079694
4117,-1.3355422
4118,-0.20653602
4119,-1.065032
4120,2.5002906
4121,-1.5272079
4122,-0.14782815
4123,-0.8959037
4124,2.6233368
4125,-1.1670421
4126,-0.57761353
4127,-1.4413819
4128,2.6233368
4129,-1.4482266
4130,-1.1310862
4131,-0.4741323
4132,0.16719258
4133,0.5640855
4134,1.7824057
4135,0.47550148
4136,-0.66389865
4137,-1.5125757
4138,0.36965042
4139,-0.70257586
4140,-0.21807966
4141,-1.1817553
4142,0.3094909
4143,0.21162501
4144,-0.8149597
4145,-0.47929785
4146,0.25684333
4147,-0.50430995
4148,-0.5581092
4149,-0.85156286
4150,0.39317805
4151,-1.6513572
4152,0.44064128
4153,-1.0188498
4154,0.13811326
4155,-1.9975823
4156,0.3721996
4157,-0.3442862
4158,-0.13277687
4159,-1.5762336
4160,0.43547946
4161,-0.37179676
4162,-0.8073486
4163,-0.3445096
4164,-0.85958904
4165,-1.1568396
4166,-0.6815921
4167,-0.4326709
4168,0.56364334
4169,0.5173168
4170,-0.333925
4171,1.0904397
4172,0.28688607
4173,0.52684027
4174,0.33900687
4175,-0.90894055
4176,0.7661513
4177,0.20255274
4178,0.35353646
4179,0.9175012
4180,-0.33762452
4181,-0.15103969
4182,0.5971504
4183,1.074987
4184,-0.30083087
4185,-0.021083001
4186,0.62842
4187,0.88839585
4188,-0.24062544
4189,-1.3059107
4190,0.42482445
4191,-1.749327
4192,-0.6586842
4193,0.42482445
4194,-1.8457245
4195,-1.7364877
4196,-0.91365474
4197,-0.9310912
4198,0.48772174
4199,-2.4778461
4200,-0.47249654
4201,-1.9612108
4202,-0.5842226
4203,0.3401798
4204,-0.9111215
4205,-1.1109194
4206,-2.9604187
4207,-1.9512169
4208,0.6581696
4209,0.2752197
4210,0.63668984
4211,0.50835073
4212,-1.0779063
4213,0.117286734
4214,-0.25183904
4215,-0.20381655
4216,0.23320274
4217,-0.117042564
4218,-0.22017385
4219,0.1682389
4220,-0.068833776
4221,-0.3074044
4222,-2.1521385
4223,-0.21280792
4224,-0.4848953
4225,-2.1915073
4226,-0.05709209
4227,-0.095076956
4228,0.11212551
4229,-0.052551683
4230,0.05346554
4231,-0.2849562
4232,-0.26445383
4233,0.15530282
4234,1.8467667
4235,-0.33412224
4236,-1.2729772
4237,0.31463152
4238,-1.1981224
4239,-0.30016512
4240,0.17102304
4241,-1.0095975
4242,-0.43298817
4243,0.2882692
4244,-1.1118815
4245,-0.03742108
4246,-0.29117367
4247,-0.03742108
4248,-1.2980051
4249,-0.030640684
4250,-0.16800565
4251,-0.33883995
4252,-0.24703263
4253,0.35375282
4254,-0.16143027
4255,0.16638142
4256,-1.2116375
4257,0.08129686
4258,0.0053995126
4259,0.14838398
4260,0.14779909
4261,-0.9623742
4262,-0.15949413
4263,-0.17470977
4264,-1.22961
4265,0.049977627
4266,0.31078485
4267,-1.4688342
4268,-0.43298817
4269,-0.020259354
4270,-1.2352656
4271,-0.43298817
4272,0.16970544
4273,-0.021083001
4274,-0.15945138
4275,-0.575514
4276,-0.8155509
4277,0.007872726
4278,-0.66879666
4279,0.04142601
4280,1.1288759
4281,-0.41766453
4282,0.1821413
4283,0.67911273
4284,0.036025636
4285,0.16364916
4286,-0.61717176
4287,-0.5504632
4288,-0.717736
4289,-0.14013717
4290,-0.05049855
4291,-0.36216798
4292,-0.2182921
4293,-0.010259364
4294,-0.44353887
4295,-0.4105159
4296,-0.29548123
4297,-0.06900632
4298,-0.59057456
4299,-0.4105159
4300,-0.1218337
4301,-0.06900632
4302,-0.7934991
4303,-0.62877494
4304,-0.1355259
4305,-0.029871834
4306,-0.45407063
4307,-0.4633308
4308,-0.37699458
4309,0.11428709
4310,-0.6313728
4311,-0.4105159
4312,-0.13935761
4313,-0.20479524
4314,-0.57036513
4315,-0.45271802
4316,-0.30658254
4317,-0.025229862
4318,-0.51603794
4319,-0.7825606
4320,-0.34305942
4321,0.065412275
4322,-0.0108206505
4323,0.05346554
4324,0.1998182
4325,-0.19193779
4326,-0.43199483
4327,0.44822183
4328,-0.16297589
4329,0.18960056
4330,-0.2275295
4331,0.27566224
4332,0.19702351
4333,-0.03652421
4334,0.022915086
4335,-0.2628038
4336,-0.21432336
4337,-1.0575455
4338,-0.09976883
4339,-0.2570645
4340,-1.280046
4341,-0.29759204
4342,-1.2894564
4343,-0.6670314
4344,-0.44505545
4345,-1.3115071
4346,-0.59057456
4347,2.2819226
4348,2.3559144
4349,-2.4173036
4350,0.090056226
4351,-1.6215937
4352,-0.0015502208
4353,-1.4532133
4354,-0.029537339
4355,-0.041046675
4356,-0.8239263
4357,0.24398716
4358,-2.2742257
4359,0.25288528
4360,-1.0911083
4361,-0.8013169
4362,-0.094027855
4363,-0.016123611
4364,-2.2514932
4365,-0.37824404
4366,-0.50932354
4367,-0.62877494
4368,0.60971445
4369,-0.6069812
4370,-5.894536
4371,-0.11353797
4372,-0.23353562
4373,-0.9297385
4374,-0.24454056
4375,-1.2666689
4376,-0.82206666
4377,-0.93187356
4378,0.3893703
4379,-1.2360506
4380,-0.34620142
4381,-0.9231237
4382,0.20625691
4383,-1.1994137
4384,-0.90843993
4385,-1.343315
4386,-0.07154366
4387,-1.3666197
4388,-0.3496562
4389,-1.3916743
4390,0.035683215
4391,-1.3617834
4392,-0.6182909
4393,-1.2752573
4394,-0.2779936
4395,-1.3351591
4396,-1.232158
4397,-0.9376887
4398,0.13131209
4399,-1.3848076
4400,-1.0716895
4401,-2.2822835
4402,0.20625691
4403,-1.2971636
4404,-0.7621806
4405,-1.1089617
4406,-1.4633616
4407,-0.8395529
4408,-1.2360506
4409,-0.5703565
4410,-1.3115071
4411,-1.0245732
4412,-1.7422088
4413,-0.467446
4414,-1.065629
4415,-4.23274
4416,-2.2224267
4417,-1.4118694
4418,-2.1887534
4419,0.195307
4420,-1.197993
4421,-0.8753207
4422,-1.3115071
4423,-0.7961674
4424,0.40859833
4425,-1.3617834
4426,-1.2666689
4427,-1.4259728
4428,-1.1933831
4429,0.69258183
4430,-1.2666689
4431,-0.6885034
4432,-2.1162987
4433,-1.37973
4434,-1.3287696
4435,-0.90843993
4436,-0.9630817
4437,-1.4466723
4438,-0.9066502
4439,-0.955233
4440,-0.929165
4441,0.16726227
4442,-1.2971636
4443,-0.9584883
4444,-0.8140556
4445,-0.004734213
4446,-1.2185
4447,-0.25902703
4448,0.117286734
4449,-0.35614753
4450,0.009266253
4451,-0.1859814
4452,-0.6515351
4453,-0.21280792
4454,0.2387993
4455,-0.25902703
4456,0.018424915
4457,-0.14956447
4458,0.009181391
4459,-0.17179638
4460,0.55716527
4461,-0.8224423
4462,0.052735906
4463,-0.42830616
4464,0.117286734
4465,-0.055920485
4466,-0.05586263
4467,-0.25902703
4468,0.117286734
4469,-0.48094776
4470,-0.1831647
4471,0.041873008
4472,0.117286734
4473,-0.19391923
4474,0.06717049
4475,-0.30989805
4476,0.010122871
4477,-0.20285004
4478,-0.11815434
4479,0.117286734
4480,-0.16199172
4481,0.007873299
4482,-0.36415958
4483,0.22890048
4484,-0.2483356
4485,0.0034121561
4486,0.27566224
4487,-0.03441835
4488,-0.058747906
4489,-0.3042795
4490,0.17116241
4491,-1.3052733
4492,-1.5882859
4493,-0.010237831
4494,-0.09976883
4495,0.10103439
4496,-1.2702717
4497,-1.1608053
4498,0.022915086
4499,-1.0128696
4500,-0.43042248
4501,-0.331749
4502,-1.5066507
4503,-0.46979606
4504,0.25772324
4505,-1.506498
4506,1.3988858
4507,0.27128226
4508,-1.2497646
4509,1.0350267
4510,-0.0015502208
4511,-1.4998872
4512,1.8739767
4513,0.004020213
4514,-1.5759571
4515,1.668016
4516,0.004020213
4517,-1.5350822
4518,2.0870562
4519,0.025986137
4520,-2.163537
4521,1.5789949
4522,-0.3324697
4523,-0.97355485
4524,2.0988832
4525,0.090056226
4526,-1.542699
4527,0.87808305
4528,0.043008193
4529,-0.5203181
4530,-1.2880756
4531,0.7077247
4532,-0.07159206
4533,-0.0033423065
4534,-1.140615
4535,1.1854602
4536,-5.873374
4537,0.034604512
4538,-2.3817105
4539,1.1891735
4540,0.1280064
4541,-3.2009878
4542,-1.3662952
4543,0.27036655
4544,-0.22325984
4545,0.12651987
4546,-0.97432137
4547,0.63091606
4548,0.014420638
4549,-0.054844618
4550,-1.4921025
4551,0.34684995
4552,0.10349164
4553,-0.15768333
4554,-1.5622432
4555,2.0640671
4556,-0.009973782
4557,-1.4063951
4558,2.0023687
4559,0.37716722
4560,-1.1087034
4561,1.9925538
4562,-2.5872335
4563,0.31572583
4564,0.49215582
4565,0.7789779
4566,-0.98522466
4567,0.90729266
4568,0.35564467
4569,-1.117458
4570,-1.2737266
4571,-0.25289738
4572,-1.4404544
4573,-0.4448447
4574,0.4292308
4575,-4.2190504
4576,-1.0838435
4577,-6.853063
4578,-6.760882
4579,-0.21449572
4580,0.0059128758
4581,-1.5373663
4582,0.6715932
4583,1.5203576
4584,0.18846157
4585,0.7120741
4586,0.42592818
4587,-1.3105745
4588,2.3376245
4589,0.63164663
4590,0.44980302
4591,-1.3010187
4592,2.4596698
4593,0.50305074
4594,0.10924856
4595,-1.3863498
4596,1.9039073
4597,0.569494
4598,0.14512868
4599,-1.5869198
4600,2.2830844
4601,0.6841996
4602,0.4069263
4603,-1.4492443
4604,1.6610005
4605,0.50305074
4606,0.05925622
4607,-1.1600119
4608,2.3376245
4609,0.22488888
4610,0.23658451
4611,-1.7491676
4612,2.4002883
4613,0.32617486
4614,0.5033366
4615,-1.4038674
4616,1.9721043
4617,0.55845255
4618,0.32072753
4619,-1.5159144
4620,1.9559662
4621,0.8123997
4622,0.005125961
4623,-1.0925009
4624,2.3056297
4625,0.2706083
4626,-1.2670058
4627,0.6772984
4628,-2.64514
4629,0.36249715
4630,-1.8598515
4631,1.8573927
4632,0.50238395
4633,-1.5194331
4634,1.9506469
4635,0.46440926
4636,-1.4038727
4637,2.1578794
4638,-0.32782516
4639,0.4058993
4640,-1.6134844
4641,2.147273
4642,0.5414993
4643,0.019214112
4644,-1.6957006
4645,1.9391825
4646,0.6085328
4647,0.46605423
4648,0.29592958
4649,0.54524827
4650,0.45886308
4651,0.19976114
4652,-1.947183
4653,0.214309
4654,-0.17952484
4655,-0.31533438
4656,-0.9136727
4657,0.24193119
4658,0.2607343
4659,0.2919841
4660,0.30002978
4661,-1.3455625
4662,0.5862984
4663,0.70718116
4664,0.43031248
4665,-0.97989935
4666,0.02093581
4667,0.7083944
4668,0.29774022
4669,-0.5629427
4670,1.3805966
4671,0.84734815
4672,0.53339165
4673,-0.46583238
4674,0.15126
4675,0.7083944
4676,0.1871861
4677,-0.43547994
4678,1.0212512
4679,0.9172529
4680,0.1871861
4681,-0.54693055
4682,0.02093581
4683,0.94304866
4684,0.15129109
4685,-0.6231174
4686,0.79883903
4687,0.59751964
4688,0.28287494
4689,-0.7893575
4690,0.87435925
4691,0.74371356
4692,0.42614955
4693,-1.7043471
4694,0.74295795
4695,1.3718573
4696,0.12962127
4697,0.33903491
4698,0.65623915
4699,0.42614955
4700,-0.73756915
4701,0.5825003
4702,0.71821606
4703,-2.3130753
4704,-1.5272208
4705,0.79883903
4706,0.99052155
4707,0.77307755
4708,-1.3645675
4709,-0.355641
4710,0.51883847
4711,0.24775037
4712,-1.3731332
4713,0.18116553
4714,0.72925824
4715,0.30034748
4716,-1.182233
4717,0.1635126
4718,0.6325792
4719,0.30034748
4720,-0.6269588
4721,0.21761392
4722,0.89568925
4723,0.46515137
4724,-0.8018917
4725,0.20031974
4726,0.5648165
4727,0.1871861
4728,-0.49789834
4729,-0.7243147
4730,-1.2555261
4731,-0.1931795
4732,-0.19120593
4733,-0.13939142
4734,0.13034421
4735,-1.765393
4736,2.5835824
4737,-1.4230012
4738,-0.20531154
4739,-1.4287088
4740,2.3821414
4741,-1.1321331
4742,-0.26965022
4743,-1.3518475
4744,2.4756181
4745,-1.2284579
4746,-0.19561324
4747,-1.3964256
4748,2.3821414
4749,-1.8779743
4750,-0.25652754
4751,-0.26394433
4752,2.6102006
4753,-2.1152906
4754,-0.19996242
4755,-1.0833865
4756,2.6233368
4757,-1.0255038
4758,-1.5954317
4759,2.5304468
4760,-1.659939
4761,-0.06821538
4762,-0.059983734
4763,-1.627298
4764,-0.3906496
4765,-1.3871144
4766,2.5079694
4767,-1.4172047
4768,0.15561303
4769,-3.2349644
4770,0.9107513
4771,-2.666686
4772,-0.3168934
4773,-0.56439894
4774,2.5756748
4775,-0.18445654
4776,-1.8784231
4777,2.3568594
4778,-0.31999794
4779,-1.8402933
4780,2.3585453
4781,-0.26252472
4782,-0.3717621
4783,2.2698748
4784,-1.5076659
4785,0.71533936
4786,0.30034748
4787,-0.67736906
4788,0.55819005
4789,0.18709812
4790,-0.81963503
4791,0.44872922
4792,0.65882176
4793,-0.58802277
4794,0.693031
4795,0.15755488
4796,0.17893745
4797,0.53034633
4798,0.15978988
4799,-0.43402526
4800,0.8068244
4801,0.11399617
4802,-0.43942848
4803,0.5082741
4804,0.4711396
4805,-0.15481918
4806,-0.65313375
4807,-0.64933085
4808,-0.27901378
4809,-0.8073368
4810,-0.50684917
4811,-0.53313935
4812,-1.2652338
4813,-0.5779418
4814,-0.50252163
4815,-0.22934651
4816,-0.47926942
4817,-0.114437066
4818,-0.08249225
4819,-0.43558183
4820,-1.013459
4821,-0.7537085
4822,-0.7669128
4823,-0.31867084
4824,0.1563251
4825,-3.384435
4826,-0.28527713
4827,0.49058035
4828,-1.196072
4829,-0.1711808
4830,-0.66963273
4831,-0.48056155
4832,-0.29257438
4833,-0.20615429
4834,-0.71507156
4835,-0.60961366
4836,-0.1284658
4837,-0.43632436
4838,-0.29378727
4839,-1.3073648
4840,-0.39926627
4841,-0.49020582
4842,-1.0086415
4843,-0.2413373
4844,-0.26730102
4845,-1.3154567
4846,-0.7132656
4847,-0.3667938
4848,-0.8565791
4849,-2.0079181
4850,-0.60189676
4851,-0.06176172
4852,0.33269987
4853,-0.18871056
4854,0.3037353
4855,0.06948132
4856,0.17879684
4857,-1.1866575
4858,0.73664725
4859,-0.0036323555
4860,0.54973364
4861,0.73543775
4862,-0.2700866
4863,0.3437922
4864,-1.8248298
4865,0.7149732
4866,0.80131406
4867,0.6720259
4868,-0.7934991
4869,-0.45271802
4870,-0.34305942
4871,-0.2469332
4872,-0.6842079
4873,-0.045146678
4874,-0.19873017
4875,-0.42210516
4876,-0.4114595
4877,0.02118797
4878,-0.5604939
4879,-0.74459434
4880,-0.5852259
4881,0.524618
4882,-0.6634147
4883,-0.44409552
4884,-0.08222818
4885,0.4684402
4886,-0.56862485
4887,-2.972966
4888,-0.6806115
4889,0.3426674
4890,-0.7934991
4891,-0.4105159
4892,-0.36403874
4893,0.09533759
4894,-0.33627442
4895,-0.45271802
4896,-0.37633207
4897,-0.06726168
4898,-0.87333333
4899,-0.26477826
4900,-0.41045153
4901,0.0548019
4902,-0.069833525
4903,-1.087169
4904,-0.041046675
4905,-1.5350822
4906,0.090056226
4907,-1.5713595
4908,-1.1994137
4909,-1.3617834
4910,-0.9586648
4911,-1.0719393
4912,-1.2666689
4913,-0.5990427
4914,-1.2486136
4915,-1.3115071
4916,-0.4276328
4917,-1.0949385
4918,-1.4340785
4919,-1.1076729
4920,-1.0445364
4921,-0.15912972
4922,-1.8842158
4923,-0.90173733
4924,-1.0114272
4925,-0.81293386
4926,-1.179762
4927,0.017209334
4928,-0.36037168
4929,-0.51883245
4930,-1.1841819
4931,-0.7482901
4932,-1.1886672
4933,0.31546938
4934,-1.3666197
4935,-0.9876233
4936,-0.6794147
4937,0.3075977
4938,-1.2157339
4939,-0.7082934
4940,-1.0073411
4941,0.035649408
4942,-1.279089
4943,-0.7621806
4944,-1.0166826
4945,0.2303056
4946,-0.5982966
4947,-0.5750269
4948,-0.4049973
4949,-0.16056007
4950,-0.48299283
4951,-0.39482316
4952,-1.9688667
4953,0.08618335
4954,-0.6313728
4955,-0.45271802
4956,-0.9258127
4957,-0.017059015
4958,-0.0012438361
4959,-0.12643127
4960,-0.21280792
4961,-0.3241691
4962,-0.43752998
4963,-8.11992
4964,-0.04647385
4965,0.014331906
4966,-0.34377006
4967,0.117286734
4968,-0.28287938
4969,-0.06558917
4970,-0.25902703
4971,0.06840692
4972,-0.19391923
4973,0.052735906
4974,0.043536074
4975,-1.0252048
4976,0.24398716
4977,-1.96184
4978,1.7999779
4979,0.019214112
4980,-4.4128284
4981,1.6297225
4982,-0.0015502208
4983,-1.3073027
4984,0.9583976
4985,0.12516358
4986,-1.5434148
4987,1.4630371
4988,0.3478747
4989,-1.2382436
4990,2.0214653
4991,0.025986137
4992,-1.1840748
4993,1.1986893
4994,0.76320565
4995,-0.0116973175
4996,-1.276424
4997,0.85892576
4998,0.006805325
4999,-1.5103556
5000,1.2236912
5001,0.5425149
5002,-2.246621
5003,1.0905976
5004,0.6125688
5005,-1.2912594
5006,0.976778
5007,-0.041046675
5008,-1.4345903
5009,1.2935144
5010,0.25288528
5011,-0.069833525
5012,-1.4362612
5013,1.4050486
5014,0.07882524
5015,-1.3244982
5016,1.9768912
5017,-1.3518951
5018,-0.72783285
5019,-1.5205755
5020,-1.4382119
5021,-1.7989087
5022,-6.268508
5023,-1.5465096
5024,-1.9180712
5025,-1.5876526
5026,-1.349605
5027,-0.19879131
5028,-1.1445009
5029,-2.8274279
5030,0.7321519
5031,-0.9311957
5032,0.16552801
5033,-4.5799875
5034,2.5000288
5035,-1.2000433
5036,0.54354703
5037,-1.1825441
5038,2.147273
5039,0.48538613
5040,0.3560757
5041,-1.4062667
5042,2.3286507
5043,0.6599433
5044,0.2676449
5045,-1.2916893
5046,2.1583037
5047,0.44463992
5048,0.30725294
5049,-1.0870612
5050,1.8152314
5051,0.5725786
5052,0.1628145
5053,-1.2525547
5054,1.8757675
5055,0.6599433
5056,0.5212487
5057,-1.4167467
5058,2.2622967
5059,0.49445862
5060,0.40185788
5061,-1.580901
5062,1.9619838
5063,0.5811373
5064,0.2503966
5065,-1.3608707
5066,0.7121079
5067,-0.31472614
5068,0.7484003
5069,-0.9089919
5070,-0.084258236
5071,-1.5413461
5072,-0.5382975
5073,0.0064719194
5074,-0.2925473
5075,-1.278466
5076,-0.24782187
5077,-0.02879121
5078,-0.147353
5079,-0.9829976
5080,0.35070768
5081,-0.03257038
5082,-0.4098831
5083,0.5341535
5084,-0.72656006
5085,0.4493521
5086,-1.5080112
5087,0.34280318
5088,-1.1036488
5089,0.38908765
5090,-1.1792313
5091,0.39216134
5092,-0.60256815
5093,0.29145274
5094,-1.1947
5095,0.12619103
5096,-1.5145652
5097,-0.08364825
5098,0.22206673
5099,0.7839402
5100,0.15630303
5101,-0.37120244
5102,0.38988197
5103,1.2862338
5104,0.33176535
5105,-0.58421963
5106,0.35487285
5107,0.6967695
5108,0.69892204
5109,-0.4603138
5110,-0.16074249
5111,-1.3780371
5112,2.4826367
5113,-1.1805457
5114,-0.07525177
5115,1.4944082
5116,0.6466287
5117,-1.1581838
5118,0.32856825
5119,-1.4894938
5120,-8.256487
5121,-1.4340614
5122,2.3518884
5123,-1.497987
5124,-0.44702652
5125,-0.49487302
5126,2.7065341
5127,-1.7575549
5128,0.13753986
5129,-1.2029501
5130,2.486008
5131,-1.431236
5132,0.36522317
5133,-0.1762488
5134,-1.340896
5135,2.194031
5136,-1.9232607
5137,-0.13730006
5138,-1.5834783
5139,2.7856405
5140,-1.9232607
5141,-0.18618077
5142,-1.7860836
5143,2.5227318
5144,-1.5674384
5145,-0.24524036
5146,-1.5447674
5147,2.470314
5148,-1.1405349
5149,-2.6211267
5150,-1.2281897
5151,-0.2631013
5152,-1.2052988
5153,-0.38875827
5154,-1.9655135
5155,0.37253082
5156,-0.4715278
5157,-0.69023705
5158,-0.19178835
5159,0.5551465
5160,-0.8343165
5161,-0.17209138
5162,-0.2932805
5163,0.6791074
5164,-1.5695205
5165,-0.34632447
5166,-2.6508431
5167,0.35379305
5168,-0.49901634
5169,0.16774063
5170,-1.4571245
5171,-0.01475435
5172,-0.4618729
5173,-0.46036208
5174,-0.8874328
5175,0.77115667
5176,-0.74054676
5177,-0.49255383
5178,-0.33706632
5179,-0.6603817
5180,-0.23730512
5181,0.8443237
5182,0.23538667
5183,-0.42545173
5184,1.0920321
5185,0.20255274
5186,-0.07687485
5187,0.65696573
5188,0.24845277
5189,0.036025636
5190,0.9861737
5191,-0.43865213
5192,-0.072643325
5193,0.25903967
5194,1.0090094
5195,-0.7503097
5196,-0.013766852
5197,-2.745994
5198,0.4613296
5199,0.85596275
5200,-1.0060381
5201,0.4141283
5202,-0.19327939
5203,-1.3061937
5204,0.4728993
5205,-0.06056449
5206,-1.0545069
5207,-0.4030781
5208,-0.9310912
5209,0.5443485
5210,-1.1743183
5211,-1.0107931
5212,0.6109738
5213,-0.092350274
5214,-0.89158446
5215,0.17236623
5216,-1.2423865
5217,0.29044756
5218,0.51242554
5219,-0.6833307
5220,-1.0779063
5221,0.117286734
5222,-0.07975104
5223,-0.20381655
5224,-0.095076956
5225,-0.16297589
5226,-0.3581383
5227,0.10247428
5228,0.043492593
5229,-0.33202004
5230,0.084385835
5231,-0.25738412
5232,-0.03653827
5233,0.21371447
5234,-0.18506368
5235,-0.30989805
5236,0.01572547
5237,-0.18720675
5238,-0.3042795
5239,-1.1721083
5240,-0.23233837
5241,0.10067405
5242,-0.684463
5243,0.10624876
5244,0.19359705
5245,-3.1512396
5246,-0.33653447
5247,0.10655811
5248,-1.0468605
5249,-0.06127726
5250,-0.03742108
5251,0.020314068
5252,0.054729916
5253,-0.4217265
5254,0.68823224
5255,-0.22092676
5256,-0.0045384676
5257,0.35532036
5258,-0.9623742
5259,-0.33141544
5260,0.27203554
5261,-1.1517013
5262,-0.5712809
5263,-0.10474973
5264,-2.022036
5265,-1.2375343
5266,-0.06003247
5267,0.07714034
5268,-0.76161104
5269,-0.43298817
5270,0.16638142
5271,-1.2669723
5272,-0.3009313
5273,0.036025636
5274,-0.34924048
5275,0.52441114
5276,-0.24253938
5277,-0.034017246
5278,0.11387276
5279,0.56258094
5280,-0.15318197
5281,0.78884983
5282,-0.5604939
5283,-0.45016533
5284,-0.5147592
5285,-0.0078516845
5286,-0.62059736
5287,-0.45271802
5288,-0.37821397
5289,0.09591966
5290,-0.5233853
5291,-0.82413447
5292,-0.042617463
5293,-0.52333295
5294,-0.55286443
5295,-0.62877494
5296,-0.82438356
5297,0.11428709
5298,-0.50932354
5299,-0.45271802
5300,-0.37699458
5301,0.069178514
5302,-0.6313728
5303,-0.5504632
5304,-0.27270442
5305,-0.064388156
5306,-0.25902703
5307,0.19040768
5308,-0.07583518
5309,-1.0937427
5310,-2.5200372
5311,0.19040768
5312,-0.21094908
5313,-0.02271056
5314,-0.47095484
5315,-0.26815897
5316,-0.26573566
5317,-0.19193779
5318,-0.47391137
5319,-0.4105159
5320,-0.46551615
5321,-0.043457862
5322,-0.917277
5323,-0.7329026
5324,-0.61970353
5325,0.065412275
5326,-0.5615918
5327,-0.5987734
5328,-0.77805275
5329,0.2233728
5330,-0.3581383
5331,0.119470604
5332,-0.10596566
5333,-0.4979863
5334,-0.3588778
5335,0.09808364
5336,-0.10526145
5337,-0.25902703
5338,-0.020986658
5339,-0.5144363
5340,0.3478747
5341,-1.2999327
5342,-0.0708354
5343,-1.5622432
5344,0.00059282756
5345,-1.4998087
5346,-0.020408202
5347,-0.5750269
5348,-1.0636783
5349,-0.4128145
5350,-1.1917368
5351,-0.366427
5352,-0.50932354
5353,-0.45271802
5354,1.4461783
5355,-0.43410674
5356,-1.5177281
5357,-2.6223536
5358,-0.45683783
5359,-1.2937962
5360,-0.64827627
5361,-1.1611881
5362,0.47818428
5363,-1.8614483
5364,-0.07154366
5365,-1.197993
5366,-0.97923356
5367,-0.83790773
5368,-0.1896925
5369,-1.1611881
5370,-0.680334
5371,-1.2499409
5372,-0.1896925
5373,-1.3531253
5374,-0.23259786
5375,-0.8713584
5376,-1.2666689
5377,-0.9777167
5378,-1.0073609
5379,-4.5667567
5380,-1.3114052
5381,-0.7513807
5382,-1.2666689
5383,-1.0791994
5384,-1.3926644
5385,-1.3596051
5386,-1.3114052
5387,-0.01896236
5388,-1.8647828
5389,-0.60889375
5390,0.53465044
5391,-2.5468597
5392,-0.7700717
5393,-1.3880463
5394,-0.030186635
5395,-1.3825748
5396,-0.41760385
5397,-1.5643996
5398,-0.97609544
5399,-1.3114052
5400,-0.7621806
5401,-0.7787479
5402,0.108149424
5403,-1.3666197
5404,-0.9777167
5405,-0.7244367
5406,0.058965866
5407,-1.5688995
5408,-1.3225173
5409,-0.8298624
5410,0.046400238
5411,-1.5601066
5412,-1.0423068
5413,-1.1821659
5414,0.1458194
5415,-1.2971636
5416,-0.9709674
5417,-1.2653702
5418,0.62237364
5419,-0.99721366
5420,-0.2367041
5421,0.251548
5422,-0.24718025
5423,0.14578064
5424,-0.18091238
5425,-0.06911149
5426,-0.25902703
5427,-0.0538799
5428,-0.19943927
5429,-0.03427171
5430,-0.36415958
5431,0.018473761
5432,-0.2064744
5433,-0.06911149
5434,-0.3042795
5435,-0.030776804
5436,-0.20782767
5437,-0.2367041
5438,0.084385835
5439,-0.72194
5440,-1.0509324
5441,-0.30810976
5442,0.17116241
5443,-0.7915039
5444,-0.4822363
5445,-0.17025252
5446,0.3403128
5447,-0.24775387
5448,-0.06669414
5449,-1.8594359
5450,0.19040768
5451,-0.119226746
5452,-0.054888427
5453,-0.20798828
5454,0.04337193
5455,-0.20400374
5456,-0.41155437
5457,-0.75455487
5458,0.21371447
5459,-0.0924431
5460,-0.17617393
5461,-0.25902703
5462,0.23320274
5463,-0.72107035
5464,-0.046398345
5465,-0.2958899
5466,0.06840692
5467,-0.10596566
5468,-0.06911149
5469,-0.17179638
5470,0.20267095
5471,-0.11958612
5472,0.06778089
5473,-0.25902703
5474,0.27566224
5475,-0.19678558
5476,0.25781423
5477,-0.0033423065
5478,-1.2664049
5479,1.560946
5480,-0.047413956
5481,-1.5622754
5482,1.3047545
5483,0.045123987
5484,-1.0393054
5485,1.5848094
5486,0.014649437
5487,-1.0690705
5488,1.3918396
5489,-0.05602364
5490,-1.8459797
5491,1.1502312
5492,0.018350344
5493,-1.2767451
5494,2.0315936
5495,0.014649437
5496,-1.3027548
5497,1.6252846
5498,-0.72695065
5499,-1.45622
5500,0.7037423
5501,-0.03210487
5502,-0.08697103
5503,-1.8927814
5504,1.0452785
5505,0.04268176
5506,0.3560757
5507,-1.557133
5508,1.0357124
5509,0.11468111
5510,0.05332174
5511,-1.7548894
5512,1.2385948
5513,0.6944049
5514,0.5239528
5515,-1.3941821
5516,0.91008854
5517,0.16364296
5518,0.31604075
5519,-1.6707907
5520,0.8875265
5521,0.22227338
5522,0.18038711
5523,-2.446993
5524,1.1189661
5525,0.24965426
5526,0.0056402176
5527,-1.1488764
5528,0.85343206
5529,0.017704276
5530,-1.0559753
5531,2.164411
5532,-0.029583072
5533,-1.2667146
5534,-0.14314234
5535,0.39027175
5536,0.88184685
5537,-0.4882501
5538,-0.9146421
5539,0.03690056
5540,0.29262778
5541,0.41608864
5542,-0.03300799
5543,0.43639943
5544,-0.52208203
5545,0.29990736
5546,0.7357355
5547,-1.2128603
5548,-0.2139616
5549,-0.22889736
5550,-0.14968805
5551,1.0962896
5552,0.3560757
5553,-1.7755603
5554,2.2893014
5555,0.33557168
5556,0.37732995
5557,-1.2238791
5558,2.379447
5559,0.5169669
5560,0.3478747
5561,-1.1170999
5562,1.9649926
5563,0.58536303
5564,0.017704276
5565,-1.2028685
5566,1.499036
5567,0.61492234
5568,0.6242449
5569,-1.0375781
5570,2.4002883
5571,0.53401417
5572,0.04983713
5573,-1.3340725
5574,2.0913613
5575,0.8123997
5576,0.4370193
5577,-1.5988301
5578,2.1583037
5579,0.44922337
5580,0.27676326
5581,-1.3792311
5582,2.2859163
5583,0.6493724
5584,0.6496305
5585,-1.4872057
5586,1.7670206
5587,-1.956321
5588,0.6647423
5589,-1.9524024
5590,2.3279524
5591,-0.32214394
5592,0.36158112
5593,-1.4510992
5594,2.1285207
5595,0.6334774
5596,0.6765393
5597,-1.3127421
5598,2.2534215
5599,0.21624792
5600,0.004020213
5601,-1.0787686
5602,2.1679301
5603,0.6599433
5604,0.3811696
5605,-1.1105996
5606,-0.0069480105
5607,-1.0189809
5608,2.377442
5609,0.6599433
5610,0.39627376
5611,-1.674863
5612,2.1571922
5613,0.35156947
5614,0.3811696
5615,-1.5789063
5616,2.5211055
5617,0.460506
5618,0.509579
5619,0.08467447
5620,0.569723
5621,0.36494946
5622,-0.3678142
5623,1.2299109
5624,-0.72275066
5625,0.6600821
5626,0.32809463
5627,0.5349281
5628,0.27694222
5629,-0.88321316
5630,0.9268974
5631,0.7094714
5632,0.30034748
5633,-0.5097786
5634,1.5128711
5635,1.0323753
5636,0.5710185
5637,-0.6846627
5638,0.3893397
5639,1.1571151
5640,0.45395458
5641,-0.6846796
5642,0.3922186
5643,0.47247127
5644,0.19691835
5645,-0.95836186
5646,1.1232051
5647,0.5080214
5648,0.4558571
5649,-0.55777705
5650,0.13550064
5651,0.57253325
5652,0.4109396
5653,-1.3135442
5654,0.8067562
5655,1.2473028
5656,0.032461654
5657,-0.12997295
5658,0.37373194
5659,1.1988196
5660,0.5596768
5661,-0.54693055
5662,0.2529079
5663,1.041189
5664,0.43320706
5665,-0.5614679
5666,0.77069503
5667,0.54976386
5668,-0.74771065
5669,0.29383558
5670,0.9215691
5671,0.30034748
5672,-1.3682691
5673,0.3922186
5674,0.72971064
5675,0.5595742
5676,-1.2228624
5677,0.7691919
5678,0.7181212
5679,0.33900687
5680,-0.7961478
5681,-0.25410137
5682,-1.3964256
5683,2.4619753
5684,-1.8989552
5685,-0.30465034
5686,-1.6816915
5687,2.4351974
5688,-1.2738785
5689,-0.38476664
5690,-1.367068
5691,2.5211751
5692,-1.410587
5693,0.97457945
5694,-1.9271367
5695,2.444091
5696,-1.2738785
5697,-0.6548012
5698,-0.56596345
5699,2.4466329
5700,-1.6750928
5701,-0.5395328
5702,2.7583365
5703,-1.3274562
5704,-0.4960755
5705,0.101921126
5706,-0.1462857
5707,-0.16806652
5708,-1.461005
5709,2.4876063
5710,-1.5338595
5711,0.051444914
5712,-0.74305403
5713,0.14349392
5714,-1.7065356
5715,-1.4870133
5716,2.0733712
5717,0.53196615
5718,-0.20697336
5719,-1.3964256
5720,2.6432707
5721,-1.6406809
5722,-0.13874875
5723,-1.6202719
5724,2.5299263
5725,-1.5777262
5726,-0.38792935
5727,-1.425523
5728,2.4569545
5729,-1.457704
5730,0.0790543
5731,-1.261407
5732,2.079523
5733,-0.8783427
5734,-0.5138534
5735,-1.3780371
5736,2.4523995
5737,-1.4924482
5738,-0.24123536
5739,-1.7485803
5740,2.5349305
5741,-1.5889777
5742,-0.8624209
5743,0.7542438
5744,0.28287494
5745,-0.60858196
5746,0.55819005
5747,0.21558814
5748,0.483529
5749,-1.0219024
5750,0.64541376
5751,0.57964116
5752,-0.83917415
5753,0.7163087
5754,0.58045036
5755,-0.40721413
5756,0.512982
5757,0.1871861
5758,-0.5476846
5759,0.5485192
5760,0.4558571
5761,-0.25419438
5762,-0.6282211
5763,-0.40914163
5764,-0.687691
5765,-0.4815665
5766,-0.5376149
5767,-0.4815665
5768,-0.42049378
5769,-0.84088665
5770,-0.39153337
5771,-0.8314435
5772,-0.45314848
5773,-0.19828796
5774,-1.1994513
5775,-0.42049378
5776,-0.5779418
5777,-0.39097822
5778,-0.64382637
5779,-1.0429413
5780,-0.37145394
5781,-0.6958103
5782,-0.27158
5783,-0.29257438
5784,-0.02969344
5785,-0.05323094
5786,-0.71507156
5787,-0.36794654
5788,-0.5720645
5789,-1.1895491
5790,-0.43572488
5791,-0.88789284
5792,-0.87698245
5793,-0.68858874
5794,-0.15158269
5795,-0.8212736
5796,-0.88853335
5797,-0.55426025
5798,0.039378144
5799,0.39388266
5800,-1.1135979
5801,-1.3396469
5802,0.24436843
5803,0.16039306
5804,-1.3749281
5805,0.47336328
5806,-0.5200553
5807,0.05876156
5808,-1.3749281
5809,0.4635024
5810,1.1372582
5811,0.8617782
5812,-0.7934991
5813,-0.7096262
5814,-0.6826021
5815,0.065412275
5816,-0.61300033
5817,-0.5750269
5818,-0.36507326
5819,-0.21010432
5820,-0.5978665
5821,-0.22784974
5822,-0.5214644
5823,0.11428709
5824,-0.917277
5825,-0.45271802
5826,0.5619904
5827,0.4624226
5828,-0.4843988
5829,-0.4956965
5830,-0.57349247
5831,-1.0463203
5832,-0.8537886
5833,-0.37070033
5834,-0.43710965
5835,-0.0078516845
5836,-0.36216798
5837,-0.42672688
5838,-0.26423883
5839,-0.0015502208
5840,-1.3785093
5841,0.1877342
5842,-1.1153419
5843,0.19629641
5844,-1.1468927
5845,-0.06000697
5846,-1.5713595
5847,-0.50844926
5848,-0.38684654
5849,-1.3332679
5850,-0.9751359
5851,-1.5688995
5852,-0.67228365
5853,-0.5237582
5854,-1.5425762
5855,1.5011967
5856,-0.8046368
5857,-1.3160294
5858,-1.4342438
5859,-2.3796766
5860,-0.31542063
5861,-1.1388125
5862,-1.4265001
5863,-1.1323223
5864,0.17115517
5865,-1.7213383
5866,-0.6345871
5867,-1.6384209
5868,-0.120537534
5869,-1.3115071
5870,-0.2370185
5871,-1.1001853
5872,0.12007739
5873,-2.704364
5874,-1.1100266
5875,-0.55914134
5876,0.31382945
5877,-1.3114052
5878,-0.5735256
5879,-1.1590439
5880,0.31791076
5881,-1.8431705
5882,-0.83410174
5883,-1.0548316
5884,-0.16548453
5885,-1.0329385
5886,-0.62837845
5887,-2.0132523
5888,0.23424743
5889,-1.3515637
5890,-0.6984242
5891,-1.8614483
5892,0.21570751
5893,-6.377211
5894,-0.090531
5895,0.17108503
5896,-0.59057456
5897,-1.0377011
5898,-0.5296232
5899,-0.043457862
5900,-0.917277
5901,-0.4584125
5902,-0.43710965
5903,-0.21101914
5904,-0.54289293
5905,-0.45271802
5906,-0.36128613
5907,-0.85744184
5908,-0.31097272
5909,-0.0016677153
5910,-0.25902703
5911,0.1409661
5912,-0.07583518
5913,0.10302029
5914,-0.36799002
5915,-0.016444951
5916,-0.09139089
5917,-0.16650054
5918,-0.18094516
5919,-0.1334876
5920,-0.72107035
5921,-0.14917375
5922,-0.18094516
5923,0.05346554
5924,-0.036836334
5925,-0.05586263
5926,-0.29524064
5927,0.48663443
5928,-0.11090445
5929,0.104589485
5930,-1.5050288
5931,-0.004258438
5932,-0.6331328
5933,1.7583638
5934,0.1705541
5935,-1.1840748
5936,0.59641236
5937,0.014649437
5938,-1.3129269
5939,0.75118476
5940,-0.84725237
5941,0.33693406
5942,0.08284581
5943,-4.606017
5944,1.4188826
5945,0.5237292
5946,-3.7891037
5947,-0.6236219
5948,0.2802872
5949,-1.4030775
5950,1.3857687
5951,0.3811696
5952,-1.6180676
5953,2.0562446
5954,-0.06826895
5955,-1.4068428
5956,1.4979255
5957,-0.07627915
5958,-1.5751811
5959,1.1816068
5960,-0.0864787
5961,-1.4406817
5962,-0.0015502208
5963,-1.5592966
5964,1.541147
5965,0.5403111
5966,-1.5928344
5967,1.3886282
5968,0.005125961
5969,-1.0650618
5970,1.3328123
5971,0.6351693
5972,-1.5251011
5973,1.3135791
5974,-0.07418287
5975,-0.9402887
5976,1.3556578
5977,-0.047413956
5978,-1.5713595
5979,1.5523065
5980,-1.197993
5981,-0.6694315
5982,-5.335692
5983,-1.1754731
5984,-1.9721903
5985,-0.9188418
5986,-1.197993
5987,-1.7168272
5988,-1.8842473
5989,-1.5415713
5990,-0.52446544
5991,-2.2713869
5992,-1.3115071
5993,-0.60713524
5994,-0.7580424
5995,-1.8894323
5996,-1.3392239
5997,-6.8152637
5998,0.42384225
5999,0.019214112
6000,-0.96534586
6001,2.4002883
6002,0.37517428
6003,0.3695106
6004,-1.5165766
6005,2.1121693
6006,0.28692645
6007,0.3478747
6008,-1.1706282
6009,2.2893014
6010,0.5134593
6011,-0.00050004857
6012,-1.3640944
6013,2.421808
6014,0.6413181
6015,0.40721783
6016,-0.7967178
6017,1.9619838
6018,0.5684968
6019,0.10924856
6020,2.265159
6021,0.5039197
6022,0.45791945
6023,-1.4269512
6024,2.504201
6025,0.58536303
6026,0.7036609
6027,-1.6902357
6028,-6.2227106
6029,-1.2906365
6030,-1.4331087
6031,-1.3992039
6032,-3.9177074
6033,-1.9597496
6034,-0.24979585
6035,-1.2420359
6036,-0.341797
6037,-0.07449524
6038,-0.49076417
6039,-4.6282783
6040,-0.17921889
6041,-0.116550714
6042,-0.12210075
6043,-1.1702703
6044,-0.061355688
6045,-0.024338728
6046,-0.4098831
6047,-1.2819451
6048,-0.057844467
6049,0.0064719194
6050,-0.033755273
6051,-1.4485847
6052,-0.31421915
6053,0.23959127
6054,0.21028242
6055,0.50030047
6056,0.40900955
6057,0.122118995
6058,-1.1267158
6059,0.26848218
6060,-1.1213907
6061,0.29145274
6062,0.40788463
6063,-1.085419
6064,0.32032695
6065,-1.4360584
6066,0.32032695
6067,-1.5234214
6068,0.38415062
6069,-1.0947117
6070,0.2838503
6071,-1.9842058
6072,0.41845044
6073,0.4005431
6074,-1.1036488
6075,0.30980876
6076,-1.3879356
6077,0.36207792
6078,0.58451635
6079,0.76966393
6080,0.23538667
6081,-1.2590998
6082,-0.0005930313
6083,0.77673554
6084,-0.7551113
6085,-0.7512935
6086,0.34026483
6087,0.5814775
6088,0.43127656
6089,-1.1490723
6090,0.18139735
6091,0.7450657
6092,0.15755488
6093,-0.49166378
6094,-0.56439894
6095,-0.88485175
6096,0.35364348
6097,-1.0590094
6098,2.6432707
6099,-1.181781
6100,-0.25830027
6101,-0.5324705
6102,2.7511575
6103,-1.4074231
6104,-0.13936639
6105,-0.45015275
6106,2.519236
6107,-1.6312011
6108,-0.23247866
6109,-1.986871
6110,2.6233368
6111,-1.2101634
6112,-0.1327423
6113,-1.3724151
6114,2.4530504
6115,-1.5116096
6116,0.038294416
6117,-1.7281058
6118,2.737648
6119,-0.48307908
6120,-1.3088349
6121,2.550763
6122,-1.3113948
6123,-0.03525323
6124,1.391039
6125,-0.20653602
6126,-2.359273
6127,2.4793098
6128,-1.5116096
6129,-0.19026108
6130,-1.5349183
6131,2.5054598
6132,-1.1321331
6133,-1.482551
6134,-1.3435966
6135,2.5225494
6136,-1.1777276
6137,-1.6451128
6138,-0.2631013
6139,-0.58619314
6140,-1.1500062
6141,-0.4836679
6142,0.4425596
6143,0.046127837
6144,-0.5641389
6145,0.27116913
6146,-0.7815204
6147,-0.3552875
6148,-0.89042807
6149,0.37899804
6150,-1.839498
6151,-0.8396608
6152,-0.40395537
6153,0.87974656
6154,-0.09069527
6155,-0.46794826
6156,-0.36495942
6157,-0.07693972
6158,-0.86179894
6159,-1.2836993
6160,-1.0744305
6161,0.78337276
6162,-1.3491609
6163,-1.3556439
6164,-1.3697143
6165,0.28561231
6166,-1.6892533
6167,-0.029104032
6168,-1.0011579
6169,0.35379305
6170,-1.4670111
6171,-0.83664364
6172,-1.770076
6173,0.3823238
6174,0.46723974
6175,-0.09308761
6176,-1.4680529
6177,-0.5358587
6178,-0.32841998
6179,-0.61905
6180,1.4054259
6181,0.51477134
6182,-0.6157543
6183,0.5144905
6184,0.44383147
6185,-0.5614731
6186,0.5485192
6187,0.25857684
6188,-0.45196894
6189,0.5851455
6190,0.4220618
6191,0.04142601
6192,1.0642185
6193,-1.0123608
6194,0.043604895
6195,0.041510023
6196,0.8227309
6197,-0.33280522
6198,-0.4030781
6199,-1.515265
6200,0.5278226
6201,-0.17815016
6202,-0.20051713
6203,-2.0553303
6204,-1.1109194
6205,0.65183175
6206,-0.14714862
6207,-1.3723493
6208,0.5926405
6209,-2.1691298
6210,-1.3397422
6211,0.6109738
6212,-0.14125131
6213,-1.4451588
6214,-0.34924048
6215,0.628348
6216,-0.4898327
6217,-0.49007893
6218,0.23509564
6219,-0.4527172
6220,-0.34377006
6221,0.050999437
6222,-0.08267289
6223,-0.25902703
6224,0.17116241
6225,-0.0924431
6226,-0.3581383
6227,-0.30973208
6228,-0.04105194
6229,0.02030221
6230,0.16533445
6231,-0.073993154
6232,-0.31736398
6233,0.018424915
6234,-0.119226746
6235,-0.24718025
6236,0.23997726
6237,-0.23706704
6238,-0.24425775
6239,-0.29736388
6240,-0.16143027
6241,-0.93321
6242,0.1816272
6243,-1.1927373
6244,-0.2368662
6245,0.18946527
6246,-1.284569
6247,-0.36106148
6248,-0.62336993
6249,-1.0736239
6250,-1.0375441
6251,-0.44008037
6252,-0.24903966
6253,-0.34500942
6254,-0.13703914
6255,-0.29078197
6256,-0.07375023
6257,-0.34500942
6258,-0.28001148
6259,0.09449702
6260,0.09057625
6261,-0.000708911
6262,-0.033852797
6263,-0.21624318
6264,0.118703514
6265,0.07782876
6266,0.2890629
6267,-1.4305841
6268,-0.22506958
6269,0.20067334
6270,-0.9318549
6271,0.1987218
6272,0.17102304
6273,-2.4080732
6274,-0.26558197
6275,-0.29649678
6276,-0.8413786
6277,-0.2446585
6278,0.18946527
6279,-1.2045321
6280,-0.38100785
6281,-0.40074238
6282,-0.5500162
6283,-0.09371676
6284,-0.3125052
6285,-1.234703
6286,-1.0997819
6287,0.9987064
6288,0.41121122
6289,0.24835932
6290,-0.06867036
6291,0.41494104
6292,-0.30009937
6293,0.02152377
6294,0.59391034
6295,-0.121158294
6296,0.63979757
6297,-0.5628314
6298,-0.36216798
6299,-0.6826021
6300,-0.025229862
6301,-2.4173036
6302,-0.5504632
6303,-0.19454102
6304,-0.054341946
6305,-0.917277
6306,-0.66530335
6307,-0.46551615
6308,0.203307
6309,-0.010237831
6310,-1.1200325
6311,-0.24531434
6312,-0.6497489
6313,-0.66581094
6314,-0.42672688
6315,-0.06900632
6316,-0.5604939
6317,-0.4633308
6318,-0.018427882
6319,-0.06900632
6320,-0.59057456
6321,-0.4105159
6322,-0.30658254
6323,0.1628478
6324,-0.6313728
6325,-0.49515447
6326,-0.6826021
6327,-0.27568597
6328,-0.59057456
6329,-0.45271802
6330,-0.5214644
6331,0.11428709
6332,-0.25902703
6333,-0.28426296
6334,-0.23949753
6335,-0.3289905
6336,-0.2413761
6337,0.1682389
6338,-0.21302208
6339,-0.08813236
6340,-0.30989805
6341,0.20819418
6342,-0.1662139
6343,-0.23309492
6344,-0.32617894
6345,0.23320274
6346,-1.5105846
6347,-1.5228795
6348,-0.52031267
6349,-0.6724206
6350,-0.6899872
6351,0.09533759
6352,-0.6497489
6353,-0.4105159
6354,-0.37633207
6355,0.069178514
6356,-0.5604939
6357,-1.1401432
6358,-0.38487783
6359,0.23014091
6360,-0.6069812
6361,-0.3182933
6362,-0.47122088
6363,0.31340736
6364,-0.5615918
6365,-0.62062025
6366,-0.66503626
6367,-0.0078516845
6368,-0.7934991
6369,-0.64701504
6370,-0.43275478
6371,0.069178514
6372,-0.46423355
6373,0.27566224
6374,0.26260084
6375,0.06778089
6376,-0.040137004
6377,-0.17270343
6378,-0.26805636
6379,0.12349052
6380,-0.16903804
6381,0.1682389
6382,-0.56962514
6383,0.33480766
6384,-0.3042795
6385,0.19040768
6386,-0.9527519
6387,0.0056402176
6388,-1.2656542
6389,-0.07237674
6390,-1.2481033
6391,0.24398716
6392,-0.96814924
6393,-0.0015502208
6394,-1.5130309
6395,-0.054657504
6396,-1.7897531
6397,-0.0015502208
6398,-1.3569224
6399,-0.21389407
6400,-0.7934991
6401,-0.45271802
6402,-0.59068567
6403,-0.61717176
6404,-0.7295471
6405,0.24051073
6406,-0.3884948
6407,-0.7329026
6408,0.17413619
6409,-0.7934991
6410,-0.45271802
6411,-2.1251426
6412,-0.22151583
6413,-0.62877494
6414,-0.3981318
6415,-0.60013986
6416,-0.67781156
6417,1.0703259
6418,-1.4962609
6419,-0.14827819
6420,-0.8046368
6421,0.17848873
6422,-1.1994137
6423,-0.62389404
6424,-1.1089617
6425,0.18735504
6426,-1.197993
6427,-1.3432536
6428,-1.1737691
6429,0.035683215
6430,-1.3454562
6431,-0.8309389
6432,-0.9313899
6433,-0.12860666
6434,-1.3115071
6435,-0.90843993
6436,-1.6021804
6437,0.035683215
6438,-1.3115071
6439,-1.0858437
6440,-1.3248934
6441,0.035683215
6442,-1.2172806
6443,-0.7685553
6444,-1.6972301
6445,0.035683215
6446,-1.5433604
6447,-0.7685553
6448,-1.2752573
6449,0.062102072
6450,-1.0779063
6451,-0.9648402
6452,-1.3115071
6453,-1.1516808
6454,-1.2541181
6455,-0.3780855
6456,-1.2771269
6457,-0.93769664
6458,-1.2199312
6459,-0.42401442
6460,-3.3475611
6461,-1.2620881
6462,-1.6192667
6463,-1.4356102
6464,-2.9779575
6465,-1.5623345
6466,0.33679697
6467,-1.2999507
6468,-2.3717947
6469,-1.3848076
6470,-3.008123
6471,0.7066739
6472,-1.1218295
6473,-0.770281
6474,-1.3585217
6475,-0.8373851
6476,-1.7434471
6477,-1.8723273
6478,1.0407457
6479,-0.23448949
6480,-0.5699919
6481,-0.17971852
6482,-0.7216392
6483,-0.52299917
6484,-1.2360506
6485,-1.0398748
6486,-1.2879951
6487,-0.8381929
6488,-0.16270672
6489,-0.62465996
6490,-0.6274556
6491,-0.016150117
6492,-1.197993
6493,-0.25902703
6494,0.018424915
6495,-0.10526145
6496,0.31789616
6497,-0.34377006
6498,0.040237825
6499,-0.11090445
6500,-0.38541698
6501,-0.25902703
6502,0.018424915
6503,-0.24720438
6504,0.119995676
6505,-0.25902703
6506,-0.56081086
6507,-0.20658518
6508,-0.05586263
6509,-0.24718025
6510,0.19040768
6511,-0.24720438
6512,-0.090531
6513,-0.3042795
6514,0.018424915
6515,-0.08267289
6516,-0.054888427
6517,-0.25902703
6518,0.19040768
6519,-0.11090445
6520,0.1698399
6521,-0.24718025
6522,0.018424915
6523,-0.1981004
6524,-0.058747906
6525,-0.15916967
6526,0.018424915
6527,-0.15970142
6528,-0.05586263
6529,-0.16479097
6530,0.084385835
6531,-0.20782767
6532,0.00088321033
6533,0.23320274
6534,-0.24827848
6535,-0.054888427
6536,-0.20381655
6537,0.23320274
6538,-0.0749943
6539,-0.78135115
6540,-0.17179638
6541,-2.5513191
6542,-0.08374309
6543,-0.05586263
6544,-0.41879335
6545,0.1682389
6546,-1.1515083
6547,-0.10167184
6548,-0.36415958
6549,0.114566155
6550,-1.237156
6551,-0.13685338
6552,0.018424915
6553,-0.058799606
6554,-0.22624198
6555,0.17116241
6556,-0.37200075
6557,0.017783625
6558,-0.2739865
6559,0.17116241
6560,-0.40970743
6561,-0.15528668
6562,-0.3262957
6563,0.119470604
6564,0.041860342
6565,0.14526683
6566,-0.34377006
6567,0.1682389
6568,-0.08324599
6569,-0.075069614
6570,-0.0033423065
6571,-2.052769
6572,0.23984526
6573,0.06267141
6574,-1.648105
6575,1.9439998
6576,0.004020213
6577,-1.4098523
6578,1.3655014
6579,-0.069833525
6580,-1.1276041
6581,1.9078678
6582,0.004020213
6583,-1.0584567
6584,1.2095709
6585,0.004020213
6586,-1.0584567
6587,0.97874945
6588,0.05925622
6589,-1.2985585
6590,0.8536103
6591,-0.07490506
6592,-1.5350822
6593,1.582844
6594,0.09193878
6595,-1.2985585
6596,1.2217505
6597,-0.06311782
6598,-1.4263213
6599,0.9323646
6600,-0.035105094
6601,-1.6230856
6602,0.6929622
6603,-0.023404099
6604,-0.05414951
6605,-1.8866327
6606,0.8226623
6607,-0.07118652
6608,-0.028463937
6609,-0.9838384
6610,0.8274599
6611,0.1192449
6612,-0.07627915
6613,-0.9936939
6614,1.0133027
6615,0.16994329
6616,0.27128226
6617,-1.6241505
6618,0.54591376
6619,-0.045108143
6620,-0.05602364
6621,-1.1292078
6622,0.35537124
6623,0.079504475
6624,-0.05602364
6625,-0.79306144
6626,0.39545485
6627,0.10567738
6628,-0.5698381
6629,-1.2971622
6630,0.58020854
6631,0.26526737
6632,-1.6291436
6633,-0.30468765
6634,1.1969726
6635,0.09889795
6636,-0.058928
6637,-1.0576789
6638,1.6318957
6639,0.17585458
6640,0.10582618
6641,-1.7608652
6642,1.7667812
6643,0.16933694
6644,-1.3512268
6645,1.6329848
6646,0.23852357
6647,-1.0515276
6648,2.231916
6649,-0.018420037
6650,-1.2430828
6651,1.7218401
6652,-0.054844618
6653,-1.4690385
6654,1.4248145
6655,-1.1490715
6656,-0.26869687
6657,-0.31535602
6658,-3.2630076
6659,-1.840026
6660,0.29172984
6661,-2.1539989
6662,-0.17390168
6663,0.8620304
6664,-1.6661074
6665,-5.336551
6666,-1.0978961
6667,0.41104293
6668,-1.1054276
6669,-5.4772725
6670,-0.5468549
6671,-0.539522
6672,-0.52843547
6673,-2.5264654
6674,0.37760237
6675,0.38420138
6676,1.598186
6677,0.71593785
6678,-0.5762662
6679,0.39627376
6680,-1.1822743
6681,2.221323
6682,0.6599433
6683,0.42848423
6684,-1.0072757
6685,2.0588417
6686,0.50059867
6687,0.045123987
6688,-1.8380734
6689,2.1468632
6690,0.569494
6691,0.37732995
6692,-1.6118737
6693,2.33375
6694,0.06376535
6695,0.3811696
6696,-1.7303373
6697,2.2896996
6698,0.58536303
6699,0.3811696
6700,-1.4457902
6701,2.3279524
6702,0.5106636
6703,0.49662873
6704,-1.6432079
6705,2.3115697
6706,0.5902884
6707,0.6177107
6708,-0.27061522
6709,0.74879044
6710,-1.4537055
6711,2.0646935
6712,0.3056845
6713,-0.5508749
6714,-1.3384156
6715,2.0409076
6716,-0.506537
6717,0.46709228
6718,-0.8971428
6719,2.1583037
6720,0.6961772
6721,0.55629116
6722,-1.0686507
6723,2.5216591
6724,0.5182138
6725,0.5672981
6726,-1.5771325
6727,2.4094062
6728,-0.56556374
6729,0.41551793
6730,-1.3582597
6731,2.389946
6732,0.3773853
6733,-1.6818222
6734,-0.035152063
6735,-0.011439974
6736,0.25772324
6737,-1.32309
6738,2.1316352
6739,-0.43629178
6740,0.3811696
6741,-1.4492443
6742,2.370028
6743,0.51282406
6744,0.06401354
6745,-1.6182406
6746,2.276405
6747,0.58536303
6748,-0.05414951
6749,-0.8538637
6750,1.9721043
6751,0.5841254
6752,0.1913667
6753,-4.323816
6754,2.2293074
6755,0.53793347
6756,0.5782793
6757,-1.8380734
6758,2.265159
6759,0.658797
6760,0.37860835
6761,0.05391993
6762,0.6695531
6763,0.1663163
6764,0.53979397
6765,0.444096
6766,-0.15466243
6767,0.23148794
6768,-0.16893147
6769,0.12674478
6770,-0.51738113
6771,0.49989465
6772,0.29383558
6773,0.7083944
6774,0.42614955
6775,-0.48722884
6776,0.9868046
6777,1.1129684
6778,0.12280231
6779,-0.5899293
6780,0.3200947
6781,0.573468
6782,0.52485114
6783,-0.47064883
6784,1.1143247
6785,0.7626521
6786,0.27694222
6787,-0.54693055
6788,0.15170553
6789,0.65778667
6790,0.1871861
6791,-0.5097786
6792,-0.359824
6793,0.72971064
6794,0.43031248
6795,-0.7213808
6796,0.23601049
6797,0.7083944
6798,0.1871861
6799,-0.40899637
6800,0.70408833
6801,0.52381015
6802,0.29774022
6803,-0.5921706
6804,0.37373194
6805,0.7083944
6806,0.69892204
6807,-2.2148633
6808,0.49290138
6809,1.3394088
6810,-0.4903843
6811,0.76450914
6812,0.58714175
6813,-0.7857269
6814,-0.63561
6815,1.216066
6816,-1.226524
6817,0.81345594
6818,0.9172529
6819,0.20255274
6820,-0.44728884
6821,0.6422655
6822,-1.5738506
6823,0.4558571
6824,-1.2653141
6825,0.29418328
6826,1.506051
6827,0.5341535
6828,-0.44914082
6829,-0.18282367
6830,0.60851383
6831,-0.7274452
6832,0.49290138
6833,1.0441155
6834,0.41770226
6835,-0.44965118
6836,0.3841678
6837,0.53607446
6838,0.09350514
6839,-1.0863154
6840,0.20145959
6841,1.0050192
6842,0.4558571
6843,-0.7716718
6844,-0.30714193
6845,-2.0320077
6846,2.6233368
6847,-1.5590606
6848,-0.18813437
6849,-1.519617
6850,2.4601238
6851,0.58960384
6852,-0.22020319
6853,-1.1081879
6854,2.486008
6855,-0.30210078
6856,-1.3518475
6857,2.5600877
6858,-1.4586337
6859,-0.3471102
6860,-1.5349183
6861,2.5672407
6862,-1.410587
6863,-1.0997303
6864,2.5467806
6865,-1.6059375
6866,-0.71491575
6867,2.470314
6868,-1.2976052
6869,0.008522138
6870,-1.3555682
6871,0.0910964
6872,-0.5467454
6873,2.5590625
6874,-1.2093599
6875,-0.49771595
6876,-1.5033491
6877,2.7645316
6878,-1.4074231
6879,-0.1762488
6880,-1.4010025
6881,2.486008
6882,-1.6977241
6883,-0.4211809
6884,-1.8178457
6885,2.49956
6886,-2.235081
6887,-0.25819388
6888,0.2137903
6889,2.6233368
6890,-1.2810113
6891,-0.14136735
6892,-1.3210969
6893,2.1995
6894,-1.4563371
6895,-1.5272335
6896,-0.38368103
6897,2.592513
6898,-1.4527981
6899,0.17942715
6900,-1.242094
6901,2.5672407
6902,-1.5389291
6903,-0.6529453
6904,-0.54626536
6905,2.444091
6906,-1.2276429
6907,-0.11975294
6908,-0.39110398
6909,2.099629
6910,-1.6840444
6911,0.4453791
6912,0.3688462
6913,0.71708196
6914,-0.3293847
6915,0.39844993
6916,0.33900687
6917,-0.43942848
6918,0.41515216
6919,0.42268154
6920,-0.5756294
6921,0.41125485
6922,0.5952947
6923,-0.6331127
6924,0.25575322
6925,0.23538667
6926,-0.07269635
6927,0.62224376
6928,0.24775037
6929,-0.6101815
6930,0.5042352
6931,0.15755488
6932,-1.4801122
6933,0.5142041
6934,-0.07665059
6935,-0.729526
6936,0.5851455
6937,0.48670745
6938,-2.0350595
6939,-0.2639537
6940,-0.29514053
6941,-0.19869778
6942,-0.7246944
6943,-0.6685823
6944,-0.37564048
6945,-1.0493472
6946,-0.55439645
6947,-0.09004541
6948,-0.55153185
6949,-0.60312325
6950,0.020047912
6951,-0.35582232
6952,-0.37668392
6953,-0.40633607
6954,-0.20417294
6955,-0.8090911
6956,-0.76103586
6957,-0.65161973
6958,-0.5779418
6959,-0.43316364
6960,-0.2620917
6961,-0.3888055
6962,-1.1393516
6963,-4.412404
6964,-0.36421457
6965,-0.4249261
6966,-1.7004299
6967,-0.5405294
6968,-0.9180184
6969,-0.71026397
6970,-0.5092608
6971,-0.68810064
6972,0.27615413
6973,-0.9435401
6974,-0.23969968
6975,-0.5186108
6976,-0.63318574
6977,-0.29714304
6978,-0.9317033
6979,-0.5923757
6980,-0.28910923
6981,-3.0026224
6982,-0.7229359
6983,-0.29257438
6984,-0.15413362
6985,-4.644277
6986,-0.2777952
6987,-0.28022072
6988,-1.0943078
6989,-0.44735894
6990,-0.3584705
6991,-1.3067216
6992,-0.8692861
6993,-0.52084005
6994,-0.015064155
6995,-0.9400038
6996,-0.60033816
6997,-0.29378727
6998,-0.5509389
6999,-0.52741814
7000,0.034293856
7001,0.09964463
7002,0.33466926
7003,-0.33715895
7004,0.36250645
7005,0.11605157
7006,0.20397161
7007,-0.18185154
7008,-0.32990658
7009,0.21817173
7010,0.086552076
7011,-1.3770207
7012,0.27075022
7013,-0.72264946
7014,0.29839444
7015,0.026626214
7016,0.8648026
7017,-1.1406673
7018,0.1422405
7019,-0.7934991
7020,-0.52585566
7021,-0.55354196
7022,-0.0912701
7023,-2.4173036
7024,-0.1607603
7025,-0.5650962
7026,-0.06900632
7027,-0.6842079
7028,-0.45271802
7029,-0.4331952
7030,-0.13119406
7031,-0.7021522
7032,-0.85744184
7033,-1.8738569
7034,0.27699158
7035,-0.7021522
7036,-1.1342318
7037,-0.4651485
7038,-0.3862989
7039,-0.41213605
7040,-0.5228514
7041,-0.6806115
7042,-0.33786684
7043,-0.46804878
7044,-0.1607603
7045,-0.38750115
7046,0.06874342
7047,-0.7934991
7048,-0.57277876
7049,-0.43710965
7050,-0.6461964
7051,-0.58743703
7052,-0.43901473
7053,-0.5147592
7054,-0.0078516845
7055,-0.084663406
7056,-1.4345903
7057,-0.16329715
7058,-1.2464474
7059,0.039876822
7060,-1.1994137
7061,-0.4154022
7062,-0.46272618
7063,-1.1653816
7064,-1.52622
7065,-1.2303537
7066,-1.3115071
7067,-0.3216485
7068,-1.3702329
7069,-1.5415713
7070,-1.536951
7071,-1.2039149
7072,-1.2620881
7073,-2.8375149
7074,-1.1732342
7075,0.49506444
7076,-2.5767088
7077,-1.6236742
7078,-1.1105353
7079,0.51252836
7080,-1.7965994
7081,-1.0716895
7082,-1.1184951
7083,0.26734722
7084,-1.6888655
7085,-1.6168562
7086,-1.3155016
7087,0.62237364
7088,-1.4442222
7089,-0.69483936
7090,-1.1138215
7091,0.70102745
7092,-1.4209846
7093,-0.48850787
7094,-0.90450233
7095,-0.5523714
7096,-0.98552513
7097,-0.6031767
7098,-1.223779
7099,0.5264932
7100,0.017783625
7101,0.19040768
7102,-0.20782767
7103,-0.6313728
7104,-0.5750269
7105,-0.2732244
7106,-0.043457862
7107,-0.50932354
7108,-0.62877494
7109,-0.56148404
7110,-0.13229446
7111,-0.62059736
7112,-0.5810066
7113,0.0069763525
7114,0.069178514
7115,-0.5322199
7116,-0.9158211
7117,-1.3169404
7118,0.0028374672
7119,-0.3557014
7120,0.07403894
7121,-0.084050834
7122,0.20188743
7123,-0.44890323
7124,0.17629743
7125,0.08516066
7126,0.3023821
7127,-0.25902703
7128,-1.4360322
7129,-0.20285004
7130,0.124486186
7131,-0.2413761
7132,0.17116241
7133,-0.04647385
7134,0.32035533
7135,-0.3748451
7136,0.010122871
7137,0.40093967
7138,0.14707784
7139,0.045123987
7140,-1.5865344
7141,0.23852357
7142,-1.5521255
7143,0.54293734
7144,0.019214112
7145,-1.0593796
7146,1.4950788
7147,0.19629641
7148,-1.2635528
7149,0.8159625
7150,0.150124
7151,-1.8992085
7152,1.5598177
7153,-0.039454103
7154,-1.6464263
7155,2.1187398
7156,0.19629641
7157,-1.2206978
7158,1.7422358
7159,0.019214112
7160,-1.6746017
7161,1.1360211
7162,-0.28326243
7163,-2.158867
7164,1.3667068
7165,-0.07627915
7166,-1.4002224
7167,1.7453431
7168,0.5775642
7169,-1.4690726
7170,1.1003524
7171,0.40563077
7172,-1.963623
7173,1.9513688
7174,-0.05602364
7175,-3.0072827
7176,1.7708141
7177,0.6917389
7178,-1.6608108
7179,0.98102593
7180,-0.004258438
7181,-1.458365
7182,1.0580815
7183,-1.2172806
7184,-0.67228967
7185,-1.2850012
7186,-1.8409884
7187,-0.37493375
7188,-0.42290297
7189,0.08466477
7190,-0.10885772
7191,-0.14385165
7192,-1.0848092
7193,0.22970505
7194,0.000778825
7195,0.10924856
7196,2.265159
7197,0.44355327
7198,0.37356266
7199,-1.5758554
7200,2.0255706
7201,-0.08119979
7202,0.8111998
7203,-1.5200217
7204,2.4105844
7205,0.35230723
7206,0.52321976
7207,-1.3053992
7208,2.2622967
7209,0.43985954
7210,0.43923616
7211,-0.9778984
7212,2.4208832
7213,0.45202166
7214,0.42592818
7215,-1.5619717
7216,2.0911827
7217,0.50305074
7218,0.27514493
7219,-1.2764736
7220,2.4093125
7221,0.63164663
7222,0.48481315
7223,-1.3105745
7224,1.9711732
7225,0.569494
7226,0.2514508
7227,-1.3595268
7228,0.037021283
7229,-0.7685964
7230,0.33335695
7231,-0.9107684
7232,0.09167305
7233,-0.8573512
7234,0.18164973
7235,-2.0150175
7236,-0.06430007
7237,-0.043429654
7238,-0.16620314
7239,-1.6136689
7240,-0.06430007
7241,-0.78898036
7242,-0.2609449
7243,-1.481736
7244,-0.34580836
7245,-0.0424313
7246,-0.16150664
7247,-1.6718583
7248,-0.8553261
7249,-0.09531504
7250,-0.247996
7251,0.5691825
7252,0.5844033
7253,0.28287494
7254,0.27052775
7255,-0.93178934
7256,0.22585356
7257,-1.1593559
7258,0.27052775
7259,0.24753378
7260,-0.45872733
7261,-1.775663
7262,0.08317318
7263,-2.505056
7264,0.4978557
7265,-1.5906166
7266,-0.4739588
7267,-1.0558631
7268,-0.025326312
7269,-1.7749755
7270,0.43877074
7271,-0.99835545
7272,0.28402716
7273,0.717034
7274,0.80046594
7275,-0.26825443
7276,-0.70565236
7277,0.3835604
7278,0.3950859
7279,0.4558571
7280,-0.32773298
7281,0.62495965
7282,0.7926737
7283,0.93746865
7284,0.44798377
7285,-0.45330763
7286,-0.4152318
7287,-0.42131042
7288,-0.13999231
7289,-1.3518475
7290,1.9246949
7291,-1.6483412
7292,-0.18445654
7293,-0.70227784
7294,2.5672407
7295,-1.9361993
7296,-0.29216042
7297,-1.4522752
7298,2.5473115
7299,-1.8640438
7300,0.08821605
7301,-0.9650393
7302,2.486008
7303,-1.6977241
7304,-0.52283454
7305,-1.0147038
7306,2.4771614
7307,-2.3880014
7308,-0.16386427
7309,-0.8172263
7310,2.7645316
7311,-2.0098565
7312,-0.36558437
7313,2.480123
7314,-1.3364768
7315,-0.18445654
7316,-0.55297285
7317,2.682604
7318,-3.7137814
7319,-0.29300022
7320,-1.2772523
7321,2.4601238
7322,0.2226053
7323,0.2827946
7324,-1.045233
7325,2.5956907
7326,-1.8330313
7327,-0.26915738
7328,-1.1617334
7329,2.5227318
7330,-1.4550018
7331,-0.3623484
7332,-1.262192
7333,2.3816085
7334,-1.1405349
7335,0.47576898
7336,-0.4325687
7337,-0.36794654
7338,-0.5942102
7339,-0.4836679
7340,-0.32308307
7341,-0.9189165
7342,-0.20275967
7343,-1.9238174
7344,0.37899804
7345,-1.1003329
7346,-0.48454854
7347,-0.91213983
7348,0.10627174
7349,-0.5310677
7350,-0.6807302
7351,-0.55180806
7352,0.21242884
7353,-0.5685829
7354,-0.23652512
7355,-2.4329536
7356,-0.35691214
7357,-3.2758288
7358,-0.4112319
7359,-1.0744023
7360,0.5126661
7361,-1.5161953
7362,-8.232941
7363,-2.0522556
7364,0.36965042
7365,-2.656762
7366,-0.3356873
7367,0.71035796
7368,-2.527419
7369,0.0122781955
7370,-1.142916
7371,0.48954308
7372,0.24948867
7373,-1.3716408
7374,-0.3877667
7375,-0.9498756
7376,-0.4175849
7377,0.11756766
7378,0.10800589
7379,-0.78625613
7380,0.25575322
7381,0.4220618
7382,-0.07455591
7383,0.69665956
7384,0.30034748
7385,1.2238098
7386,0.8746071
7387,0.33900687
7388,-0.10813794
7389,0.3771972
7390,0.89331836
7391,-0.1770518
7392,-0.021083001
7393,0.2173692
7394,0.8614058
7395,-1.0591444
7396,-1.0341983
7397,-0.78408813
7398,0.24648362
7399,-0.835055
7400,-0.92436194
7401,-0.55724
7402,-1.3171751
7403,1.1042522
7404,-0.8085711
7405,-0.26860422
7406,-0.76061666
7407,1.1609453
7408,-0.33744532
7409,0.90055585
7410,0.55343693
7411,-0.5752049
7412,0.030050786
7413,-0.19905353
7414,-0.29968107
7415,0.010122871
7416,-0.007046035
7417,-0.25902703
7418,0.17646866
7419,-0.08374309
7420,-0.32617894
7421,-0.095076956
7422,-0.9195652
7423,-0.23855752
7424,-0.023021104
7425,-0.21094908
7426,-0.30247298
7427,0.050999437
7428,-0.19905353
7429,-0.32617894
7430,-0.060953327
7431,-0.3131979
7432,1.30615
7433,-0.16104147
7434,-0.50945926
7435,-1.4725732
7436,-0.15935582
7437,0.06948132
7438,-2.5305145
7439,-0.27379924
7440,0.17102304
7441,-1.0068617
7442,0.123140946
7443,-0.45192626
7444,-0.39376843
7445,-0.28001148
7446,-1.0375441
7447,-0.043114595
7448,-0.18398252
7449,-0.07375023
7450,0.6178022
7451,0.18946527
7452,-1.3212528
7453,-0.30016512
7454,0.06948132
7455,-1.2045321
7456,-0.16143027
7457,0.11431523
7458,-1.22961
7459,0.080306016
7460,0.38334137
7461,-1.5085528
7462,-0.1638532
7463,0.07714034
7464,-1.1504982
7465,0.05372744
7466,0.22438377
7467,-1.3212528
7468,-0.30009937
7469,-0.22713394
7470,-0.18819131
7471,-0.102784716
7472,0.6826587
7473,-0.17670387
7474,0.36823478
7475,-0.27379924
7476,0.034632273
7477,0.804832
7478,0.09473675
7479,0.47176018
7480,-0.6497489
7481,-0.4105159
7482,-0.12587054
7483,0.08385584
7484,-0.59057456
7485,-0.5228514
7486,-0.3458454
7487,0.11428709
7488,-0.5604939
7489,-0.4633308
7490,-0.20829399
7491,-0.45115903
7492,-0.3927463
7493,-0.34011576
7494,-0.5650962
7495,0.18099047
7496,-0.43128523
7497,-0.7712074
7498,-0.18634893
7499,-0.35584828
7500,-0.62059736
7501,-0.39482316
7502,-0.30658254
7503,-0.0016677153
7504,-0.7934991
7505,-0.5259856
7506,-0.5303819
7507,-0.064388156
7508,-0.36898425
7509,-0.45271802
7510,-0.6826021
7511,0.08390593
7512,-0.01858141
7513,0.8612613
7514,-0.16706224
7515,-0.049633734
7516,-0.27991268
7517,0.22890048
7518,-0.52906984
7519,-1.8208066
7520,-0.25902703
7521,-0.017417587
7522,-0.08259895
7523,-1.6058065
7524,-0.3748451
7525,0.1682389
7526,-0.42802283
7527,0.007873299
7528,-0.6313728
7529,-0.4105159
7530,-0.18017627
7531,-0.7934991
7532,-0.45271802
7533,-0.5650962
7534,0.094457135
7535,-2.4173036
7536,-0.5504632
7537,-0.30658254
7538,-0.13495374
7539,-0.43902975
7540,-0.45016533
7541,-0.41847765
7542,-0.054341946
7543,-0.63697517
7544,0.08697536
7545,-0.7974764
7546,-0.13564676
7547,-0.7934991
7548,-0.41152227
7549,-0.23065187
7550,-0.6538003
7551,-0.17416406
7552,0.084385835
7553,-0.21280792
7554,-0.5604939
7555,0.020054732
7556,0.17646866
7557,-0.5604939
7558,0.23152938
7559,-1.5751811
7560,-0.049193017
7561,-1.5314407
7562,0.11473476
7563,-1.3569224
7564,-0.0864787
7565,-1.3519261
7566,0.06401354
7567,-1.9767193
7568,-0.13484783
7569,-1.1612916
7570,-0.18127528
7571,-0.3635183
7572,-0.45016533
7573,0.64181453
7574,-0.60013986
7575,-1.4747473
7576,-0.901025
7577,-0.27796718
7578,-0.84246707
7579,0.58430326
7580,-0.7934991
7581,-0.72402215
7582,-0.41397685
7583,-1.2837287
7584,-1.6736073
7585,-1.1131763
7586,0.2657811
7587,-1.4442222
7588,-0.770281
7589,-1.2102982
7590,0.29176784
7591,-1.2360506
7592,-0.95673126
7593,-1.3938214
7594,0.22786726
7595,-1.4718007
7596,-0.5735256
7597,-1.0444095
7598,0.28016204
7599,-1.1265509
7600,-0.9114382
7601,-1.1323223
7602,0.1364414
7603,-1.3386077
7604,-0.6213302
7605,-0.5714838
7606,0.035683215
7607,-1.2541181
7608,-0.69483936
7609,-1.110959
7610,-0.1896925
7611,-1.3617834
7612,-0.6203339
7613,-1.3803797
7614,-0.7685553
7615,-2.8949287
7616,-0.4880979
7617,0.4564536
7618,-1.3386077
7619,-1.5966796
7620,-1.3848076
7621,-0.45832676
7622,-1.1994137
7623,-0.770281
7624,-1.5373626
7625,-0.9777167
7626,-1.2867304
7627,-0.97242814
7628,-1.3058636
7629,-0.8373851
7630,-1.2384316
7631,-0.5735256
7632,-1.1821659
7633,-5.8782735
7634,-1.7365812
7635,-0.7743089
7636,-1.1298219
7637,-1.1408217
7638,-1.3115071
7639,-1.0423068
7640,-1.7260038
7641,-0.08309166
7642,-1.0221279
7643,-1.1072702
7644,-0.9705946
7645,0.12478456
7646,-0.0805605
7647,-0.31482226
7648,0.117286734
7649,-0.14956447
7650,0.12136292
7651,-0.35411575
7652,-0.010091609
7653,-0.04647385
7654,0.01433813
7655,-0.2958899
7656,0.114566155
7657,-0.11090445
7658,-0.09564005
7659,-0.17179638
7660,-0.124591544
7661,-0.42802283
7662,-0.31482226
7663,0.17116241
7664,-0.07583518
7665,-0.054888427
7666,-0.25902703
7667,0.046467625
7668,-0.11090445
7669,-0.090531
7670,-0.19387604
7671,0.018424915
7672,0.029759414
7673,-0.62866396
7674,-0.36658385
7675,0.117286734
7676,-0.08534193
7677,-0.13107358
7678,-0.24889292
7679,-0.3194021
7680,0.22282895
7681,-0.22848123
7682,-0.5552707
7683,-0.22984716
7684,0.19040768
7685,-0.15528668
7686,-0.16903804
7687,0.114566155
7688,-0.10526145
7689,0.007997079
7690,-0.36415958
7691,0.21371447
7692,-0.25024718
7693,-7.0782566
7694,-0.25902703
7695,0.1682389
7696,-0.13109735
7697,-0.90108114
7698,-0.23816898
7699,0.044553388
7700,-0.31149375
7701,-0.007952177
7702,-0.5312167
7703,0.1682389
7704,-0.20285004
7705,0.009181391
7706,-0.1593678
7707,0.117286734
7708,-0.007046035
7709,-0.17439163
7710,-0.5107527
7711,0.19040768
7712,-0.19678558
7713,-0.24732055
7714,-0.049193017
7715,-1.8706716
7716,2.1302476
7717,0.004020213
7718,-1.4263213
7719,1.7218401
7720,0.019214112
7721,-1.5785757
7722,1.6093327
7723,0.23591825
7724,-1.4833544
7725,1.3047545
7726,0.019214112
7727,-1.7302704
7728,1.2856907
7729,-0.0033423065
7730,-1.5834757
7731,1.2030228
7732,0.07882524
7733,-2.052769
7734,2.286872
7735,-0.084663406
7736,-1.5191495
7737,2.5939734
7738,0.00059282756
7739,-0.84604245
7740,0.33319068
7741,0.052878853
7742,-1.978037
7743,0.05975218
7744,0.48947078
7745,-1.6223621
7746,0.6955389
7747,0.2994194
7748,-0.0033423065
7749,-0.7738278
7750,0.8747483
7751,0.22992845
7752,-0.18397877
7753,-1.846037
7754,-0.37907454
7755,0.26148427
7756,0.150124
7757,-1.2462375
7758,1.3547243
7759,0.14474303
7760,-1.4529735
7761,1.7309138
7762,-0.09596701
7763,-2.4194758
7764,1.0027841
7765,-0.06000697
7766,-1.1997063
7767,0.9200922
7768,0.004020213
7769,-4.097536
7770,2.3403585
7771,-0.0033423065
7772,-1.3219683
7773,1.0027841
7774,0.8401749
7775,-0.50018096
7776,-0.22888811
7777,0.28833085
7778,-2.0078008
7779,0.64387035
7780,-2.2721317
7781,0.4113959
7782,-0.16984162
7783,0.36404428
7784,-0.322713
7785,0.8054119
7786,-0.27312556
7787,-0.102012955
7788,0.13821618
7789,0.547299
7790,0.94992787
7791,0.6582144
7792,0.5782793
7793,-1.8777134
7794,1.8539077
7795,0.67300636
7796,0.10924856
7797,-1.6255646
7798,2.1468632
7799,0.58536303
7800,0.03348627
7801,-1.4326181
7802,2.1444147
7803,0.58536303
7804,-0.07627915
7805,-1.5211483
7806,2.245371
7807,0.50305074
7808,0.42592818
7809,-1.6432079
7810,2.3115697
7811,0.6085328
7812,0.45791945
7813,-1.2872052
7814,1.9711732
7815,0.5841254
7816,0.45537764
7817,-1.4457902
7818,1.3130811
7819,0.58536303
7820,0.41002402
7821,-1.297939
7822,2.2628512
7823,0.5351704
7824,0.6514276
7825,-1.2518895
7826,1.9711732
7827,0.098774455
7828,0.33530995
7829,-1.0179915
7830,2.5145571
7831,0.60498357
7832,-0.34295118
7833,0.09264817
7834,-1.8407758
7835,-1.3257551
7836,-0.057844467
7837,-0.04168336
7838,0.525934
7839,-1.1192161
7840,2.303589
7841,0.35505366
7842,0.37732995
7843,-1.4576756
7844,2.4159546
7845,0.569494
7846,0.37356266
7847,-1.4417826
7848,2.2530046
7849,0.5027345
7850,-0.0033423065
7851,-1.4304333
7852,2.1296625
7853,0.5102287
7854,0.00059282756
7855,-1.3126445
7856,2.2123508
7857,0.53401417
7858,0.518231
7859,0.5340118
7860,0.51122063
7861,0.26366973
7862,-2.1686153
7863,0.14567126
7864,-0.877109
7865,0.6091036
7866,0.36016783
7867,0.5017077
7868,0.28287494
7869,-0.6685243
7870,0.961137
7871,0.6612874
7872,0.1871861
7873,-0.61868703
7874,0.8218008
7875,0.679177
7876,0.1871861
7877,-0.53281784
7878,0.4807132
7879,0.69768083
7880,0.4558571
7881,-0.7893575
7882,0.79883903
7883,0.826159
7884,0.50251293
7885,-0.79319566
7886,1.1480998
7887,0.91985154
7888,0.06874517
7889,0.89346737
7890,0.9917013
7891,-0.84856606
7892,0.2690247
7893,0.7769917
7894,-0.8002304
7895,0.3999324
7896,-0.22224782
7897,0.5595742
7898,0.10387962
7899,0.7272262
7900,0.9870002
7901,0.61008805
7902,-0.37428766
7903,0.18623674
7904,0.78124124
7905,0.42614955
7906,-0.2893627
7907,0.35198456
7908,0.79599655
7909,0.43031248
7910,-0.8889853
7911,1.1337832
7912,0.9291226
7913,0.23753506
7914,-0.35941145
7915,-0.006296235
7916,-1.3542293
7917,2.5187643
7918,-0.5602063
7919,-1.3257551
7920,-0.6888429
7921,0.071178764
7922,0.044155687
7923,-0.2343694
7924,-1.9268724
7925,2.4466329
7926,-1.8427216
7927,-0.22020319
7928,-0.44377226
7929,2.6457121
7930,-1.2235464
7931,-0.72351426
7932,-1.5110087
7933,2.4756181
7934,-1.7357533
7935,-0.25652754
7936,-1.2406434
7937,2.4292216
7938,-1.7661823
7939,-1.5527691
7940,-1.1130219
7941,-2.6852477
7942,-2.1066113
7943,2.5030432
7944,-2.1276531
7945,-0.34381297
7946,-0.60774887
7947,2.5956597
7948,-1.8751973
7949,-0.2491288
7950,-0.1339058
7951,-1.3944238
7952,-0.15488844
7953,-1.5797421
7954,2.5416186
7955,-1.1670421
7956,-0.03196016
7957,-1.1779921
7958,2.4756181
7959,-1.2815293
7960,0.8865822
7961,-0.40370095
7962,0.13750586
7963,-1.3021723
7964,2.4523995
7965,-1.8989552
7966,-0.64950913
7967,0.66362643
7968,0.28287494
7969,-0.54736936
7970,1.0920321
7971,0.28287494
7972,-0.55186373
7973,0.55031127
7974,0.15755488
7975,0.15785146
7976,0.6879001
7977,0.50251293
7978,-0.17986107
7979,0.65752643
7980,0.30002978
7981,-0.5563351
7982,0.6857622
7983,0.30002978
7984,0.104363196
7985,0.73846674
7986,0.3542578
7987,-0.90527207
7988,1.3000201
7989,0.39551237
7990,-0.5120244
7991,-0.5494563
7992,-0.78185445
7993,-0.5105911
7994,-0.7062066
7995,-0.41776255
7996,-0.52741814
7997,-0.41489413
7998,-0.0525188
7999,-1.3798358
8000,-0.7309348
8001,-0.6362861
8002,-0.401567
8003,-0.7229359
8004,-0.5913087
8005,-0.46788847
8006,-0.42215985
8007,-0.29648003
8008,-0.91988665
8009,-0.42215985
8010,-0.42550507
8011,0.1613673
8012,-1.2326211
8013,-0.29378727
8014,-0.001739646
8015,-0.85956526
8016,-0.43632436
8017,-0.32841998
8018,0.42323345
8019,-0.34058383
8020,-0.44483188
8021,-0.015873047
8022,-0.26046208
8023,-0.52677596
8024,-0.31867084
8025,-0.743685
8026,-2.1169016
8027,-0.29773724
8028,0.10717294
8029,0.32820114
8030,0.34247324
8031,0.2905382
8032,-0.15431537
8033,0.3437922
8034,0.354498
8035,0.17102304
8036,-1.1880077
8037,0.44393626
8038,-0.15788679
8039,0.25903967
8040,0.57573634
8041,0.18946527
8042,0.37284434
8043,0.047881734
8044,0.68185
8045,0.7357355
8046,0.58704364
8047,0.9681943
8048,0.28833085
8049,-0.33627442
8050,-0.52585566
8051,-0.68784153
8052,-0.06900632
8053,-0.6306196
8054,-0.51905596
8055,-0.11871618
8056,0.11428709
8057,-0.6640038
8058,-0.72402215
8059,-1.525554
8060,0.00055543624
8061,-0.22113442
8062,-1.1401432
8063,-0.23472512
8064,-0.25477082
8065,-0.9989107
8066,-0.6817787
8067,-0.49675512
8068,0.23753971
8069,-0.57036513
8070,-1.0270561
8071,-1.0369773
8072,0.513092
8073,-0.5950308
8074,-0.45271802
8075,-0.30658254
8076,0.04142141
8077,-0.6497489
8078,-0.62877494
8079,-0.5607633
8080,0.17513329
8081,-0.917277
8082,-0.5750269
8083,-0.8436507
8084,-0.06900632
8085,-0.917277
8086,-0.4584125
8087,-0.5650962
8088,0.11428709
8089,0.49320608
8090,-1.557348
8091,0.3560757
8092,-1.6552211
8093,-0.018420037
8094,-1.5558139
8095,-0.0033423065
8096,-1.5759571
8097,0.10924856
8098,-1.5724648
8099,0.15659481
8100,-1.197993
8101,-1.1536394
8102,-1.0444095
8103,-1.1644907
8104,-0.22335988
8105,-1.1211065
8106,-1.7621248
8107,-1.3432536
8108,-0.43903235
8109,-1.1994137
8110,-0.48381707
8111,-0.5828554
8112,0.035683215
8113,-1.5415713
8114,-0.8860836
8115,-1.054951
8116,0.035683215
8117,-1.4718007
8118,-1.6234273
8119,-1.0583881
8120,0.2924272
8121,-1.3331164
8122,-1.4063052
8123,-1.051233
8124,0.20787792
8125,-1.3440409
8126,-0.5212497
8127,-1.0893514
8128,0.15808697
8129,-1.2971636
8130,-0.56435734
8131,-1.110959
8132,0.46733677
8133,-1.3320383
8134,-0.8777812
8135,-0.8727241
8136,0.2303056
8137,-1.3518951
8138,-0.84157765
8139,-1.0548316
8140,0.07796327
8141,-1.4358552
8142,-0.6157427
8143,-1.7688949
8144,0.2924272
8145,-0.058747906
8146,0.2758267
8147,0.052063596
8148,-0.7934991
8149,-0.4105159
8150,-0.47122088
8151,-0.18017627
8152,-0.4858812
8153,-0.45271802
8154,-0.28381345
8155,0.054852303
8156,0.25731468
8157,-1.4923475
8158,-0.213653
8159,-0.9280311
8160,-0.74232954
8161,-0.021848105
8162,0.18971325
8163,-0.25902703
8164,0.119470604
8165,-0.16695718
8166,0.23672868
8167,-0.3262957
8168,-0.26815897
8169,-0.19391923
8170,0.034489598
8171,-0.04255388
8172,0.018424915
8173,0.08516066
8174,-0.09257429
8175,-0.46579435
8176,0.050999437
8177,-0.67748135
8178,0.01433813
8179,-0.18094516
8180,0.018424915
8181,-0.24775387
8182,-0.1480982
8183,0.003453849
8184,-1.2667108
8185,1.2038357
8186,0.030841159
8187,-0.7875847
8188,0.8277162
8189,-0.054657504
8190,-1.6743487
8191,1.1132962
8192,0.14277036
8193,-1.0393054
8194,1.0833666
8195,-0.0015502208
8196,-1.5381914
8197,2.4595153
8198,-0.054844618
8199,-1.6080222
8200,1.571007
8201,0.15769358
8202,-1.5251011
8203,1.7716802
8204,0.22814672
8205,-1.052357
8206,0.6986171
8207,-0.054844618
8208,-1.5050288
8209,0.9959983
8210,0.23152938
8211,-1.5622754
8212,0.9324907
8213,-0.05602364
8214,-1.6473055
8215,1.8256042
8216,0.004020213
8217,-1.3569224
8218,1.2354167
8219,-0.004258438
8220,-1.3512268
8221,0.81864524
8222,0.003716598
8223,-1.5724648
8224,1.1870276
8225,0.1705541
8226,-1.4690726
8227,0.85091084
8228,-1.197993
8229,-0.7699654
8230,-0.8020468
8231,-1.3058636
8232,-0.9562386
8233,-0.6009311
8234,-1.3114052
8235,-1.0474827
8236,-0.5436639
8237,-1.2804085
8238,-0.79278404
8239,-0.67201895
8240,-1.3690956
8241,-0.3753679
8242,-0.21818952
8243,-0.95626736
8244,-0.061228037
8245,-0.6722751
8246,0.1675974
8247,0.6277403
8248,2.205038
8249,0.5835853
8250,0.40018347
8251,-1.5649723
8252,2.021933
8253,0.55253804
8254,0.8367358
8255,-0.38585025
8256,0.43810073
8257,0.4207628
8258,-3.523607
8259,2.2896996
8260,0.5289972
8261,0.40185788
8262,-1.1810474
8263,2.2746522
8264,0.6293815
8265,1.1442546
8266,-1.3053992
8267,2.2893014
8268,0.7365824
8269,0.5235141
8270,-1.4038674
8271,2.0960665
8272,0.72120035
8273,0.37048692
8274,-1.0375781
8275,2.2386675
8276,0.569494
8277,0.48301578
8278,-1.4492443
8279,2.3115697
8280,0.58536303
8281,0.3840386
8282,-1.3692149
8283,2.2980301
8284,0.569494
8285,0.37284803
8286,-1.1716974
8287,2.4068367
8288,0.50561583
8289,0.3879555
8290,-0.75382537
8291,0.18164973
8292,-1.7991085
8293,0.057739366
8294,-0.75382537
8295,0.24431573
8296,-0.9460106
8297,0.6600821
8298,-1.2766844
8299,-0.035152063
8300,-0.43634337
8301,-1.2475828
8302,-0.035152063
8303,0.048617095
8304,-0.14393492
8305,-1.5165639
8306,-0.17160535
8307,-0.016639488
8308,-0.3091619
8309,-1.2775686
8310,-0.13814011
8311,-0.12820926
8312,-0.21715477
8313,-1.4079938
8314,-0.5655535
8315,-0.01848773
8316,-0.033755273
8317,0.71708196
8318,0.22056063
8319,0.39844993
8320,0.35879892
8321,0.30980876
8322,-1.1101973
8323,0.4001427
8324,-1.1884246
8325,0.27052775
8326,0.0700418
8327,-0.93178934
8328,0.48348466
8329,-2.183618
8330,0.2768096
8331,-1.2710172
8332,0.23782206
8333,-1.5892454
8334,0.25217432
8335,-1.187488
8336,0.4361005
8337,-1.0031857
8338,0.5185489
8339,-0.9496526
8340,0.2838503
8341,0.49668396
8342,0.4151798
8343,-1.0010186
8344,0.66274554
8345,0.4825454
8346,0.30258462
8347,1.251051
8348,0.6733515
8349,-0.55265963
8350,0.5553513
8351,0.95853597
8352,0.49510264
8353,0.44228724
8354,0.510278
8355,1.4191067
8356,0.52347416
8357,-0.5556363
8358,-1.4413819
8359,-0.16654532
8360,-1.6719863
8361,1.8827379
8362,-1.5368282
8363,-0.18445654
8364,-0.38768187
8365,2.5672407
8366,-1.5233561
8367,-0.27658468
8368,-0.44425857
8369,2.4793098
8370,-1.5590606
8371,-0.21367553
8372,-1.6748648
8373,2.5956907
8374,-1.3565978
8375,-1.8501174
8376,1.1669661
8377,-1.2496048
8378,-0.3076492
8379,-2.175942
8380,2.5227318
8381,-1.4586337
8382,-1.9439204
8383,-0.5621603
8384,2.3359833
8385,-1.2738785
8386,0.04956147
8387,-1.3278315
8388,2.3792005
8389,-1.7933307
8390,-1.4536425
8391,-0.598093
8392,2.5672407
8393,-1.226291
8394,-0.52875614
8395,-0.39189437
8396,2.6233368
8397,-1.5781375
8398,-0.16380727
8399,-1.8873245
8400,2.6261194
8401,-1.5615311
8402,0.2827946
8403,-1.171212
8404,2.4938333
8405,-0.21811463
8406,-0.29257438
8407,-0.49642757
8408,-0.52677596
8409,-0.434398
8410,-0.4467448
8411,-0.27801204
8412,-1.7630311
8413,0.41814703
8414,-0.40649435
8415,-0.2748257
8416,-0.5865622
8417,0.79668015
8418,-0.8263474
8419,-0.16445571
8420,-0.6083632
8421,0.69705665
8422,-1.0252632
8423,-0.35393944
8424,-1.3024482
8425,0.39317805
8426,-0.50683063
8427,-0.22696646
8428,-1.1762642
8429,0.68795913
8430,-0.64481056
8431,-0.17096312
8432,-0.50839674
8433,0.4448131
8434,-0.6591097
8435,-0.08185565
8436,-1.3059293
8437,0.9048529
8438,-0.23028605
8439,-0.6282211
8440,-0.6246038
8441,-0.34371483
8442,-0.44735894
8443,-0.29714304
8444,-1.2988567
8445,0.30818945
8446,0.44725192
8447,-1.5152904
8448,0.78068525
8449,0.6209583
8450,-0.58058184
8451,0.68221194
8452,0.78447807
8453,-0.42452806
8454,0.51177484
8455,0.6017262
8456,-0.060185287
8457,0.91673154
8458,-0.18833967
8459,0.09473675
8460,-0.74726045
8461,0.94598526
8462,-0.72323716
8463,0.22213718
8464,-0.121158294
8465,1.1045364
8466,1.1062685
8467,-0.16363129
8468,-0.73256385
8469,0.19120634
8470,-2.0517511
8471,-1.1423081
8472,0.53954875
8473,-0.6698617
8474,-1.4344136
8475,0.7082759
8476,-0.20064926
8477,-1.2476687
8478,0.57119036
8479,-1.8457245
8480,-1.6658078
8481,0.4728993
8482,-0.9427601
8483,-1.4744079
8484,0.67926306
8485,-1.7468523
8486,-0.91830516
8487,0.46219742
8488,-5.0614424
8489,-1.3396072
8490,-0.041070774
8491,0.56173605
8492,0.609119
8493,-0.38834494
8494,0.1682389
8495,-0.14956447
8496,-0.25902703
8497,0.040237825
8498,-0.20725705
8499,-0.5752049
8500,0.2758267
8501,-0.11321483
8502,-0.042665605
8503,0.018424915
8504,-0.2783817
8505,-0.03653827
8506,0.22282895
8507,-0.16292818
8508,-0.43824407
8509,0.4809645
8510,-0.0009965528
8511,0.018181924
8512,0.010122871
8513,-0.23706704
8514,-0.34377006
8515,0.010122871
8516,-0.08324599
8517,-0.27779713
8518,-0.24976493
8519,0.09419429
8520,-1.3629426
8521,0.10843266
8522,-0.88719517
8523,-0.42617217
8524,0.17102304
8525,-1.1742247
8526,0.019557584
8527,-0.029347964
8528,-1.3108777
8529,-0.12398469
8530,-0.10820921
8531,-0.7344744
8532,0.2858404
8533,-0.7344744
8534,0.020314068
8535,-0.21729241
8536,-0.033852797
8537,0.2814431
8538,-0.25496152
8539,0.5769718
8540,-0.25999305
8541,-0.12779082
8542,-0.06197547
8543,-0.07375023
8544,-0.046556827
8545,0.0114445565
8546,-1.3212528
8547,-0.23598148
8548,-0.06176172
8549,-1.1129398
8550,-0.080970794
8551,0.08285983
8552,-1.3212528
8553,-0.06123164
8554,-0.06895592
8555,-1.3749281
8556,-0.29736388
8557,0.16039306
8558,-1.3353684
8559,-0.43298817
8560,0.2971421
8561,-0.9706328
8562,-0.43298817
8563,-0.034017246
8564,-0.15926094
8565,0.11295703
8566,0.75496155
8567,-0.05849913
8568,-1.2278734
8569,-0.19631748
8570,-0.38100785
8571,0.0008044046
8572,0.5863577
8573,-0.059815545
8574,1.6896956
8575,-0.8537886
8576,-0.48609635
8577,-0.13029777
8578,0.17513329
8579,-0.5604939
8580,-0.4584125
8581,-0.12635712
8582,0.13769272
8583,-0.9687626
8584,-0.5338497
8585,-0.6826021
8586,-0.7934991
8587,-0.4633308
8588,-0.01781775
8589,0.38326743
8590,-0.031076128
8591,-1.3212528
8592,-0.6017223
8593,-0.4633308
8594,-0.21826907
8595,0.026650041
8596,-0.7934991
8597,-0.36216798
8598,-0.6826021
8599,0.16245767
8600,-0.7934991
8601,-0.62877494
8602,-0.37821397
8603,0.09533759
8604,-0.8537886
8605,-0.45271802
8606,-0.42672688
8607,0.105069004
8608,-0.917277
8609,-0.49515447
8610,-0.25365168
8611,0.1327518
8612,-0.35411575
8613,0.0276688
8614,-0.09321932
8615,0.22390175
8616,-0.36658385
8617,0.23320274
8618,-0.43046921
8619,0.009266253
8620,0.14785583
8621,0.117286734
8622,-0.64205927
8623,-0.06911149
8624,-0.7450794
8625,0.20267095
8626,-0.3722652
8627,-0.054888427
8628,-0.4858812
8629,-0.5338497
8630,-0.36351275
8631,-0.0069949767
8632,-0.5144363
8633,-0.5750269
8634,-0.77805275
8635,-0.57170594
8636,-0.5978665
8637,-0.5810387
8638,-0.4651485
8639,0.06874342
8640,0.14145264
8641,-0.5424974
8642,-0.717736
8643,0.38326743
8644,-0.6306196
8645,-0.92431194
8646,-0.30658254
8647,-0.16558169
8648,-0.5604939
8649,-0.32370478
8650,-0.2323205
8651,-0.43256852
8652,-0.3581383
8653,0.23320274
8654,-0.04647385
8655,-0.61717176
8656,-0.36091268
8657,0.23320274
8658,-0.55286443
8659,-0.037011527
8660,-1.4807788
8661,-0.0069480105
8662,-1.0252048
8663,-0.069833525
8664,-1.1468927
8665,0.23852357
8666,-1.3569224
8667,-0.03391614
8668,-1.74419
8669,0.004020213
8670,-1.2709793
8671,-0.45195106
8672,-0.6021359
8673,-0.3499319
8674,-0.5604939
8675,-0.5750269
8676,-0.24170297
8677,-0.7934991
8678,-0.5765549
8679,-0.7118805
8680,-2.4173036
8681,-0.45271802
8682,0.24177569
8683,-0.5604939
8684,-0.4633308
8685,-1.3437663
8686,-0.26849562
8687,-0.5750269
8688,-1.2833674
8689,-0.26560175
8690,-0.45271802
8691,-0.81503606
8692,-1.4962609
8693,-0.07936362
8694,-1.5367901
8695,0.39024374
8696,-1.2360506
8697,-1.0423068
8698,-1.3493476
8699,0.21570751
8700,-1.2620881
8701,-0.90843993
8702,-1.386609
8703,0.20625691
8704,-0.86839795
8705,-1.0236331
8706,-0.9737167
8707,-0.07154366
8708,-1.3287696
8709,-0.72233087
8710,-1.0785003
8711,0.2924272
8712,-1.1994137
8713,-0.6182909
8714,-1.102347
8715,0.2303056
8716,-1.3275009
8717,-0.6182909
8718,-1.4136392
8719,0.21526866
8720,-1.2172806
8721,-0.62389404
8722,-1.5359066
8723,0.3262765
8724,-1.2971636
8725,-0.14769062
8726,-1.5425762
8727,-0.61449116
8728,-1.2947356
8729,-0.46613008
8730,-1.3384722
8731,-0.60999113
8732,-0.0013817033
8733,-1.2620881
8734,-0.69483936
8735,-1.3532114
8736,-1.0716895
8737,-2.735996
8738,-0.8373851
8739,-1.2002835
8740,-0.770281
8741,-1.2666689
8742,-0.28551292
8743,-1.3115071
8744,-0.815151
8745,-1.3803797
8746,-0.5735256
8747,-1.1713587
8748,0.06586727
8749,-1.3515637
8750,-0.815151
8751,-1.66119
8752,0.1269136
8753,-1.2971636
8754,-0.40494698
8755,-1.6946565
8756,-0.5523714
8757,-1.4532832
8758,-0.69483936
8759,-0.5706805
8760,0.5264932
8761,-1.2971636
8762,-0.8860836
8763,-0.9705946
8764,0.2657811
8765,-1.3115071
8766,-0.17179638
8767,0.040237825
8768,-0.11668182
8769,0.052735906
8770,-0.3323954
8771,0.117286734
8772,-0.21280792
8773,-0.06558917
8774,-0.3042795
8775,0.117286734
8776,-0.28361636
8777,0.007873299
8778,-0.30989805
8779,0.44822183
8780,-0.10526145
8781,0.007873299
8782,-0.30810976
8783,0.06840692
8784,-0.13383047
8785,0.10398564
8786,-0.6069812
8787,-0.50073564
8788,-0.4429957
8789,-0.08518593
8790,-0.22624198
8791,-0.34918606
8792,-0.24775387
8793,0.052735906
8794,-0.18094516
8795,0.117286734
8796,-0.0924431
8797,-0.08227967
8798,-0.34377006
8799,0.0276688
8800,-0.2574348
8801,-0.06558917
8802,-0.25902703
8803,0.018424915
8804,-0.1615946
8805,-0.09873957
8806,0.0005860169
8807,-0.004648697
8808,-0.20217088
8809,0.10215772
8810,-0.3581383
8811,0.010122871
8812,-0.007046035
8813,-0.1769416
8814,-0.24718025
8815,0.0276688
8816,-0.085261054
8817,-0.3743499
8818,-0.34377006
8819,0.010122871
8820,-0.20729639
8821,0.011858108
8822,-0.40053254
8823,0.117286734
8824,-0.14310157
8825,-0.38290676
8826,-0.31703335
8827,0.084385835
8828,-0.090531
8829,0.041873008
8830,0.030050786
8831,0.011976202
8832,-0.06558917
8833,-0.20393142
8834,0.018424915
8835,-0.36371788
8836,-0.05586263
8837,-0.55504143
8838,-0.71592283
8839,0.48272243
8840,-0.13407828
8841,-0.3042795
8842,0.06226842
8843,-0.11090445
8844,-0.018015187
8845,0.000778825
8846,-1.4263213
8847,1.2893536
8848,-0.069833525
8849,-1.7786438
8850,1.4327033
8851,0.05925622
8852,-1.6973095
8853,1.5017222
8854,0.019214112
8855,-1.5350822
8856,1.2236912
8857,-0.0033423065
8858,-1.5713595
8859,1.3328123
8860,-0.14465182
8861,-0.918525
8862,1.7716802
8863,-0.024205092
8864,-4.033541
8865,1.2955033
8866,0.1655511
8867,-1.4117768
8868,2.5375519
8869,-0.084663406
8870,-1.0576631
8871,0.8186646
8872,-0.013316037
8873,-0.0015502208
8874,-1.2440472
8875,0.581728
8876,-0.58807665
8877,-0.054844618
8878,-1.1103268
8879,0.8244572
8880,0.2994194
8881,0.00059282756
8882,-1.45622
8883,0.67333525
8884,-0.00018700612
8885,0.24398716
8886,-1.138267
8887,0.9035974
8888,-0.062412813
8889,-0.0069480105
8890,-1.5336586
8891,1.0213916
8892,0.001925146
8893,-0.11173003
8894,-1.45622
8895,1.3385928
8896,0.076109275
8897,0.28423408
8898,-1.668652
8899,1.2385948
8900,-0.0028447902
8901,-0.0033423065
8902,-1.4729156
8903,1.046866
8904,0.5100277
8905,-0.0015502208
8906,-1.4690726
8907,1.2314057
8908,0.1001519
8909,-1.7742194
8910,1.4963434
8911,0.045123987
8912,-1.0593796
8913,1.3401325
8914,-0.21607704
8915,-1.4690385
8916,0.8277162
8917,-0.6592101
8918,0.18782666
8919,0.42325047
8920,0.4815129
8921,-1.3640554
8922,0.6168398
8923,0.4875809
8924,-0.22576262
8925,0.29482743
8926,0.60374665
8927,0.16949782
8928,0.534854
8929,0.0035443269
8930,0.76491666
8931,-0.40503308
8932,-0.27027154
8933,0.612079
8934,-0.5418054
8935,-0.24066232
8936,0.84064126
8937,0.5897881
8938,0.47991663
8939,1.0177366
8940,0.42592818
8941,-1.1662359
8942,1.2823317
8943,0.3811696
8944,-1.0908635
8945,1.6784625
8946,0.5811373
8947,0.3811696
8948,-2.0028818
8949,2.5079656
8950,-0.29397467
8951,0.3811696
8952,-1.4185963
8953,2.2746522
8954,0.6599433
8955,0.45791945
8956,-1.646861
8957,1.9391825
8958,0.6599433
8959,-1.3982099
8960,-0.26420075
8961,-0.07449524
8962,0.42592818
8963,-1.458623
8964,1.9212282
8965,0.6413181
8966,-1.4341556
8967,-1.263969
8968,2.3115697
8969,0.53793347
8970,0.39985216
8971,-1.3312418
8972,1.8825663
8973,0.42186505
8974,-0.14344165
8975,-1.6118737
8976,1.9721043
8977,0.60595584
8978,0.93935156
8979,-1.4973409
8980,2.1468632
8981,0.31267202
8982,0.55655724
8983,-1.4167467
8984,2.370028
8985,0.5295719
8986,0.35932755
8987,-1.3577235
8988,2.1578794
8989,0.5051511
8990,0.574809
8991,-1.5771325
8992,2.0960665
8993,0.8719042
8994,0.3478747
8995,-1.7005347
8996,2.5079656
8997,0.60665184
8998,0.37356266
8999,-1.5928506
9000,2.170326
9001,0.54673344
9002,0.55629116
9003,-1.5197432
9004,2.3115697
9005,0.5538968
9006,0.37356266
9007,-1.3105745
9008,2.3005006
9009,0.58536303
9010,0.45791945
9011,-1.7343452
9012,2.5079656
9013,0.5811373
9014,0.574809
9015,-1.4190732
9016,2.4005764
9017,0.4781446
9018,0.3811696
9019,-1.6579485
9020,2.2173812
9021,0.24171829
9022,0.40042767
9023,0.020075273
9024,0.5033326
9025,0.26366973
9026,0.51122063
9027,0.21800634
9028,-0.9460106
9029,0.39443353
9030,-0.4441576
9031,0.6592587
9032,-0.4039833
9033,0.25589505
9034,0.86651176
9035,0.59751964
9036,0.6162852
9037,-1.0297484
9038,0.8031765
9039,0.7181212
9040,0.51239496
9041,-0.4919122
9042,0.22648203
9043,0.46266785
9044,0.4558571
9045,-1.3131859
9046,0.8050556
9047,0.7083944
9048,0.27694222
9049,-0.79319566
9050,0.5728299
9051,0.60867494
9052,0.71708196
9053,-1.0740442
9054,0.4340906
9055,0.8163399
9056,0.1871861
9057,-0.67492986
9058,0.30918357
9059,0.7450657
9060,0.4558571
9061,-0.47064883
9062,0.36773613
9063,0.72971064
9064,0.30034748
9065,-0.5337245
9066,0.314506
9067,1.0551288
9068,0.45276317
9069,-0.5126833
9070,0.69060147
9071,0.51883847
9072,0.2596059
9073,-0.5899293
9074,0.5692454
9075,1.1183428
9076,0.63422066
9077,-0.4203416
9078,0.42296323
9079,0.7896495
9080,0.5596768
9081,-0.9037606
9082,-0.7903386
9083,0.78124124
9084,-0.21173182
9085,0.06910164
9086,0.8812739
9087,0.1871861
9088,-1.4845278
9089,0.5956841
9090,0.894276
9091,0.84560084
9092,-0.57441765
9093,0.48356852
9094,0.9057763
9095,0.36904594
9096,-2.558139
9097,0.2529079
9098,0.5860899
9099,0.1871861
9100,-1.338965
9101,0.43371317
9102,0.7450657
9103,0.1871861
9104,-1.7739401
9105,0.3188583
9106,0.60851383
9107,0.51239496
9108,-0.98036724
9109,-0.18445654
9110,-1.777473
9111,2.6198869
9112,-0.26885104
9113,-0.18618077
9114,-1.3675418
9115,2.4184985
9116,-1.4602057
9117,-0.18445654
9118,-1.519617
9119,2.4292216
9120,-0.20531154
9121,-1.2278916
9122,2.4938333
9123,-1.1196868
9124,-0.20653602
9125,-1.4413819
9126,2.5304468
9127,-1.346117
9128,-0.2615876
9129,-1.3518475
9130,2.4619753
9131,-1.4488847
9132,-1.3964256
9133,2.5672407
9134,-1.9361993
9135,-1.5306045
9136,2.5672407
9137,-1.2992761
9138,-0.74628174
9139,2.5416186
9140,-1.5211797
9141,-0.9228629
9142,-0.71491575
9143,2.4589999
9144,-1.1691574
9145,-0.5687017
9146,-0.78996676
9147,2.7574306
9148,-1.8014475
9149,-0.23420951
9150,-1.8222283
9151,2.5467806
9152,-1.7357533
9153,-0.22020319
9154,-1.0725211
9155,2.5153997
9156,-1.2451454
9157,-0.09649272
9158,-0.37844405
9159,2.6150353
9160,-1.636333
9161,-0.1762488
9162,-1.2278916
9163,2.470314
9164,-1.7877302
9165,-0.15377133
9166,-1.2331262
9167,2.0586236
9168,-1.410587
9169,-0.30714193
9170,-1.1743553
9171,2.4860153
9172,-1.4796453
9173,-0.18445654
9174,-1.411815
9175,2.325839
9176,-1.9318428
9177,-0.26269794
9178,-1.4563739
9179,2.282105
9180,-1.9219855
9181,-0.79340506
9182,0.5042352
9183,0.27694222
9184,-0.58530664
9185,0.74252063
9186,0.21684086
9187,-0.82825106
9188,0.41515216
9189,0.30034748
9190,-0.6008383
9191,0.5851455
9192,0.21684086
9193,-0.65108097
9194,-0.59840095
9195,0.28287494
9196,-0.24698652
9197,0.5144905
9198,0.28287494
9199,-0.64944595
9200,0.75998175
9201,0.8003835
9202,-0.3571329
9203,-0.44066253
9204,-0.4110291
9205,-1.1909498
9206,-0.43277025
9207,-0.42550507
9208,-0.6873196
9209,-0.4193848
9210,-0.45665786
9211,-0.5893451
9212,-0.33666953
9213,-0.23421666
9214,-0.67982584
9215,-0.3845545
9216,-0.8543957
9217,-0.15090428
9218,-0.29257438
9219,-0.80182076
9220,-0.44066253
9221,-0.36794654
9222,-0.71186095
9223,-0.6282211
9224,-0.2631013
9225,-0.5547003
9226,-0.4733567
9227,-0.39097822
9228,-0.8000617
9229,-0.4733567
9230,-0.25906724
9231,-0.040040478
9232,-0.31491643
9233,-0.21687046
9234,-0.4110291
9235,-0.31269893
9236,-0.52741814
9237,-0.434398
9238,-0.2511806
9239,-0.8489817
9240,-0.30352864
9241,-0.66957915
9242,-0.8073486
9243,-0.4193848
9244,-0.27511564
9245,-0.49347633
9246,-0.88853335
9247,-0.2631013
9248,-0.9783301
9249,-0.8692861
9250,-0.3667938
9251,-0.14761671
9252,-0.81963503
9253,-0.91927224
9254,-0.30936122
9255,-0.62887853
9256,-0.90439296
9257,-0.3667938
9258,0.17102304
9259,0.30398437
9260,0.16039306
9261,-2.2389145
9262,0.30398437
9263,0.16907983
9264,-1.281713
9265,0.21241756
9266,0.07473368
9267,0.06948132
9268,-1.22961
9269,0.28349772
9270,0.09964463
9271,-1.3749281
9272,0.37284434
9273,0.102126904
9274,0.19114524
9275,1.0518394
9276,0.96698403
9277,0.3756247
9278,0.7893835
9279,-0.042713612
9280,-0.33423996
9281,-0.31320494
9282,0.17829585
9283,-0.60013986
9284,-0.4105159
9285,-0.49690044
9286,-0.08050532
9287,-0.59057456
9288,-0.45271802
9289,-0.6848353
9290,0.203307
9291,-0.57036513
9292,-0.97464496
9293,-0.9813395
9294,0.19731313
9295,-0.917277
9296,-0.6889518
9297,-0.6352136
9298,0.203307
9299,-0.60013986
9300,-0.45271802
9301,-0.6826021
9302,-0.18017627
9303,0.4482074
9304,0.60676724
9305,-0.34007657
9306,0.6202994
9307,-2.0471656
9308,-0.33867094
9309,-0.8289768
9310,-0.49515447
9311,-0.4554929
9312,0.024818862
9313,-0.35727373
9314,0.0884507
9315,-0.21534893
9316,0.21293987
9317,-0.05602364
9318,-1.7521625
9319,0.000778825
9320,-0.78463316
9321,-0.035105094
9322,-0.89504355
9323,0.1705541
9324,-1.3947749
9325,-0.047413956
9326,-3.0623505
9327,-1.1265509
9328,-0.6403738
9329,-0.9839431
9330,-0.41830635
9331,-1.3810115
9332,-0.7810381
9333,-0.034830134
9334,-1.3115071
9335,-0.8168615
9336,-0.84905386
9337,-1.3320383
9338,-1.1892473
9339,0.06022343
9340,-1.2894564
9341,-1.01276
9342,-0.9548096
9343,0.20625691
9344,-1.4104775
9345,-0.48741743
9346,-1.2752573
9347,0.17818463
9348,-1.5643996
9349,-0.73727375
9350,-0.80914825
9351,-1.1014453
9352,-0.9627417
9353,-1.0919809
9354,0.20515113
9355,-1.7722279
9356,-0.9627417
9357,-1.3273724
9358,0.28242677
9359,-1.4356102
9360,-0.94122314
9361,-0.9749853
9362,-0.21481808
9363,-1.197993
9364,-2.0060773
9365,-1.8614483
9366,-0.048639525
9367,-0.054888427
9368,0.23997726
9369,-0.10596566
9370,0.017783625
9371,-0.59057456
9372,-0.17270343
9373,-0.28797328
9374,-0.048694815
9375,-0.59715647
9376,-0.72402215
9377,-0.6896175
9378,-0.123236716
9379,-0.4984726
9380,-0.45271802
9381,-0.52368575
9382,-0.3491579
9383,-0.59057456
9384,-1.0547491
9385,-0.7973111
9386,-0.095014945
9387,0.018181924
9388,-0.023021104
9389,0.043457847
9390,0.030836746
9391,-0.21169376
9392,0.117286734
9393,-0.24775387
9394,0.12136292
9395,-1.7738619
9396,-0.057726283
9397,-0.6308923
9398,-0.25443238
9399,-1.91787
9400,-0.05184769
9401,-0.9211725
9402,-0.46749234
9403,-0.3194021
9404,0.23320274
9405,-0.24965996
9406,0.35891804
9407,-0.0015502208
9408,-0.73833144
9409,0.12516358
9410,-0.6027888
9411,0.19459255
9412,0.18394008
9413,0.005125961
9414,-0.15389048
9415,0.038128074
9416,-1.5050288
9417,1.0385332
9418,-0.26688898
9419,-1.6746017
9420,1.0996932
9421,-1.2671508
9422,-2.1263971
9423,1.2038357
9424,0.062705964
9425,-1.1554679
9426,1.5967779
9427,0.11473476
9428,-1.5022533
9429,1.3962532
9430,-0.06000697
9431,-1.1554679
9432,1.0905976
9433,0.34479922
9434,-1.3925891
9435,1.5537511
9436,-0.0015502208
9437,-1.1992462
9438,1.3602668
9439,-0.0033423065
9440,-1.8346564
9441,1.1081773
9442,-0.047413956
9443,-1.5959622
9444,1.968997
9445,0.05925622
9446,-1.5016036
9447,1.5697669
9448,-1.197993
9449,-1.6450181
9450,0.7793801
9451,-0.9023343
9452,-1.5199212
9453,-1.0744004
9454,-1.450147
9455,-0.5212497
9456,0.14980718
9457,-1.6038301
9458,-2.215108
9459,-2.854463
9460,-1.5452578
9461,-0.938102
9462,-0.5576755
9463,-2.0592904
9464,-0.54566616
9465,-0.91677266
9466,-0.084221266
9467,0.47798863
9468,-1.1170999
9469,1.9721043
9470,0.537158
9471,-0.0032614807
9472,-1.064182
9473,2.2893014
9474,0.5106636
9475,0.37356266
9476,-1.6101885
9477,1.9110427
9478,0.5894927
9479,0.60179555
9480,-1.3505051
9481,2.2746522
9482,0.5894927
9483,0.37732995
9484,-1.4355556
9485,2.2468061
9486,0.6413181
9487,0.35665327
9488,-1.3321857
9489,1.9721043
9490,-0.8604337
9491,0.60469687
9492,-1.5029751
9493,2.187966
9494,0.48481315
9495,-1.4926485
9496,2.3747354
9497,-0.054844618
9498,-1.4038674
9499,2.33375
9500,0.35156947
9501,0.339158
9502,-1.409083
9503,1.8920729
9504,0.5811373
9505,0.30815566
9506,-1.3445201
9507,2.504201
9508,0.6599433
9509,0.41048208
9510,-1.4926485
9511,1.9273481
9512,0.5811373
9513,0.25589505
9514,-0.9136727
9515,-0.34492087
9516,-1.2287631
9517,0.25589505
9518,-1.8660352
9519,0.120539255
9520,-1.4329466
9521,0.120539255
9522,-0.33098534
9523,0.38439134
9524,0.093873546
9525,-0.23768142
9526,-2.560936
9527,0.23433696
9528,0.02468216
9529,-0.025759226
9530,-1.0179818
9531,-0.16722785
9532,-0.01848773
9533,-0.9140147
9534,-1.1655314
9535,-0.06430007
9536,-0.18740396
9537,-0.2884913
9538,-1.904026
9539,-0.31421915
9540,-0.043429654
9541,-0.18635534
9542,0.43031248
9543,0.2529079
9544,0.3688462
9545,0.1871861
9546,-0.851902
9547,0.30980876
9548,0.76820654
9549,0.38761905
9550,-1.0510504
9551,0.34280318
9552,0.52942306
9553,-2.3665276
9554,0.3534314
9555,-1.7537607
9556,0.4417464
9557,-1.0498157
9558,0.24277058
9559,-0.98604304
9560,0.2390663
9561,-1.7710847
9562,0.17310292
9563,0.819576
9564,0.015524999
9565,-1.3425518
9566,0.36162457
9567,0.25395375
9568,1.2760069
9569,0.15129109
9570,-0.4319074
9571,0.8771695
9572,0.82308835
9573,0.42614955
9574,-0.25160998
9575,-0.13217577
9576,-0.54759187
9577,0.6528979
9578,0.33640057
9579,0.6438343
9580,0.42614955
9581,-1.7168247
9582,-1.5084425
9583,-1.8797374
9584,-0.18445654
9585,-1.2575808
9586,2.375413
9587,-1.2677231
9588,-1.0854123
9589,-0.48122603
9590,2.581987
9591,-1.8239983
9592,-1.3279179
9593,-1.3837836
9594,2.5389555
9595,-1.5079812
9596,-0.20653602
9597,-2.0881567
9598,2.6359448
9599,-1.5211797
9600,-0.20887694
9601,-0.5598614
9602,2.7645316
9603,-1.8427216
9604,-0.5466414
9605,-1.9609308
9606,2.5672407
9607,-1.416747
9608,-0.10070582
9609,-1.2954254
9610,2.5218606
9611,-1.2754222
9612,-0.046237737
9613,-1.519617
9614,2.6233368
9615,-1.2763005
9616,-0.16623957
9617,-1.420095
9618,2.3792005
9619,-1.3461668
9620,-0.23722212
9621,-1.6610389
9622,2.5575142
9623,-1.6966454
9624,-0.18445654
9625,-1.5349183
9626,2.4938333
9627,-1.1321331
9628,-0.3122035
9629,-0.37503442
9630,2.5672407
9631,-1.497987
9632,-0.88853335
9633,-0.28910923
9634,-0.55457443
9635,-0.32589874
9636,-0.28910923
9637,-1.162416
9638,0.30078188
9639,-0.52006704
9640,0.10713713
9641,-0.5635957
9642,0.8508551
9643,0.07741277
9644,-0.7407529
9645,-1.1084644
9646,0.37365854
9647,-0.5822543
9648,-0.40291467
9649,-1.902476
9650,0.7683717
9651,-1.9240085
9652,-0.84292185
9653,-0.63757336
9654,0.43722364
9655,-1.420431
9656,-0.09751327
9657,-1.2035179
9658,0.33444926
9659,-0.3049197
9660,-2.2420106
9661,0.7358915
9662,-0.6367373
9663,-1.3154262
9664,-0.6337852
9665,-0.94292337
9666,-0.3321755
9667,-0.5929456
9668,-0.6774499
9669,0.7082038
9670,0.15978988
9671,-0.52827436
9672,0.5080214
9673,0.12648733
9674,-0.4727227
9675,0.63779294
9676,0.2697322
9677,-0.4042316
9678,0.73680973
9679,0.1871861
9680,1.0711194
9681,0.66617
9682,-1.0726559
9683,2.1012027
9684,0.23901795
9685,0.043604895
9686,-0.25444525
9687,1.0108856
9688,-0.51281947
9689,-0.021825224
9690,1.0964899
9691,0.85024786
9692,-0.2629598
9693,-0.8197444
9694,-1.0857005
9695,0.58267236
9696,-0.3771704
9697,-0.6061364
9698,0.07710197
9699,-1.5040535
9700,0.98684275
9701,-1.4280833
9702,-1.09593
9703,0.49051043
9704,-0.7122639
9705,-1.2476687
9706,-0.8251865
9707,0.27052775
9708,-1.2654687
9709,-0.15628172
9710,0.34810314
9711,-3.6500266
9712,0.6009843
9713,-0.0038711475
9714,0.59834313
9715,0.6449126
9716,-0.0050784717
9717,-2.5513191
9718,-1.2531835
9719,-0.30989805
9720,0.119470604
9721,-0.11321483
9722,-0.30593753
9723,0.050999437
9724,0.011976202
9725,-0.37657285
9726,-0.68821365
9727,-0.5717705
9728,0.1682389
9729,-0.1448059
9730,-0.3748451
9731,0.0276688
9732,-0.073993154
9733,-0.0108206505
9734,0.119470604
9735,-0.348271
9736,0.34284163
9737,-1.08662
9738,0.08807477
9739,0.6916055
9740,-0.90732175
9741,0.5104167
9742,0.3633663
9743,-0.1607696
9744,0.29656866
9745,-1.0375441
9746,-0.16095012
9747,-0.34500942
9748,0.031818196
9749,-0.7344744
9750,-0.03211735
9751,-0.25999305
9752,0.2858404
9753,-0.601167
9754,-1.0375441
9755,-0.072029255
9756,-1.0375441
9757,0.24544407
9758,-0.30016512
9759,0.18613154
9760,-0.1638532
9761,0.10546611
9762,-0.15220939
9763,0.16205896
9764,0.72971064
9765,0.38902056
9766,0.17102304
9767,-1.3958743
9768,-0.24066232
9769,0.11605157
9770,-1.3749281
9771,-0.2439384
9772,-0.059564456
9773,-1.2863483
9774,-0.31142098
9775,0.17953284
9776,0.5860899
9777,0.07099065
9778,0.5411942
9779,-0.28132036
9780,-0.36969817
9781,-0.121158294
9782,0.071275696
9783,0.20980215
9784,0.16110598
9785,-0.13602512
9786,0.75533575
9787,0.28593653
9788,1.304026
9789,0.4959333
9790,0.77673554
9791,-0.917277
9792,-0.64701504
9793,-0.30658254
9794,0.026650041
9795,-0.5628314
9796,-0.529832
9797,0.04473319
9798,0.16230474
9799,-0.6877347
9800,-0.4584125
9801,-0.4331952
9802,-0.13119406
9803,-0.0779274
9804,-0.42606115
9805,-0.21826907
9806,0.49016485
9807,-2.4173036
9808,-0.5504632
9809,-0.2732244
9810,0.24355082
9811,-0.6306196
9812,-0.66581094
9813,-0.039965656
9814,0.20125127
9815,-0.6634147
9816,-0.4633308
9817,-0.018427882
9818,0.2233728
9819,-0.35727373
9820,-0.64643604
9821,-0.42672688
9822,-0.054341946
9823,-0.59057456
9824,-0.72402215
9825,-0.6806115
9826,0.19731313
9827,-0.50932354
9828,-0.45271802
9829,-0.24211241
9830,0.46817923
9831,-0.02469987
9832,0.050999437
9833,-0.103726655
9834,-0.2788073
9835,-0.25902703
9836,0.19040768
9837,-0.24965996
9838,-0.019624267
9839,-0.32392907
9840,-0.08374309
9841,-0.20782767
9842,-0.17416406
9843,0.117286734
9844,-0.24720438
9845,-0.054888427
9846,-0.5162642
9847,-0.45271802
9848,-0.43516997
9849,-0.064388156
9850,-0.79245144
9851,-0.44163054
9852,-0.09670666
9853,-0.06900632
9854,-0.5162642
9855,-0.7712074
9856,-0.55354196
9857,0.19380094
9858,-2.4173036
9859,-0.35367697
9860,-0.42672688
9861,-0.07782595
9862,-0.7934991
9863,-0.85744184
9864,-0.30658254
9865,-0.21518382
9866,-0.29524064
9867,0.0276688
9868,-0.032849856
9869,-0.4359993
9870,-2.4173036
9871,-0.45016533
9872,-0.4331952
9873,-0.06900632
9874,-0.3347803
9875,0.04925243
9876,-0.07854844
9877,-0.5604939
9878,-0.36091268
9879,-0.020986658
9880,-0.65003204
9881,1.0468321
9882,-1.3569224
9883,0.099075176
9884,-1.5469776
9885,0.000778825
9886,-1.5364704
9887,-0.047413956
9888,-1.4998872
9889,0.05925622
9890,-1.6695263
9891,-0.36035487
9892,-1.1970111
9893,-1.183589
9894,-0.36814445
9895,-0.45271802
9896,0.28537598
9897,-0.5604939
9898,-0.45016533
9899,-0.1493581
9900,-0.62059736
9901,-0.5504632
9902,-0.97910804
9903,-0.58760446
9904,-0.5504632
9905,-0.81015265
9906,-0.5604939
9907,-0.45271802
9908,-2.1422796
9909,-0.7934991
9910,-0.6021359
9911,-0.539744
9912,-0.7934991
9913,-0.36216798
9914,-0.539744
9915,-1.3114052
9916,-0.3975596
9917,-1.3086872
9918,0.5654963
9919,-1.2351726
9920,-0.8753207
9921,-1.2752573
9922,-1.3351591
9923,-1.0538831
9924,-1.2324234
9925,0.059422694
9926,-1.3454562
9927,-0.90843993
9928,-0.8221402
9929,0.06022343
9930,-1.197993
9931,-0.8966562
9932,-1.2752573
9933,0.23424743
9934,-1.1994137
9935,-0.7621806
9936,-0.88653725
9937,0.1364414
9938,-1.3115071
9939,-0.19354743
9940,-1.2131176
9941,0.035683215
9942,-1.4335037
9943,-0.23259786
9944,-0.9295304
9945,0.021296505
9946,-1.3115071
9947,-1.5681913
9948,-1.3058636
9949,-0.5735256
9950,-1.3825748
9951,-0.79559356
9952,-1.21769
9953,-0.5936638
9954,-1.197993
9955,-1.5094488
9956,0.81416994
9957,-1.4718007
9958,-2.050644
9959,-1.3454562
9960,-1.2192597
9961,-1.1994137
9962,-0.32318485
9963,-1.2666689
9964,-0.6345871
9965,-1.3641576
9966,-0.5522503
9967,-1.3803797
9968,-1.1359062
9969,-1.2666689
9970,-0.6659527
9971,-0.98555076
9972,-1.2971636
9973,-0.5735256
9974,-1.0855082
9975,-1.1994137
9976,-0.5467213
9977,-1.017252
9978,-1.4718007
9979,-0.7599672
9980,-0.75470334
9981,0.21612656
9982,-1.4442222
9983,-1.1572014
9984,-0.686023
9985,0.3452877
9986,-0.5409294
9987,-0.34377006
9988,-0.26815897
9989,-0.24965996
9990,0.37405163
9991,-0.34377006
9992,0.02459527
9993,-0.19678558
9994,-0.05586263
9995,-0.38546672
9996,-0.023021104
9997,-0.11090445
9998,-0.2673264
9999,-0.11500638
10000,0.018424915
10001,-0.14956447
10002,-0.05586263
10003,-0.36658385
10004,0.050999437
10005,-0.11090445
10006,0.043904144
10007,-0.36658385
10008,0.018424915
10009,-0.10526145
10010,-0.029277992
10011,-0.25902703
10012,0.114566155
10013,-0.35463658
10014,0.017159188
10015,-0.15281044
10016,0.114566155
10017,-0.72107035
10018,-0.6285322
10019,-0.24718025
10020,0.17116241
10021,-0.10526145
10022,0.02671308
10023,-0.46579435
10024,0.117286734
10025,-0.06558917
10026,-0.36415958
10027,0.119470604
10028,-0.15598698
10029,-0.15528668
10030,-0.2879589
10031,0.117286734
10032,-0.057389647
10033,0.1569481
10034,-0.34377006
10035,0.20267095
10036,-0.10526145
10037,-0.1769416
10038,-0.20352067
10039,0.19040768
10040,-0.1658328
10041,-0.1859017
10042,0.041873008
10043,0.010122871
10044,-0.24965996
10045,-0.037775338
10046,-0.20549314
10047,0.20267095
10048,-0.2891748
10049,0.35355222
10050,-0.111740395
10051,0.0276688
10052,-0.10596566
10053,0.02693752
10054,-0.26711157
10055,0.117286734
10056,-0.2783817
10057,-0.06558917
10058,-0.18258888
10059,-0.16080128
10060,-0.04647385
10061,-0.4477607
10062,-0.34377006
10063,0.117286734
10064,-1.5663067
10065,-0.03427171
10066,0.23852357
10067,-1.1314284
10068,1.6952562
10069,0.0056402176
10070,-1.4705503
10071,0.9377901
10072,0.06401354
10073,-1.1579531
10074,1.0570334
10075,0.1705541
10076,-1.5834757
10077,0.7457092
10078,0.004020213
10079,-1.4690726
10080,1.3682675
10081,-0.0015502208
10082,-1.5751811
10083,1.8700421
10084,0.05925622
10085,-1.4690385
10086,1.6597725
10087,-0.08816268
10088,-1.2530625
10089,1.4152665
10090,0.08511825
10091,-1.2044456
10092,1.0101942
10093,0.08502434
10094,-0.047413956
10095,-1.4729156
10096,-0.104770035
10097,0.009926455
10098,-0.0015502208
10099,-1.9808923
10100,0.45576534
10101,-0.038838554
10102,-0.0015502208
10103,-2.154542
10104,1.1748112
10105,0.13536794
10106,0.019214112
10107,-1.5836381
10108,0.90874004
10109,0.030222038
10110,-0.0033423065
10111,-1.668652
10112,0.83370477
10113,0.06368935
10114,0.49412528
10115,-0.07163258
10116,0.7369381
10117,-0.054844618
10118,-1.2048336
10119,1.192302
10120,0.06368935
10121,-0.277581
10122,-1.138267
10123,1.3755339
10124,-0.03684734
10125,0.23852357
10126,-1.0540733
10127,1.665053
10128,-0.17756346
10129,-1.0883394
10130,0.89092225
10131,-0.81007063
10132,-1.5197592
10133,1.668016
10134,0.150124
10135,-1.4690385
10136,1.1863326
10137,-0.99490255
10138,0.87122136
10139,0.03881851
10140,0.5653327
10141,0.010069238
10142,0.70117176
10143,0.940291
10144,0.53188694
10145,-0.31093654
10146,0.663598
10147,0.06890804
10148,0.6815766
10149,-0.2722664
10150,-1.4050039
10151,-1.1018627
10152,0.86268574
10153,0.7489922
10154,-0.06003247
10155,-0.23435502
10156,0.4352042
10157,-0.42617217
10158,0.9166041
10159,0.9166041
10160,0.76735175
10161,0.6637684
10162,0.57583183
10163,0.3560757
10164,-1.458623
10165,2.3617685
10166,0.58536303
10167,-0.084663406
10168,-1.4596298
10169,2.0722187
10170,0.4271201
10171,0.31190196
10172,-1.3076171
10173,2.358076
10174,0.5255655
10175,0.3811696
10176,-1.3631992
10177,2.343022
10178,0.58536303
10179,0.45791945
10180,-1.6118737
10181,2.2830844
10182,0.5811373
10183,0.3811696
10184,-1.6432079
10185,1.7203131
10186,0.5894927
10187,0.37732995
10188,-1.3053992
10189,2.4002883
10190,0.5524425
10191,0.44455066
10192,-1.3863498
10193,2.3747354
10194,0.5102287
10195,-0.05414951
10196,-1.4872057
10197,1.8472911
10198,0.53138834
10199,0.57740897
10200,-0.8934114
10201,2.264296
10202,0.44664565
10203,0.2573155
10204,-1.5443839
10205,2.3397357
10206,0.35689405
10207,0.3835107
10208,2.2629256
10209,0.53793347
10210,0.07708161
10211,-1.5619717
10212,2.1810782
10213,0.44355327
10214,0.3560757
10215,-1.4037316
10216,1.9619838
10217,0.42186505
10218,-0.004258438
10219,-1.1779639
10220,2.2893014
10221,0.6841996
10222,0.16119382
10223,-1.646861
10224,2.096476
10225,0.58536303
10226,0.2573155
10227,-1.646861
10228,2.4068367
10229,0.48538613
10230,0.45537764
10231,-1.3145518
10232,2.362975
10233,0.7967363
10234,0.3560757
10235,-1.8985448
10236,2.2362068
10237,0.5684968
10238,-4.9793015
10239,-1.5625541
10240,2.3809526
10241,0.50305074
10242,0.3811696
10243,-1.7096906
10244,2.3013835
10245,0.7666415
10246,0.05925622
10247,-1.6579485
10248,2.2534215
10249,0.24171829
10250,0.40042767
10251,0.38386774
10252,0.6997707
10253,0.122527085
10254,0.40042767
10255,0.4791958
10256,-1.3169492
10257,0.21735495
10258,-0.8473892
10259,0.2503966
10260,-1.4329466
10261,0.24323334
10262,0.48356852
10263,0.60778433
10264,0.45898712
10265,-0.5417803
10266,0.8116356
10267,1.326943
10268,0.35879892
10269,-0.4325374
10270,0.30515397
10271,0.72415406
10272,0.4558571
10273,-0.54693055
10274,0.7759187
10275,0.84734815
10276,0.71708196
10277,-0.6846796
10278,-0.45490503
10279,-1.0545069
10280,0.38535178
10281,-0.419178
10282,-1.0886872
10283,0.7082759
10284,0.21677212
10285,-1.1071305
10286,0.53954875
10287,0.9221549
10288,0.7313267
10289,0.17389838
10290,-0.6353962
10291,0.9017848
10292,0.66603607
10293,0.5941998
10294,-0.7893575
10295,0.08494704
10296,-0.91916925
10297,0.11802436
10298,0.6839275
10299,0.5468872
10300,-0.4203416
10301,-0.3718165
10302,-0.7096262
10303,0.23320533
10304,0.99520606
10305,-0.4904813
10306,0.18168126
10307,0.5349281
10308,0.27694222
10309,-1.3658429
10310,-0.5756294
10311,-1.0399994
10312,0.5688571
10313,0.7834802
10314,0.8145148
10315,0.23538667
10316,-1.0977914
10317,0.18389516
10318,0.17903477
10319,-2.248486
10320,0.1871861
10321,-0.9358763
10322,-0.0007525878
10323,0.3457026
10324,0.60665643
10325,0.0010851925
10326,-1.5409132
10327,2.7511575
10328,-1.4408634
10329,-0.1422187
10330,-0.55297285
10331,2.652138
10332,-2.0098603
10333,-0.3223482
10334,-1.4619783
10335,2.489298
10336,-1.8827425
10337,-0.30321747
10338,-1.2278916
10339,2.4014096
10340,-1.3241798
10341,-0.27661538
10342,-1.2952737
10343,2.5467806
10344,-1.1128731
10345,-0.09217196
10346,-1.3964256
10347,2.444091
10348,-1.5674384
10349,-0.20531154
10350,-1.5404665
10351,2.4938333
10352,-1.3883365
10353,-1.5933955
10354,2.4466329
10355,-1.2276429
10356,-0.090546876
10357,-1.7124048
10358,-1.5211797
10359,-1.3321893
10360,-1.5818193
10361,2.3821414
10362,-1.5669966
10363,0.14959626
10364,-0.025574341
10365,2.4523995
10366,-0.14244065
10367,-0.06946981
10368,-1.842043
10369,2.5672407
10370,-1.4957759
10371,0.15203157
10372,-0.46979952
10373,2.4938333
10374,-1.9349731
10375,-0.19010592
10376,-1.5349183
10377,2.5600877
10378,-1.1196868
10379,-0.30650875
10380,-0.4347772
10381,2.4466329
10382,-1.3160739
10383,-0.20653602
10384,-1.3792635
10385,2.4938333
10386,-1.8539432
10387,0.13750586
10388,-0.6547392
10389,2.4466329
10390,-1.7933835
10391,-0.20653602
10392,-0.4949918
10393,2.0020416
10394,-1.2810113
10395,-0.34069988
10396,-0.55215067
10397,2.444091
10398,-1.7616569
10399,-0.8715429
10400,1.1066301
10401,0.4220618
10402,-0.7228169
10403,0.80972534
10404,0.53339165
10405,-0.603695
10406,0.512982
10407,0.15755488
10408,-0.5841662
10409,0.5851455
10410,0.21684086
10411,-0.5720645
10412,0.67115796
10413,0.4109396
10414,-0.55186373
10415,0.63381463
10416,0.30100933
10417,-0.7412386
10418,0.7163087
10419,0.6704168
10420,-0.7025061
10421,-0.4346237
10422,-3.3220468
10423,-0.07204695
10424,-0.2631013
10425,-0.41769257
10426,-0.49504384
10427,-0.5842164
10428,-0.3376195
10429,-0.116728574
10430,-0.67502606
10431,-0.84112185
10432,-0.36421457
10433,-0.743685
10434,-0.6903873
10435,-0.5405294
10436,-0.47947967
10437,-0.061365895
10438,-0.8437947
10439,-9.365274
10440,-0.5615055
10441,-0.30107218
10442,-0.56745046
10443,-0.87698245
10444,-0.39097822
10445,-0.8499137
10446,-2.2698865
10447,-0.4346237
10448,-0.7384519
10449,-0.66459996
10450,-0.46224755
10451,-0.44850048
10452,-0.5942102
10453,-0.3888055
10454,-0.48828223
10455,-0.4960714
10456,-0.30107218
10457,-0.47947967
10458,-2.1169016
10459,-0.29257438
10460,-0.2978754
10461,-0.84112185
10462,-0.4011958
10463,0.020047912
10464,-0.5836151
10465,-0.3998271
10466,-0.4346237
10467,-0.6101815
10468,-0.3998271
10469,-0.29514053
10470,-0.45490503
10471,-0.52807784
10472,-0.46997124
10473,-0.7580759
10474,-0.52677596
10475,-0.39097822
10476,0.11538953
10477,0.44393626
10478,0.11535349
10479,-0.68099904
10480,0.4489339
10481,0.022177247
10482,0.3189554
10483,0.36002856
10484,0.07714034
10485,0.31464487
10486,0.04142601
10487,0.30393505
10488,0.769316
10489,0.08285983
10490,-1.4548708
10491,0.58152175
10492,-0.13178697
10493,0.50903666
10494,0.82375
10495,-0.6891499
10496,0.44494417
10497,0.42025632
10498,0.46422723
10499,-0.69237334
10500,-0.90969735
10501,-1.0691493
10502,-0.40572873
10503,-0.6640038
10504,-0.61572933
10505,-0.31591636
10506,0.19110154
10507,-0.9280311
10508,-0.7265003
10509,-0.63993937
10510,0.12260742
10511,-0.8401748
10512,-0.5504632
10513,-0.5650962
10514,0.16389771
10515,-0.86684155
10516,0.36471233
10517,-0.268856
10518,-0.54524034
10519,0.722749
10520,-0.45467523
10521,0.98177147
10522,-0.09970714
10523,0.10983918
10524,-0.29568455
10525,0.001763393
10526,-2.2692666
10527,-1.27569
10528,-1.3237975
10529,0.017704276
10530,-1.0690705
10531,-0.9847926
10532,0.22861987
10533,0.043536074
10534,-1.4690385
10535,-0.40090486
10536,0.488422
10537,-0.68358934
10538,0.38634002
10539,-1.3617834
10540,-0.3159931
10541,-1.4778789
10542,-0.3324697
10543,0.08948234
10544,-1.3320383
10545,-0.90407956
10546,0.33953512
10547,-1.9229794
10548,-0.48104832
10549,0.27601886
10550,-1.3115071
10551,-1.5808313
10552,-1.3326613
10553,-0.8832221
10554,-1.3386077
10555,-1.0180845
10556,0.07424597
10557,-1.372342
10558,-0.03992099
10559,-0.28036037
10560,-1.3320383
10561,0.8030773
10562,0.34331125
10563,-1.2666689
10564,-0.5735256
10565,-1.4772671
10566,0.084640935
10567,-1.4718007
10568,-0.741165
10569,-1.0270325
10570,0.23424743
10571,-0.31030542
10572,0.03291189
10573,0.5762587
10574,-1.3351591
10575,-0.6182909
10576,-1.8614483
10577,0.50469464
10578,-0.5457936
10579,0.7348509
10580,-1.1594107
10581,-0.41063404
10582,-0.57036513
10583,-0.8232172
10584,-0.30658254
10585,0.0010624059
10586,-0.9372033
10587,-0.58544016
10588,-0.41926357
10589,0.09295473
10590,0.61088735
10591,0.7215781
10592,-0.479222
10593,-0.58743703
10594,0.7519624
10595,-0.48930573
10596,0.103692755
10597,-1.4819769
10598,-0.7728842
10599,0.18076512
10600,-0.784176
10601,0.16382906
10602,-0.6299695
10603,-0.3734272
10604,-0.3581383
10605,0.0019778966
10606,-0.10526145
10607,0.060808513
10608,-0.5421128
10609,0.40667608
10610,-0.729311
10611,-0.43016744
10612,0.7958449
10613,-0.5180452
10614,-0.33898312
10615,-1.4296149
10616,-0.40801367
10617,-0.93178934
10618,0.1929375
10619,0.5375558
10620,0.15364581
10621,-0.13686562
10622,-0.09559298
10623,-0.0843619
10624,0.42247203
10625,-0.13563116
10626,-1.3512268
10627,1.7367603
10628,-0.39882535
10629,-0.27499732
10630,0.10814574
10631,0.45791945
10632,-1.1840748
10633,1.3397212
10634,-0.047413956
10635,0.19388732
10636,-0.13686562
10637,0.014649437
10638,-1.5304517
10639,1.415914
10640,-0.05602364
10641,-1.276424
10642,2.4405646
10643,-0.8417145
10644,0.15374617
10645,0.5593155
10646,0.024765927
10647,-0.28459078
10648,0.52260274
10649,0.60388255
10650,-0.029653462
10651,-0.021486526
10652,-0.430732
10653,-0.2621693
10654,0.27325273
10655,-0.047413956
10656,-1.0559753
10657,1.3047545
10658,0.5237292
10659,-0.19343895
10660,-2.151706
10661,-0.47181273
10662,-0.082638465
10663,0.3478032
10664,0.12541027
10665,-1.3790809
10666,2.0130289
10667,0.03683972
10668,-0.71633404
10669,-0.23714066
10670,0.19815268
10671,-1.1703025
10672,-0.28694066
10673,0.29691175
10674,-1.3803797
10675,-1.2544386
10676,-0.95295745
10677,-1.41696
10678,-1.175979
10679,-1.840238
10680,-0.5869289
10681,-1.4981374
10682,0.052878853
10683,0.3368121
10684,-0.4366389
10685,0.39627376
10686,2.263724
10687,-1.3182735
10688,-0.23484649
10689,-1.1949465
10690,0.124777466
10691,-1.5211483
10692,2.2830844
10693,0.61320454
10694,0.42162204
10695,-0.13630132
10696,0.42638394
10697,-1.1030724
10698,1.3698854
10699,0.37320516
10700,0.19490588
10701,-0.92360115
10702,2.3637393
10703,0.7365824
10704,-1.5221176
10705,2.5000288
10706,-0.096523695
10707,-1.3447471
10708,-0.070506394
10709,-0.18740396
10710,0.37356266
10711,-1.5111873
10712,1.9573278
10713,0.58536303
10714,0.3823729
10715,-1.2525547
10716,1.9273481
10717,0.569494
10718,0.3560757
10719,-1.2027172
10720,2.2629256
10721,0.58536303
10722,-0.685693
10723,0.74040264
10724,-0.21617134
10725,-0.7685964
10726,0.7543149
10727,-0.8573512
10728,0.3879555
10729,-1.7319452
10730,-1.4339297
10731,-0.66823626
10732,2.9068327
10733,-1.4777815
10734,-1.1925147
10735,0.032609843
10736,-0.41342127
10737,-0.2443283
10738,-0.09540681
10739,-0.16308613
10740,0.99468166
10741,-0.37513503
10742,0.587423
10743,-0.13869804
10744,0.44021896
10745,0.3835604
10746,-0.3320509
10747,0.8401934
10748,0.35891613
10749,0.64440477
10750,0.85290205
10751,-1.0917972
10752,0.57686776
10753,0.13396029
10754,-1.1041943
10755,0.33494666
10756,-0.906839
10757,0.3179557
10758,-1.0576699
10759,0.45637318
10760,0.51202023
10761,0.7636353
10762,0.6375261
10763,0.08140652
10764,0.5518733
10765,-0.5505179
10766,-2.6581893
10767,0.4001427
10768,-1.5262687
10769,0.19895415
10770,-0.39133507
10771,0.41195473
10772,0.60919225
10773,1.023931
10774,0.4446108
10775,-0.41350055
10776,-0.5614731
10777,-1.1028512
10778,0.30950794
10779,0.35290992
10780,1.1821512
10781,0.9648634
10782,0.3893397
10783,1.1183428
10784,1.0348939
10785,-0.23186685
10786,-0.3114936
10787,-1.5818193
10788,-1.9170389
10789,0.052122004
10790,-0.08014308
10791,2.6359448
10792,-1.4586337
10793,0.16914816
10794,-0.18363449
10795,2.737648
10796,-1.3537633
10797,-0.3471102
10798,-0.19832309
10799,0.11153732
10800,-0.32756922
10801,-0.15799816
10802,-0.2340839
10803,0.0651952
10804,-0.052926686
10805,-1.2469902
10806,-0.4351649
10807,0.2153414
10808,-0.45187113
10809,-0.7059662
10810,0.5785307
10811,-2.8770883
10812,-0.22020319
10813,-1.2746459
10814,2.6146233
10815,-1.1335868
10816,-0.22000377
10817,-1.3780371
10818,2.5672407
10819,-1.3121451
10820,-0.22020319
10821,-1.6748648
10822,2.3792005
10823,-0.45334637
10824,-0.5000721
10825,-2.8580272
10826,0.6832536
10827,-0.5413294
10828,-0.4297335
10829,0.10020734
10830,-0.2180113
10831,-0.5779418
10832,-0.2770177
10833,-1.1200325
10834,0.30523908
10835,-0.7624813
10836,-0.42830673
10837,-1.2441379
10838,0.23552173
10839,-0.4541077
10840,-0.38094535
10841,-0.434398
10842,-0.74209434
10843,-0.6282211
10844,-0.6961234
10845,-0.0920464
10846,-0.2909968
10847,-0.39424402
10848,-0.39097822
10849,-0.5942336
10850,-0.06542645
10851,0.2500038
10852,0.43263447
10853,-0.13114645
10854,-1.8021344
10855,0.47019228
10856,-0.048861988
10857,-0.46141177
10858,-0.89166
10859,-0.47428718
10860,-0.016634235
10861,-0.7767737
10862,0.17759527
10863,-0.15865293
10864,0.57557434
10865,0.63076574
10866,-0.37186545
10867,-0.92792284
10868,0.3695814
10869,-0.45665786
10870,-0.9155552
10871,-0.63989675
10872,0.56546015
10873,0.42614955
10874,-0.7934671
10875,0.47207803
10876,0.20255274
10877,-0.5563351
10878,0.62936753
10879,0.5431614
10880,0.043604895
10881,1.0213457
10882,-0.7075887
10883,-0.121158294
10884,0.30393505
10885,0.9912742
10886,-0.3124708
10887,-0.6553593
10888,-2.9815137
10889,-0.4920605
10890,-1.0572281
10891,0.094452985
10892,-0.37350932
10893,-1.2892888
10894,-1.1072233
10895,-0.8148481
10896,-1.5002878
10897,-1.3492148
10898,0.4728993
10899,-1.4700403
10900,-0.8808422
10901,0.9549106
10902,-0.90249914
10903,-0.81886196
10904,0.42586732
10905,-1.1328113
10906,-0.9777887
10907,-0.8027311
10908,-1.2710401
10909,0.93935704
10910,0.4244814
10911,0.98947585
10912,-0.9924149
10913,-0.7805301
10914,0.09807319
10915,0.33063075
10916,-0.1763649
10917,0.23320274
10918,-0.2783817
10919,-0.40825158
10920,-0.016444951
10921,-0.6809403
10922,-1.995484
10923,-0.08881247
10924,-0.08799027
10925,-1.5122417
10926,0.16382906
10927,-0.6299695
10928,-1.1073823
10929,0.6524171
10930,-0.7457896
10931,-0.11815434
10932,-1.1784687
10933,-0.1084656
10934,-0.4765077
10935,-0.42617217
10936,0.6546018
10937,-0.46495116
10938,-1.3485059
10939,0.17102304
10940,-1.22961
10941,-0.24425775
10942,0.16638142
10943,0.5981535
10944,-0.43298817
10945,-0.35187542
10946,-0.09800872
10947,0.5709687
10948,-0.22456193
10949,1.8171664
10950,-1.4573716
10951,0.5566801
10952,-0.03211735
10953,-0.62773806
10954,-0.24425775
10955,-1.3335519
10956,-0.06003247
10957,-0.08936579
10958,-1.1370285
10959,0.16115375
10960,0.09964463
10961,-1.2168796
10962,0.4287945
10963,-1.1063241
10964,-1.1061486
10965,-0.21465658
10966,0.10717294
10967,-1.281713
10968,-0.11788945
10969,0.32106417
10970,-0.95356506
10971,0.04289118
10972,0.13139316
10973,0.49119368
10974,-0.15220731
10975,-0.039296087
10976,0.08009651
10977,0.6042308
10978,-0.043545566
10979,0.1521504
10980,-0.121158294
10981,0.037527487
10982,0.009106323
10983,0.035920013
10984,0.52441114
10985,-2.4173036
10986,-0.97999775
10987,-0.4651485
10988,0.11428709
10989,-0.917277
10990,-0.5504632
10991,-0.21826907
10992,-0.07130601
10993,-0.5483372
10994,0.31308794
10995,-0.33739516
10996,-0.5604939
10997,-0.6191104
10998,-0.30658254
10999,0.012034722
11000,-0.59057456
11001,-0.36216798
11002,-0.4651485
11003,-0.025229862
11004,0.5798614
11005,0.45831183
11006,0.3698615
11007,-0.016008181
11008,0.83826727
11009,-0.32990664
11010,-0.45271802
11011,-0.76719147
11012,-0.35332707
11013,0.1682389
11014,-0.13906674
11015,-0.049633734
11016,-0.11815434
11017,0.05346554
11018,-0.6308923
11019,-0.471998
11020,-2.1758912
11021,-0.38019085
11022,-0.5767532
11023,-0.2367041
11024,-0.16080128
11025,-0.04647385
11026,-0.17910877
11027,-0.33627442
11028,-0.99580497
11029,-0.25365168
11030,-0.9408477
11031,-0.8537886
11032,-0.049334012
11033,-0.2589451
11034,-0.17198169
11035,-0.5077415
11036,-0.10306563
11037,0.61221147
11038,-0.34170523
11039,-2.6523287
11040,-0.15627114
11041,-0.7223562
11042,-0.10961612
11043,0.6925902
11044,0.25903967
11045,-0.16557239
11046,0.8818627
11047,-0.19045714
11048,0.22322015
11049,-0.27931345
11050,-0.81408405
11051,-2.6433039
11052,-0.037011527
11053,-1.4885311
11054,0.1705541
11055,-1.7298357
11056,-0.22440691
11057,-0.19462416
11058,-0.0033423065
11059,-1.3366324
11060,-0.05602364
11061,-1.3504338
11062,-1.0419858
11063,0.109288506
11064,0.57853955
11065,0.573468
11066,0.0013783694
11067,-0.7831981
11068,-0.42210516
11069,-0.33126894
11070,0.45489094
11071,0.5485192
11072,-0.70568174
11073,0.19409005
11074,-0.55852747
11075,-0.24170297
11076,0.39805198
11077,0.3770418
11078,-0.6069812
11079,0.40746215
11080,-0.37394503
11081,-0.6955337
11082,-0.43705687
11083,-1.3275009
11084,0.63819736
11085,0.55129474
11086,-1.4826419
11087,-1.4118634
11088,0.48088607
11089,-1.3666197
11090,-1.7384769
11091,0.44200984
11092,-1.3617834
11093,-0.34565303
11094,-1.1821659
11095,-0.07154366
11096,-0.08565652
11097,0.037973534
11098,0.33396587
11099,-0.42129302
11100,0.5229317
11101,-1.3287696
11102,-0.73344356
11103,-0.48106918
11104,-1.2971636
11105,-0.7621806
11106,-0.8616793
11107,0.36166403
11108,0.11473476
11109,0.3826828
11110,0.32285362
11111,-1.0779063
11112,-0.21458137
11113,-1.7365777
11114,-0.4880979
11115,-1.3585217
11116,-0.21111855
11117,-0.14037497
11118,-2.413158
11119,-0.48807347
11120,-0.1131616
11121,-1.1723589
11122,0.658105
11123,-1.5688995
11124,-0.83005774
11125,-1.833179
11126,-0.6994978
11127,-1.0408643
11128,-0.66415286
11129,-1.1669788
11130,-1.1610645
11131,-1.7722279
11132,-0.7621806
11133,-0.88216627
11134,-0.83065593
11135,-0.81246686
11136,-0.37136513
11137,-0.9872881
11138,-0.2321358
11139,-0.36147416
11140,-0.00346686
11141,1.0983821
11142,-1.8895748
11143,-0.7621806
11144,-1.0444095
11145,-0.1984469
11146,-0.8641108
11147,-0.77101123
11148,-1.0157088
11149,0.54509956
11150,-1.1105382
11151,-0.62837845
11152,-1.1717755
11153,0.33133525
11154,-0.5332324
11155,-0.18258888
11156,0.42054075
11157,-0.14956447
11158,-0.019624267
11159,-2.102705
11160,-0.15018418
11161,-0.7427543
11162,-0.30164143
11163,-0.25902703
11164,-0.20793425
11165,0.3269721
11166,-0.66156405
11167,-0.36415958
11168,-0.34918606
11169,-0.035645396
11170,-0.05586263
11171,-0.37348688
11172,0.17116241
11173,-0.9211725
11174,-0.3273402
11175,-2.3894668
11176,-0.057726283
11177,0.11125984
11178,-1.0786384
11179,-0.30989805
11180,0.119470604
11181,-0.10040731
11182,-0.1691561
11183,-2.227297
11184,-0.34299755
11185,-0.49714836
11186,-0.4406809
11187,-0.34377006
11188,0.22890048
11189,0.042426143
11190,-0.034491945
11191,-0.4140059
11192,0.010122871
11193,-0.2788073
11194,-0.97195745
11195,0.117286734
11196,-0.11090445
11197,0.06522816
11198,-0.13090336
11199,0.15300451
11200,0.40093967
11201,-1.2593437
11202,-0.9141927
11203,0.54834175
11204,-0.018019523
11205,-0.77655125
11206,0.5472729
11207,-0.3581383
11208,0.117286734
11209,-0.35463658
11210,-0.03144194
11211,-0.17179638
11212,0.2542594
11213,-0.17014857
11214,-0.8989645
11215,-0.25902703
11216,-0.067994975
11217,-0.19391923
11218,0.004933752
11219,-1.7351358
11220,-0.3670305
11221,0.08449314
11222,-0.9401825
11223,-0.3042795
11224,0.0276688
11225,-0.10526145
11226,-0.24990258
11227,-0.3323954
11228,0.084385835
11229,-0.6299695
11230,-0.03506745
11231,-0.0033423065
11232,-1.0650618
11233,1.686407
11234,0.014649437
11235,-1.2970024
11236,1.5391512
11237,0.004020213
11238,-1.5724648
11239,1.1480329
11240,0.51427686
11241,-0.68951654
11242,-0.36988795
11243,0.004020213
11244,-2.163537
11245,0.6315527
11246,0.05925622
11247,-1.7020917
11248,1.7157112
11249,0.052878853
11250,-1.2829093
11251,1.4809053
11252,-0.6617569
11253,0.1536668
11254,0.31964746
11255,-1.2465684
11256,0.91729426
11257,-0.044917192
11258,-0.8913023
11259,1.1278754
11260,0.19475305
11261,0.6844624
11262,0.86144984
11263,-0.97597224
11264,0.73477167
11265,0.005125961
11266,-1.2105519
11267,0.7970733
11268,0.095419124
11269,-0.8518202
11270,1.0905976
11271,-1.183589
11272,0.34908396
11273,0.16595298
11274,0.05925622
11275,-1.45622
11276,1.0342554
11277,-0.19316539
11278,-0.047413956
11279,-1.5751811
11280,1.5458578
11281,0.2802872
11282,-1.1499858
11283,0.9101829
11284,0.06368935
11285,0.1705541
11286,-1.5350822
11287,0.9265456
11288,-0.047413956
11289,-1.2278879
11290,0.9071971
11291,-0.0033423065
11292,-1.0650618
11293,0.46934462
11294,0.150124
11295,0.19998059
11296,0.25022748
11297,-0.23911214
11298,0.22871305
11299,-0.110892095
11300,0.30414295
11301,0.35161993
11302,0.21679376
11303,0.17664544
11304,0.35992843
11305,0.39935333
11306,0.29997522
11307,0.6883716
11308,-0.6144588
11309,0.7802702
11310,0.44132724
11311,0.46604753
11312,-0.21950687
11313,0.713542
11314,0.008873409
11315,0.9229015
11316,0.2820294
11317,1.0832253
11318,1.1532524
11319,0.11524449
11320,0.41975152
11321,0.6760201
11322,0.2802872
11323,-1.5419669
11324,-0.07449524
11325,-1.1827899
11326,-0.3338565
11327,-0.07550563
11328,0.15884994
11329,-1.4492443
11330,2.2534215
11331,0.5811373
11332,0.4069263
11333,-1.4898287
11334,-1.6193064
11335,-0.05602364
11336,-0.55702996
11337,0.0057492773
11338,0.28551108
11339,-1.3445201
11340,2.2173812
11341,0.6085328
11342,0.5782793
11343,-1.014693
11344,2.2198336
11345,0.30750275
11346,-0.8684611
11347,-0.31421915
11348,-0.1211028
11349,0.7295994
11350,-1.3321329
11351,2.208198
11352,0.305586
11353,-1.240733
11354,-0.057844467
11355,-1.0224541
11356,-1.017152
11357,2.6134796
11358,-1.5499586
11359,0.36316293
11360,-1.289122
11361,2.2135074
11362,0.5705005
11363,-1.0993257
11364,-0.035152063
11365,-0.07449524
11366,-0.32373744
11367,-0.14955641
11368,-0.16855825
11369,0.37356266
11370,-1.5811613
11371,1.831189
11372,0.5157078
11373,-0.7913583
11374,-0.5408621
11375,-1.2436194
11376,-0.55341846
11377,-4.1706514
11378,-1.6215192
11379,0.5237292
11380,-1.6967313
11381,0.011290769
11382,0.55629116
11383,-0.12525734
11384,-1.4601951
11385,0.3811696
11386,-22.636679
11387,2.1389177
11388,0.5027345
11389,0.40042767
11390,0.6695531
11391,0.26366973
11392,0.5373749
11393,0.08112493
11394,-0.21638955
11395,0.61419666
11396,-0.8566272
11397,-1.1305746
11398,-1.2942362
11399,0.52111125
11400,0.5692454
11401,0.39256468
11402,0.4558571
11403,-0.45236075
11404,-1.3050355
11405,0.26165566
11406,0.30953202
11407,0.31308794
11408,0.11961573
11409,0.9639266
11410,0.7106427
11411,0.1871861
11412,-5.3153234
11413,0.5728299
11414,0.4510292
11415,0.15755488
11416,-0.54693055
11417,-0.01564357
11418,1.0397457
11419,0.1871861
11420,-0.5933363
11421,0.26649982
11422,0.86219835
11423,0.2885045
11424,-0.88321316
11425,-0.056494527
11426,0.2919841
11427,0.6523695
11428,-0.18378001
11429,-0.88254017
11430,-0.1457866
11431,0.23649158
11432,-0.5966466
11433,-0.5685963
11434,0.73115635
11435,-1.0399994
11436,1.110653
11437,0.8313568
11438,1.0186658
11439,0.73216075
11440,0.5384817
11441,0.05687217
11442,-0.41642556
11443,0.54072034
11444,-0.70715195
11445,0.30708128
11446,0.98339427
11447,0.31308794
11448,0.3224877
11449,-1.6077822
11450,0.73216075
11451,1.4191067
11452,0.51239496
11453,-0.48478168
11454,-1.2347618
11455,0.926445
11456,0.44798377
11457,-0.95758665
11458,0.62701327
11459,0.08661637
11460,0.13729444
11461,0.23026578
11462,0.5860899
11463,0.1871861
11464,-2.6099412
11465,0.6020386
11466,-0.025610525
11467,0.768013
11468,-0.16715688
11469,-1.6490244
11470,2.7645316
11471,-1.7175466
11472,-0.205321
11473,-0.24240668
11474,0.06425899
11475,-0.12470958
11476,-0.44208518
11477,-1.3062779
11478,2.3792005
11479,-1.1128731
11480,-0.45334637
11481,-0.20793425
11482,-0.08534968
11483,-0.106573835
11484,-0.15085447
11485,-0.35780093
11486,-0.12045041
11487,-0.21015449
11488,-0.085816436
11489,-0.23473662
11490,-1.5597805
11491,1.2976865
11492,-1.2954254
11493,0.16500662
11494,1.2822483
11495,-1.3926771
11496,0.34746173
11497,-0.24439365
11498,-0.44334593
11499,-0.68716705
11500,0.61733675
11501,0.23395811
11502,1.5545933
11503,-0.16654532
11504,-0.27981713
11505,0.069753475
11506,-0.36495566
11507,0.12389367
11508,-0.25653434
11509,0.20024548
11510,0.19701277
11511,-0.52636504
11512,-0.3073061
11513,0.06425899
11514,0.09320848
11515,-0.2645043
11516,-1.9297917
11517,2.6432707
11518,-1.2093599
11519,-0.3215133
11520,-0.3987121
11521,0.08303236
11522,-0.11151398
11523,-1.0188973
11524,0.02605621
11525,-0.59517556
11526,0.53155535
11527,-0.18445654
11528,-1.3707844
11529,2.3792005
11530,0.035960466
11531,-0.37794763
11532,0.06425899
11533,-0.062019385
11534,1.1202605
11535,0.569298
11536,-0.74475676
11537,0.11153732
11538,-0.5267417
11539,-0.26693302
11540,-1.3329377
11541,2.4488883
11542,-1.3409611
11543,-0.1484541
11544,0.39256468
11545,0.42614955
11546,-2.110383
11547,-0.92155695
11548,0.48727593
11549,-1.0259857
11550,-0.6705473
11551,0.2825237
11552,-0.6252219
11553,-0.008324941
11554,0.4220618
11555,-1.3126962
11556,-0.95831275
11557,0.46219742
11558,-0.65535414
11559,0.4640153
11560,0.77145094
11561,0.08358298
11562,1.303203
11563,0.24775037
11564,0.3627869
11565,0.43794408
11566,0.47781616
11567,0.3628572
11568,0.5422215
11569,0.18695381
11570,-0.6555688
11571,-0.07726726
11572,-0.33666953
11573,-0.58802277
11574,0.30431542
11575,-0.53002185
11576,-0.90396583
11577,0.20397161
11578,-0.49137673
11579,-0.90396583
11580,0.15387206
11581,-0.33412734
11582,-1.8260279
11583,0.26631886
11584,-1.1006471
11585,-1.3028756
11586,0.2093285
11587,-1.9141588
11588,-2.3687778
11589,-0.598382
11590,-0.227201
11591,0.31535444
11592,-0.598382
11593,-0.9763685
11594,0.4741266
11595,-0.4727227
11596,-0.48856655
11597,-0.41304585
11598,-1.1061486
11599,0.67003506
11600,0.18695381
11601,-0.5942336
11602,-0.7865
11603,-0.55405205
11604,-1.5982379
11605,0.2919841
11606,0.7604935
11607,-0.07519657
11608,0.3437922
11609,-0.46058086
11610,-0.56902003
11611,-0.4392352
11612,-1.013376
11613,-0.3998271
11614,-0.57476443
11615,-0.14108814
11616,0.46678174
11617,-0.003691782
11618,0.7175719
11619,0.30909085
11620,-1.3820564
11621,-0.8635243
11622,0.43500623
11623,0.030214928
11624,0.37108406
11625,-0.021083001
11626,-0.25520986
11627,0.6406462
11628,-0.0054344605
11629,0.628348
11630,0.30034748
11631,0.31463152
11632,-1.9390565
11633,0.29328933
11634,0.16039306
11635,-1.4305841
11636,0.29823515
11637,-0.9452585
11638,0.16907983
11639,-1.1816347
11640,0.51416576
11641,-0.18757416
11642,-0.5019382
11643,-0.19624043
11644,-1.4033946
11645,-0.016289627
11646,-0.6199143
11647,-0.4624358
11648,-1.1582466
11649,-0.6070991
11650,-0.29939225
11651,-0.7221381
11652,-0.0443154
11653,-1.1612642
11654,0.25521243
11655,0.33725944
11656,0.17779106
11657,-0.22120532
11658,-0.11251462
11659,-1.2901397
11660,-0.006283387
11661,-0.03880088
11662,-0.7180541
11663,-0.11869733
11664,0.04321473
11665,-0.42545173
11666,-0.03877174
11667,-0.11893171
11668,-0.44048393
11669,-2.9984877
11670,-0.805456
11671,-0.84322953
11672,0.22930394
11673,-0.8233593
11674,-1.9443394
11675,0.26081458
11676,0.33619744
11677,-0.9068213
11678,-1.4958093
11679,0.13997464
11680,0.17125942
11681,-2.9286182
11682,0.43529594
11683,-2.7970848
11684,0.27141926
11685,-0.1593001
11686,-1.9372381
11687,-0.08523246
11688,0.14688694
11689,-1.3469745
11690,-0.9768758
11691,-0.9847448
11692,-0.3900777
11693,-0.44966027
11694,0.84044886
11695,-0.9771314
11696,-0.32480717
11697,-0.79832673
11698,-1.2867755
11699,0.19806202
11700,-0.40280092
11701,-0.09127402
11702,-0.83656025
11703,-0.44493195
11704,-0.24820621
11705,-0.36523795
11706,0.9437274
11707,0.63376945
11708,0.5406279
11709,0.36071467
11710,-0.22041823
11711,-0.03630377
11712,0.7457886
11713,-0.1112265
11714,-0.4231007
11715,-0.7170723
11716,1.3485143
11717,-0.68263745
11718,0.3000555
11719,-1.5267545
11720,-1.9166619
11721,-0.8417145
11722,-0.7011809
11723,-2.485929
11724,0.6149882
11725,-1.0103376
11726,-0.11939753
11727,0.48726684
11728,0.6340432
11729,-0.16801426
11730,0.896604
11731,-1.3063079
11732,0.8493303
11733,-1.0419858
11734,0.567486
11735,0.58705324
11736,-1.8416436
11737,-0.2517434
11738,1.128857
11739,0.3940654
11740,0.31667536
11741,-0.14567329
11742,0.5759518
11743,-0.48656735
11744,-0.916832
11745,-0.33295387
11746,-0.034420956
11747,-0.6854122
11748,-2.6767402
11749,0.9027606
11750,-3.6570518
11751,0.5972007
11752,-0.13574679
11753,-1.6520509
11754,-1.933616
11755,-0.22504492
11756,-0.03925229
11757,0.6526582
11758,-0.13425012
11759,-0.21931328
11760,-1.197993
11761,-0.7714069
11762,0.27024317
11763,-0.26378366
11764,-0.01985058
11765,-1.3257551
11766,-1.6148378
11767,-0.30166537
11768,-1.5630593
11769,-0.7012074
11770,1.5342693
11771,-0.33745572
11772,0.37355715
11773,-0.31117457
11774,0.17895879
11775,-0.029671289
11776,-0.3245312
11777,-0.36372045
11778,-0.33014408
11779,-0.3691619
11780,-0.05193334
11781,0.29907733
11782,-0.34516868
11783,-0.5408749
11784,1.1735339
11785,0.07207
11786,-0.13580094
11787,-0.44636345
11788,-1.0156374
11789,-1.1687942
11790,-0.40637568
11791,0.30633283
11792,1.2809222
11793,-0.5511337
11794,0.5949144
11795,-0.17779943
11796,0.2723488
11797,-2.2176216
11798,1.3562068
11799,-0.01536297
11800,-0.9472585
11801,0.13848597
11802,-1.2251803
11803,0.7887255
11804,0.23600589
11805,0.5578634
11806,-0.36837292
11807,-0.74374706
11808,-0.33255973
11809,-0.32033095
11810,-0.004258438
11811,0.472072
11812,-1.3384156
11813,0.4021991
11814,-0.2596341
11815,0.2842909
11816,-0.63058484
11817,0.73735577
11818,2.9190333
11819,0.6906651
11820,-1.043695
11821,0.25652707
11822,0.13098662
11823,-0.012659397
11824,0.45623446
11825,0.024765927
11826,-1.12865
11827,1.6745977
11828,0.28559473
11829,-0.61311775
11830,0.5197341
11831,0.38789403
11832,0.0018638639
11833,-0.89779633
11834,-3.5560486
11835,-0.28430885
11836,-0.17064445
11837,-5.0732083
11838,0.33065823
11839,0.46219742
11840,1.046206
11841,0.46219742
11842,0.1531698
11843,-1.925638
11844,-0.82435226
11845,-0.3475415
11846,-0.55832934
11847,0.55070186
11848,-0.15602481
11849,-0.10392935
11850,-0.5254124
11851,-0.4423645
11852,0.16364916
11853,0.61382097
11854,-0.73513484
11855,-0.85395926
11856,0.14017555
11857,-0.5283872
11858,-1.148565
11859,-0.41127035
11860,-0.5373775
11861,-1.2040461
11862,-0.46553433
11863,0.03608138
11864,0.3398037
11865,0.5144875
11866,0.25451353
11867,0.43645903
11868,-0.15625045
11869,-0.62468976
11870,0.34385008
11871,-1.1528664
11872,0.3251277
11873,-1.3808205
11874,-0.15246138
11875,-0.938504
11876,-0.09754381
11877,-0.85176045
11878,0.31245783
11879,0.41728285
11880,0.5773091
11881,-0.7382113
11882,1.2567275
11883,-0.8985777
11884,-0.5300518
11885,0.055900294
11886,0.3124945
11887,-0.49301755
11888,-4.0652976
11889,1.4144249
11890,0.17541556
11891,-0.5432489
11892,-0.7560456
11893,-1.2821165
11894,-0.10684826
11895,0.5061583
11896,0.35824844
11897,-0.8530727
11898,0.8530808
11899,0.97091144
11900,1.2687527
11901,-0.49847457
11902,0.489322
11903,1.9627697
11904,0.084601946
11905,1.6502249
11906,-0.74161446
11907,0.535429
11908,0.5006658
11909,-0.6557777
11910,-0.08955159
11911,0.17520641
11912,-0.26789197
11913,0.4479681
11914,-0.63327247
11915,-0.7163658
11916,-0.193927
11917,-1.0967671
11918,-1.1850516
11919,-0.19356102
11920,0.019214112
11921,-1.3799399
11922,-0.1959774
11923,-0.57855874
11924,-0.45812124
11925,-0.02556536
11926,-0.31414536
11927,-5.7688403
11928,-0.8431381
11929,1.1139756
11930,0.22049153
11931,-0.5893869
11932,0.24587543
11933,-0.9589033
11934,1.1084229
11935,-0.3167061
11936,0.23604767
11937,-1.0418917
11938,-0.0458067
11939,-0.6544147
11940,-0.0750708
11941,-0.76901376
11942,-0.35148567
11943,-0.54384667
11944,0.18044378
11945,0.5155112
11946,-0.16544415
11947,-0.80852795
11948,0.61570936
11949,-0.5107689
11950,0.5069133
11951,0.5323547
11952,-0.31763348
11953,-0.070774265
11954,-1.1346418
11955,0.20961581
11956,-1.0146947
11957,-0.67419636
11958,-1.313353
11959,-0.123307295
11960,-0.40020332
11961,-0.37214294
11962,-0.06500378
11963,-0.57324207
11964,-3.418161
11965,-0.18656246
11966,0.24361804
11967,-0.42070016
11968,-0.20210123
11969,0.06581257
11970,-0.75396526
11971,-0.18749025
11972,-5.0108027
11973,-1.7830145
11974,-0.18494214
11975,0.1966007
11976,-0.35166895
11977,-1.7350128
11978,0.05101203
11979,-1.2351547
11980,-0.9399199
11981,-1.1707361
11982,0.31962323
11983,-2.4329505
11984,-0.26466423
11985,0.55129474
11986,-0.1988545
11987,-0.14344165
11988,-1.3518951
11989,-3.0096297
11990,0.16470607
11991,-2.1708622
11992,-0.14780739
11993,-0.84133846
11994,-1.5553852
11995,-2.757815
11996,0.28840724
11997,-2.0289848
11998,-2.5894904
11999,-0.16748142
12000,-0.47181466
12001,-2.8122911
12002,-0.6870011
12003,-1.4528245
12004,1.0635462
12005,0.5657553
12006,-0.95626736
12007,0.080227666
12008,-0.3119392
12009,-0.34696785
12010,-0.40234262
12011,0.25803137
12012,0.7971935
12013,-0.32785285
12014,-0.32165116
12015,0.4645729
12016,-0.5812128
12017,0.13724522
12018,0.069178514
12019,-2.1950147
12020,-0.5995601
12021,0.3269721
12022,0.5781843
12023,-0.55852747
12024,1.0993348
12025,-1.1310415
12026,-0.75780153
12027,-1.9267884
12028,-0.74305356
12029,-0.25365168
12030,-0.9944339
12031,0.09243154
12032,0.07841639
12033,-0.43135092
12034,0.54976386
12035,1.5575478
12036,-0.45016533
12037,0.37288272
12038,-0.043048695
12039,-0.54530853
12040,-0.57814467
12041,0.3468906
12042,-0.41961902
12043,0.31786373
12044,0.6195067
12045,-0.16509262
12046,-1.9859363
12047,-0.6212855
12048,-1.2585713
12049,-0.30143532
12050,0.7456843
12051,-0.3966289
12052,1.3685464
12053,1.8380767
12054,1.0524083
12055,-0.12861721
12056,-0.9346851
12057,-1.2350056
12058,0.19685598
12059,0.48090518
12060,-0.00054204714
12061,-0.22406559
12062,-0.8293989
12063,0.19844197
12064,0.18255389
12065,0.07744918
12066,0.16608244
12067,0.18137065
12068,2.2199519
12069,0.15066911
12070,-3.5100493
12071,-0.03566083
12072,0.7968781
12073,-0.19315022
12074,-0.010274895
12075,0.009990742
12076,-0.8181732
12077,-0.8207233
12078,-0.7640224
12079,-3.3557155
12080,-0.6429865
12081,1.341077
12082,-0.095653325
12083,-0.80445313
12084,-0.94447327
12085,0.67470825
12086,-1.3857307
12087,1.3399532
12088,-1.4258078
12089,1.558244
12090,-1.812642
12091,0.123783484
12092,-1.4736946
12093,1.5053178
12094,-0.8013169
12095,0.0423534
12096,1.0342726
12097,-0.0864787
12098,-0.2555494
12099,-0.07868703
12100,-0.37229127
12101,-0.085824385
12102,1.3037987
12103,-0.6753578
12104,0.55678713
12105,-19.450298
12106,-0.2508334
12107,0.1891155
12108,-5.977303
12109,-3.3118103
12110,-1.2174206
12111,-1.3093898
12112,-0.311524
12113,-2.6664283
12114,-3.3080661
12115,-0.39852396
12116,0.3676445
12117,0.31847668
12118,-0.32208943
12119,1.0135651
12120,-0.61505836
12121,1.6995773
12122,-1.2343218
12123,0.5371927
12124,-1.0161167
12125,0.43150124
12126,-1.0113645
12127,1.9285862
12128,-0.894903
12129,-0.21386968
12130,-0.4949144
12131,-0.23805608
12132,0.49571496
12133,0.6689471
12134,0.8379442
12135,0.5265881
12136,-0.9239681
12137,0.12804304
12138,-1.911789
12139,1.7544523
12140,-0.4106134
12141,-1.5906132
12142,0.2408425
12143,-0.8768797
12144,0.1641279
12145,-1.2367446
12146,0.42700425
12147,-1.2872463
12148,-2.0709426
12149,0.56094724
12150,0.9659322
12151,0.04726374
12152,0.7022919
12153,1.1532658
12154,0.64813113
12155,-0.73946416
12156,0.85934275
12157,1.4320302
12158,-6.307085
12159,0.2977004
12160,-0.78641254
12161,-1.0291312
12162,-1.5169784
12163,-0.22061776
12164,0.035058152
12165,-1.1899177
12166,0.27196997
12167,-1.2509965
12168,-0.7472036
12169,-0.26428577
12170,-0.46324003
12171,0.30918357
12172,-1.69
12173,-2.1964953
12174,0.48490232
12175,0.34834966
12176,-0.4223949
12177,-0.044739887
12178,0.33234584
12179,0.4917885
12180,0.7879748
12181,-1.2024381
12182,0.3172031
12183,0.12287668
12184,0.08015381
12185,-1.0408906
12186,0.18149221
12187,-0.33554512
12188,-0.04602821
12189,0.8577854
12190,-0.112625845
12191,-1.2991343
12192,-0.81170195
12193,-0.21575604
12194,-1.0750003
12195,0.20018353
12196,0.11298526
12197,1.1009191
12198,-0.09501012
12199,0.3403128
12200,0.37659487
12201,-0.19026108
12202,-0.97323596
12203,-0.9399199
12204,-0.84943116
12205,-3.7739418
12206,0.08291586
12207,0.3560757
12208,2.0276792
12209,1.0504146
12210,-0.16727537
12211,1.0789973
12212,-0.97023827
12213,1.4885136
12214,1.2094833
12215,-1.4026365
12216,0.31851012
12217,1.1426277
12218,-0.1856762
12219,-1.0754687
12220,0.27792513
12221,-0.0036974493
12222,-0.09799818
12223,1.385614
12224,0.122564554
12225,-0.045384344
12226,0.3148661
12227,0.81950617
12228,-1.3626169
12229,0.014312903
12230,-0.0015502208
12231,0.12570691
12232,1.0904324
12233,-1.0946263
12234,0.163531
12235,-0.98684806
12236,-0.19271038
12237,-0.22962657
12238,-0.8720639
12239,-1.5576252
12240,-1.4751396
12241,-0.403258
12242,-0.7139778
12243,0.51593786
12244,0.86102796
12245,-0.80439407
12246,0.3974437
12247,-0.61917657
12248,0.6319583
12249,-0.016514104
12250,-0.87911725
12251,0.9510022
12252,-0.8057284
12253,0.85011065
12254,0.26353785
12255,-1.6918327
12256,0.049837533
12257,-0.16654532
12258,0.054026254
12259,0.46848688
12260,0.47938922
12261,-0.6895029
12262,-0.55951834
12263,-0.76001334
12264,0.6694292
12265,0.6188909
12266,-0.0119462
12267,0.80341774
12268,0.3076628
12269,0.25987658
12270,-0.52875614
12271,0.8311492
12272,-0.25633618
12273,-0.51866925
12274,-0.933571
12275,-1.0886792
12276,0.34440902
12277,-0.52144784
12278,-0.071110964
12279,-2.1094348
12280,-2.3052778
12281,0.5023367
12282,-0.15182593
12283,0.9215691
12284,0.75168055
12285,0.83887213
12286,-0.9111861
12287,-0.099298194
12288,-1.1599153
12289,-1.3356649
12290,-1.1755385
12291,-0.4530654
12292,-0.45275292
12293,-2.7921722
12294,-1.3688327
12295,0.4430725
12296,-0.8594935
12297,-2.070536
12298,-2.651034
12299,0.545057
12300,-1.8932214
12301,-0.19434811
12302,0.4148762
12303,1.0897509
12304,0.7993563
12305,-0.4558944
12306,-0.5338497
12307,-0.42672688
12308,0.17513329
12309,-0.44353887
12310,-0.55852747
12311,-0.8565162
12312,-0.20479524
12313,0.2733878
12314,0.48764005
12315,-0.33739516
12316,-0.4773504
12317,-0.9042427
12318,-0.24536736
12319,0.32342207
12320,-1.2954199
12321,0.46422723
12322,-0.0029299513
12323,-0.51603794
12324,-0.45271802
12325,-0.30658254
12326,-0.0078516845
12327,-0.59057456
12328,-0.4633308
12329,-0.13029777
12330,-0.064388156
12331,-0.419612
12332,-0.11173003
12333,-1.2873684
12334,0.052878853
12335,-1.1840748
12336,0.25288528
12337,-1.3233002
12338,-0.0015502208
12339,-1.5350822
12340,0.037979297
12341,-1.5350822
12342,-1.2157339
12343,-1.3257551
12344,-0.4967578
12345,-1.1614424
12346,0.005125961
12347,-0.8811207
12348,-1.4382286
12349,0.79887134
12350,-2.1549437
12351,-1.197993
12352,0.7435502
12353,-0.27367112
12354,-0.6532741
12355,-1.3320383
12356,-5.2209196
12357,-1.3617834
12358,-0.69483936
12359,-0.24678446
12360,-0.13985442
12361,-1.7420485
12362,0.2889203
12363,-0.23264763
12364,-0.9372033
12365,-0.7589884
12366,-0.2315998
12367,0.22193734
12368,-0.43102917
12369,-0.62877494
12370,-0.26198086
12371,0.19110154
12372,-0.54024684
12373,-0.21112171
12374,-0.30658254
12375,-0.08518593
12376,-0.53435636
12377,-0.62877494
12378,-0.717736
12379,-0.57333547
12380,-6.022582
12381,0.08110956
12382,-0.6547717
12383,-0.38358676
12384,-0.3042795
12385,0.35623142
12386,-0.16706224
12387,-0.058799606
12388,-0.36415958
12389,0.117286734
12390,-0.28287938
12391,-0.05586263
12392,-0.2958899
12393,0.040237825
12394,-0.14956447
12395,-0.054888427
12396,-0.67563957
12397,0.08310362
12398,-0.64573455
12399,-0.16805987
12400,0.05925622
12401,-0.644132
12402,1.6959847
12403,-0.6959016
12404,-1.3626052
12405,1.0246137
12406,-0.009973782
12407,-1.5622754
12408,1.5643305
12409,-0.9422706
12410,-0.062051523
12411,0.047206007
12412,-0.035105094
12413,-1.0919424
12414,1.4608943
12415,0.024765927
12416,-0.10173393
12417,-0.14911042
12418,-0.07627915
12419,-1.2380232
12420,1.8984376
12421,0.31676447
12422,-0.30162257
12423,0.5726388
12424,0.0056402176
12425,-1.087169
12426,0.9324907
12427,-0.069833525
12428,-1.0907102
12429,0.89732087
12430,0.2096925
12431,-1.3244982
12432,1.4075767
12433,0.6546595
12434,-0.07627915
12435,-1.2970024
12436,1.6839613
12437,0.16159521
12438,-1.5713595
12439,0.9215667
12440,-0.09596701
12441,-1.5713595
12442,1.5869118
12443,-1.1681048
12444,-1.2837287
12445,-1.5425762
12446,-1.349605
12447,-1.4126654
12448,-0.053530417
12449,-0.25850686
12450,-1.3058636
12451,-0.23920435
12452,0.0057492773
12453,-0.55341846
12454,1.2606771
12455,-1.0722584
12456,0.32748598
12457,-1.5043482
12458,2.0357497
12459,0.7442697
12460,0.73465693
12461,-1.3155884
12462,1.9891328
12463,0.48538613
12464,0.58757854
12465,-0.7930736
12466,-0.2469801
12467,0.45791945
12468,-1.3927205
12469,1.9039073
12470,0.58536303
12471,0.6514276
12472,-1.1593575
12473,2.2135074
12474,0.6599433
12475,0.37732995
12476,-1.1666332
12477,2.1172347
12478,0.5841254
12479,0.2992025
12480,-1.0745924
12481,2.181968
12482,0.44755828
12483,0.25589505
12484,-1.7063277
12485,0.33335695
12486,-1.7932407
12487,0.30684927
12488,-0.8829068
12489,0.33335695
12490,0.5268631
12491,0.2374651
12492,-0.4374326
12493,2.8546898
12494,-1.5760027
12495,-1.2174873
12496,-0.28489017
12497,-0.14226627
12498,-0.17539717
12499,-1.0491885
12500,-0.15674652
12501,-0.39393085
12502,-0.386558
12503,-0.49911058
12504,-0.083403386
12505,-0.013247153
12506,-1.953126
12507,-0.7803567
12508,-0.1967557
12509,-0.042368803
12510,0.43467715
12511,-0.8316537
12512,0.73664725
12513,0.37860835
12514,0.38090175
12515,0.39938402
12516,0.38090175
12517,0.9083952
12518,0.6530516
12519,-0.13397534
12520,0.03811738
12521,0.43649197
12522,-0.7692401
12523,0.49621025
12524,-0.9533313
12525,0.19182424
12526,-1.1663915
12527,0.5915595
12528,-0.87772477
12529,0.6577417
12530,-0.28574148
12531,-0.13047577
12532,-1.2331262
12533,2.581987
12534,-0.20435596
12535,-1.4785582
12536,-2.4855962
12537,0.663598
12538,-0.18084094
12539,0.095535405
12540,-0.35651752
12541,-0.43272957
12542,-0.6634632
12543,2.792053
12544,-1.5389291
12545,-0.5947884
12546,0.019878963
12547,-0.27905992
12548,-2.9863997
12549,-0.8291391
12550,0.040872995
12551,0.2647159
12552,-0.2711592
12553,2.7511575
12554,-1.457704
12555,-0.30210078
12556,-1.2726187
12557,2.0487773
12558,-1.2221628
12559,-1.4359341
12560,2.2669954
12561,-1.2084969
12562,-0.16806652
12563,-1.4031899
12564,2.5349305
12565,-0.4819467
12566,-0.30714193
12567,-1.461005
12568,2.49956
12569,-1.4586337
12570,-1.7722249
12571,0.40196872
12572,-2.6348016
12573,-0.14014548
12574,0.83607364
12575,-0.3667938
12576,-0.51779556
12577,-0.24254505
12578,-0.29378727
12579,-0.9158195
12580,-0.37268388
12581,-0.64908016
12582,0.011688558
12583,-0.7181424
12584,-0.25020006
12585,-0.17646246
12586,-0.4011958
12587,-1.1673275
12588,-0.0494498
12589,-1.2860518
12590,0.15853788
12591,-0.9332597
12592,-0.09626976
12593,-2.377821
12594,0.32483476
12595,0.15387206
12596,-0.8000617
12597,-0.24254505
12598,-0.28910923
12599,-0.9049068
12600,0.8557516
12601,0.58045036
12602,0.32683027
12603,-0.4212333
12604,-1.1994182
12605,1.2606771
12606,-1.4611584
12607,-0.5104324
12608,-0.40957877
12609,-0.31973618
12610,-0.30383444
12611,0.3327462
12612,-0.21494006
12613,0.6068847
12614,-0.16941872
12615,0.24441744
12616,-2.569336
12617,-0.32617894
12618,0.23681839
12619,-0.08374309
12620,-1.5323374
12621,-0.057726283
12622,-0.6492483
12623,-0.3482433
12624,0.010122871
12625,-0.6013895
12626,-0.22984716
12627,0.050999437
12628,-0.119226746
12629,-0.2735984
12630,0.41090438
12631,-0.42802283
12632,-1.0375441
12633,-0.10820921
12634,-0.13613318
12635,-0.07375023
12636,-1.303476
12637,0.5538505
12638,-0.07711591
12639,2.2537932
12640,-1.4354684
12641,0.18473351
12642,-0.8267572
12643,-0.19424355
12644,-0.16095012
12645,-0.5604939
12646,-0.4105159
12647,-0.30658254
12648,0.069178514
12649,-2.4173036
12650,-0.45271802
12651,-0.014046796
12652,0.04142141
12653,-0.62059736
12654,0.3965157
12655,-0.268856
12656,-0.60013986
12657,-0.4105159
12658,-0.1301722
12659,-0.06900632
12660,-1.1032174
12661,0.66491336
12662,-0.16563173
12663,-0.5014435
12664,0.0315934
12665,-0.5650962
12666,0.11428709
12667,-0.32617894
12668,0.114566155
12669,-0.17955473
12670,-0.17439163
12671,0.15262029
12672,-0.1867235
12673,-0.55286443
12674,0.6438343
12675,-0.34170523
12676,-0.8998565
12677,-0.529832
12678,-0.35031328
12679,-0.06726168
12680,-0.61300033
12681,0.38775733
12682,-0.39686868
12683,-1.1636198
12684,-0.5504632
12685,-0.4651485
12686,0.008830418
12687,-1.7351358
12688,-0.37018302
12689,-0.83676434
12690,-0.054844618
12691,-1.41121
12692,0.15769358
12693,-0.961298
12694,-0.28459078
12695,0.27614725
12696,0.11168253
12697,0.09185892
12698,-1.6743487
12699,-0.9951815
12700,0.23168516
12701,-0.8748302
12702,-0.062730625
12703,-0.109086186
12704,0.5525109
12705,0.63475263
12706,-0.43138883
12707,0.72925943
12708,-0.24483922
12709,-0.62877494
12710,-0.17794572
12711,-0.56512994
12712,-0.5504632
12713,0.95925426
12714,-0.6069812
12715,-0.62877494
12716,-0.74986696
12717,-1.3440409
12718,-0.97609544
12719,-1.0909736
12720,-0.47355917
12721,-1.3115071
12722,-0.55913144
12723,0.23152938
12724,-0.399117
12725,-0.857338
12726,-0.8118711
12727,-1.3115071
12728,-0.97609544
12729,-1.2157339
12730,-1.3535887
12731,-1.2666689
12732,-0.65810984
12733,-1.5003144
12734,-0.5596876
12735,-1.5415713
12736,-0.9274776
12737,-1.3115071
12738,-1.6285683
12739,-1.6192734
12740,-0.109959476
12741,-0.0864787
12742,-1.3115071
12743,-0.49340102
12744,-1.2894564
12745,-0.6872944
12746,-1.2894564
12747,-1.1994137
12748,-0.98959255
12749,-1.6192734
12750,-2.1880684
12751,0.5304805
12752,-1.3141967
12753,-1.232158
12754,0.006805325
12755,0.2986949
12756,-0.03391614
12757,-0.15304773
12758,-1.1850516
12759,-0.066188216
12760,-1.110286
12761,-0.67061746
12762,-1.0642871
12763,-0.15627114
12764,-0.7223562
12765,0.06795572
12766,-2.348496
12767,-0.057726283
12768,-2.0512269
12769,-0.28452927
12770,-0.3748451
12771,0.010122871
12772,-0.19905353
12773,-0.075069614
12774,-0.36658385
12775,-0.004602803
12776,-0.19391923
12777,-0.08754123
12778,-0.3042795
12779,0.010122871
12780,-0.17326346
12781,0.086609386
12782,-0.0116736125
12783,0.19040768
12784,-0.5541866
12785,-0.25902703
12786,0.044553388
12787,-0.7953192
12788,-1.4368263
12789,0.33090496
12790,-1.1242499
12791,-0.39860526
12792,-0.42329726
12793,-0.12643127
12794,-0.014693848
12795,-0.24419929
12796,-1.8064561
12797,-0.045088112
12798,0.05656401
12799,-1.513714
12800,-0.057726283
12801,-0.64192146
12802,-0.3581383
12803,-0.051437996
12804,-0.828154
12805,-0.16138323
12806,-0.43824407
12807,0.17999211
12808,-0.10596566
12809,-0.10774834
12810,-0.27991268
12811,0.43344033
12812,-0.03405426
12813,0.22038232
12814,-0.4633666
12815,-0.24088784
12816,0.044553388
12817,-0.10526145
12818,-0.20782767
12819,-0.3570766
12820,0.040237825
12821,-0.1507732
12822,-2.2752047
12823,-0.057726283
12824,-0.6299695
12825,-0.22463205
12826,-0.8121881
12827,0.010122871
12828,-0.19391923
12829,-0.38541698
12830,-0.33567384
12831,0.050999437
12832,-0.026925707
12833,-0.18417346
12834,-1.8636194
12835,-0.057726283
12836,0.3070818
12837,-0.6148411
12838,-0.0015502208
12839,-1.7488385
12840,1.34163
12841,-0.047413956
12842,-1.7020917
12843,2.0403886
12844,-0.6856957
12845,0.8120687
12846,-0.0015502208
12847,-1.6691695
12848,1.4099842
12849,0.074456654
12850,-0.9514177
12851,-2.723784
12852,0.14713629
12853,-1.4278255
12854,0.90040666
12855,-0.26812637
12856,-1.1428282
12857,0.79177284
12858,0.4750599
12859,-2.1064582
12860,1.5728124
12861,0.034604512
12862,-1.668652
12863,1.2476385
12864,0.5688931
12865,-1.36808
12866,0.8483996
12867,0.084888145
12868,0.31676447
12869,-2.4392014
12870,1.3328123
12871,-0.11173003
12872,-1.7259203
12873,0.24858026
12874,-0.0864787
12875,-0.8342493
12876,0.77455205
12877,0.116934225
12878,0.28911904
12879,-0.2169365
12880,0.057693604
12881,0.014649437
12882,-1.5665128
12883,0.10829105
12884,-0.805842
12885,-0.4138533
12886,0.16017818
12887,0.1705541
12888,-0.99607736
12889,1.5596706
12890,0.36675125
12891,0.365409
12892,0.53477305
12893,1.0550189
12894,0.4237274
12895,1.0382211
12896,-0.55724204
12897,-0.36216798
12898,0.6239717
12899,-0.8050115
12900,-0.4105159
12901,-0.46918046
12902,0.21702224
12903,0.9294564
12904,-0.054844618
12905,-1.5286139
12906,0.51771855
12907,-1.0850163
12908,-0.06430007
12909,0.07434178
12910,0.3943194
12911,-1.5111873
12912,2.1643665
12913,0.6127963
12914,-1.1936911
12915,-0.107167155
12916,-0.024338728
12917,-1.3281237
12918,-1.1692178
12919,-0.08368088
12920,-1.5683246
12921,2.2198336
12922,-0.3597894
12923,0.45537764
12924,-1.8077221
12925,2.3687432
12926,-0.70037466
12927,-0.035522696
12928,-1.4444469
12929,-0.103003815
12930,0.3478747
12931,-1.2589014
12932,2.2746522
12933,0.434366
12934,0.45791945
12935,-1.8985448
12936,2.3511412
12937,0.5027345
12938,0.37356266
12939,-1.0283805
12940,2.4159546
12941,0.44463992
12942,0.40042767
12943,-0.23440807
12944,0.41888273
12945,-1.164168
12946,0.61419666
12947,-1.0946263
12948,1.0797246
12949,-1.3877015
12950,0.7800351
12951,-0.1638794
12952,0.13064532
12953,-1.1531063
12954,0.85873365
12955,-1.0323282
12956,0.66773725
12957,-1.3877015
12958,0.48893908
12959,-0.6422731
12960,-0.043399055
12961,-1.4251889
12962,-1.4000801
12963,-1.1361327
12964,0.46161905
12965,-1.3788097
12966,0.37425396
12967,-1.3313382
12968,-1.4825768
12969,0.5509535
12970,-1.1663915
12971,0.691104
12972,-1.0237435
12973,1.8058305
12974,-1.4020413
12975,0.7800351
12976,-1.2871277
12977,0.5241694
12978,-0.24192192
12979,-1.4256457
12980,2.581987
12981,-1.7375715
12982,-0.25652754
12983,-1.437388
12984,0.6967292
12985,-0.37407592
12986,0.30858985
12987,-0.17407928
12988,-0.14725049
12989,-1.1072811
12990,0.346522
12991,-0.205321
12992,-1.1382123
12993,2.2867968
12994,-0.97180504
12995,-0.8193802
12996,-0.27460337
12997,0.06425899
12998,-0.22268972
12999,-0.24850588
13000,-0.082439564
13001,0.16500662
13002,-0.029284121
13003,0.079947956
13004,-0.030120604
13005,-1.9926368
13006,-0.062649205
13007,1.1368234
13008,-1.4728898
13009,2.463998
13010,-1.1321331
13011,-0.3223482
13012,-1.842043
13013,-1.3571284
13014,-0.38476664
13015,-0.96629363
13016,2.5956907
13017,-1.658888
13018,-0.2040702
13019,-1.1878858
13020,0.5414397
13021,0.0323925
13022,-0.44187516
13023,-0.12884682
13024,2.7437856
13025,-1.4581869
13026,-0.23190613
13027,-0.37503442
13028,2.6405945
13029,-1.7484784
13030,-0.2645043
13031,-1.519617
13032,2.4938333
13033,-0.18445654
13034,-1.4655539
13035,2.4601238
13036,-0.07974395
13037,-0.18445654
13038,-0.3666006
13039,0.15379348
13040,-0.118181475
13041,-0.5676726
13042,-1.3707844
13043,2.4523995
13044,-1.2284579
13045,-0.16140378
13046,-0.5417439
13047,2.198213
13048,-1.5338595
13049,-0.14266779
13050,-0.5147066
13051,2.6359448
13052,-1.659939
13053,-0.4258685
13054,-0.78641975
13055,0.15069994
13056,-0.8226677
13057,0.47460052
13058,0.33153927
13059,-0.5949943
13060,0.64908326
13061,0.28287494
13062,-0.7097106
13063,1.1095572
13064,0.5341535
13065,-2.0743234
13066,-1.0285007
13067,0.46219742
13068,-0.6013613
13069,0.5744123
13070,0.30034748
13071,-0.6591097
13072,-0.5084848
13073,-0.20861046
13074,-0.66459996
13075,-0.36189252
13076,-0.18385404
13077,-1.8678378
13078,0.522137
13079,-0.3571329
13080,-0.44735894
13081,1.0117829
13082,0.46411785
13083,-0.14088409
13084,-0.5893451
13085,-0.37163922
13086,-0.43371978
13087,0.3232062
13088,-0.6874437
13089,-2.0264034
13090,-0.12492986
13091,-0.9189031
13092,0.54793596
13093,0.60708797
13094,0.38651964
13095,-0.58479655
13096,-0.93399024
13097,0.37108406
13098,-0.039335217
13099,-1.7900019
13100,0.36158428
13101,-0.62008154
13102,-0.5779418
13103,-0.4815665
13104,-0.91988665
13105,-0.43285763
13106,-0.25062826
13107,0.01928578
13108,-0.56675833
13109,-0.2631013
13110,-0.19243903
13111,-0.5942102
13112,-0.800273
13113,-1.0743151
13114,-0.5893451
13115,-0.8702366
13116,-0.14761671
13117,-1.5428627
13118,-0.8659214
13119,-0.44735894
13120,-0.2631013
13121,-1.0408643
13122,0.56868786
13123,-1.433392
13124,-1.3343562
13125,-0.9729792
13126,-1.088606
13127,-1.3723305
13128,0.7027305
13129,-0.58612865
13130,-0.081815615
13131,-1.0958958
13132,-0.39983368
13133,-0.87150425
13134,-0.76026875
13135,-0.22904027
13136,-0.53501457
13137,0.25838816
13138,0.739784
13139,-1.0467557
13140,-1.3051168
13141,-0.26688898
13142,-0.31718394
13143,-1.5020926
13144,-0.06902164
13145,-1.0539099
13146,-0.17992134
13147,0.30443716
13148,-0.51252276
13149,-0.33837506
13150,1.2435025
13151,0.45230567
13152,-0.12431905
13153,-1.0411624
13154,-0.8173025
13155,-0.031735577
13156,0.37759793
13157,-0.39012107
13158,-0.29086563
13159,-0.30194166
13160,-2.0524147
13161,0.31136408
13162,-0.95475215
13163,-0.07204695
13164,-0.36167073
13165,-0.5526738
13166,0.16759543
13167,-0.57276994
13168,-3.3059392
13169,0.07288116
13170,0.79444873
13171,0.20775647
13172,-0.51290274
13173,-0.08468511
13174,-0.24797516
13175,-0.20236191
13176,0.092871495
13177,0.19836795
13178,-1.051881
13179,-0.088459425
13180,-1.0001941
13181,0.40746036
13182,-0.2818365
13183,-0.58760446
13184,2.2844737
13185,-0.07560957
13186,0.55251366
13187,1.3233551
13188,-0.4216154
13189,-0.22242875
13190,0.8021617
13191,-0.37110978
13192,-0.04486732
13193,0.63019043
13194,-0.4440776
13195,0.086482756
13196,0.03770195
13197,-0.2882359
13198,-0.79992485
13199,0.29395863
13200,0.2615407
13201,-1.166372
13202,0.31470564
13203,-0.19630077
13204,-0.6307006
13205,0.69764024
13206,-0.4819338
13207,0.5124884
13208,0.034873005
13209,-0.30339143
13210,-0.58224267
13211,-2.4832048
13212,-1.2660389
13213,-0.14632514
13214,0.3535894
13215,-0.60899925
13216,-0.4610205
13217,-0.39180693
13218,-0.33902624
13219,0.7213177
13220,0.24531582
13221,-0.8165523
13222,0.21496749
13223,1.958662
13224,0.3502344
13225,-0.6808644
13226,-1.3048413
13227,0.45784196
13228,-0.12606858
13229,-1.2141911
13230,-1.6907537
13231,-0.7315626
13232,-2.2887592
13233,-0.5141175
13234,-0.87731755
13235,-0.13332604
13236,-1.1353942
13237,-0.31550586
13238,-0.08816268
13239,0.095553055
13240,0.1869727
13241,-2.88364
13242,1.1804156
13243,-0.3125822
13244,-0.66476816
13245,-0.20629004
13246,0.6830375
13247,0.35147953
13248,-0.19879134
13249,-0.36411813
13250,-0.20422421
13251,-0.21222457
13252,-0.54334366
13253,0.18061283
13254,-2.603063
13255,0.3478747
13256,-0.17241804
13257,-0.07877158
13258,-0.26279926
13259,1.2399535
13260,-0.41567016
13261,-1.1353796
13262,-0.6922096
13263,-0.14290996
13264,0.22779937
13265,-0.77330697
13266,-0.23284644
13267,-0.8654506
13268,-0.24543592
13269,-1.7396493
13270,-0.8737461
13271,-0.165781
13272,-1.2958549
13273,-0.016528917
13274,-1.1612916
13275,-0.04064629
13276,-0.56675833
13277,-2.4761326
13278,0.50627196
13279,0.67492527
13280,-1.0916036
13281,-0.6286152
13282,-0.25054768
13283,-0.55478853
13284,0.3696351
13285,-0.68598855
13286,-0.30521402
13287,-1.3473731
13288,-0.71598214
13289,0.25962302
13290,-0.21996455
13291,-1.1928169
13292,-0.24457087
13293,0.318355
13294,0.25461692
13295,-0.536389
13296,-0.31472614
13297,-0.8350597
13298,-0.38602385
13299,0.050949965
13300,-1.256239
13301,-0.5435729
13302,-1.0458918
13303,-1.7333843
13304,-0.5390404
13305,-0.15286034
13306,-0.4208378
13307,2.481846
13308,0.11122695
13309,1.2592492
13310,2.0954993
13311,0.15823083
13312,1.541806
13313,0.79753906
13314,-1.0987486
13315,-0.2886373
13316,-0.68250906
13317,1.1584008
13318,-1.3871443
13319,-5.43257
13320,-0.22530049
13321,0.05836256
13322,-0.71035105
13323,1.5209801
13324,-1.6396276
13325,0.31964934
13326,-0.32039884
13327,-0.26930755
13328,-0.06359446
13329,0.24651758
13330,-0.64706725
13331,-1.227301
13332,-0.4574824
13333,-0.055506963
13334,-0.9833015
13335,-0.33758777
13336,-0.80219847
13337,0.19420971
13338,0.39062405
13339,0.37575915
13340,-1.6241227
13341,-0.16802603
13342,-1.0467455
13343,-0.3703088
13344,-0.4717815
13345,-0.54422307
13346,0.09077038
13347,0.0037669945
13348,-0.045532543
13349,0.041970026
13350,-0.50460136
13351,1.2193424
13352,-0.58918524
13353,-1.58399
13354,-0.6947977
13355,-1.0720348
13356,-1.167321
13357,1.7096274
13358,1.2091315
13359,0.5147006
13360,-3.209921
13361,-0.25340587
13362,0.45592234
13363,0.40923977
13364,0.11732803
13365,-0.034549408
13366,0.98777944
13367,0.786942
13368,0.4040221
13369,0.15963767
13370,0.34989107
13371,0.12262261
13372,-0.34229055
13373,0.21495989
13374,0.2756815
13375,0.100282975
13376,0.01989109
13377,-2.2405114
13378,-0.28079462
13379,0.31753537
13380,0.038610782
13381,-0.15955946
13382,-0.1309317
13383,-1.4200808
13384,-0.87109816
13385,-4.371302
13386,-0.08221377
13387,0.15603706
13388,-5.0287285
13389,-0.36105382
13390,-6.744644
13391,-0.2687317
13392,-0.8624209
13393,-4.595257
13394,-0.44314587
13395,-0.23935162
13396,0.15158565
13397,-1.1318314
13398,-0.37346166
13399,-3.116987
13400,-4.3244143
13401,-4.6338935
13402,-2.3850236
13403,-2.68823
13404,0.088359535
13405,-0.14266779
13406,-0.40966403
13407,-1.1292465
13408,-0.2523757
13409,-2.5909917
13410,-23.710247
13411,-0.77988356
13412,-0.84837383
13413,-1.4152772
13414,2.4247952
13415,-0.6043167
13416,-0.070842154
13417,-2.1348746
13418,0.20345673
13419,-2.215443
13420,0.5112258
13421,-1.1864947
13422,0.64813113
13423,-0.4241152
13424,1.5657364
13425,-1.5236167
13426,-0.0052547697
13427,-0.43402407
13428,-0.5844812
13429,0.58414406
13430,1.1979551
13431,0.39578858
13432,-0.28140268
13433,0.45796677
13434,1.4333872
13435,0.6541797
13436,0.51018715
13437,-0.5701742
13438,0.51285946
13439,-0.28493744
13440,0.5585575
13441,0.035573944
13442,-0.52996826
13443,-9.765117
13444,-10.370837
13445,-3.4156513
13446,-0.6729448
13447,0.031315606
13448,2.1706407
13449,0.3803303
13450,0.7514079
13451,-0.6391511
13452,1.1665831
13453,-0.76459175
13454,0.057703234
13455,-0.57345074
13456,1.0504792
13457,0.15807582
13458,0.62851727
13459,-0.5747311
13460,-1.1953557
13461,0.11959543
13462,-0.26038754
13463,-0.40893105
13464,-1.5905759
13465,0.2657818
13466,-2.7940063
13467,-1.1493136
13468,0.12098489
13469,-10.123701
13470,-0.59057456
13471,-13.010106
13472,0.5925435
13473,-10.346725
13474,-0.21990341
13475,1.053905
13476,-5.0078707
13477,0.37356046
13478,-0.4889448
13479,-0.8650771
13480,-0.78198344
13481,-0.1760243
13482,-0.6608111
13483,-0.04438543
13484,-0.68733525
13485,0.17854464
13486,-5.5876484
13487,0.2534043
13488,0.0065826564
13489,-0.5922283
13490,-0.5400568
13491,-0.35804746
13492,-0.7560006
13493,-0.7493644
13494,-0.21171804
13495,-0.6522177
13496,-1.041801
13497,-0.51916367
13498,0.30691776
13499,1.0090631
13500,-0.0946321
13501,-0.20502974
13502,-0.75388056
13503,-0.039350387
13504,-8.8637295
13505,0.16044867
13506,-0.6802528
13507,0.43890774
13508,-0.86446023
13509,-0.33471557
13510,-1.1994137
13511,-0.22901586
13512,-0.33211407
13513,-1.1382983
13514,-1.4711168
13515,-0.46437904
13516,-0.8057304
13517,-0.50732386
13518,-1.2820318
13519,0.3560757
13520,0.5412278
13521,0.6924996
13522,0.09498462
13523,0.34761134
13524,0.22742559
13525,-0.4152318
13526,-0.33675635
13527,-0.6028116
13528,-0.4668547
13529,-0.267957
13530,0.1506397
13531,-1.539607
13532,-0.53658825
13533,-0.56012374
13534,-0.84986365
13535,-2.1196775
13536,-0.5253131
13537,-0.8979101
13538,0.20650266
13539,0.15113655
13540,1.179052
13541,0.8017125
13542,-1.1029677
13543,0.19752343
13544,-0.7313883
13545,-1.2487794
13546,-0.13209634
13547,-0.1453937
13548,0.6262006
13549,-0.19936928
13550,0.73441935
13551,-1.0024627
13552,0.5485821
13553,-0.14443074
13554,-0.2927009
13555,-0.92741996
13556,-0.08881247
13557,-0.24983709
13558,0.50099564
13559,-1.5640863
13560,-0.101497546
13561,-0.22379044
13562,-0.932499
13563,-1.4391348
13564,-1.5280489
13565,-0.0016316873
13566,-0.3732125
13567,0.14922167
13568,-0.25661343
13569,0.23000109
13570,-0.596362
13571,0.9312018
13572,-0.786679
13573,-0.051512823
13574,-8.26699
13575,-0.08441311
13576,1.4965552
13577,-0.8519128
13578,-0.08681165
13579,-0.54479766
13580,-1.2510808
13581,-1.0241269
13582,0.18255389
13583,-0.15077725
13584,-1.3678312
13585,-0.38876748
13586,1.0656685
13587,-1.5921396
13588,-0.21882415
13589,-0.16336368
13590,-0.019771881
13591,-1.2713685
13592,-0.6218134
13593,-1.6642897
13594,-0.68629766
13595,-0.78085065
13596,0.6513037
13597,-0.3107041
13598,0.5197341
13599,0.6352208
13600,-1.4183336
13601,-0.38421366
13602,0.55341595
13603,1.0148276
13604,0.57012093
13605,-1.1434529
13606,-0.23813646
13607,1.0389225
13608,0.78850037
13609,-0.7831981
13610,-0.03375267
13611,0.5292891
13612,-1.7664491
13613,0.980787
13614,-1.5538585
13615,1.23726
13616,0.7947232
13617,-0.2903947
13618,-1.5192417
13619,0.4910055
13620,0.043995082
13621,0.23000197
13622,0.043474104
13623,0.36414653
13624,0.39019823
13625,0.63833916
13626,0.3343384
13627,-0.4807533
13628,0.5624645
13629,-0.18713614
13630,0.656625
13631,0.13619523
13632,0.35714078
13633,0.09108923
13634,0.6303755
13635,0.24467376
13636,0.19649841
13637,0.674888
13638,-0.19605193
13639,-1.2197076
13640,-0.34801745
13641,0.9553079
13642,-0.2821069
13643,-0.41634423
13644,-1.0779063
13645,0.82641786
13646,1.0145375
13647,-0.96352345
13648,-1.6434666
13649,0.8670987
13650,-0.44913554
13651,0.1879521
13652,-0.5319179
13653,-1.7010123
13654,0.70376277
13655,-0.01999246
13656,0.6634552
13657,-0.82205427
13658,-0.1827655
13659,-0.46140534
13660,-0.76258606
13661,0.37567675
13662,1.1119018
13663,2.1068578
13664,-3.6867983
13665,1.4416566
13666,0.613615
13667,-0.5200632
13668,-1.1724547
13669,-0.9031234
13670,1.006061
13671,-0.13431342
13672,0.7131799
13673,0.18216154
13674,-0.044197567
13675,0.789196
13676,0.57080495
13677,0.5479345
13678,0.41025922
13679,-0.28443304
13680,0.012291001
13681,0.15439214
13682,0.46313778
13683,-0.050823804
13684,0.4504316
13685,0.27317843
13686,1.055557
13687,0.57332873
13688,-0.005270777
13689,-1.7308605
13690,0.46462405
13691,0.39805198
13692,-1.1994224
13693,-0.65645
13694,0.38906443
13695,-1.4377987
13696,-0.14284666
13697,-1.8699183
13698,0.2526465
13699,0.40661067
13700,-1.3379256
13701,0.66038585
13702,-0.34501404
13703,0.02659651
13704,-1.0746956
13705,-1.387416
13706,-1.5422131
13707,-0.09373025
13708,-0.57828456
13709,-0.17050277
13710,-0.34298632
13711,-1.4852815
13712,0.02854237
13713,-0.32588723
13714,0.10827336
13715,-1.17443
13716,0.53188694
13717,0.1603742
13718,-0.051301487
13719,-0.45375577
13720,-0.5184864
13721,-0.022886416
13722,0.036662962
13723,0.31500438
13724,-1.1420134
13725,0.18713644
13726,-1.6862411
13727,1.6981765
13728,0.20018163
13729,0.16697924
13730,1.2532598
13731,1.0394169
13732,-0.30751547
13733,-1.0081344
13734,0.4168431
13735,-1.0786257
13736,-0.84174824
13737,1.5789522
13738,0.3054277
13739,-0.40715876
13740,-0.29492044
13741,-0.17790206
13742,-1.3015964
13743,-1.1637634
13744,-0.9238098
13745,-1.7944633
13746,0.18893117
13747,0.7361983
13748,0.110383235
13749,-1.931567
13750,-0.5453772
13751,-0.58159703
13752,-0.20965059
13753,0.5442689
13754,0.99509096
13755,0.89769816
13756,0.2659328
13757,-0.71410835
13758,-0.44008878
13759,-0.25469318
13760,0.21999511
13761,-0.104137346
13762,0.7969928
13763,0.20665596
13764,0.1493032
13765,-0.7009379
13766,0.097748436
13767,-0.7018542
13768,-0.03492941
13769,-0.33211407
13770,-2.0138013
13771,-0.11209136
13772,-0.6383959
13773,-0.6281278
13774,0.632803
13775,0.26498106
13776,-3.2931206
13777,-0.46843746
13778,0.022760728
13779,-0.14807898
13780,-0.27661783
13781,0.42514345
13782,0.38326213
13783,-0.16264434
13784,-0.29973042
13785,0.83808404
13786,-1.1632266
13787,-0.6741042
13788,0.022085851
13789,-2.3266792
13790,-0.07848456
13791,-0.76582384
13792,-0.90122384
13793,-1.2432786
13794,-0.995935
13795,-0.38153195
13796,-0.35511672
13797,-0.13865076
13798,0.1524412
13799,-0.96356446
13800,-0.3841533
13801,0.058373086
13802,-0.37869546
13803,-0.11734661
13804,1.1191375
13805,0.14882205
13806,0.74801856
13807,0.08297109
13808,-0.036541328
13809,-0.7032246
13810,-0.46167958
13811,-0.01256931
13812,-0.31662607
13813,-0.25530234
13814,-0.32849362
13815,0.3737081
13816,-0.15877172
13817,0.22938983
13818,0.45441312
13819,-5.2412477
13820,-0.3107453
13821,-0.85176045
13822,-3.7455091
13823,-3.2057126
13824,-0.37324288
13825,0.7025704
13826,-0.9385224
13827,-0.22279991
13828,0.21952009
13829,-0.021418968
13830,0.50093013
13831,-1.9496245
13832,-0.59851474
13833,-1.1014453
13834,0.2752942
13835,0.8359313
13836,-0.8292667
13837,-0.70937324
13838,-0.9417111
13839,0.6330449
13840,-0.13123962
13841,0.31190196
13842,0.0723704
13843,-0.859925
13844,-0.26242784
13845,0.10341432
13846,-0.0004001768
13847,-1.21645
13848,-1.0464742
13849,1.2318026
13850,-0.45827276
13851,-1.9657762
13852,-0.822651
13853,-0.40899622
13854,0.3446374
13855,-0.6757185
13856,-1.0248672
13857,0.101535186
13858,-0.404622
13859,-0.4219577
13860,-0.7410847
13861,0.79079175
13862,-0.4139158
13863,-0.46972653
13864,0.2884209
13865,-0.03291263
13866,-0.18819131
13867,-5.3072786
13868,-0.9557358
13869,-0.06715626
13870,-0.2596917
13871,0.84558094
13872,-0.2873854
13873,-0.31743857
13874,0.60948503
13875,-0.1858772
13876,0.58346736
13877,-0.19339195
13878,0.97396165
13879,-0.068666615
13880,0.35287794
13881,1.4222806
13882,1.3947663
13883,-0.20823838
13884,0.7165808
13885,-0.5245564
13886,0.38106433
13887,-0.01856751
13888,1.4185092
13889,-0.14383613
13890,0.19073814
13891,-0.42705294
13892,0.033071455
13893,0.4025619
13894,0.0071771685
13895,1.7416329
13896,0.85822994
13897,-0.07490506
13898,-0.791811
13899,0.8271846
13900,0.7609611
13901,-1.5744004
13902,-0.5270555
13903,-2.0683923
13904,-0.23452576
13905,-0.8172718
13906,0.46931523
13907,0.619006
13908,-0.97849715
13909,0.35766333
13910,-0.117632106
13911,0.7031004
13912,0.10014029
13913,-0.41307792
13914,1.1992589
13915,0.4611467
13916,-0.7469967
13917,0.71955
13918,0.53367066
13919,-0.15150292
13920,-0.29652536
13921,-0.57916814
13922,-0.51284766
13923,0.17787951
13924,-0.23152877
13925,0.44229785
13926,1.500742
13927,-0.0472958
13928,-0.5961889
13929,0.5856892
13930,-1.1836077
13931,-0.01757824
13932,0.15965414
13933,0.07817865
13934,0.951796
13935,-0.11489734
13936,0.5183226
13937,0.90627855
13938,-0.01977716
13939,0.09021048
13940,1.3404123
13941,0.4102726
13942,-0.8919207
13943,0.34165308
13944,0.42342478
13945,0.2537138
13946,-2.3741062
13947,-0.9392187
13948,-0.45343092
13949,-0.6313728
13950,-1.0359011
13951,-0.48276192
13952,0.056638353
13953,-0.44978797
13954,-1.2028812
13955,-0.636636
13956,-0.57036513
13957,-1.0883595
13958,-0.76719147
13959,-0.330808
13960,-1.0883595
13961,-0.09837155
13962,-0.9527519
13963,0.61700696
13964,-0.73199207
13965,0.14078741
13966,0.67533606
13967,-0.43561682
13968,-0.32525092
13969,-1.5805538
13970,-0.93956864
13971,0.711385
13972,0.006805325
13973,-0.85623497
13974,-0.3330956
13975,-0.75303537
13976,-1.0554953
13977,0.05925622
13978,-0.95282197
13979,0.05925622
13980,-0.054657504
13981,-1.0637647
13982,-3.499694
13983,-1.1443145
13984,-0.1020449
13985,-2.179341
13986,0.3840386
13987,-2.2217453
13988,0.019214112
13989,-1.3941821
13990,-0.07627915
13991,-1.1305813
13992,-0.047413956
13993,-1.7156895
13994,-0.0864787
13995,-1.6056852
13996,0.014649437
13997,-1.2980018
13998,-0.71574104
13999,-2.4119515
14000,-0.11852585
14001,-0.5759695
14002,0.23793487
14003,-1.1848607
14004,-1.2090791
14005,-1.1426847
14006,0.25814518
14007,-0.17357078
14008,-0.88216627
14009,-1.1105382
14010,-0.30579796
14011,-1.3617834
14012,-1.3752085
14013,0.004020213
14014,-2.1880953
14015,-1.8886678
14016,-0.9949146
14017,-0.76182055
14018,-0.83410174
14019,0.3211362
14020,-0.09515663
14021,-1.4728616
14022,-0.6202074
14023,0.03313115
14024,0.3269721
14025,0.2930961
14026,-0.3529944
14027,-0.21171804
14028,-0.5504632
14029,-0.46551615
14030,-0.33786684
14031,0.08700687
14032,0.8215423
14033,-1.8920301
14034,-0.06744888
14035,-0.7934991
14036,-0.4584125
14037,-0.6826021
14038,0.1877546
14039,-0.7092733
14040,-0.35367697
14041,-0.6326269
14042,-0.13849443
14043,0.22282895
14044,-0.7696715
14045,-0.672945
14046,-0.5370188
14047,-1.1721083
14048,-0.0026494807
14049,-0.38498816
14050,-0.39788154
14051,-0.4559875
14052,-0.1021453
14053,0.027303042
14054,-0.6407162
14055,-1.1218295
14056,-9.568762
14057,-0.8930194
14058,-12.537863
14059,-1.1328597
14060,-2.7851985
14061,-1.4114479
14062,-2.6380534
14063,-0.24619615
14064,-0.9431444
14065,-1.3093436
14066,-0.96220696
14067,-3.5056734
14068,-0.5087493
14069,-0.6956402
14070,-0.04399413
14071,0.009575012
14072,-1.0167828
14073,-0.20339154
14074,-0.07550563
14075,-0.6019033
14076,-0.23033834
14077,-0.046823736
14078,0.37732995
14079,-1.3073095
14080,2.3565338
14081,0.6320942
14082,0.525934
14083,-1.289122
14084,0.39754266
14085,-1.9969581
14086,-0.27067426
14087,0.26536188
14088,0.6519481
14089,-1.262666
14090,1.9110427
14091,0.19629641
14092,-0.8932956
14093,2.4813647
14094,0.58536303
14095,-1.4442222
14096,-0.06430007
14097,0.38300458
14098,-0.87507796
14099,2.2805536
14100,0.09782536
14101,0.2503966
14102,-0.763893
14103,0.5241694
14104,-1.2870908
14105,0.24431573
14106,-0.6507327
14107,-1.0779063
14108,0.48690197
14109,-1.2157339
14110,0.3879555
14111,-1.1014453
14112,0.61531526
14113,0.24065785
14114,-1.0672822
14115,-0.02085724
14116,-0.48095092
14117,0.078386225
14118,-0.164377
14119,-1.2436134
14120,0.3879555
14121,-0.8857914
14122,-1.4395123
14123,0.6879592
14124,-1.7638509
14125,-0.54640985
14126,0.44131052
14127,0.087747395
14128,-0.3048264
14129,0.06568669
14130,-1.3251706
14131,0.068981834
14132,-2.47676
14133,0.5914933
14134,0.6827369
14135,-0.62789464
14136,1.8284496
14137,0.40177158
14138,0.30937067
14139,-0.8816024
14140,0.26862332
14141,-0.7927282
14142,0.48893908
14143,-1.3219125
14144,0.04405607
14145,0.3888923
14146,0.4686009
14147,0.40496132
14148,0.3310477
14149,0.14720969
14150,-0.45428565
14151,0.24431573
14152,-1.9998543
14153,0.16341679
14154,-0.96352345
14155,-0.041726105
14156,-0.23113288
14157,-0.9827507
14158,-0.18814757
14159,-0.5662285
14160,-0.14048102
14161,0.45663714
14162,-0.007246897
14163,0.21105134
14164,-0.44775236
14165,-0.7422983
14166,-0.18712412
14167,-1.190885
14168,-0.44334593
14169,-1.437388
14170,0.23276901
14171,-0.029284121
14172,-0.0053081433
14173,0.08907459
14174,-2.5089245
14175,-0.20531154
14176,-1.5093253
14177,2.1441803
14178,-1.8838613
14179,0.54114157
14180,-0.26824507
14181,-1.3933084
14182,-0.05631185
14183,-6.3919053
14184,-1.7861536
14185,2.515896
14186,0.28102332
14187,-0.4085704
14188,-1.9097369
14189,2.7257173
14190,-1.2788904
14191,0.14530186
14192,-1.1135587
14193,2.2640529
14194,0.7232412
14195,0.25105408
14196,0.48293924
14197,-2.6760387
14198,0.655375
14199,-1.0862586
14200,0.50723606
14201,-0.22537492
14202,-0.11244958
14203,0.35891297
14204,-2.4281945
14205,-0.2276532
14206,0.84949076
14207,-0.20876436
14208,0.33453822
14209,-1.2188636
14210,1.1656439
14211,-0.3978636
14212,-0.41961902
14213,-1.2027477
14214,-0.22980177
14215,-1.0050447
14216,-1.0025978
14217,-0.48549893
14218,-0.11867082
14219,0.22431283
14220,-0.35877514
14221,-1.1228344
14222,0.5418221
14223,-0.95795494
14224,0.62513804
14225,-1.0875686
14226,0.49189982
14227,-0.6048089
14228,0.11503292
14229,-1.0653726
14230,0.07762238
14231,-0.43418404
14232,0.30503404
14233,0.7415683
14234,-7.260145
14235,-2.7363439
14236,0.28120548
14237,0.6249037
14238,-0.55215067
14239,0.35499668
14240,-1.7696843
14241,0.18064225
14242,-3.5074413
14243,-0.46579435
14244,-1.4360322
14245,0.10898855
14246,0.275724
14247,0.25881645
14248,-1.7349471
14249,-0.54743636
14250,0.21371447
14251,-0.044941615
14252,-0.3323954
14253,0.51981074
14254,-0.18904401
14255,-1.6666883
14256,0.5570389
14257,-0.77818066
14258,-0.17151935
14259,0.33090496
14260,-0.69062966
14261,-0.59390616
14262,-0.32187155
14263,-3.5639668
14264,-0.39126614
14265,-0.4182212
14266,0.30359524
14267,-0.61132604
14268,2.6690438
14269,-1.5014031
14270,-1.0375441
14271,-0.3775161
14272,-1.0375441
14273,-1.0375441
14274,0.3559454
14275,-0.38116905
14276,-0.35858822
14277,-0.39376843
14278,-1.361231
14279,0.040993758
14280,-1.702706
14281,0.7066859
14282,-0.5944138
14283,-0.40966403
14284,-0.3982
14285,-6.3546233
14286,0.54196155
14287,-0.2129512
14288,0.06640258
14289,-0.3866578
14290,-0.14334063
14291,-1.0936321
14292,0.3027721
14293,-0.44978797
14294,-0.35367697
14295,-0.44978726
14296,0.46422723
14297,0.06625785
14298,0.60686755
14299,-0.46127534
14300,0.46422723
14301,-0.14352699
14302,0.63018346
14303,-1.12612
14304,-1.4067289
14305,0.08020085
14306,0.28795582
14307,0.052285403
14308,-1.7378744
14309,-0.1873579
14310,1.3848386
14311,-0.40279877
14312,-0.46659836
14313,0.30460218
14314,-0.12131932
14315,0.17116241
14316,-0.24775387
14317,0.26100367
14318,-0.6813836
14319,-0.9435938
14320,-0.50932354
14321,-2.0107315
14322,-0.08165289
14323,-0.3673886
14324,-0.33627442
14325,0.31325817
14326,-0.4677994
14327,-0.2222132
14328,0.63979757
14329,0.0014330443
14330,-0.6634147
14331,-0.45271802
14332,0.43248436
14333,-2.4173036
14334,-0.58544016
14335,-0.58978254
14336,0.13769272
14337,-0.32392907
14338,0.14102632
14339,0.11241936
14340,-0.84351283
14341,0.3396671
14342,-0.09697396
14343,-0.8297909
14344,-0.057726283
14345,-0.828154
14346,-0.7856505
14347,-2.0874944
14348,0.682211
14349,-0.05602364
14350,-0.041046675
14351,-0.15710269
14352,-0.047413956
14353,-1.0895214
14354,-1.1429452
14355,-0.047413956
14356,0.004020213
14357,0.1436969
14358,-0.7390018
14359,-0.48090127
14360,-0.100627124
14361,-0.25559688
14362,-0.0033423065
14363,-1.774336
14364,-0.0144804455
14365,-0.23161688
14366,-1.3500148
14367,-0.2761457
14368,-0.047413956
14369,-1.2148199
14370,-0.047413956
14371,-0.05968317
14372,-1.1431812
14373,0.23152938
14374,-3.2322924
14375,0.38247922
14376,-1.5724175
14377,0.62202877
14378,-0.1914586
14379,0.2919422
14380,-0.015488561
14381,0.19629641
14382,-0.40037173
14383,-0.07627915
14384,-1.6375921
14385,0.006805325
14386,-0.83639425
14387,-0.304775
14388,-0.636584
14389,-0.044917192
14390,0.019214112
14391,-0.9666363
14392,-0.05181813
14393,-0.67061746
14394,-0.021315979
14395,-1.3827425
14396,-1.7390436
14397,0.04321473
14398,-0.42474148
14399,-2.096226
14400,-0.497407
14401,0.009038902
14402,-0.040137004
14403,-2.7130113
14404,-0.8319248
14405,0.26843676
14406,0.022915086
14407,-1.3212528
14408,-0.0025576411
14409,-0.09448562
14410,-2.6495697
14411,-0.65178335
14412,0.5991077
14413,0.65274125
14414,-0.3035454
14415,-0.6344518
14416,-0.7934991
14417,-0.4584125
14418,-0.49675512
14419,-0.15466961
14420,-0.66914564
14421,-6.321446
14422,-0.0996721
14423,-1.1180091
14424,0.084628865
14425,-1.1251334
14426,-1.2531441
14427,-0.86559635
14428,-0.7529851
14429,-1.1994137
14430,-0.8777812
14431,-1.0102834
14432,-1.1637634
14433,0.88489276
14434,-0.9950322
14435,-0.6710843
14436,-0.4778864
14437,0.17094871
14438,-0.10092426
14439,-1.1637634
14440,-1.1072702
14441,0.04904382
14442,-0.054628327
14443,0.9322496
14444,-0.48699224
14445,0.58527267
14446,-0.00076944754
14447,-0.96341664
14448,-1.092193
14449,-1.2068894
14450,0.6817329
14451,-1.3116314
14452,-1.0685511
14453,-0.77484274
14454,-1.332013
14455,-0.3019776
14456,-0.894661
14457,-0.821282
14458,-0.10905479
14459,-0.6575838
14460,-0.4633308
14461,-0.4049973
14462,-0.19651933
14463,-0.3042795
14464,0.4431023
14465,-0.6547717
14466,-2.4976008
14467,-0.007856717
14468,-1.2275112
14469,-0.14783604
14470,0.43530834
14471,0.110594526
14472,-0.25902703
14473,0.018424915
14474,-0.42802283
14475,0.098555975
14476,-0.31585896
14477,0.117286734
14478,-0.6285322
14479,-0.41717595
14480,0.6095922
14481,-0.22817953
14482,-0.010427411
14483,-1.823296
14484,-1.6660073
14485,-0.20733729
14486,-1.2965326
14487,-0.3042795
14488,-0.14186399
14489,-0.5322131
14490,-0.11962119
14491,-0.08046077
14492,-0.42802283
14493,-0.16497277
14494,-0.7786267
14495,-0.045088112
14496,-0.0703456
14497,-1.9765059
14498,-0.057726283
14499,0.06457891
14500,-0.1593678
14501,0.17646866
14502,-0.08447542
14503,0.119094305
14504,-2.0482185
14505,-0.045088112
14506,0.011916537
14507,-0.082039185
14508,0.100575596
14509,-0.1873053
14510,-0.05586263
14511,0.71996284
14512,-0.5802614
14513,0.09312867
14514,-1.3022562
14515,-0.0108206505
14516,0.02459527
14517,-0.6299695
14518,0.05520811
14519,-0.81198764
14520,0.93449885
14521,-0.62877494
14522,-0.37243813
14523,-0.40085563
14524,0.018424915
14525,-0.22848123
14526,-0.20782767
14527,-1.1251334
14528,-0.86669517
14529,0.090056226
14530,-2.743288
14531,-0.97373307
14532,-3.0229251
14533,-2.8026493
14534,-0.9575539
14535,-1.2172806
14536,-1.4648173
14537,-1.2837287
14538,-0.90371907
14539,-1.2666689
14540,-0.13480155
14541,0.19992769
14542,-1.5727578
14543,-1.5507444
14544,-1.2931095
14545,0.2388644
14546,-2.410418
14547,0.6995545
14548,0.77246726
14549,0.22457995
14550,0.57357866
14551,0.6607618
14552,-1.2588053
14553,-0.17921889
14554,-0.24796316
14555,0.042271264
14556,-0.15186085
14557,-0.60447276
14558,-0.65742594
14559,0.012731972
14560,-2.8142025
14561,0.1167237
14562,-0.3079189
14563,-0.31097558
14564,-0.55977
14565,-0.024940347
14566,-0.74523443
14567,-0.058290202
14568,0.37284803
14569,-1.3505903
14570,2.2622967
14571,0.3609843
14572,0.5503032
14573,-1.0212348
14574,2.2659314
14575,0.6293815
14576,0.55451995
14577,-1.3606066
14578,1.9712875
14579,0.5102287
14580,-0.14465182
14581,-1.4038674
14582,0.43791845
14583,0.13784546
14584,-0.12296829
14585,0.06721916
14586,0.34355474
14587,0.6937843
14588,-1.5197432
14589,2.4105844
14590,0.48944685
14591,0.339158
14592,-1.0508164
14593,-0.10238847
14594,-0.9107684
14595,0.5071007
14596,0.27335215
14597,0.025986137
14598,-0.8542702
14599,0.21634287
14600,-0.9066502
14601,-0.80604905
14602,0.026344491
14603,0.54604226
14604,0.020075273
14605,0.5373749
14606,0.31304976
14607,0.4351118
14608,-0.23440807
14609,0.15618129
14610,0.17646666
14611,0.06096952
14612,0.5046027
14613,-0.14906977
14614,0.31206906
14615,-0.17093818
14616,0.2862158
14617,0.04532386
14618,-2.1992836
14619,0.3688235
14620,-0.6180575
14621,0.4027287
14622,-0.69701016
14623,0.6577417
14624,-1.7646755
14625,-1.7000154
14626,-1.3177472
14627,0.4314838
14628,-0.4876994
14629,0.25589505
14630,-1.9060498
14631,-1.8757001
14632,0.25589505
14633,-0.35457537
14634,-2.6635604
14635,-1.4194871
14636,0.48893908
14637,-1.1334707
14638,0.27196997
14639,-0.9227919
14640,0.021201191
14641,-1.0622643
14642,-0.75223744
14643,0.25589505
14644,-0.76195985
14645,-1.360267
14646,-0.22989967
14647,0.25589505
14648,-1.2766844
14649,0.58666676
14650,-0.75223744
14651,0.60418254
14652,-1.2661206
14653,0.72640586
14654,-1.4284192
14655,0.47463483
14656,-0.9169503
14657,-1.3898189
14658,-1.1612916
14659,0.1944949
14660,0.37732995
14661,0.010330673
14662,-0.07001055
14663,-0.21094057
14664,-0.34169185
14665,0.47754344
14666,0.60152626
14667,0.33148062
14668,-0.49591038
14669,0.24229196
14670,0.1282316
14671,-0.621583
14672,-0.018911792
14673,-0.085816436
14674,-0.60460085
14675,0.14039722
14676,0.43981206
14677,-0.21070117
14678,-0.36126077
14679,0.18109742
14680,-1.1612916
14681,0.2390663
14682,-1.0121799
14683,0.27587858
14684,-0.4068438
14685,-1.4287088
14686,-1.1612916
14687,0.29642588
14688,-13.027941
14689,-1.2845267
14690,0.7121079
14691,-0.0053081433
14692,-0.53119326
14693,-0.14408965
14694,0.4613296
14695,-2.4084227
14696,-0.33918124
14697,0.17482944
14698,-0.30714193
14699,-0.13001837
14700,0.36809447
14701,1.2956003
14702,-0.48728406
14703,-1.3707844
14704,2.4477856
14705,-1.1920263
14706,-0.5894806
14707,0.91530323
14708,-2.2510371
14709,0.7706994
14710,-0.65394926
14711,-1.3707844
14712,-0.16189837
14713,-0.35409936
14714,0.019727437
14715,-2.5089245
14716,-0.062649205
14717,1.1191238
14718,-0.8331306
14719,-1.367571
14720,2.608361
14721,-1.2756237
14722,-0.44360232
14723,2.361902
14724,0.26314437
14725,-1.1897185
14726,2.1175222
14727,0.2458488
14728,-1.2368534
14729,0.25942606
14730,-2.6582425
14731,-0.3956779
14732,0.46853033
14733,-2.488726
14734,-0.5988183
14735,1.1368234
14736,-0.3132346
14737,-0.8549572
14738,2.5304468
14739,-1.3910517
14740,-0.11085027
14741,-1.420095
14742,2.6233368
14743,-1.181781
14744,0.85306317
14745,-0.40812063
14746,-0.28566816
14747,-0.05280816
14748,-0.70620465
14749,0.8976675
14750,-1.3518951
14751,-0.26420075
14752,-0.41512126
14753,0.32621753
14754,-0.28566816
14755,0.090708576
14756,-0.24175243
14757,-0.18445654
14758,-1.836321
14759,2.592513
14760,-0.3264561
14761,0.7214686
14762,-0.31276003
14763,-0.181709
14764,-0.05280816
14765,0.091545425
14766,-1.2368534
14767,-0.72648203
14768,-1.1801687
14769,-0.5884725
14770,-0.19729431
14771,-0.16654532
14772,0.13996395
14773,0.06644046
14774,0.39493996
14775,-0.17172448
14776,0.24280214
14777,0.7462782
14778,0.3825914
14779,0.7831928
14780,0.31855163
14781,-0.29937392
14782,-0.003819607
14783,0.31325817
14784,0.017271347
14785,-0.33833334
14786,0.29503906
14787,-0.0367947
14788,-0.5117905
14789,0.69169575
14790,-0.76299894
14791,0.62425554
14792,-0.6638522
14793,0.5294681
14794,0.7072334
14795,0.544289
14796,-1.4222252
14797,0.5053968
14798,0.86219835
14799,-0.34170523
14800,0.5525109
14801,0.2919841
14802,-0.31027803
14803,-0.23273958
14804,0.1543489
14805,-1.4777833
14806,0.27117625
14807,-1.1091723
14808,0.77457446
14809,-1.6891736
14810,0.05925622
14811,-0.91451544
14812,0.79492646
14813,-0.5426774
14814,0.3478691
14815,0.4228005
14816,-0.8013169
14817,-1.132325
14818,-0.16796303
14819,-1.1710407
14820,0.07092548
14821,0.5555057
14822,0.19617794
14823,0.11644945
14824,-0.046991874
14825,-0.9335014
14826,-0.27233872
14827,-1.1435106
14828,0.16580011
14829,-0.05414951
14830,-1.6348552
14831,-0.19686703
14832,-0.0033423065
14833,-0.7056151
14834,-0.84468985
14835,-0.83284044
14836,-0.22640367
14837,-1.2829592
14838,-0.78264296
14839,-1.2721308
14840,0.12516358
14841,-0.59459096
14842,-0.7543239
14843,0.7539077
14844,0.6777172
14845,0.46281028
14846,-0.8891404
14847,0.5748436
14848,0.15254433
14849,0.35767224
14850,0.34348115
14851,0.1970637
14852,0.19407056
14853,-2.2894287
14854,0.02149511
14855,0.4427165
14856,-0.23949753
14857,-0.44435388
14858,0.56927764
14859,-0.54968846
14860,-0.5604939
14861,-0.5504632
14862,-0.12584588
14863,0.5916405
14864,-1.6727592
14865,-0.104987755
14866,-0.35935053
14867,0.7320307
14868,-0.24219246
14869,-0.0574693
14870,0.97300756
14871,-1.2256886
14872,-0.69728625
14873,-0.47227228
14874,0.010122871
14875,0.3116968
14876,-0.04566933
14877,0.8467329
14878,-1.4286801
14879,-0.1355259
14880,-1.8329877
14881,-0.31420147
14882,-0.09827468
14883,0.09533759
14884,-0.34377006
14885,-0.10038849
14886,0.33014828
14887,0.049558014
14888,0.19815268
14889,-0.20996217
14890,-0.30949116
14891,-1.2867304
14892,-0.037887905
14893,-0.8020468
14894,0.13381684
14895,-0.36746714
14896,-0.28952423
14897,0.50301254
14898,0.1245581
14899,0.6730917
14900,-0.88265353
14901,0.008572485
14902,0.14540426
14903,-1.0408643
14904,-1.2867304
14905,2.518111
14906,-1.5352342
14907,-0.020201646
14908,0.19103293
14909,-0.1206054
14910,0.101921126
14911,-0.5471223
14912,0.5842875
14913,-0.10686473
14914,-1.5420567
14915,-3.6878865
14916,-0.9880792
14917,-1.1709578
14918,2.8151648
14919,-1.3105277
14920,0.48301578
14921,-1.3606066
14922,1.9419397
14923,-0.65723497
14924,-0.7491029
14925,-1.176642
14926,0.39627376
14927,-1.409083
14928,2.0588417
14929,0.3478747
14930,-0.43889692
14931,-0.14547125
14932,-0.6162173
14933,-0.80432
14934,-0.0633911
14935,-1.0301311
14936,0.4574096
14937,-1.1555706
14938,-0.09534425
14939,-0.16963603
14940,-2.2972064
14941,-0.23938459
14942,-1.0024383
14943,0.21204127
14944,-0.28839603
14945,-1.9643567
14946,-2.2869298
14947,-1.512191
14948,-0.975828
14949,0.010320169
14950,-0.49041742
14951,0.0048137167
14952,-0.13110018
14953,0.6357784
14954,0.1516274
14955,-1.3626926
14956,0.03874797
14957,0.3177391
14958,0.66669863
14959,-0.53979045
14960,0.3063574
14961,0.98331267
14962,0.29399985
14963,-1.2958549
14964,-0.030045822
14965,0.64425904
14966,0.048551362
14967,0.43210602
14968,0.40366688
14969,-1.1478555
14970,-0.09463746
14971,-1.6105704
14972,0.1543489
14973,0.32910857
14974,-1.1386354
14975,0.7337893
14976,0.68523616
14977,0.13365698
14978,-1.4097742
14979,-1.0286884
14980,-2.620623
14981,0.83205825
14982,-4.1818833
14983,0.5785213
14984,0.5233084
14985,-1.7110606
14986,-0.38738623
14987,-0.9399199
14988,0.23782206
14989,0.2529079
14990,0.8755222
14991,0.45797545
14992,-0.4255422
14993,-0.7201017
14994,-1.1294616
14995,0.17310292
14996,0.31935754
14997,1.6213233
14998,-0.34223208
14999,0.09507416
15000,1.530992
15001,-0.05913696
15002,0.27573186
15003,-2.4855962
15004,-0.36436373
15005,1.2076205
15006,-0.40411445
15007,-0.19561324
15008,-2.5388603
15009,2.245871
15010,0.6137608
15011,-0.36782932
15012,2.0245721
15013,0.44755828
15014,-1.3420985
15015,-0.23359138
15016,1.9550897
15017,-0.19859163
15018,-7.945927
15019,-0.33354703
15020,0.2882125
15021,-0.26769644
15022,0.58987916
15023,-0.5924826
15024,-0.40900514
15025,-1.5933955
15026,2.3704383
15027,-1.181781
15028,1.0917029
15029,0.31851012
15030,-1.0795772
15031,0.25181726
15032,2.167413
15033,-0.34800544
15034,0.62909365
15035,-0.2878288
15036,-0.5406865
15037,1.4772129
15038,-0.44269016
15039,-0.5195617
15040,-2.0323856
15041,-1.0155053
15042,1.9682513
15043,-1.0092828
15044,-0.8203475
15045,-1.0545069
15046,-0.28832304
15047,-1.0525843
15048,0.7324732
15049,0.061336316
15050,0.15388224
15051,0.49012724
15052,-1.046431
15053,-0.9403887
15054,0.37331194
15055,-0.56408995
15056,-0.7437898
15057,-0.6412157
15058,-1.0801022
15059,0.5988773
15060,-0.35888648
15061,-0.4303167
15062,-0.60232383
15063,-0.52824336
15064,-1.1032525
15065,-0.81814486
15066,0.008083157
15067,0.29209802
15068,-2.2942882
15069,-1.7837586
15070,0.14322102
15071,0.3031347
15072,0.29190403
15073,0.011279944
15074,0.065042354
15075,0.24001653
15076,0.16115093
15077,0.5814775
15078,0.12936468
15079,-1.468426
15080,0.11441027
15081,-1.3748436
15082,-1.3179481
15083,0.909171
15084,-0.057337016
15085,-1.2191118
15086,2.4931996
15087,2.515188
15088,-0.16681531
15089,0.09875573
15090,-0.10353816
15091,-2.0680497
15092,0.7326314
15093,0.091408975
15094,-0.034017246
15095,0.79689133
15096,0.10810951
15097,-0.10813794
15098,1.0120308
15099,-0.22889736
15100,-0.053665955
15101,0.81963664
15102,-0.053218763
15103,-0.18445654
15104,-0.24425775
15105,-1.1842096
15106,0.44673127
15107,0.34172162
15108,0.12966536
15109,-0.048363797
15110,-0.120592184
15111,0.12585828
15112,0.17560561
15113,0.083611935
15114,-0.21094057
15115,-0.15788679
15116,0.63730603
15117,0.73969007
15118,0.58266574
15119,-0.32318923
15120,0.02994036
15121,-0.22600572
15122,-0.43390578
15123,-0.39998528
15124,-0.41285682
15125,-0.49070323
15126,-0.2589522
15127,-0.31622443
15128,0.55873483
15129,0.6699062
15130,-0.20162825
15131,0.9303373
15132,-0.40279877
15133,0.3589881
15134,-0.7786224
15135,-0.31824228
15136,-0.09577714
15137,0.6386218
15138,-0.3835081
15139,-0.78602415
15140,0.026685046
15141,-0.2612688
15142,-0.3242455
15143,-0.6142206
15144,-0.2746558
15145,-0.5604939
15146,0.2919841
15147,-1.2640059
15148,-0.59057456
15149,-0.61572933
15150,-0.43063694
15151,-0.054766912
15152,-2.0973563
15153,-0.45684135
15154,-0.5867818
15155,0.66128075
15156,0.3698615
15157,-0.16850676
15158,0.5697459
15159,-1.2357991
15160,-1.2661927
15161,-0.036054336
15162,-1.2430316
15163,-0.06443592
15164,-1.1664826
15165,0.1831453
15166,-0.89066744
15167,-0.07627915
15168,-0.94370466
15169,-0.93660426
15170,-0.080322005
15171,-0.06482476
15172,-0.13775244
15173,-0.7801179
15174,0.22533444
15175,-1.1612916
15176,0.30955115
15177,-0.89387095
15178,-0.11173003
15179,-1.0861831
15180,-0.430732
15181,0.3214389
15182,-1.456975
15183,-0.14344165
15184,0.097748436
15185,0.1640384
15186,-0.43004033
15187,-0.054844618
15188,-1.3003719
15189,0.8201899
15190,-0.0027980462
15191,-0.8417145
15192,-0.4211809
15193,-1.1203102
15194,-0.204384
15195,-0.94812685
15196,-0.6100868
15197,-1.044072
15198,-1.1980597
15199,-1.6386727
15200,-0.7275116
15201,0.17854464
15202,0.025698896
15203,-0.28225932
15204,-0.43138883
15205,0.69030744
15206,-0.30579945
15207,-0.033574093
15208,-1.08662
15209,-2.175772
15210,0.18044378
15211,0.30393505
15212,-0.9313126
15213,-0.17495525
15214,-0.14083037
15215,-0.8950108
15216,1.2314283
15217,0.110330984
15218,-0.92792284
15219,-0.28992376
15220,-0.38751864
15221,-0.05602364
15222,0.16002432
15223,-1.4358552
15224,-0.8482786
15225,-1.2276248
15226,0.23894303
15227,-0.0589207
15228,0.19975667
15229,0.29423064
15230,-0.99721366
15231,-0.42964104
15232,0.06640258
15233,-0.73243856
15234,-0.0033423065
15235,-0.0404351
15236,0.30030653
15237,-0.42129302
15238,0.4472068
15239,0.14538087
15240,-0.42129302
15241,0.24042924
15242,0.032865528
15243,-0.1623048
15244,0.0018033289
15245,-6.931868
15246,-0.66758764
15247,-0.89471096
15248,0.50606745
15249,-0.24543592
15250,0.870794
15251,0.7988145
15252,-0.121822484
15253,0.2493642
15254,0.7407531
15255,0.7617955
15256,-0.21618664
15257,-1.5363055
15258,-0.39080057
15259,0.49779975
15260,-0.16251849
15261,-0.26864696
15262,0.5194947
15263,-1.1014453
15264,-1.3703552
15265,0.4028215
15266,-1.3666197
15267,-0.7621806
15268,0.5737871
15269,1.0573205
15270,-0.46584788
15271,-0.599147
15272,0.09666933
15273,-0.7805301
15274,-0.33383352
15275,-0.52414954
15276,0.108301796
15277,-1.9347823
15278,-0.79173774
15279,0.26553226
15280,-1.8046852
15281,1.9022169
15282,-0.035494287
15283,-0.4007636
15284,-0.041017834
15285,-1.2629876
15286,0.33090496
15287,0.07471467
15288,0.18612805
15289,-1.0264645
15290,-1.4082841
15291,0.24268429
15292,-0.0035833598
15293,-1.6466124
15294,-0.9396314
15295,-1.1493267
15296,0.21378435
15297,-1.580939
15298,0.09807319
15299,0.14255303
15300,-0.41879335
15301,0.018424915
15302,-0.17326346
15303,-0.06911149
15304,1.3767076
15305,-0.27981713
15306,1.1123742
15307,0.17558262
15308,-1.1494778
15309,-0.4805534
15310,0.045186836
15311,0.90419084
15312,-0.4519104
15313,-0.9819837
15314,-0.042055923
15315,-0.22261797
15316,-0.50935364
15317,-0.4307657
15318,0.00055543624
15319,-0.2367041
15320,0.040237825
15321,1.0966201
15322,-0.074534595
15323,-0.02846901
15324,0.7971935
15325,-0.15277465
15326,0.16087963
15327,-0.36747384
15328,-0.11212934
15329,-0.45750576
15330,-0.46551615
15331,-0.30355296
15332,-0.8602232
15333,-0.44088835
15334,-0.19164585
15335,-0.9067367
15336,-0.34377006
15337,-0.16139442
15338,0.18062763
15339,-0.69728625
15340,-0.1407782
15341,0.30398223
15342,0.017704276
15343,-0.103804894
15344,0.15814777
15345,0.8558762
15346,0.003453849
15347,-2.6415107
15348,-0.17832518
15349,-0.65005666
15350,-0.32049367
15351,-4.03292
15352,0.2935953
15353,-1.190187
15354,-1.1362046
15355,0.019044306
15356,0.7285183
15357,-0.2911495
15358,-0.43567902
15359,0.29727146
15360,0.0464395
15361,0.22976986
15362,0.7745834
15363,0.24187493
15364,-1.2004492
15365,-0.035152063
15366,-0.38068125
15367,-1.0410976
15368,-0.035152063
15369,-0.6275654
15370,-1.3015964
15371,1.4794298
15372,-0.944648
15373,-1.0949838
15374,1.0499324
15375,-1.3837702
15376,-0.28723535
15377,-5.627207
15378,-0.2837383
15379,2.7308056
15380,-0.101749405
15381,0.37732995
15382,-1.6162734
15383,0.21754943
15384,-1.349605
15385,-0.035443425
15386,-1.2661238
15387,-1.4457425
15388,-1.0899003
15389,0.6752167
15390,-1.2365257
15391,0.38716015
15392,-0.35985482
15393,0.8482172
15394,0.53395945
15395,-0.021915976
15396,-1.1454109
15397,0.67486787
15398,-1.3260667
15399,-0.09269913
15400,-1.2837287
15401,-0.035152063
15402,0.045524143
15403,-1.2531058
15404,0.09327273
15405,0.19552918
15406,-0.26688898
15407,-1.2264558
15408,1.885953
15409,0.58536303
15410,0.48947078
15411,-0.091485515
15412,0.11678827
15413,-0.6180575
15414,-1.5169642
15415,0.1805817
15416,0.5031468
15417,-1.1273445
15418,0.20269397
15419,0.865481
15420,0.26366973
15421,0.64603364
15422,0.738644
15423,0.4847246
15424,1.5453483
15425,0.26366973
15426,0.43936783
15427,0.5135116
15428,-0.7913583
15429,-0.3606368
15430,0.023494164
15431,0.055104014
15432,-1.0071183
15433,1.0104777
15434,-1.7153268
15435,-1.0865628
15436,0.055864207
15437,-1.7577218
15438,0.15802965
15439,-1.360267
15440,0.49821344
15441,-0.93815184
15442,0.38105407
15443,-0.98019594
15444,0.48690197
15445,-1.5861624
15446,-1.3596809
15447,0.33335695
15448,-1.2870729
15449,0.5241694
15450,0.34723434
15451,-2.3548458
15452,0.16152263
15453,-1.5373626
15454,0.4574096
15455,-0.68674254
15456,-0.4771596
15457,0.24431573
15458,-1.2872463
15459,-0.33201268
15460,-0.15998001
15461,-1.3826737
15462,-0.1041893
15463,-1.1480523
15464,0.29399985
15465,-1.1612916
15466,0.88858914
15467,-0.12879954
15468,-0.45334637
15469,1.068944
15470,-0.20486628
15471,-1.0159327
15472,0.47754344
15473,0.79883903
15474,0.3633489
15475,-0.113800205
15476,0.29642588
15477,-1.5007441
15478,0.47030267
15479,-1.4159031
15480,-0.26552403
15481,-1.4340614
15482,0.62142664
15483,0.36340424
15484,0.43575072
15485,-0.42452806
15486,-0.8961656
15487,0.6779326
15488,0.6628042
15489,0.85290205
15490,-1.3526709
15491,-0.0060204794
15492,-0.49114308
15493,-0.14728478
15494,-1.073111
15495,-0.80101573
15496,0.4244814
15497,-2.5089085
15498,0.48420668
15499,1.0897509
15500,0.27052775
15501,0.7411895
15502,-0.5032657
15503,-0.20463751
15504,-0.46386907
15505,-1.2265096
15506,-0.23970303
15507,-1.1612916
15508,0.28167748
15509,-0.07312117
15510,0.29698944
15511,-1.4498408
15512,-0.24728516
15513,-0.12856789
15514,-1.519617
15515,0.021893863
15516,-0.32756922
15517,-1.2368534
15518,0.17675534
15519,-0.21574925
15520,-0.1757707
15521,-0.34225127
15522,-1.7235409
15523,-0.21715477
15524,0.92006147
15525,-1.0404217
15526,-1.8486403
15527,0.53784025
15528,-0.033755273
15529,0.17966625
15530,-0.44039264
15531,0.092775404
15532,-0.44118598
15533,0.35222375
15534,-1.5640541
15535,-0.18445654
15536,-0.122795746
15537,-1.2027477
15538,-0.20793425
15539,-0.58291644
15540,0.7131471
15541,-1.2619113
15542,0.32685003
15543,-0.07652367
15544,0.39627376
15545,-1.3296086
15546,1.9573278
15547,0.6501183
15548,-1.1949836
15549,-1.4951383
15550,0.88806134
15551,-1.4561516
15552,0.62599635
15553,0.0028525307
15554,-1.0329385
15555,0.09327273
15556,-0.43272957
15557,-0.3155636
15558,0.31824836
15559,0.29824698
15560,1.5028527
15561,0.4455484
15562,0.72175586
15563,-0.363862
15564,-0.30103883
15565,-0.205321
15566,0.10247428
15567,2.2995045
15568,-0.38205284
15569,0.20216894
15570,-0.49913353
15571,-1.9204389
15572,-0.02465915
15573,0.17953284
15574,-0.26190284
15575,0.31063426
15576,0.23533379
15577,-0.4687547
15578,-0.3702638
15579,-0.69349027
15580,0.8348837
15581,-2.2073178
15582,-0.7227287
15583,-0.33355778
15584,0.49592626
15585,0.58267236
15586,-0.15737653
15587,-1.2683258
15588,0.53658324
15589,-0.9756443
15590,0.2280536
15591,-0.87466943
15592,0.6739879
15593,0.5213544
15594,0.7845076
15595,-2.4173036
15596,-0.45271802
15597,-0.04623738
15598,-0.595535
15599,-0.17270343
15600,-0.34170523
15601,-0.26354882
15602,-0.5508702
15603,-0.77805275
15604,-0.20602591
15605,-0.943281
15606,-0.5504632
15607,-0.4049973
15608,0.56757414
15609,-0.13581784
15610,0.6438343
15611,-0.48930573
15612,-0.12211281
15613,-0.45016533
15614,-0.717736
15615,0.38778922
15616,-0.07414865
15617,-0.5259856
15618,-0.48348635
15619,0.31340736
15620,-0.7934991
15621,-0.4633308
15622,-0.23600443
15623,-3.4452703
15624,0.07882524
15625,-1.0798254
15626,0.004020213
15627,-0.9412031
15628,-1.7513552
15629,-0.8581191
15630,0.35058695
15631,-1.1931914
15632,0.041713662
15633,-1.0168531
15634,0.054827362
15635,-3.9125197
15636,-0.8581191
15637,0.30815566
15638,-2.2872453
15639,0.14474303
15640,-6.975536
15641,0.6315285
15642,-1.1176097
15643,-0.29504046
15644,-1.1896808
15645,-0.0015502208
15646,-1.7523746
15647,0.052878853
15648,-0.047413956
15649,-0.1407782
15650,-0.92962104
15651,0.052878853
15652,-1.2289563
15653,0.150124
15654,-0.81114256
15655,0.017114557
15656,-0.047413956
15657,-1.2338183
15658,-0.23428346
15659,0.35860118
15660,-0.9950322
15661,-1.0809577
15662,0.20215061
15663,-1.1644907
15664,-0.95649815
15665,-0.9231237
15666,-0.0069480105
15667,-1.3489115
15668,-0.017110027
15669,-1.4114479
15670,-1.311624
15671,0.24655218
15672,-1.1218295
15673,-1.554414
15674,-1.5714489
15675,0.2814213
15676,-2.0175622
15677,-2.0967882
15678,-1.308077
15679,0.28016204
15680,-1.720973
15681,-0.9710172
15682,-1.2735848
15683,-0.07154366
15684,0.26457527
15685,0.14685215
15686,0.39655682
15687,-0.047413956
15688,-0.3134668
15689,0.41787997
15690,-1.0779063
15691,-0.47887588
15692,-1.1138215
15693,-0.1896925
15694,-0.21222457
15695,-1.1785421
15696,0.013235994
15697,-0.09002275
15698,0.011594973
15699,-0.917277
15700,-0.3182933
15701,-0.18263228
15702,0.27502388
15703,-0.7934991
15704,-0.45271802
15705,-0.50378084
15706,0.029272605
15707,-0.8943647
15708,0.67533606
15709,-2.29627
15710,0.06290706
15711,0.24631158
15712,0.91126275
15713,-1.6577432
15714,-0.026473194
15715,-0.78370583
15716,-0.5731387
15717,-0.11090445
15718,-0.95398664
15719,-0.041648004
15720,-0.1412447
15721,-2.0482185
15722,-0.045088112
15723,-0.6299695
15724,-0.075907975
15725,0.32614923
15726,-0.068970844
15727,-0.31736398
15728,0.34077686
15729,-0.5338909
15730,-0.034352414
15731,0.18435314
15732,0.08066156
15733,-0.40477404
15734,-0.9476854
15735,0.066890195
15736,-1.5176561
15737,-0.86986995
15738,-0.100804545
15739,-1.3351591
15740,-0.36031345
15741,-0.29867816
15742,-0.23824537
15743,-0.26493806
15744,-0.07627152
15745,-0.07349341
15746,-0.31908736
15747,-0.3760016
15748,-1.0184178
15749,0.3481603
15750,2.2468061
15751,0.6599433
15752,0.45791945
15753,-1.1301118
15754,1.9610527
15755,-0.42641205
15756,2.2590795
15757,-1.1983062
15758,-0.16722785
15759,-0.096916065
15760,-1.2638693
15761,-0.4235207
15762,-1.038111
15763,0.35199332
15764,-0.48801726
15765,-0.8135741
15766,0.59412485
15767,-1.3301462
15768,-0.08369096
15769,0.8396249
15770,0.42400867
15771,1.6752362
15772,-1.098484
15773,0.08704094
15774,-1.4444469
15775,0.16372246
15776,0.3487283
15777,-0.96646124
15778,0.7680889
15779,-1.2766844
15780,0.46793038
15781,-1.2157339
15782,0.61531526
15783,-1.0113645
15784,0.33335695
15785,-1.6454225
15786,0.5594214
15787,-1.1363945
15788,1.8409652
15789,-1.8266952
15790,-0.8155946
15791,0.16444686
15792,-1.360267
15793,0.6027771
15794,-0.6883082
15795,-0.35271063
15796,-0.027507452
15797,-0.056354024
15798,-0.011736229
15799,-2.0311425
15800,-1.1334707
15801,0.14648555
15802,-1.0639836
15803,0.53780717
15804,-1.3856994
15805,0.61965406
15806,-1.2766844
15807,0.691104
15808,0.056900352
15809,0.69015366
15810,0.015545962
15811,0.06568669
15812,0.06568669
15813,-1.0591437
15814,0.5249083
15815,-1.9243041
15816,-1.1353942
15817,0.43486416
15818,-2.4841645
15819,0.91371113
15820,-0.7799487
15821,0.11518293
15822,0.2919841
15823,0.25264415
15824,0.45171937
15825,-0.29072383
15826,0.46219742
15827,0.3179557
15828,-0.062285706
15829,0.5179193
15830,0.15388224
15831,0.3873773
15832,0.40632367
15833,-0.73769665
15834,0.45077062
15835,0.27617958
15836,-0.978278
15837,0.30679634
15838,0.5180238
15839,0.15132622
15840,0.061285846
15841,0.77385956
15842,0.45532367
15843,0.69481164
15844,0.25987658
15845,-1.6881989
15846,0.26733482
15847,-2.0896347
15848,0.2390663
15849,-3.6065922
15850,0.39017746
15851,0.18389516
15852,0.66893023
15853,0.5132173
15854,0.15686011
15855,0.37598836
15856,0.2607343
15857,0.31308794
15858,0.44798377
15859,-0.44341278
15860,0.314506
15861,0.8786934
15862,1.3181473
15863,0.2607343
15864,0.7579707
15865,-0.14416167
15866,-0.1757707
15867,-0.020814199
15868,0.6929531
15869,-0.34086564
15870,0.10020734
15871,-0.32756922
15872,-0.23009449
15873,-1.4785582
15874,1.6110502
15875,-1.3142346
15876,-0.36490613
15877,-0.30077952
15878,-1.3347845
15879,-0.33151296
15880,-0.22056626
15881,-1.2550894
15882,0.832608
15883,0.6502766
15884,-2.3872933
15885,-0.19088414
15886,-0.061830346
15887,0.30168924
15888,-2.3284752
15889,-0.2003191
15890,0.036281183
15891,1.18494
15892,-1.5668737
15893,0.5296502
15894,-0.3994157
15895,-0.084083684
15896,-0.6141809
15897,0.06670024
15898,-0.41710404
15899,0.08821605
15900,-1.5349183
15901,-1.2738785
15902,0.27688214
15903,1.1871628
15904,-0.27911538
15905,-0.205321
15906,-0.813061
15907,2.540473
15908,-1.1670421
15909,-0.24782187
15910,0.010778344
15911,-0.21715477
15912,-0.94978404
15913,0.43393788
15914,-1.7086371
15915,0.46817788
15916,-0.93354887
15917,0.68234336
15918,-0.15317938
15919,0.067924805
15920,-1.0886872
15921,0.2825237
15922,-1.1199903
15923,-0.9565236
15924,0.48892775
15925,-1.0584422
15926,-2.5361571
15927,-0.66984177
15928,-1.9453094
15929,-3.6085265
15930,-0.6545731
15931,-3.7387135
15932,-1.5627223
15933,-1.3579373
15934,-2.1422963
15935,-1.8774035
15936,1.0870425
15937,-1.5617502
15938,-0.37077382
15939,-0.09540469
15940,-2.6523287
15941,-0.5303089
15942,0.32961616
15943,-0.31703335
15944,0.1682389
15945,-0.34377006
15946,0.050999437
15947,-0.5826205
15948,-0.23310566
15949,0.117286734
15950,-0.073993154
15951,-0.22984716
15952,0.10247428
15953,-0.12575528
15954,-2.2277064
15955,-0.54073364
15956,-1.7349471
15957,-0.14334063
15958,-0.123839766
15959,-0.46948603
15960,-1.7769765
15961,-0.26660362
15962,0.44891894
15963,-0.47585374
15964,0.16638142
15965,-0.24253938
15966,0.16039306
15967,-0.8322434
15968,-0.010539645
15969,-0.16658135
15970,-1.5359035
15971,-0.0715553
15972,2.515188
15973,-1.3132316
15974,-1.0375441
15975,0.054729916
15976,-0.3201589
15977,-0.013182375
15978,-0.21729241
15979,-0.17095172
15980,-0.12398469
15981,-0.29117367
15982,-0.30455762
15983,0.13228202
15984,0.53230125
15985,0.20183322
15986,-0.088678256
15987,0.09964463
15988,-1.3212528
15989,-1.0488617
15990,-0.021315979
15991,0.10266408
15992,0.31177834
15993,-0.14384842
15994,0.16907983
15995,-1.22961
15996,-0.310946
15997,-0.021515038
15998,-1.4593747
15999,-0.088678256
16000,0.16039306
16001,-0.12596998
16002,0.109612495
16003,-1.1981224
16004,-0.20179921
16005,0.04142601
16006,-0.04132461
16007,0.42068803
16008,-0.12550342
16009,0.036025636
16010,-0.2516077
16011,-0.012333731
16012,0.12966536
16013,0.2745862
16014,-0.48486763
16015,0.78124124
16016,-0.15788679
16017,0.7638901
16018,-0.26352307
16019,-0.72402215
16020,-0.36716872
16021,-0.7773916
16022,0.25478032
16023,-0.06420679
16024,-0.35727373
16025,-0.677328
16026,-0.3455796
16027,-2.4173036
16028,-0.24860913
16029,-0.20829399
16030,0.3851965
16031,-0.6017223
16032,-0.37070033
16033,-0.48348635
16034,0.31340736
16035,-0.917277
16036,-0.90906566
16037,0.004963881
16038,0.042863745
16039,-0.2372745
16040,-0.4105159
16041,-0.19454102
16042,-0.120974004
16043,-0.7934991
16044,-0.45271802
16045,-0.5131751
16046,0.11412013
16047,0.4431023
16048,-0.10961612
16049,-0.23100983
16050,-1.8071387
16051,-0.254386
16052,-0.40969083
16053,-1.580939
16054,0.012836037
16055,-0.828154
16056,-0.23449717
16057,1.0945437
16058,-0.3403941
16059,-0.07790073
16060,-0.58659595
16061,-0.6640038
16062,0.1564228
16063,-0.35953045
16064,0.8930534
16065,-1.1310415
16066,-0.43902975
16067,-0.61572933
16068,-0.46026763
16069,-0.8204421
16070,0.28876328
16071,-0.5047309
16072,0.6055516
16073,0.30818945
16074,-0.31027803
16075,-0.36415958
16076,0.15051147
16077,-0.2356529
16078,0.113787845
16079,0.48227188
16080,-0.28144252
16081,0.5294681
16082,-0.30810976
16083,0.119470604
16084,-0.33627442
16085,-0.13354354
16086,-1.327491
16087,-0.011225729
16088,-1.2819219
16089,-0.11173003
16090,-0.0033423065
16091,-1.2239679
16092,0.000778825
16093,-1.4807788
16094,-0.204384
16095,-0.087538846
16096,-0.034352414
16097,-1.0931919
16098,-0.23011473
16099,-0.0033423065
16100,-1.4736259
16101,0.2459145
16102,-1.4690385
16103,0.4135018
16104,-1.3512268
16105,-0.038252886
16106,-1.74419
16107,-0.14344165
16108,0.00059282756
16109,0.2573155
16110,-1.41121
16111,-0.23824537
16112,-0.85751146
16113,-0.9396163
16114,-0.0069480105
16115,-1.2639581
16116,-0.0033423065
16117,-1.2999327
16118,-0.9422706
16119,-0.047413956
16120,-0.83408326
16121,0.019214112
16122,-1.1653199
16123,-0.30686948
16124,-1.1612916
16125,-1.1499028
16126,-0.82232386
16127,-0.41368678
16128,-0.62877494
16129,-0.29548123
16130,0.22853379
16131,0.512398
16132,0.6438343
16133,-0.071350776
16134,0.0057055317
16135,0.46462405
16136,0.5672533
16137,-0.2117451
16138,-2.0944846
16139,-0.5615918
16140,-0.72402215
16141,-0.6648678
16142,-0.027881546
16143,-0.012135885
16144,-0.83969194
16145,-0.10497144
16146,-0.273591
16147,-0.28700638
16148,-0.37070033
16149,-1.5344198
16150,0.12837191
16151,-1.2199312
16152,-0.7621806
16153,-1.2817112
16154,0.084640935
16155,-1.197993
16156,-0.90371907
16157,-1.1092116
16158,0.2814213
16159,-1.21769
16160,-1.0423068
16161,-1.110959
16162,0.2657811
16163,0.7730359
16164,-1.7078378
16165,-0.6357097
16166,-0.05602364
16167,0.33684814
16168,0.32774836
16169,-1.3803797
16170,0.0376484
16171,0.44979084
16172,0.3356211
16173,0.45431033
16174,0.45607302
16175,0.06401354
16176,0.120415576
16177,0.34453216
16178,-1.197993
16179,-0.90371907
16180,-0.9313899
16181,0.10558373
16182,0.23152068
16183,-0.398058
16184,0.85955477
16185,0.5504589
16186,0.5705483
16187,0.52314043
16188,-0.1652826
16189,0.725148
16190,0.6071898
16191,0.84597224
16192,0.8487736
16193,0.85955477
16194,0.75052136
16195,0.55067354
16196,0.86338705
16197,0.23758666
16198,0.78291947
16199,0.5079526
16200,-1.400005
16201,0.6078303
16202,-1.261565
16203,0.76537234
16204,-1.4607017
16205,-0.5209989
16206,0.46087107
16207,-1.2894564
16208,-0.8033742
16209,-1.1089617
16210,0.22786726
16211,-1.2971636
16212,-0.7621806
16213,-0.30384976
16214,0.36166403
16215,-1.1994137
16216,-2.4932761
16217,0.5444618
16218,0.28832072
16219,-1.000609
16220,0.34293973
16221,0.5937856
16222,-2.1537745
16223,-0.045088112
16224,0.060528122
16225,-1.8620675
16226,-1.6660073
16227,-0.5606672
16228,0.32268748
16229,-0.27886465
16230,0.119470604
16231,-0.31360248
16232,-1.1563478
16233,-0.057726283
16234,-0.6299695
16235,-0.8267511
16236,-0.34377006
16237,0.084385835
16238,-0.7696715
16239,-1.1431931
16240,-0.02469987
16241,0.4764409
16242,-0.7696715
16243,-0.19837484
16244,-0.2300774
16245,0.1409661
16246,-0.08259895
16247,-0.3561362
16248,0.010122871
16249,-0.20285004
16250,0.041873008
16251,0.117286734
16252,-0.19905353
16253,-1.57723
16254,-0.13711575
16255,-0.21499375
16256,-1.9765059
16257,-0.4218277
16258,0.4122877
16259,-0.36888266
16260,0.22890048
16261,-0.12562282
16262,-0.110576026
16263,-0.24529001
16264,0.17116241
16265,-0.2647603
16266,-2.117041
16267,-0.057726283
16268,-0.7457896
16269,-0.38569772
16270,-1.4397087
16271,-0.045088112
16272,-0.33894053
16273,-2.1733067
16274,-0.045088112
16275,0.4495052
16276,-0.02260686
16277,-0.34311152
16278,-0.03671262
16279,-0.25902703
16280,0.19040768
16281,-0.10526145
16282,-1.3206182
16283,-0.3042795
16284,0.25246358
16285,-0.1583628
16286,-0.37017733
16287,-0.7890901
16288,-0.41743267
16289,0.1220095
16290,-1.2401814
16291,-0.90971243
16292,-0.99190444
16293,0.06677664
16294,-0.14563586
16295,-1.1457617
16296,0.7491449
16297,-1.7957923
16298,-2.2948625
16299,0.21479812
16300,-1.1994137
16301,-3.2835987
16302,0.4304304
16303,-1.5559121
16304,-1.2985901
16305,0.70185846
16306,-1.3848076
16307,-0.6659527
16308,0.6991096
16309,-1.3880463
16310,0.7447072
16311,-0.01983077
16312,-0.6873029
16313,-1.3617834
16314,-0.7961674
16315,0.29963815
16316,-0.82181364
16317,-0.30464223
16318,1.0142714
16319,0.0078001106
16320,-2.3260746
16321,0.049364578
16322,-1.4340785
16323,-0.6356805
16324,0.5799796
16325,0.9896226
16326,0.48591015
16327,0.4638388
16328,0.98301715
16329,0.28545246
16330,-1.5848857
16331,2.2848942
16332,0.4829437
16333,0.39627376
16334,-1.2497671
16335,-0.13347381
16336,0.09185892
16337,-1.3736042
16338,2.370028
16339,0.5894927
16340,-0.47112867
16341,1.7781451
16342,-1.2000433
16343,0.3811696
16344,1.3575073
16345,-1.098484
16346,0.41706127
16347,-1.2028675
16348,0.17763907
16349,0.3562871
16350,-1.4973409
16351,2.2746522
16352,0.122393504
16353,-0.17921889
16354,-0.17588486
16355,-0.9394899
16356,-0.012504905
16357,-0.12281017
16358,-2.2911818
16359,-0.0718542
16360,0.43538177
16361,0.42592818
16362,-1.3076171
16363,2.0588417
16364,-0.18255992
16365,-1.3596567
16366,2.471866
16367,0.011367504
16368,-1.3902293
16369,-0.057844467
16370,-0.53736985
16371,-1.6949589
16372,-0.14393601
16373,0.010778344
16374,-0.01826752
16375,-1.2548261
16376,1.7782346
16377,-0.20554614
16378,2.0810816
16379,-1.295457
16380,-0.01983077
16381,-1.3486217
16382,0.06988622
16383,0.31190196
16384,-1.3486217
16385,2.4002883
16386,0.5084223
16387,-1.3803797
16388,-1.0508164
16389,0.51179224
16390,-1.1614424
16391,-0.26420075
16392,0.24079818
16393,0.26940763
16394,0.1958301
16395,0.29298562
16396,-0.15500668
16397,0.18216154
16398,0.1805817
16399,0.54524827
16400,0.13973668
16401,0.13315745
16402,-0.15500668
16403,-0.50719666
16404,0.18168816
16405,-1.4502473
16406,-1.3982099
16407,0.54126453
16408,-2.5953019
16409,-2.356275
16410,-1.3982099
16411,0.5915595
16412,-1.2155874
16413,0.70576364
16414,0.27170628
16415,-1.159115
16416,0.33335695
16417,0.09374662
16418,-0.009932965
16419,-1.2620881
16420,0.38105407
16421,-1.0727293
16422,0.037021283
16423,-1.1218295
16424,0.021201191
16425,-1.2002835
16426,0.58108586
16427,-1.1334707
16428,0.4574096
16429,-1.3313382
16430,0.50113297
16431,-1.3994284
16432,0.5171007
16433,-0.6180575
16434,0.25589505
16435,0.113508485
16436,-0.16459769
16437,0.5375304
16438,1.1072327
16439,0.6438343
16440,0.69892204
16441,-0.29519016
16442,0.3922186
16443,0.5384817
16444,0.34599003
16445,-0.15085447
16446,-1.367068
16447,0.3368359
16448,0.3094374
16449,0.44526887
16450,1.2814758
16451,0.118143894
16452,-1.2665033
16453,0.5998292
16454,0.26649982
16455,-0.076821126
16456,0.38535178
16457,0.9023571
16458,0.922035
16459,0.15290129
16460,-1.0482126
16461,0.7571409
16462,0.76590544
16463,-1.0525233
16464,1.003364
16465,0.7379476
16466,0.64142764
16467,-0.41350055
16468,0.314506
16469,1.0535705
16470,-0.34968048
16471,-0.99613816
16472,0.6630227
16473,0.18389516
16474,0.65686566
16475,0.21960817
16476,-0.6184386
16477,0.3749201
16478,-0.5643129
16479,0.18168126
16480,0.6808551
16481,0.1871861
16482,0.314506
16483,1.0530457
16484,0.05687217
16485,-0.16618305
16486,-0.32017112
16487,-0.37688118
16488,0.5292531
16489,-0.07949498
16490,0.5672533
16491,0.27694222
16492,0.4362628
16493,0.7578631
16494,0.46219742
16495,-0.205321
16496,-1.3318937
16497,1.3877755
16498,-0.46239164
16499,0.56083673
16500,-0.3471102
16501,-1.3333224
16502,0.963571
16503,-0.5815309
16504,1.3827703
16505,-0.18445654
16506,-1.802442
16507,1.3344136
16508,-0.106573835
16509,-0.41604653
16510,-1.5692255
16511,2.7469237
16512,-0.5056767
16513,-0.15425298
16514,0.53993756
16515,-1.0004392
16516,-1.1282667
16517,2.5758843
16518,-1.2543937
16519,-0.31984395
16520,-0.28925753
16521,-1.8894882
16522,-0.23664251
16523,-0.24240668
16524,0.23564751
16525,-0.052926686
16526,0.91056716
16527,-0.3392007
16528,-0.4830294
16529,0.06425899
16530,0.9813902
16531,-0.29094696
16532,-0.92598647
16533,0.14334646
16534,-0.14156352
16535,0.84900063
16536,-0.22020319
16537,-1.4413819
16538,-0.025750155
16539,-0.10413685
16540,0.94548005
16541,-0.2343694
16542,-0.77479553
16543,2.6123054
16544,-1.8591352
16545,0.48013762
16546,-2.549445
16547,0.18461889
16548,-0.3139511
16549,-1.6959052
16550,0.946601
16551,-0.31852305
16552,-0.5779317
16553,0.107035644
16554,-0.5228754
16555,-0.21094057
16556,-0.19938329
16557,0.101739526
16558,-0.27536562
16559,-0.20653602
16560,-1.2219138
16561,0.50723606
16562,-0.14886084
16563,-0.89471096
16564,-0.44410262
16565,0.08541432
16566,0.25260052
16567,0.32381985
16568,-0.0054344605
16569,0.58012515
16570,0.1994274
16571,-0.17893568
16572,0.46358594
16573,-0.61569405
16574,0.09425304
16575,0.59473157
16576,0.544481
16577,0.31177834
16578,1.8093227
16579,-0.070462145
16580,-1.0128696
16581,2.15055
16582,0.05876156
16583,0.36735287
16584,-3.8083682
16585,-0.2711592
16586,0.027732978
16587,-0.61300033
16588,-0.45271802
16589,-0.47122088
16590,0.1422879
16591,-0.010237831
16592,-1.3212528
16593,0.21046889
16594,-0.48074833
16595,0.36471233
16596,-0.22150502
16597,-0.609751
16598,-1.2124017
16599,-0.624684
16600,0.2733878
16601,0.4392919
16602,-0.1144419
16603,-0.0117445495
16604,0.28876328
16605,-0.23957574
16606,-0.7773916
16607,-0.45016533
16608,-0.6896175
16609,-0.60013986
16610,0.3698615
16611,-0.37685427
16612,-0.35727373
16613,0.28174475
16614,-0.23711921
16615,0.09498462
16616,-0.93956864
16617,0.005125961
16618,0.017704276
16619,0.097748436
16620,-0.9143511
16621,0.28387257
16622,-0.4623818
16623,-1.1459912
16624,-1.1263
16625,-1.5771878
16626,-0.0645704
16627,-1.6348552
16628,-1.3617158
16629,0.11553076
16630,0.23974892
16631,-0.7985418
16632,1.0645388
16633,-1.3031694
16634,-0.016981823
16635,-1.0685511
16636,-0.10777115
16637,-1.1093034
16638,0.24095482
16639,-0.005270777
16640,-0.9297624
16641,0.022085851
16642,0.1655511
16643,0.058835562
16644,-0.83820266
16645,0.5325036
16646,-1.1265509
16647,-0.77101123
16648,-1.5425762
16649,-0.83820164
16650,-1.3617834
16651,-1.1118859
16652,0.10014461
16653,-1.2947356
16654,-0.8184112
16655,-0.05602364
16656,-0.6231944
16657,0.5480028
16658,-0.49666
16659,0.55120075
16660,-1.3602426
16661,-1.1994137
16662,-0.32165113
16663,-1.1612916
16664,-0.58580935
16665,-0.894661
16666,-0.7743089
16667,0.36962205
16668,-0.5858611
16669,0.20358104
16670,0.19040768
16671,-0.7342852
16672,-0.19920695
16673,0.4472001
16674,-1.3353684
16675,-0.53242564
16676,-0.4633308
16677,-0.75729996
16678,-0.037522987
16679,0.49147713
16680,1.0017112
16681,-0.772616
16682,0.44751433
16683,-0.19137532
16684,0.718131
16685,-1.4285771
16686,-0.71396685
16687,0.51455986
16688,-0.9967842
16689,0.3567076
16690,-0.55792814
16691,-0.19528809
16692,0.1332429
16693,-0.19849135
16694,0.044946074
16695,0.021488495
16696,0.8557728
16697,-0.58772796
16698,0.20204063
16699,-0.5617198
16700,-0.39983928
16701,-0.30026728
16702,0.07305121
16703,0.097748436
16704,0.3457929
16705,-1.3189609
16706,-0.56435734
16707,-0.43797472
16708,0.3560757
16709,-0.49911326
16710,-1.3268675
16711,0.20391817
16712,0.26320684
16713,-0.8881506
16714,-1.3386077
16715,-0.178395
16716,-1.197993
16717,-0.52446544
16718,0.25824603
16719,-1.582719
16720,-0.26882368
16721,0.53884435
16722,0.74112594
16723,-1.2471238
16724,2.5819194
16725,-1.488248
16726,0.2869143
16727,0.32168815
16728,-1.3902293
16729,-0.18516944
16730,-0.03355957
16731,0.16404463
16732,-0.46161047
16733,0.71377337
16734,0.3811696
16735,-1.3320336
16736,2.0980077
16737,-1.2002835
16738,-0.17921889
16739,-1.2330687
16740,-0.19221716
16741,0.20533901
16742,0.37732995
16743,-1.2839005
16744,2.1565855
16745,0.6253208
16746,0.48893908
16747,-0.86627305
16748,-1.8660352
16749,-0.30387765
16750,-0.2954558
16751,-1.9550605
16752,-0.3901793
16753,-0.15628172
16754,0.14434928
16755,-0.34860244
16756,-2.4377744
16757,-1.2472537
16758,-1.0843596
16759,0.61531526
16760,-0.34673005
16761,-1.1334707
16762,0.6459691
16763,0.656625
16764,0.6424593
16765,0.21800634
16766,0.1805817
16767,0.5235028
16768,0.1508323
16769,0.2701511
16770,-1.1141587
16771,0.18166219
16772,-2.201216
16773,0.3975979
16774,2.5123653
16775,-1.1983062
16776,0.47294694
16777,0.3214389
16778,0.1745832
16779,-0.45334637
16780,-0.47669357
16781,0.09601672
16782,0.4268911
16783,0.54604226
16784,-0.82181364
16785,0.2702041
16786,-0.84727603
16787,-0.0074446127
16788,0.276169
16789,-0.48057055
16790,-2.1186523
16791,0.4787657
16792,-0.7691709
16793,-1.9648832
16794,-0.39482042
16795,-1.48728
16796,0.41927922
16797,-0.081943564
16798,-0.5456211
16799,-1.8805872
16800,0.48772174
16801,0.40267497
16802,-0.39820066
16803,0.7273457
16804,-1.4004952
16805,1.1407126
16806,-1.2230057
16807,0.39916173
16808,-2.7496295
16809,-0.31811106
16810,-0.96191674
16811,0.4841287
16812,-0.7081259
16813,0.4956197
16814,-0.87254596
16815,-0.20893143
16816,0.21125917
16817,-0.45623899
16818,-0.936888
16819,0.2849063
16820,0.9522938
16821,0.5825818
16822,-0.25643706
16823,-0.37607962
16824,-2.2544026
16825,0.46272695
16826,-0.22645918
16827,0.4166984
16828,-2.5742567
16829,-0.16105027
16830,0.5773177
16831,0.27641186
16832,-1.1653801
16833,-1.2056439
16834,0.9784287
16835,-0.3597945
16836,0.3972619
16837,-0.02512293
16838,-1.0214267
16839,0.66183424
16840,-0.043850012
16841,-0.4098831
16842,-0.38792935
16843,-0.08299369
16844,0.07458097
16845,-0.27335382
16846,0.85306317
16847,-0.91977894
16848,-0.24186961
16849,-1.8689026
16850,-0.22020319
16851,-1.411815
16852,1.8742579
16853,-0.5253131
16854,-1.4304272
16855,2.5321841
16856,-1.1293967
16857,-0.664661
16858,2.0856948
16859,-1.2073154
16860,-1.6245267
16861,1.5881058
16862,-1.5760027
16863,-0.45769075
16864,0.14763135
16865,0.31719425
16866,-1.2064649
16867,1.3455359
16868,2.3659194
16869,0.576036
16870,0.25830057
16871,0.35246813
16872,0.48362133
16873,0.9876972
16874,0.5982284
16875,-1.8991932
16876,0.74187124
16877,0.6839295
16878,-0.005270777
16879,0.5555794
16880,1.0482978
16881,-0.09308761
16882,-0.14048102
16883,0.45978263
16884,0.22723
16885,-0.7918949
16886,-0.14783604
16887,0.13602917
16888,-2.086638
16889,-0.050402682
16890,0.07471467
16891,-0.42270234
16892,-0.5632949
16893,0.6943809
16894,-0.7597259
16895,-1.042297
16896,-0.8233565
16897,0.43250355
16898,-1.2040658
16899,0.1270836
16900,-0.26911148
16901,-2.2115076
16902,-0.30153388
16903,-1.0959603
16904,0.44673127
16905,-0.5278508
16906,-0.29569998
16907,1.0841117
16908,-1.0801384
16909,0.82898486
16910,2.3115406
16911,-0.46915862
16912,2.4754643
16913,-1.2911527
16914,-0.13003387
16915,0.08177522
16916,-0.29128256
16917,-0.13703914
16918,2.5794356
16919,-0.9891271
16920,-0.024644734
16921,-0.053665955
16922,-0.28823605
16923,-0.24425775
16924,-0.6784885
16925,-0.21510737
16926,-0.95626736
16927,-0.5866981
16928,-1.0667733
16929,0.7411895
16930,0.39487952
16931,0.6801862
16932,-0.22099254
16933,-0.40024665
16934,-0.21094057
16935,0.19229984
16936,0.5782793
16937,-3.8702674
16938,0.4069263
16939,0.4240963
16940,0.7457886
16941,-0.7934991
16942,-1.8219235
16943,0.63346285
16944,0.25903967
16945,-2.4173036
16946,-0.62877494
16947,-0.13935761
16948,0.07152254
16949,-0.6017223
16950,0.46422723
16951,-0.45756844
16952,-0.29294756
16953,-0.07845601
16954,-1.9477433
16955,-0.71311665
16956,-0.20783341
16957,-1.3664004
16958,-0.39983928
16959,-0.10518331
16960,0.77446413
16961,0.38411376
16962,-0.02021909
16963,-0.43988702
16964,0.2919841
16965,-2.8480005
16966,0.026021648
16967,0.7822163
16968,-0.052813467
16969,-0.2809625
16970,0.64388704
16971,0.123825334
16972,-0.7934991
16973,0.30818945
16974,-0.22902806
16975,0.39646554
16976,-0.33155057
16977,-0.37348688
16978,0.084522836
16979,-0.17510872
16980,-0.9372033
16981,-0.24785747
16982,-0.7150726
16983,-0.13711575
16984,0.17506768
16985,0.17854464
16986,-0.2367041
16987,0.5363821
16988,-0.16280174
16989,-0.07627915
16990,-0.13354354
16991,-0.22105978
16992,0.004020213
16993,-1.3838327
16994,-0.2911495
16995,-1.087169
16996,0.16086128
16997,0.30815566
16998,-1.0911083
16999,-1.1263
17000,-0.22223818
17001,-1.2239679
17002,-0.078308195
17003,-1.0437225
17004,0.22128388
17005,-3.1612256
17006,0.0897603
17007,-1.0411624
17008,-0.8461016
17009,-0.9690734
17010,-2.1068223
17011,0.3545862
17012,-1.1782929
17013,0.06793227
17014,-0.38461664
17015,-1.4026365
17016,-2.8535657
17017,-1.3806529
17018,0.4406517
17019,-0.6625562
17020,0.37676457
17021,-0.35953045
17022,-0.1403474
17023,0.45281085
17024,-2.2280414
17025,-0.19175269
17026,-0.6313728
17027,-0.402677
17028,-1.4021163
17029,-0.04130298
17030,-0.5604939
17031,-0.50323915
17032,-0.86277246
17033,0.13623698
17034,-0.0284548
17035,0.5093664
17036,-1.1747552
17037,0.83826727
17038,0.39805198
17039,-0.36439946
17040,-0.23510455
17041,0.06434683
17042,-0.07859999
17043,-0.23539223
17044,-0.13563116
17045,0.05205353
17046,-1.197993
17047,-0.35138023
17048,-0.97246444
17049,-0.42041785
17050,-0.18751316
17051,-1.2172806
17052,-1.7875788
17053,-1.1790208
17054,-1.6716435
17055,-1.3518951
17056,-0.88291186
17057,-1.054951
17058,-0.09628016
17059,-4.1923847
17060,0.6398537
17061,-0.4875727
17062,0.5705801
17063,0.30365247
17064,-0.9867809
17065,-1.6093532
17066,-0.60197216
17067,-0.9790484
17068,0.5708728
17069,-0.31206745
17070,-1.4826419
17071,-0.09783821
17072,-2.2348762
17073,0.21702825
17074,0.4527366
17075,-0.047413956
17076,-0.4745487
17077,-0.8910799
17078,0.18064225
17079,-0.65992904
17080,-0.3042795
17081,0.4215743
17082,-0.6547717
17083,-1.3276956
17084,-2.102705
17085,-0.49515447
17086,-0.5196359
17087,-0.030215794
17088,-1.5041327
17089,-0.8790726
17090,-0.059416898
17091,-1.4874487
17092,-2.102705
17093,-0.26115692
17094,0.003842342
17095,0.9997252
17096,-0.36884728
17097,-0.015678072
17098,-0.07790073
17099,0.8072158
17100,0.5862037
17101,0.046270404
17102,1.2386023
17103,-0.5259856
17104,-0.6826021
17105,-0.07450296
17106,-1.513714
17107,0.012836037
17108,-0.027258987
17109,-0.15916967
17110,-0.057726283
17111,-0.27100453
17112,-0.63689274
17113,0.64302003
17114,0.12431132
17115,-0.8105639
17116,-1.8155626
17117,-0.08881247
17118,-0.6021761
17119,-2.4806511
17120,-1.5179607
17121,-0.31824228
17122,0.2694557
17123,0.03834545
17124,-0.073333725
17125,-0.69148225
17126,-2.3852592
17127,-0.25902703
17128,-0.64282304
17129,0.207177
17130,-1.3047079
17131,-0.19020656
17132,0.07429197
17133,-0.4239575
17134,-0.34532216
17135,-2.0087528
17136,-0.21631691
17137,-0.30825856
17138,-0.64340734
17139,0.27566224
17140,-1.8702029
17141,1.060946
17142,0.30818945
17143,-0.0672928
17144,-0.19937317
17145,-1.3189609
17146,-1.1244174
17147,-0.07418287
17148,0.3064406
17149,-0.07627915
17150,-2.2219691
17151,0.61618096
17152,0.32439363
17153,0.21460506
17154,0.8288124
17155,-0.12629895
17156,-1.0797231
17157,-0.23057954
17158,0.18824747
17159,0.64387035
17160,0.4133428
17161,0.5627942
17162,0.9084959
17163,0.13114773
17164,-0.707169
17165,2.3238008
17166,-0.0028254152
17167,-1.3875207
17168,-0.107167155
17169,0.058246233
17170,-0.20966543
17171,2.7126215
17172,-0.5621322
17173,-0.07627915
17174,1.6432135
17175,-0.42481452
17176,-0.07627915
17177,-1.5401791
17178,1.8812003
17179,-1.0711814
17180,0.14763135
17181,0.8891695
17182,-1.6227396
17183,-0.007284605
17184,0.0024233307
17185,-0.35977694
17186,-1.1457956
17187,-0.07769058
17188,-0.8036632
17189,-1.5970266
17190,-0.65133107
17191,-0.052181438
17192,-0.81005675
17193,-1.3593185
17194,-0.23110375
17195,0.6084155
17196,-1.6432079
17197,2.2882807
17198,0.6599433
17199,0.28265482
17200,-2.5761335
17201,0.2941861
17202,-2.5946329
17203,-0.058273472
17204,-0.6532477
17205,-1.7012777
17206,-0.46913952
17207,-0.6254124
17208,0.5008987
17209,-1.0430844
17210,0.39111903
17211,-0.11293956
17212,0.1709812
17213,-0.15500668
17214,0.056900352
17215,0.12571964
17216,0.5268631
17217,0.26366973
17218,0.8070235
17219,0.22989811
17220,0.13392156
17221,0.1805817
17222,0.57602155
17223,-0.35636353
17224,-0.81304437
17225,-1.2991012
17226,0.2784813
17227,-0.89367014
17228,-3.1788075
17229,-1.4186785
17230,0.16649525
17231,-0.8069658
17232,0.47992384
17233,0.18696444
17234,-1.1687942
17235,-0.5424189
17236,0.6577417
17237,-1.4099624
17238,-0.018002873
17239,-1.1363945
17240,0.56868786
17241,-0.8573512
17242,-1.3770763
17243,-1.2872463
17244,0.42938837
17245,-1.8923924
17246,-1.1619115
17247,0.41927922
17248,-1.0121799
17249,0.24819872
17250,-0.122155964
17251,0.19792275
17252,-0.71726376
17253,0.052878853
17254,0.15947501
17255,-1.2518167
17256,-0.013416837
17257,-0.0060204794
17258,0.22788252
17259,-1.0272834
17260,0.33903158
17261,0.48348466
17262,-0.08701611
17263,-0.30903462
17264,0.05507301
17265,-1.1405896
17266,0.39916173
17267,-0.831275
17268,-0.34275666
17269,0.5120274
17270,0.24934721
17271,0.36152437
17272,-0.6591097
17273,-0.9427622
17274,0.5443485
17275,-1.1519445
17276,0.4797586
17277,-1.1612916
17278,0.9510022
17279,-0.13758895
17280,0.36485785
17281,-0.19561324
17282,-0.267315
17283,-0.08534968
17284,-0.18765546
17285,-0.5278508
17286,0.6854084
17287,-2.4992895
17288,0.6829341
17289,-0.055862423
17290,0.37010366
17291,2.066569
17292,0.47944114
17293,-0.18445654
17294,-1.4667013
17295,2.1811652
17296,-1.1942546
17297,-0.6338445
17298,2.0617177
17299,0.6847361
17300,-0.03196016
17301,-1.4413819
17302,1.1436616
17303,0.44750443
17304,-0.42917442
17305,-0.22830349
17306,-0.22369933
17307,-0.106573835
17308,-0.83849454
17309,0.17478783
17310,-0.32356954
17311,0.9619197
17312,-0.07824922
17313,0.31971133
17314,-2.5838914
17315,0.2756177
17316,2.4536424
17317,0.3117469
17318,0.74917114
17319,-0.3861566
17320,-0.3701826
17321,-2.1802435
17322,0.9961979
17323,-0.20793425
17324,0.003624812
17325,1.1637061
17326,-0.25111318
17327,1.133162
17328,-0.7042839
17329,-0.6196064
17330,-1.0326042
17331,2.581987
17332,-1.3151146
17333,0.42848423
17334,0.47859043
17335,0.16196948
17336,-0.08834388
17337,-0.7473414
17338,-2.2328186
17339,-0.23394434
17340,-1.4785582
17341,-2.184784
17342,-3.5342066
17343,1.0236366
17344,-0.054693095
17345,-0.30552486
17346,-0.16455214
17347,-0.19232486
17348,0.30221003
17349,-0.4552626
17350,0.74304944
17351,0.6431921
17352,-1.1884246
17353,0.5180238
17354,-0.43272957
17355,-0.6903008
17356,1.0236183
17357,0.7626453
17358,-0.6933445
17359,-0.43451604
17360,-1.525554
17361,-0.45115903
17362,-0.6890765
17363,-0.36216798
17364,-0.1355259
17365,-0.23847814
17366,0.15769358
17367,-0.83975226
17368,-1.27569
17369,-1.5057808
17370,-0.05414951
17371,-1.0318524
17372,0.010774418
17373,-1.2971636
17374,-0.6182909
17375,-1.0654514
17376,-1.3115071
17377,-0.67228365
17378,-0.9231237
17379,-1.8429711
17380,-0.54566616
17381,-1.1089617
17382,-0.43516997
17383,-0.55409396
17384,-0.45271802
17385,-1.1507454
17386,0.065412275
17387,-0.71216035
17388,-1.3552141
17389,-1.1236705
17390,0.49037498
17391,-1.2464699
17392,0.6835359
17393,-0.10596566
17394,-0.156671
17395,-0.1593678
17396,0.15051147
17397,-0.10596566
17398,-0.0257842
17399,-1.417721
17400,-0.42110032
17401,-4.7744145
17402,-1.1994137
17403,-1.2441269
17404,-0.718241
17405,0.54636073
17406,-1.7871197
17407,2.1285207
17408,0.34959537
17409,-0.024205092
17410,-1.1748799
17411,2.3061929
17412,0.44463992
17413,-1.1687942
17414,-0.035152063
17415,-0.16855825
17416,-0.27666727
17417,-1.2638693
17418,0.43467715
17419,-1.2783762
17420,0.4412291
17421,-1.0764339
17422,0.18164973
17423,-1.877278
17424,0.21245377
17425,-1.3902293
17426,0.58666676
17427,-1.0323282
17428,1.1475828
17429,0.054777578
17430,-0.46435645
17431,-1.5134095
17432,0.36207792
17433,-1.1486777
17434,0.26733482
17435,-1.8814101
17436,0.39216134
17437,0.68865746
17438,0.53034633
17439,0.5941998
17440,-0.5181901
17441,-1.241251
17442,-0.2040702
17443,-0.5209838
17444,2.755877
17445,-1.1321331
17446,-0.48152813
17447,-1.519617
17448,-2.194236
17449,-0.60774887
17450,1.9494795
17451,-1.1341611
17452,-0.2790993
17453,-2.177243
17454,2.7575781
17455,-1.5642697
17456,-0.15046796
17457,-1.6814889
17458,2.544734
17459,-1.3651597
17460,-0.8797053
17461,-0.23033834
17462,-1.1567215
17463,0.14124648
17464,-1.3928533
17465,-0.5382975
17466,-0.2693419
17467,0.14105022
17468,-0.87617534
17469,-0.09739124
17470,0.1682389
17471,-0.10733661
17472,-2.321393
17473,0.4327659
17474,-0.14458622
17475,0.010046282
17476,0.05795966
17477,-0.2783817
17478,-1.0051061
17479,-0.43298817
17480,0.2761138
17481,2.4531028
17482,-1.805384
17483,-0.24602026
17484,-0.13703914
17485,-0.23264794
17486,0.41733524
17487,-0.24425775
17488,0.16039306
17489,-0.92792284
17490,0.16039306
17491,-1.7806462
17492,-0.020259354
17493,-0.059591655
17494,0.5408344
17495,-0.7831981
17496,-0.61572933
17497,-0.37633207
17498,0.16699979
17499,-0.5604939
17500,-0.45271802
17501,-0.25902703
17502,-2.5513191
17503,-0.34670338
17504,-0.06558917
17505,-0.917277
17506,-0.5504632
17507,-0.55354196
17508,0.12360485
17509,-0.5604939
17510,-0.8042452
17511,-0.7138528
17512,0.203307
17513,-2.4173036
17514,-0.42270234
17515,0.17799273
17516,-0.05414951
17517,-0.05414951
17518,-0.03391614
17519,-0.9666363
17520,0.043536074
17521,-0.14344165
17522,-0.48651585
17523,-0.07349341
17524,-1.1534882
17525,-0.05414951
17526,-1.055293
17527,-0.18029836
17528,-0.94530666
17529,-0.047413956
17530,-0.86521053
17531,-0.0015502208
17532,-1.0837296
17533,-0.0033423065
17534,-0.88601416
17535,-0.047413956
17536,-1.9808923
17537,-0.054844618
17538,-1.7924428
17539,-0.533359
17540,-0.5665954
17541,-0.46551615
17542,-0.14773028
17543,-2.4173036
17544,-0.45016533
17545,-0.42578778
17546,-0.12706521
17547,-0.9950322
17548,-0.90173733
17549,-1.1211065
17550,0.33130774
17551,-1.197993
17552,-0.67061746
17553,-1.1138215
17554,0.44127372
17555,-1.197993
17556,-0.6370987
17557,-1.4017714
17558,-0.07154366
17559,0.6045318
17560,-0.71442986
17561,0.27720693
17562,-1.2894564
17563,-0.59712136
17564,-1.0626056
17565,0.3452877
17566,-0.33202004
17567,0.20267095
17568,-0.0028594658
17569,-0.25902703
17570,0.050999437
17571,-0.04647385
17572,-0.4824274
17573,0.23320274
17574,-0.17955473
17575,-0.058799606
17576,-0.25902703
17577,0.040237825
17578,-0.11090445
17579,-0.05586263
17580,-0.32180005
17581,0.117286734
17582,-0.22485715
17583,0.117286734
17584,-0.0924431
17585,-0.36415958
17586,-0.030776804
17587,-0.16706224
17588,-0.044101875
17589,-0.3042795
17590,0.20267095
17591,-0.2425347
17592,-0.25902703
17593,0.117286734
17594,-0.37200075
17595,-0.23108757
17596,-1.197993
17597,-0.48213902
17598,0.7100175
17599,-1.3351591
17600,-1.0791994
17601,0.73910433
17602,-1.3515637
17603,0.86730665
17604,-1.5220081
17605,-2.152877
17606,0.41213328
17607,-1.2894564
17608,-1.2015665
17609,0.25082535
17610,-1.2833447
17611,-0.90843993
17612,0.75997376
17613,0.8215755
17614,0.3811696
17615,-1.2460334
17616,1.7626731
17617,0.54238313
17618,0.19407056
17619,-1.3739722
17620,2.199932
17621,0.48538613
17622,2.4411309
17623,-1.3062897
17624,0.44980302
17625,-0.99372643
17626,2.0913613
17627,0.44355327
17628,0.052878853
17629,-1.1342723
17630,2.2449722
17631,0.24854317
17632,0.3478747
17633,-1.3119987
17634,2.29844
17635,0.5725786
17636,0.28545246
17637,-1.1825441
17638,2.291383
17639,0.5725786
17640,-0.07627915
17641,-1.6101885
17642,2.2847729
17643,0.59070873
17644,0.14434928
17645,-2.1326683
17646,0.1508323
17647,0.26940763
17648,0.06568669
17649,0.12293715
17650,-0.0612587
17651,-1.3902293
17652,-2.235421
17653,0.62950474
17654,-1.4202021
17655,0.73664725
17656,-1.3982099
17657,0.50113297
17658,-1.368607
17659,0.6206194
17660,-1.408454
17661,0.417364
17662,-1.3672216
17663,0.49713627
17664,-1.0108463
17665,-1.7015858
17666,-1.360267
17667,0.49713627
17668,-1.2833447
17669,0.68346524
17670,-1.23459
17671,0.46793038
17672,-1.2766844
17673,0.66773725
17674,-1.2766844
17675,0.4574096
17676,0.24059682
17677,0.65274125
17678,0.2565506
17679,-0.5921706
17680,0.32327592
17681,0.6438343
17682,0.27694222
17683,-0.80371475
17684,0.2529079
17685,0.53034633
17686,0.27694222
17687,-0.8061092
17688,0.5146609
17689,0.3698615
17690,0.1871861
17691,-0.5181901
17692,0.26649982
17693,0.89836895
17694,0.5118925
17695,-0.8778353
17696,0.32327592
17697,0.6438343
17698,0.47781616
17699,-1.0543982
17700,0.29383558
17701,0.39805198
17702,-1.1490723
17703,0.68865746
17704,1.4191067
17705,-0.5841958
17706,0.10255555
17707,0.46422723
17708,0.4558571
17709,-1.0739386
17710,0.26649982
17711,0.9127011
17712,0.43031248
17713,-0.77689606
17714,-0.18445654
17715,-2.2174551
17716,2.4860153
17717,-1.6378708
17718,-0.30508316
17719,-0.49537084
17720,2.1586456
17721,-1.1128731
17722,-0.20531154
17723,-1.2986755
17724,2.5956907
17725,-1.9349731
17726,-0.5554814
17727,-1.305765
17728,2.486008
17729,-3.7137814
17730,-0.20531154
17731,-0.46943864
17732,2.485076
17733,-1.2976052
17734,-0.24192192
17735,-1.305765
17736,2.4120595
17737,-1.3364768
17738,-0.20653602
17739,-1.1939461
17740,1.9159081
17741,-1.7851334
17742,0.15550722
17743,0.22053413
17744,0.11431523
17745,0.49554908
17746,0.5030958
17747,-1.0965384
17748,0.28349772
17749,0.9287283
17750,0.2571275
17751,0.8758617
17752,0.8968216
17753,-0.7934991
17754,-0.45271802
17755,-0.19724956
17756,-0.061614897
17757,-0.8537886
17758,-0.45016533
17759,-0.6826021
17760,0.19731313
17761,-0.6890765
17762,-0.773407
17763,-0.30658254
17764,0.21293987
17765,-0.5604939
17766,-0.44163054
17767,-0.7863446
17768,0.026650041
17769,-0.6890765
17770,-1.4747473
17771,-0.13935761
17772,-0.12424108
17773,-0.40169358
17774,-0.62877494
17775,0.2765285
17776,0.3181029
17777,-0.61300033
17778,-0.5504632
17779,-0.2323205
17780,-0.24858014
17781,-0.52031267
17782,-0.45271802
17783,-0.42672688
17784,0.11428709
17785,-0.8537886
17786,-0.6021359
17787,-0.37821397
17788,0.17487414
17789,-1.5618933
17790,0.003453849
17791,-0.94530666
17792,0.17851874
17793,-0.85623497
17794,-0.05602364
17795,-0.83639425
17796,-0.13805011
17797,-1.1978873
17798,0.040144138
17799,-0.7063074
17800,-0.06000697
17801,-1.1482192
17802,0.1001519
17803,-1.1978873
17804,0.13865297
17805,-1.2712578
17806,-0.049193017
17807,-1.4110994
17808,-0.047413956
17809,-1.0446758
17810,-0.07627915
17811,-0.70214134
17812,-0.054844618
17813,-0.21942781
17814,0.43836716
17815,-1.8512732
17816,0.5088141
17817,-1.7745683
17818,0.019219069
17819,0.09662707
17820,-1.5022894
17821,-0.058928
17822,-1.2519523
17823,-0.0015502208
17824,-1.4743735
17825,0.06640258
17826,0.052878853
17827,-1.161006
17828,-0.07627915
17829,-0.05602364
17830,0.5708728
17831,0.13049746
17832,-0.35794976
17833,-2.215108
17834,-1.0757391
17835,-1.486945
17836,-0.88024706
17837,-1.3784306
17838,-1.2588053
17839,-2.8039672
17840,-1.0444095
17841,-1.2384316
17842,-0.6182909
17843,-0.40822434
17844,0.21174425
17845,-0.86839795
17846,-0.5001426
17847,-1.051233
17848,-0.17790811
17849,-1.2541181
17850,-0.8113936
17851,-1.0583881
17852,0.50469464
17853,-1.3386077
17854,-0.71706784
17855,-1.0445364
17856,0.29176784
17857,-1.7957923
17858,-1.650274
17859,-0.49902964
17860,0.35656044
17861,-1.8322682
17862,-0.23992296
17863,-1.0097715
17864,0.10198799
17865,-1.1105382
17866,-0.99819565
17867,-0.87355196
17868,0.45544645
17869,-1.1850516
17870,-1.7432802
17871,-0.76325005
17872,0.33459568
17873,-1.3287696
17874,-0.8494898
17875,-1.1001853
17876,-0.1896925
17877,-1.3275009
17878,-0.28698993
17879,-1.158615
17880,0.2924272
17881,0.59056985
17882,-0.014919155
17883,-0.15324274
17884,0.27566224
17885,-0.2621415
17886,-0.6285322
17887,-0.51603794
17888,-0.45016533
17889,-0.50805587
17890,-0.33786684
17891,-0.6584376
17892,-0.45271802
17893,-0.6127267
17894,-0.25477082
17895,-0.35581908
17896,-0.62619007
17897,-0.76719147
17898,-0.064388156
17899,-0.45524797
17900,-0.62877494
17901,-0.28647122
17902,-0.3491579
17903,-2.8703582
17904,0.51981074
17905,-0.2064744
17906,-0.03762297
17907,-0.3042795
17908,0.12633373
17909,-0.29191846
17910,-2.132834
17911,0.043247845
17912,0.23320274
17913,-0.15970142
17914,0.052063596
17915,-0.3042795
17916,0.5450428
17917,-0.07583518
17918,-0.25902703
17919,0.040237825
17920,0.17043765
17921,-0.058799606
17922,-1.5433604
17923,-0.6975627
17924,-1.4141399
17925,0.23000109
17926,-0.5512785
17927,-0.047667228
17928,-1.3617834
17929,0.10728081
17930,-1.050444
17931,-0.85913044
17932,-0.11809923
17933,-1.2710172
17934,-0.75236183
17935,-0.27930847
17936,-1.6657115
17937,-0.9789688
17938,-1.0134261
17939,-1.3515637
17940,-1.0335149
17941,-2.838179
17942,0.40587077
17943,0.3287746
17944,-1.6143574
17945,2.377442
17946,0.5027345
17947,0.43923616
17948,-1.2913345
17949,1.9083289
17950,0.44755828
17951,0.42592818
17952,-1.5814462
17953,2.1468632
17954,0.38850376
17955,0.5425149
17956,-1.2834104
17957,1.7528077
17958,0.60890293
17959,0.61109513
17960,-0.8856553
17961,2.2746522
17962,0.38850376
17963,0.5015814
17964,-2.1996055
17965,2.0357497
17966,0.14063236
17967,0.17418939
17968,-1.3105745
17969,1.9110427
17970,0.48538613
17971,0.5523966
17972,-1.4185963
17973,2.096476
17974,0.58536303
17975,0.28545246
17976,-0.45617104
17977,-1.3484828
17978,0.7592988
17979,0.7027305
17980,-0.798143
17981,0.6145215
17982,-1.2766844
17983,0.3913863
17984,-1.2453244
17985,-1.2766844
17986,0.68339515
17987,-1.1418658
17988,0.5431997
17989,-1.3825748
17990,0.61531526
17991,-1.0919666
17992,-0.30292812
17993,-0.1827233
17994,-0.23768142
17995,-0.910544
17996,0.46347964
17997,-1.3381264
17998,0.61531526
17999,-0.31814793
18000,-1.1207573
18001,0.36379007
18002,-1.5307046
18003,-1.6184554
18004,0.41458416
18005,-1.1075776
18006,-1.5272865
18007,-1.6687819
18008,1.204673
18009,-1.2549813
18010,0.61317873
18011,-1.3147572
18012,0.6459691
18013,-0.0612587
18014,0.2922151
18015,0.016543807
18016,-0.997852
18017,0.4077851
18018,-2.4841645
18019,0.70385617
18020,-1.3594561
18021,-0.17921889
18022,0.02468216
18023,-0.025759226
18024,-0.5834109
18025,-1.3036203
18026,-0.07968904
18027,-1.2270944
18028,-1.4054582
18029,-1.7744067
18030,0.28287494
18031,0.573468
18032,0.8003835
18033,0.573468
18034,0.1871861
18035,0.44223103
18036,-0.7875675
18037,0.5104948
18038,-1.3828578
18039,0.3280966
18040,0.5773177
18041,0.36676097
18042,-0.6290323
18043,-0.9477591
18044,0.32032695
18045,-1.2031757
18046,0.18109742
18047,-1.2710172
18048,0.491861
18049,-2.008773
18050,0.33903098
18051,-1.7528931
18052,0.41761795
18053,-1.0027076
18054,0.30698898
18055,-1.0426859
18056,0.19759597
18057,-0.43077102
18058,0.6439436
18059,0.14487076
18060,-0.53281784
18061,0.064278156
18062,0.66430813
18063,0.15755488
18064,-0.79319566
18065,-0.20748392
18066,1.651929
18067,0.37402266
18068,-0.6282883
18069,0.647688
18070,-0.35233676
18071,0.44552213
18072,0.848321
18073,0.058816154
18074,1.2175783
18075,-0.7490816
18076,-1.4785582
18077,-1.0389258
18078,-0.3471102
18079,-1.4304272
18080,2.4869404
18081,-1.9232607
18082,-0.11023255
18083,-0.38659096
18084,2.4292216
18085,-1.7661823
18086,-1.1746657
18087,-0.40524006
18088,1.7043695
18089,-1.3364768
18090,0.047273282
18091,-1.519617
18092,2.5304468
18093,-1.5338595
18094,-0.09076503
18095,-0.45232445
18096,2.444091
18097,-1.1340383
18098,-0.46312585
18099,-2.1037018
18100,2.6033611
18101,-1.4113744
18102,-0.19561324
18103,-0.59195465
18104,2.6233368
18105,-1.5865594
18106,-0.2645043
18107,-1.010658
18108,2.6261194
18109,-1.1341611
18110,-1.5632734
18111,-1.9616559
18112,2.515896
18113,-1.1670421
18114,-0.48198795
18115,-0.9202855
18116,2.884193
18117,-0.16561836
18118,-0.6715348
18119,2.4860153
18120,-1.6374475
18121,-0.28892073
18122,-0.6619671
18123,2.6233368
18124,-0.89073867
18125,-1.2563851
18126,-0.15674652
18127,0.010778344
18128,0.19595633
18129,-1.2766844
18130,-0.06430007
18131,-0.3076433
18132,-0.49606162
18133,-1.9528834
18134,-0.14350703
18135,-0.609555
18136,0.053298812
18137,0.9699998
18138,-0.2692132
18139,0.16138366
18140,0.35851854
18141,0.99669725
18142,-0.43865213
18143,-0.36746714
18144,-1.0399994
18145,0.3175762
18146,-0.31386644
18147,-1.0399994
18148,0.5247844
18149,-1.251132
18150,-1.0515678
18151,0.5666299
18152,-0.14888318
18153,-1.3318305
18154,0.43294156
18155,-0.030116398
18156,-0.20692283
18157,0.33901802
18158,0.1892416
18159,-1.5907484
18160,0.16634242
18161,-2.5892234
18162,0.66668314
18163,-0.23530275
18164,-0.8239234
18165,0.777107
18166,-0.3557014
18167,0.17116241
18168,-0.14647128
18169,-0.5752049
18170,-0.004648697
18171,-0.007046035
18172,-0.34377006
18173,0.050999437
18174,-0.08396226
18175,-0.31703335
18176,-1.1721083
18177,-0.11321483
18178,-0.2958899
18179,0.0276688
18180,-0.24965996
18181,-0.37348688
18182,0.21371447
18183,-0.006454147
18184,-0.02469987
18185,0.1326018
18186,-0.11090445
18187,-0.17941034
18188,1.7332894
18189,-0.71593297
18190,-0.021315979
18191,0.7320307
18192,-0.30009937
18193,-1.0260408
18194,0.2398482
18195,-1.1669781
18196,-0.5500162
18197,0.16638142
18198,-0.20592162
18199,0.16039306
18200,-0.24064723
18201,0.28395438
18202,-0.8313183
18203,-0.5442084
18204,-0.07375023
18205,-0.23138264
18206,-0.3352243
18207,-0.24703263
18208,-0.19588464
18209,-0.7344744
18210,-0.34632507
18211,-0.36167073
18212,-0.06050159
18213,-0.39376843
18214,-0.33883995
18215,-0.12398469
18216,-0.3550112
18217,-0.25999305
18218,-0.09578695
18219,-0.20649153
18220,0.12849726
18221,-1.0351646
18222,-0.23435502
18223,0.07714034
18224,-1.9526025
18225,-0.088678256
18226,-0.06837077
18227,-0.8178169
18228,-0.8942872
18229,-0.24023421
18230,-1.4688342
18231,-0.0042002792
18232,-0.26916963
18233,-1.1215528
18234,-0.4276021
18235,0.16638142
18236,-1.1504982
18237,-0.24064723
18238,-0.25160742
18239,0.30419815
18240,0.08009651
18241,0.59391034
18242,-0.22237572
18243,-0.088678256
18244,-0.28952396
18245,-0.28242853
18246,-1.2718463
18247,0.7687627
18248,-0.08606834
18249,0.59391034
18250,-2.4173036
18251,-0.45271802
18252,-0.42672688
18253,0.15492566
18254,-0.09053025
18255,-0.3526733
18256,-0.7934991
18257,-0.50073564
18258,-0.12587054
18259,0.5255985
18260,-0.59057456
18261,-0.4633308
18262,-0.77805275
18263,-0.59057456
18264,-0.4105159
18265,0.0030008934
18266,0.11428709
18267,-0.43902975
18268,-0.26477826
18269,-0.12635712
18270,0.05268827
18271,-0.7934991
18272,-0.62877494
18273,-0.37049395
18274,0.27769
18275,-0.34377006
18276,-0.34918606
18277,-0.18755208
18278,-0.7830702
18279,-0.24090879
18280,0.117286734
18281,0.08885103
18282,0.07824851
18283,-0.32617894
18284,-0.004602803
18285,-0.12530494
18286,-0.33728945
18287,-0.61717176
18288,-4.1958957
18289,-0.43156016
18290,-0.47759613
18291,-1.7402996
18292,-0.5181774
18293,0.17789675
18294,-0.59057456
18295,-0.7329026
18296,-0.6826021
18297,-0.06057928
18298,-0.7856505
18299,-0.45271802
18300,-0.5681859
18301,-0.19183053
18302,-0.61717176
18303,-0.61572933
18304,-0.7138528
18305,-0.06726168
18306,-0.21169376
18307,0.117286734
18308,-0.40295464
18309,-0.009342738
18310,-0.33627442
18311,-0.45016533
18312,-0.48348635
18313,-0.043457862
18314,-0.25902703
18315,0.15300451
18316,-0.19678558
18317,-0.7934991
18318,-0.30989805
18319,0.20267095
18320,-0.7934991
18321,0.2096925
18322,-0.06826895
18323,-0.047413956
18324,-0.07627915
18325,-0.038252886
18326,0.19815268
18327,0.15769358
18328,0.01954819
18329,-0.84604245
18330,0.019214112
18331,-0.84604245
18332,-0.14344165
18333,-1.1555287
18334,-0.0015502208
18335,-0.95911777
18336,-0.08368088
18337,-1.1629981
18338,-0.038252886
18339,-1.0575185
18340,-0.07349341
18341,-0.9906799
18342,-0.0015502208
18343,-1.1648494
18344,0.4544415
18345,-1.4167928
18346,0.22814672
18347,-1.5978376
18348,-0.06000697
18349,-1.301153
18350,0.14474303
18351,-1.2627525
18352,-0.0015502208
18353,-1.5997391
18354,-0.04520753
18355,-0.7148476
18356,0.035982132
18357,-1.5263072
18358,-0.0015502208
18359,-2.679777
18360,-0.05414951
18361,-0.05414951
18362,-0.7063074
18363,-0.0032614807
18364,-1.1565255
18365,0.005125961
18366,-1.0459936
18367,-0.05414951
18368,-1.3707958
18369,-0.06887658
18370,-0.803237
18371,-0.0015502208
18372,-0.5746985
18373,-0.05863905
18374,-1.222921
18375,-0.80857223
18376,-2.1817112
18377,-5.1776023
18378,-1.0352693
18379,-0.4077048
18380,-0.34024674
18381,-0.5604939
18382,-0.44163054
18383,-0.73064405
18384,-0.37334692
18385,-0.5604939
18386,-0.30004814
18387,-1.3728123
18388,-0.1146377
18389,-0.51603794
18390,-1.2013417
18391,-0.8703389
18392,-2.2008352
18393,-0.6984453
18394,-2.1628776
18395,-0.9000126
18396,0.06535733
18397,-0.52031267
18398,-0.49515447
18399,-0.41356814
18400,0.03813374
18401,-0.4932216
18402,-0.5504632
18403,-0.37613696
18404,0.29339752
18405,-1.1681048
18406,-0.34565303
18407,-1.551808
18408,0.2814213
18409,-1.4358552
18410,-0.7657278
18411,-1.3639829
18412,0.29176784
18413,-0.90601814
18414,-0.90287197
18415,-1.1737691
18416,0.29176784
18417,-1.4962609
18418,-0.8181732
18419,-0.9313899
18420,0.4331892
18421,-1.3666197
18422,-1.0122069
18423,-1.2735848
18424,0.2657811
18425,-1.1994137
18426,-1.0538831
18427,-1.5021507
18428,0.29343462
18429,-1.3617834
18430,-0.680334
18431,-1.1821659
18432,-0.622613
18433,-1.3803797
18434,-0.6434581
18435,-1.1769044
18436,0.015413663
18437,-1.3515637
18438,-1.0423068
18439,-1.1184951
18440,0.46469215
18441,0.33039775
18442,0.725148
18443,-0.4908587
18444,0.62127995
18445,0.7943994
18446,0.46310806
18447,0.9681943
18448,0.9072361
18449,0.8833894
18450,0.68144387
18451,0.6527653
18452,0.6907606
18453,-0.92723095
18454,-1.5862668
18455,-0.13865228
18456,-2.4588475
18457,-0.8389621
18458,-0.9325763
18459,-0.07312445
18460,-1.259454
18461,-1.0838373
18462,-1.1138215
18463,0.14808288
18464,-0.9365297
18465,-0.9627417
18466,-1.078378
18467,0.12282181
18468,-1.197993
18469,-0.8070654
18470,-1.4497283
18471,0.2945479
18472,-1.2541181
18473,-1.0423068
18474,-0.25857052
18475,0.1554111
18476,-0.33202004
18477,-0.094768666
18478,-0.31909126
18479,-0.25902703
18480,0.050999437
18481,-0.1596645
18482,0.017951593
18483,-9.577076
18484,0.19040768
18485,-0.16297589
18486,0.22102144
18487,-0.2702977
18488,-0.12581083
18489,-0.18094516
18490,0.22890048
18491,-0.16297589
18492,-0.12131932
18493,-0.40581164
18494,-0.4299396
18495,-0.25902703
18496,0.21371447
18497,-0.5874493
18498,-0.33202004
18499,0.018424915
18500,-0.10526145
18501,0.041873008
18502,0.15300451
18503,-0.14697182
18504,-0.06558917
18505,-0.03653827
18506,0.19040768
18507,-0.23949753
18508,-0.4477607
18509,-0.3292313
18510,0.018424915
18511,-0.24775387
18512,-0.12513974
18513,0.02030221
18514,0.0276688
18515,-0.18528913
18516,-3.4542327
18517,-0.15492846
18518,-1.1721083
18519,-0.22848123
18520,-0.7615092
18521,-0.31758702
18522,0.19040768
18523,-0.23949753
18524,-2.1089015
18525,-0.2739865
18526,0.5151279
18527,-0.1530285
18528,0.03820485
18529,-0.2810937
18530,0.117286734
18531,-0.34672847
18532,-0.297067
18533,-0.31149817
18534,0.19040768
18535,-0.8224423
18536,-0.47872418
18537,-0.30810976
18538,0.044553388
18539,-0.054888427
18540,-0.29524064
18541,-0.52191764
18542,-0.0025950025
18543,-0.40404183
18544,-0.3323954
18545,0.117286734
18546,-1.1703066
18547,-0.009342738
18548,-0.8490846
18549,-2.0251884
18550,-1.0322971
18551,-0.68877673
18552,-1.3518951
18553,0.10148755
18554,-1.2666689
18555,-1.3125392
18556,0.15942131
18557,-1.3386077
18558,0.18869017
18559,-4.2290564
18560,0.81065035
18561,-1.3169602
18562,-0.5659239
18563,0.7924536
18564,-1.3058636
18565,-1.7311065
18566,0.7020843
18567,-1.3617834
18568,-0.33177447
18569,1.0356016
18570,-1.197993
18571,-0.6291629
18572,0.4453416
18573,-3.793668
18574,-0.40320078
18575,0.49024865
18576,0.74882716
18577,0.57357866
18578,0.41940972
18579,0.4133428
18580,-0.07627915
18581,-1.3053992
18582,1.831189
18583,0.66712475
18584,0.3074911
18585,-1.6690133
18586,1.9559662
18587,0.44755828
18588,0.150124
18589,-1.1649863
18590,2.2628512
18591,0.4890068
18592,0.24454437
18593,-1.4492443
18594,2.0960665
18595,0.50305074
18596,0.37732995
18597,-1.5895842
18598,1.9217768
18599,0.6599433
18600,0.44840777
18601,-1.3863498
18602,1.7203131
18603,0.58536303
18604,0.19407056
18605,-1.5087503
18606,2.2830844
18607,0.41898686
18608,-1.5600007
18609,-0.107167155
18610,-0.16855825
18611,-0.24596623
18612,0.37732995
18613,-1.2959223
18614,2.4002883
18615,-0.04410113
18616,0.2168084
18617,-1.3692149
18618,1.7907896
18619,0.3696478
18620,0.3560757
18621,-1.5197432
18622,2.2238421
18623,-0.18806373
18624,0.31604075
18625,-1.5029751
18626,2.3481097
18627,0.6431164
18628,0.017704276
18629,-1.076217
18630,2.2157657
18631,-0.071877696
18632,0.11902722
18633,-1.7330492
18634,2.4046636
18635,0.434366
18636,2.376402
18637,-1.5852836
18638,0.43923956
18639,-2.5905123
18640,-1.360267
18641,-0.17921889
18642,-0.29923806
18643,0.041013073
18644,-1.7755603
18645,2.2629256
18646,0.5811373
18647,0.05925622
18648,-1.1706282
18649,2.2893014
18650,0.53793347
18651,0.20846628
18652,0.20565268
18653,0.08460576
18654,0.26345703
18655,0.30867046
18656,0.18696444
18657,-0.114421755
18658,0.1805817
18659,0.34723434
18660,0.08460576
18661,0.06568669
18662,0.16662768
18663,-1.3999051
18664,0.68346524
18665,-1.2057117
18666,0.6593742
18667,-1.2766844
18668,-1.6673511
18669,0.62950474
18670,-1.2766844
18671,0.4239862
18672,-1.575743
18673,-1.3756893
18674,0.04472188
18675,-1.598644
18676,0.43467715
18677,-1.3342488
18678,0.43467715
18679,-1.0639411
18680,0.552373
18681,-1.0643181
18682,0.49713627
18683,-1.408454
18684,0.48893908
18685,-1.2460332
18686,0.68339515
18687,-1.019762
18688,0.6459691
18689,-1.3902293
18690,0.4956744
18691,-1.3383855
18692,0.7358885
18693,-0.9253843
18694,-14.201694
18695,-1.0639411
18696,0.6526442
18697,-1.0382442
18698,0.7200657
18699,-1.1334707
18700,0.4574096
18701,-1.2999507
18702,0.50113297
18703,-1.2715834
18704,0.50113297
18705,-1.3381253
18706,0.5171007
18707,-1.1827899
18708,0.090038866
18709,0.3833731
18710,1.1869295
18711,0.48598135
18712,-0.42529136
18713,0.32327592
18714,0.60654616
18715,0.953715
18716,0.053864624
18717,-0.01977716
18718,1.0882399
18719,0.53547823
18720,-0.27882615
18721,0.26649982
18722,0.79689133
18723,0.47098452
18724,-1.3502381
18725,0.4575655
18726,0.4732274
18727,0.21147498
18728,-0.7783592
18729,0.32327592
18730,0.6438343
18731,0.5596768
18732,-0.58532333
18733,0.8705483
18734,0.75973475
18735,0.50251293
18736,-0.5648309
18737,0.26649982
18738,0.65274125
18739,0.03608138
18740,-1.0446143
18741,0.824336
18742,0.7542438
18743,0.36284423
18744,-1.0175662
18745,0.29918402
18746,0.5073128
18747,0.5596768
18748,-0.4582526
18749,0.2934483
18750,0.8812739
18751,0.5596768
18752,-0.66893244
18753,0.59206283
18754,0.54976386
18755,-0.80202293
18756,0.26649982
18757,0.49878448
18758,0.15754339
18759,-0.50653845
18760,-0.102937564
18761,0.5383342
18762,0.5596768
18763,-1.4474695
18764,-0.6246027
18765,0.86219835
18766,0.05687217
18767,-1.3417662
18768,0.1021468
18769,0.30284294
18770,0.08340135
18771,-0.40910408
18772,-0.7363175
18773,0.7458727
18774,0.15129109
18775,0.8584882
18776,0.12776698
18777,0.76270956
18778,-0.16563924
18779,0.34490588
18780,0.8373215
18781,0.3371643
18782,0.24858642
18783,0.47952235
18784,1.3090638
18785,0.15978988
18786,-0.34750286
18787,-0.20531154
18788,-0.20100307
18789,2.581987
18790,-0.745825
18791,-0.90294
18792,-1.1886556
18793,2.5467806
18794,-0.50676537
18795,-1.1102849
18796,2.5476096
18797,-1.1405349
18798,-0.35424763
18799,-1.3795416
18800,2.5227318
18801,-1.2276429
18802,-0.18445654
18803,-1.3211522
18804,2.0656235
18805,-1.1293967
18806,-0.19561324
18807,-1.4304272
18808,2.5304468
18809,-1.1128731
18810,0.23310119
18811,-1.4175025
18812,2.4292216
18813,-2.4421582
18814,-0.23783506
18815,-1.1693077
18816,2.6405945
18817,-1.1275945
18818,-0.06139475
18819,-1.367571
18820,-1.1405349
18821,-0.2888794
18822,-0.35930428
18823,2.4938333
18824,-1.2093599
18825,-0.22020319
18826,-1.3518475
18827,2.4298625
18828,-1.5777262
18829,-0.43272957
18830,-0.41623423
18831,2.544734
18832,-1.6704738
18833,-0.6110881
18834,-0.65516645
18835,2.884193
18836,-1.8153096
18837,0.30200362
18838,-1.7559282
18839,2.5227318
18840,-1.8377545
18841,-0.244277
18842,-1.0269175
18843,2.7511575
18844,-1.8539432
18845,-0.21222457
18846,-1.5501032
18847,2.569275
18848,-1.3944238
18849,-0.16654532
18850,-1.3518475
18851,2.395264
18852,-1.4943831
18853,-0.06725726
18854,-0.8178111
18855,2.5158696
18856,-1.9219855
18857,-0.11498606
18858,-0.5980744
18859,2.592513
18860,-1.4010175
18861,0.20871742
18862,0.21241756
18863,0.10843266
18864,0.37027514
18865,0.29104832
18866,0.3037353
18867,0.019912086
18868,0.18199427
18869,0.1071297
18870,0.7319297
18871,-0.3213615
18872,-2.0640585
18873,0.522137
18874,-1.8813897
18875,-1.3212528
18876,0.30398437
18877,1.0518394
18878,-0.15085447
18879,0.5341037
18880,0.7802186
18881,-0.29348803
18882,-0.4105159
18883,-0.24579415
18884,-0.59057456
18885,-0.5254706
18886,-0.27426678
18887,0.0786754
18888,-0.47748557
18889,0.45009437
18890,-0.5504923
18891,-0.59057456
18892,0.39805198
18893,-1.5418154
18894,0.06364986
18895,0.3238698
18896,-0.5082143
18897,-0.59057456
18898,-0.4633308
18899,-0.71602994
18900,-0.23931763
18901,-0.16557239
18902,-0.411266
18903,0.2919841
18904,0.25556034
18905,-0.035105094
18906,-0.93339413
18907,-0.0036810597
18908,0.07882524
18909,-1.8866327
18910,0.3766416
18911,-1.359893
18912,0.0056402176
18913,-1.1527984
18914,-0.94845897
18915,-1.4158772
18916,-0.277581
18917,-0.5779767
18918,0.3823729
18919,-1.8194007
18920,0.00059282756
18921,-1.4991957
18922,0.10924856
18923,-0.3027853
18924,-0.05414951
18925,-1.4452814
18926,-0.07627915
18927,-1.4281127
18928,-0.204384
18929,-0.0033423065
18930,-1.5114292
18931,-0.33022505
18932,-1.1276085
18933,0.10582618
18934,-1.0837296
18935,0.3488894
18936,-1.3287809
18937,0.10924856
18938,-0.9947992
18939,-0.07349341
18940,-2.9694777
18941,-0.6786555
18942,-0.4163698
18943,-0.14344165
18944,-0.013018735
18945,-1.8319292
18946,-0.64643615
18947,0.41558918
18948,0.2935953
18949,-0.13658318
18950,0.529765
18951,-1.3312823
18952,-0.5467213
18953,0.27082536
18954,-0.04015884
18955,-0.39070138
18956,0.41558918
18957,0.08834899
18958,-1.0923281
18959,0.41637373
18960,-0.025104508
18961,-0.70744216
18962,0.32774836
18963,0.3840386
18964,-0.13360469
18965,-0.1441657
18966,-1.4777256
18967,-0.61686414
18968,0.45607302
18969,-0.0015502208
18970,0.46443543
18971,0.48514593
18972,-0.047413956
18973,-0.63308454
18974,0.18708576
18975,-0.011225729
18976,0.61610675
18977,0.46113598
18978,-1.3287696
18979,-0.6345871
18980,-0.81060874
18981,-0.07154366
18982,-1.2923783
18983,-0.5735256
18984,-1.5172998
18985,0.49714428
18986,-0.2356529
18987,-0.24775387
18988,-0.30342537
18989,0.58878267
18990,-0.24717548
18991,0.036151852
18992,0.21210404
18993,-0.12648778
18994,0.25903967
18995,-0.5878771
18996,-0.40169358
18997,-1.1705434
18998,-0.32510042
18999,-1.0509328
19000,-0.4633308
19001,-0.20013683
19002,-0.029871834
19003,-0.24656789
19004,0.759502
19005,-2.054789
19006,-1.5483224
19007,-0.045088112
19008,-0.6821269
19009,-0.3996455
19010,-0.04288426
19011,-0.6299695
19012,-0.30989805
19013,0.23320274
19014,-0.16297589
19015,-0.34377006
19016,-0.023021104
19017,-0.19391923
19018,-0.5752049
19019,0.040237825
19020,-0.24775387
19021,-1.197993
19022,-0.42173478
19023,-0.8020468
19024,0.75208396
19025,-0.56081796
19026,-0.3760016
19027,0.74984026
19028,-2.201944
19029,-0.9400578
19030,-0.78792584
19031,-1.4356102
19032,-0.65230876
19033,-1.195176
19034,-1.1994137
19035,-0.8373851
19036,-2.2685971
19037,0.22814672
19038,-0.88623554
19039,0.056871664
19040,0.40943387
19041,-0.23824537
19042,-2.1688921
19043,-0.037291255
19044,0.16151418
19045,-1.3218758
19046,1.3718868
19047,-1.4600533
19048,-0.20530838
19049,2.027048
19050,-1.176642
19051,0.30725294
19052,-1.0565721
19053,2.2468061
19054,0.41538593
19055,-1.3924452
19056,1.7535056
19057,-1.9194622
19058,0.06938538
19059,-1.3105745
19060,0.15477152
19061,0.11958189
19062,-1.5664642
19063,2.3115697
19064,0.5894927
19065,-1.3147572
19066,-0.09702999
19067,0.06915707
19068,0.37356266
19069,-1.6224188
19070,1.9608392
19071,0.50561583
19072,-1.4241794
19073,-0.23484649
19074,-0.7910086
19075,0.68339515
19076,-1.3994284
19077,0.48893908
19078,-1.5467017
19079,0.48893908
19080,-1.4000801
19081,0.4552099
19082,-0.8209871
19083,0.21318153
19084,-1.2466761
19085,0.18408577
19086,-0.2036201
19087,2.512911
19088,-1.5869722
19089,0.042328525
19090,-2.252773
19091,0.104982026
19092,-0.838587
19093,-0.04321922
19094,-0.44082245
19095,-2.0313628
19096,0.31954017
19097,-0.22164883
19098,-0.49459785
19099,-0.013470889
19100,-2.3516684
19101,-0.6277595
19102,-1.229813
19103,0.9243707
19104,-0.8442148
19105,0.20256977
19106,0.52247125
19107,0.2641207
19108,0.1805817
19109,0.1805817
19110,-0.15500668
19111,-1.125523
19112,-9.846557
19113,-0.32356954
19114,-0.034116168
19115,-1.4714699
19116,2.2622967
19117,0.570378
19118,-0.21599653
19119,-1.2895246
19120,-1.0551238
19121,1.4420167
19122,0.15755488
19123,0.011540058
19124,-1.4781762
19125,0.5349163
19126,0.060592886
19127,0.5163619
19128,-2.2652068
19129,0.2748738
19130,0.4837537
19131,-2.0225296
19132,0.49012724
19133,-1.5134095
19134,0.44379437
19135,0.25987658
19136,-0.5167949
19137,0.32032695
19138,-1.9904815
19139,0.29169512
19140,-2.2831144
19141,0.5511117
19142,-2.3927028
19143,0.48459563
19144,-4.742951
19145,0.545539
19146,0.7236411
19147,-1.5072
19148,0.38505423
19149,-1.1213907
19150,0.36981416
19151,-0.3448672
19152,-1.5203868
19153,0.6744865
19154,-0.5456211
19155,-0.64643604
19156,0.037589826
19157,0.6438343
19158,0.59343326
19159,0.37219685
19160,0.5672533
19161,0.1871861
19162,-0.66463494
19163,0.314506
19164,0.57283366
19165,0.70567423
19166,-0.5097786
19167,-1.8584702
19168,-1.3813149
19169,-1.4304272
19170,2.447096
19171,-0.47439954
19172,-0.22056626
19173,-1.2575808
19174,2.563928
19175,-1.1670421
19176,-0.84534657
19177,0.6273268
19178,-2.5041232
19179,0.663598
19180,-0.25653434
19181,0.053352103
19182,0.48399365
19183,-1.2179163
19184,-0.27460337
19185,-2.0778491
19186,-1.5968318
19187,0.13841997
19188,-1.2084231
19189,2.7645316
19190,-2.1313698
19191,-0.08430854
19192,-0.4059381
19193,0.4494
19194,-0.27646673
19195,-0.16623957
19196,-1.4923229
19197,0.7817234
19198,-0.3183227
19199,-0.20653602
19200,-1.3062779
19201,1.8254004
19202,-1.1405349
19203,-0.04635667
19204,0.37010366
19205,-2.6054149
19206,0.04956147
19207,-1.3435966
19208,2.4298625
19209,-1.1128731
19210,-0.54825926
19211,-0.4929905
19212,2.444091
19213,-2.1276531
19214,-2.0054011
19215,-0.27183172
19216,-0.07550563
19217,0.354305
19218,-1.1294881
19219,-0.06430007
19220,-0.16855825
19221,-0.03923385
19222,-1.1284466
19223,-0.31421915
19224,-1.6490935
19225,0.60867494
19226,-1.3599044
19227,2.1200414
19228,0.19558108
19229,0.98490787
19230,-1.4026092
19231,2.2468982
19232,0.31522173
19233,0.032372233
19234,-0.52814955
19235,0.6678004
19236,-1.7414129
19237,0.46235535
19238,-0.371191
19239,-1.3236154
19240,0.42482445
19241,0.4444292
19242,-0.65925455
19243,0.25624225
19244,-0.53812313
19245,-1.628894
19246,0.4728993
19247,-1.52264
19248,-0.7818892
19249,0.8159166
19250,-1.3977066
19251,1.0348939
19252,-0.16798879
19253,-0.9610376
19254,-0.9223729
19255,-0.60817367
19256,-0.37348688
19257,0.044553388
19258,-1.1004477
19259,0.72253704
19260,-1.513714
19261,0.19612533
19262,-2.138189
19263,-2.1967962
19264,-0.67773706
19265,-0.20961694
19266,-1.5688995
19267,-0.77143914
19268,-0.6547717
19269,-2.3828607
19270,-0.14783604
19271,-2.0512269
19272,-0.036323037
19273,0.759502
19274,-0.46948603
19275,0.18946527
19276,-1.9321829
19277,0.09964463
19278,-1.0051061
19279,-0.24066232
19280,0.09964463
19281,-1.3749281
19282,-0.24355274
19283,0.16039306
19284,-0.19026737
19285,0.16039306
19286,-0.06197547
19287,-1.2841089
19288,2.515188
19289,-1.5968562
19290,-1.0375441
19291,-0.24903966
19292,-0.30009937
19293,0.07714034
19294,-1.1370285
19295,0.010734541
19296,-0.05586045
19297,-0.71996784
19298,0.17102304
19299,-1.3212528
19300,-0.2664697
19301,0.17102304
19302,-1.2646657
19303,-0.03593551
19304,0.16039306
19305,-1.4305841
19306,-0.15132733
19307,-0.020259354
19308,0.5320021
19309,0.11565994
19310,0.09964463
19311,-1.5131018
19312,-0.047150414
19313,-0.021083001
19314,0.18135874
19315,-0.38355568
19316,-0.29769516
19317,-0.2598657
19318,0.7401801
19319,0.009891671
19320,-0.18837447
19321,0.5863577
19322,-0.053665955
19323,0.75878614
19324,-0.63908434
19325,-0.51717925
19326,-0.11081808
19327,0.5937518
19328,0.2919841
19329,-0.5604939
19330,-0.62877494
19331,-0.30658254
19332,0.13565476
19333,-0.7934991
19334,-0.67229265
19335,-0.3753096
19336,0.026650041
19337,-0.6325477
19338,-0.4584125
19339,-0.30658254
19340,0.12916867
19341,0.8369397
19342,0.2919841
19343,-0.040505044
19344,-0.7934991
19345,-0.36216798
19346,-0.4554929
19347,-0.06900632
19348,-1.206171
19349,-2.452507
19350,-1.6013846
19351,-0.358051
19352,-5.13144
19353,0.044946074
19354,-0.10526145
19355,-0.10002472
19356,-0.12131932
19357,0.119470604
19358,-0.6026693
19359,-0.5656862
19360,-0.4944662
19361,-2.529186
19362,-0.31428528
19363,-1.7226295
19364,-0.31824228
19365,0.26732865
19366,-0.40902478
19367,-0.91397357
19368,-0.5604939
19369,-7.268851
19370,-0.3050857
19371,-0.5987962
19372,0.7647368
19373,0.015165392
19374,-0.609751
19375,-0.4105159
19376,-0.43275478
19377,-0.31467202
19378,-0.2300774
19379,-0.20793425
19380,0.2863856
19381,0.14605302
19382,-0.16557239
19383,0.8234551
19384,-0.40279877
19385,-0.20736961
19386,-0.02492719
19387,-0.3581383
19388,0.114566155
19389,-0.7856505
19390,-0.045143183
19391,-0.7022664
19392,-0.047413956
19393,-1.5336586
19394,0.48215935
19395,-0.13805011
19396,-0.15447557
19397,-0.39597842
19398,0.020112928
19399,-0.85483015
19400,-0.13374643
19401,0.17892556
19402,0.15814777
19403,-0.14344165
19404,-1.4175755
19405,0.5207802
19406,-1.0554215
19407,0.08511825
19408,-1.4529735
19409,-0.0015502208
19410,-1.6154455
19411,-1.3498634
19412,0.1802845
19413,-0.05414951
19414,-4.289222
19415,0.49748662
19416,-1.5510409
19417,-0.2760452
19418,-0.700467
19419,0.30955115
19420,-1.3538402
19421,-6.3512597
19422,-0.30514345
19423,-7.3647237
19424,-0.2304416
19425,-0.047413956
19426,-1.8797793
19427,-0.13374643
19428,0.052878853
19429,-0.97142416
19430,-0.0015502208
19431,-0.9591193
19432,-0.11960988
19433,-1.8424501
19434,0.15712054
19435,-1.0883595
19436,-0.5019566
19437,0.13335903
19438,-0.35219985
19439,-3.0982692
19440,-0.45786357
19441,-3.0471992
19442,-0.4933107
19443,-0.30568445
19444,-1.5688995
19445,-0.25092146
19446,-0.21279268
19447,-1.5688995
19448,-1.0716895
19449,-1.1497275
19450,0.035649408
19451,-1.3617834
19452,-0.21506493
19453,0.45607302
19454,0.000778825
19455,0.09795435
19456,0.58160555
19457,-1.2172806
19458,-0.74805605
19459,0.40886492
19460,-1.3160294
19461,-0.14827819
19462,-1.1821659
19463,0.2814213
19464,-0.92959964
19465,-0.680334
19466,-1.054951
19467,0.28016204
19468,0.34583962
19469,0.3848099
19470,0.4027947
19471,-1.1009649
19472,-0.7585485
19473,0.8701339
19474,0.537543
19475,0.5893654
19476,-0.74033207
19477,0.7379162
19478,0.0010215469
19479,0.50904596
19480,0.33549285
19481,0.66389656
19482,0.9079544
19483,0.10817329
19484,0.61159176
19485,0.80834156
19486,0.7802702
19487,0.66664124
19488,0.38375044
19489,-0.900972
19490,0.1633821
19491,0.100952275
19492,0.44695076
19493,-4.8997984
19494,-2.168401
19495,-1.3283477
19496,0.23700689
19497,-1.2829592
19498,0.46284977
19499,-0.9388936
19500,0.4486187
19501,-1.3287696
19502,0.106403224
19503,0.3922764
19504,-0.33202004
19505,0.117286734
19506,-0.48764348
19507,-1.5970446
19508,-0.057726283
19509,-0.6299695
19510,-0.5253426
19511,-0.81438434
19512,-0.6299695
19513,-2.2716908
19514,0.041873008
19515,0.15300451
19516,-0.64573455
19517,-0.3581383
19518,0.17116241
19519,-0.26743573
19520,-1.5270945
19521,-0.20393142
19522,0.117286734
19523,-0.010296408
19524,-1.0964913
19525,0.7399062
19526,-0.40279877
19527,-0.1338836
19528,-1.4783165
19529,0.13069288
19530,-0.7223562
19531,-0.15916967
19532,0.117286734
19533,-0.28361636
19534,-0.06558917
19535,-0.30989805
19536,0.3035618
19537,-0.2715812
19538,0.078909695
19539,-0.41879335
19540,0.010122871
19541,-0.2778541
19542,-0.048639525
19543,-0.3042795
19544,0.19040768
19545,-0.43637007
19546,-0.36091268
19547,0.117286734
19548,-2.981534
19549,-0.9389429
19550,-0.19122075
19551,-8.309258
19552,-0.10526145
19553,0.07701224
19554,-0.2583462
19555,-0.21493849
19556,-0.2637116
19557,-1.3937699
19558,-0.111740395
19559,0.28548485
19560,-3.2374587
19561,0.7430491
19562,-0.36653823
19563,0.4127335
19564,-3.3039005
19565,-0.14744052
19566,-0.17025252
19567,0.1682389
19568,-0.9380058
19569,-0.06911149
19570,-0.2829251
19571,-0.7213155
19572,-0.828154
19573,-0.11889873
19574,-0.02469987
19575,0.15300451
19576,-0.08324599
19577,-0.04144395
19578,-1.4114479
19579,-0.77101123
19580,0.84446883
19581,0.2790649
19582,-1.2074764
19583,-6.010564
19584,-0.0864787
19585,-1.7140951
19586,0.61908865
19587,0.43645903
19588,-1.6253399
19589,0.74495447
19590,-0.13185443
19591,-0.42337227
19592,-1.9948791
19593,-0.90310615
19594,-1.0583913
19595,0.33442408
19596,1.1262764
19597,-1.3666197
19598,-1.536951
19599,0.5093045
19600,-1.7213383
19601,-0.741165
19602,0.30363718
19603,0.5563426
19604,-1.2065274
19605,-0.09551071
19606,-2.3960192
19607,0.96202046
19608,-1.4754881
19609,-0.7596081
19610,0.8763806
19611,0.6073222
19612,0.83474207
19613,0.483529
19614,0.3560757
19615,-1.3692149
19616,2.1296625
19617,0.5157078
19618,-0.9512664
19619,-0.17921889
19620,-1.1467854
19621,-1.23459
19622,1.8244591
19623,-1.9194622
19624,-0.01826752
19625,-1.1929064
19626,2.181968
19627,0.5811373
19628,0.39627376
19629,-1.5029751
19630,2.2830844
19631,0.5684968
19632,0.44840777
19633,-1.6255646
19634,0.14638406
19635,-0.38540763
19636,-0.017258633
19637,-0.131824
19638,-1.4836625
19639,-0.035152063
19640,0.011332427
19641,-1.3825748
19642,2.4425888
19643,-1.850838
19644,0.41551793
19645,-1.4444469
19646,1.8825663
19647,0.41898686
19648,-0.26483566
19649,-1.0212348
19650,2.2622967
19651,0.42186505
19652,-1.3880463
19653,1.0325308
19654,-1.5352342
19655,0.36083272
19656,-0.18259314
19657,-0.5995061
19658,-3.924202
19659,-0.59844553
19660,-0.10639128
19661,-3.673952
19662,-1.6134844
19663,2.096476
19664,-0.41277164
19665,1.8155324
19666,0.37789726
19667,-0.34304926
19668,-0.07257865
19669,0.37732995
19670,-0.80117524
19671,1.8294406
19672,0.569494
19673,-1.2620881
19674,-0.27942294
19675,-0.024160054
19676,0.43231574
19677,0.04597036
19678,0.06568669
19679,0.67632324
19680,0.08467447
19681,0.1805817
19682,0.21800634
19683,0.710167
19684,0.28652078
19685,0.18696444
19686,0.19890843
19687,0.7141536
19688,0.36494946
19689,0.29162627
19690,0.1958301
19691,-0.49746647
19692,-1.3242784
19693,-1.5386791
19694,0.6459691
19695,-1.4927773
19696,0.5661501
19697,-2.3548458
19698,-1.5420567
19699,0.5661501
19700,-2.5031624
19701,0.3163205
19702,-1.1381158
19703,0.23050345
19704,-1.2766844
19705,-0.42286056
19706,-1.3264587
19707,0.43467715
19708,-0.86761904
19709,0.49989465
19710,-0.18462662
19711,-0.15822485
19712,-11.60131
19713,0.75732046
19714,-9.4112
19715,0.866988
19716,-1.0307984
19717,0.65619546
19718,-1.480246
19719,-0.07461623
19720,-1.1687942
19721,0.48893908
19722,-0.685693
19723,0.026227016
19724,-0.8573512
19725,0.43473956
19726,-1.1687942
19727,0.3632381
19728,-1.197993
19729,0.3688235
19730,0.6136907
19731,0.51535445
19732,0.1871861
19733,0.3251791
19734,-0.5504632
19735,0.6779326
19736,0.3188583
19737,0.53798544
19738,0.46178254
19739,0.2030688
19740,0.7171585
19741,0.89382005
19742,0.26649982
19743,0.7083944
19744,0.6038152
19745,0.625387
19746,0.31308794
19747,0.30271238
19748,-1.3818702
19749,0.2529079
19750,0.72415406
19751,0.1556247
19752,0.20145959
19753,0.57283366
19754,0.23538667
19755,-1.029074
19756,1.0481169
19757,0.6438343
19758,0.26649982
19759,0.5145384
19760,0.5941998
19761,0.1988393
19762,0.39805198
19763,0.17389838
19764,0.2607343
19765,-1.6028597
19766,0.1376582
19767,0.538721
19768,-0.64701504
19769,0.48772174
19770,-0.6308876
19771,0.84044886
19772,0.1556247
19773,-0.66384476
19774,-0.5406278
19775,-2.5426176
19776,0.3679094
19777,0.45876643
19778,-1.4329237
19779,0.4920306
19780,0.20667842
19781,0.4553609
19782,0.82683647
19783,0.15630303
19784,0.2981127
19785,0.53798544
19786,0.1871861
19787,0.2934483
19788,0.38277462
19789,0.1871861
19790,-0.46534008
19791,-0.18445654
19792,-1.3435966
19793,2.581987
19794,-3.7137814
19795,-0.13253991
19796,-1.519617
19797,2.6233368
19798,-1.1275945
19799,-0.19561324
19800,-1.2085438
19801,2.7511575
19802,-1.5439062
19803,-0.205321
19804,-1.3518475
19805,2.5467806
19806,-1.1405349
19807,-0.19561324
19808,-1.4785582
19809,2.5956907
19810,-1.2677231
19811,-0.22000377
19812,-0.19045714
19813,-2.4397824
19814,0.47089395
19815,-0.27809086
19816,-1.4304272
19817,2.4523995
19818,-1.1341611
19819,-0.34069988
19820,0.8234559
19821,-1.8602216
19822,0.7987941
19823,-0.34069988
19824,-0.79457045
19825,2.581987
19826,0.025772342
19827,-0.6409909
19828,-0.19273674
19829,0.16500662
19830,-0.27335382
19831,-0.0012404596
19832,-0.16125771
19833,2.658602
19834,-1.707843
19835,-0.22570524
19836,-1.4872547
19837,2.884193
19838,-1.1942546
19839,-1.945881
19840,1.3948643
19841,0.022442937
19842,-1.847575
19843,2.73223
19844,-1.5979125
19845,0.1489132
19846,-1.2165949
19847,2.4175153
19848,-0.90334874
19849,-2.2123113
19850,-1.1450163
19851,-2.7014859
19852,1.1252388
19853,-0.20210123
19854,0.0730486
19855,0.47651514
19856,0.21535486
19857,0.29151234
19858,-0.4229567
19859,0.10794746
19860,-0.24606876
19861,0.7915709
19862,-0.39131132
19863,-0.28566816
19864,-1.1072811
19865,0.07714034
19866,0.36735287
19867,-0.2743657
19868,0.419907
19869,0.09964463
19870,-1.284569
19871,0.47336328
19872,-0.06837077
19873,0.22053413
19874,0.110616766
19875,-1.6221873
19876,0.50151557
19877,0.16006786
19878,0.1694535
19879,0.6267759
19880,-0.021083001
19881,0.7314731
19882,-0.1988545
19883,0.5177003
19884,0.55171216
19885,0.17068589
19886,-0.03899672
19887,-0.7440657
19888,-0.09016143
19889,-0.576211
19890,0.18870784
19891,0.15714656
19892,-1.5131018
19893,-0.35155073
19894,0.5792701
19895,-0.063442074
19896,-0.3929348
19897,-0.41325966
19898,0.38886455
19899,0.23213835
19900,0.25903967
19901,-0.2689405
19902,-0.4105048
19903,-1.7768112
19904,-0.31647402
19905,-0.02289431
19906,0.31274697
19907,-0.9422706
19908,0.20835628
19909,-3.308932
19910,-1.122329
19911,0.17837094
19912,-0.1407782
19913,-0.7178537
19914,0.06926759
19915,-0.033855613
19916,0.0024160573
19917,-0.07153048
19918,0.20924103
19919,0.43975037
19920,0.20254971
19921,0.11536081
19922,-1.1508185
19923,0.87122136
19924,-0.12052489
19925,0.11937355
19926,0.2534043
19927,-0.8626156
19928,-0.9344184
19929,-0.084663406
19930,-0.07754005
19931,-0.9269579
19932,-0.67061746
19933,-0.1482693
19934,0.12923624
19935,0.120415576
19936,-0.97830087
19937,-1.3515637
19938,-1.1182008
19939,-0.12847364
19940,-0.77309686
19941,-1.7595305
19942,-0.39128476
19943,-1.5966115
19944,-0.46033278
19945,0.22916421
19946,-0.73290586
19947,0.20761515
19948,-0.11820025
19949,0.16585958
19950,-0.12741174
19951,-1.2666689
19952,-0.90173733
19953,-1.0583881
19954,0.1220095
19955,0.5222537
19956,-0.81815404
19957,-0.24981174
19958,-0.75761724
19959,-0.6826021
19960,-0.58313465
19961,-0.49238983
19962,0.32829958
19963,-1.2700853
19964,-0.91329646
19965,-0.78250325
19966,-0.23401633
19967,-0.43905953
19968,-1.1612278
19969,-2.2834067
19970,-1.649149
19971,-0.14230178
19972,0.0044754613
19973,-0.39313146
19974,-0.53921163
19975,-0.6069084
19976,-0.3297904
19977,0.00808614
19978,-0.8692664
19979,-1.6852592
19980,-0.9057997
19981,-0.9082589
19982,0.5740869
19983,-0.71144176
19984,-0.78548384
19985,-1.0547335
19986,-5.9606986
19987,-2.1476524
19988,-0.28542134
19989,-0.0033423065
19990,-1.7647347
19991,-0.3756223
19992,-0.36487693
19993,0.7838846
19994,0.3127509
19995,-1.3472219
19996,-0.49430722
19997,2.223207
19998,-1.266742
19999,-0.06430007
20000,-0.81304437
20001,-1.9205333
20002,-0.4883192
20003,2.74827
20004,-1.4206495
20005,-2.0739813
20006,0.66361725
20007,-0.1284984
20008,0.69898015
20009,-0.97208583
20010,-0.2187007
20011,0.30333737
20012,0.020993503
20013,0.6032202
20014,-0.27942294
20015,-0.19068961
20016,-1.1363945
20017,1.0499324
20018,-1.1647509
20019,-0.685693
20020,-0.45657524
20021,-0.75382537
20022,-0.33723536
20023,-0.29817802
20024,-0.8003079
20025,0.023422467
20026,-1.1791025
20027,-5.2254376
20028,0.5315792
20029,-0.21113202
20030,-0.2853332
20031,-1.5428627
20032,0.6409348
20033,-0.17098802
20034,-1.1565073
20035,0.09374662
20036,-1.6673827
20037,0.50581574
20038,-1.0244871
20039,0.15814419
20040,0.1805817
20041,0.19738281
20042,-2.6390417
20043,0.45860255
20044,0.41484624
20045,0.5298866
20046,2.2676563
20047,0.2496604
20048,-1.7134441
20049,0.71769047
20050,-1.0256103
20051,0.6391045
20052,-1.1882609
20053,0.2390663
20054,-0.3208545
20055,-1.5920359
20056,0.6600821
20057,-1.0764339
20058,0.7121079
20059,-1.8991932
20060,0.7036609
20061,0.32694665
20062,0.37773836
20063,-0.4902925
20064,0.70576364
20065,-0.32525212
20066,0.122527085
20067,-1.1960918
20068,0.5144795
20069,-0.62011695
20070,-0.25144324
20071,-0.21533272
20072,-0.25199732
20073,0.22288899
20074,-0.3614516
20075,0.31451583
20076,-0.11893171
20077,0.3372428
20078,-1.1611881
20079,0.17635098
20080,0.083692335
20081,-0.08045494
20082,-0.60691464
20083,0.000778825
20084,-1.178303
20085,-1.1201679
20086,0.22431283
20087,-0.20953006
20088,0.5103268
20089,-1.4463035
20090,0.7135838
20091,-2.496513
20092,0.4736431
20093,-0.19906065
20094,0.13631503
20095,-0.46391177
20096,0.5229482
20097,-1.0959603
20098,0.32734907
20099,0.062363688
20100,-0.3758885
20101,-0.22830349
20102,-2.488726
20103,-0.0712432
20104,0.4419797
20105,0.08944501
20106,-0.0477416
20107,-0.14801522
20108,-1.256239
20109,0.055761382
20110,1.9712875
20111,0.7365824
20112,-1.1435106
20113,-1.5356172
20114,0.14862172
20115,-1.0498157
20116,0.122564554
20117,-0.35877514
20118,-0.516496
20119,0.42152634
20120,-0.6873844
20121,-0.14672175
20122,-0.24497493
20123,1.7440804
20124,0.6413181
20125,-1.2971636
20126,0.38439134
20127,-0.005185955
20128,-0.44340616
20129,-0.07769058
20130,0.5795985
20131,0.63079786
20132,0.3757844
20133,-2.0711343
20134,0.30141923
20135,-1.4946741
20136,-0.19675991
20137,0.6783999
20138,-2.6186006
20139,0.23442224
20140,-1.3834997
20141,-1.0022072
20142,0.8651196
20143,0.3913863
20144,-0.5474825
20145,-0.9346417
20146,0.4141283
20147,-0.9269579
20148,0.27425036
20149,-1.2100811
20150,0.44039908
20151,0.6346108
20152,0.4639165
20153,-0.89045405
20154,-0.96350425
20155,1.2005746
20156,-1.3894702
20157,-0.5285077
20158,0.18276432
20159,-2.0305843
20160,0.060179707
20161,-0.8315762
20162,0.8714953
20163,-0.55516
20164,0.0639948
20165,1.4508513
20166,0.5864729
20167,1.9591786
20168,-0.6084652
20169,-2.1967962
20170,-1.8438375
20171,0.03392138
20172,-0.8001653
20173,0.55627894
20174,-0.105411604
20175,-0.11244958
20176,-0.38765025
20177,-1.1492268
20178,-1.3826822
20179,0.16208951
20180,0.60155594
20181,-0.10270994
20182,0.13676727
20183,-0.1503633
20184,-0.10620131
20185,2.5026152
20186,-0.9846779
20187,-0.13808073
20188,-0.32626328
20189,0.07099065
20190,0.7689376
20191,0.07615855
20192,-0.14807898
20193,-0.24425775
20194,-0.52875614
20195,-0.40477404
20196,-0.55039966
20197,-0.9545016
20198,0.28219223
20199,0.5044286
20200,0.4350878
20201,-0.09961259
20202,-0.20104317
20203,-0.25985864
20204,0.5038152
20205,0.46422723
20206,0.7585848
20207,-1.1081921
20208,0.6372317
20209,0.50597286
20210,0.02731024
20211,-0.26560175
20212,-0.4105159
20213,-0.5143864
20214,-0.16223659
20215,-1.0054446
20216,0.22678241
20217,-0.28085613
20218,-0.260106
20219,0.31783518
20220,0.22400825
20221,1.056211
20222,-0.8747098
20223,-0.3042795
20224,-0.045088112
20225,0.30460218
20226,0.23342927
20227,0.37676457
20228,-0.08368318
20229,0.74488777
20230,-0.20008755
20231,0.07431612
20232,-0.67441946
20233,-0.6497489
20234,-1.0384555
20235,-0.13306901
20236,0.39438018
20237,-0.02707333
20238,-0.13572004
20239,-2.0743234
20240,0.061269104
20241,0.39805198
20242,-0.015330569
20243,0.027732978
20244,0.1538711
20245,0.08726881
20246,-0.3996455
20247,-0.2875324
20248,-0.7989187
20249,0.09938019
20250,-0.19686703
20251,-1.0959603
20252,-1.1839584
20253,-0.115724005
20254,-0.4614618
20255,-0.8581191
20256,-0.2284035
20257,-0.0033423065
20258,-1.4055636
20259,0.13613434
20260,-0.7534771
20261,-0.0015502208
20262,-0.3324697
20263,0.5888451
20264,-1.1024088
20265,0.59903944
20266,-1.2964385
20267,0.22507693
20268,-0.40800327
20269,0.36602926
20270,-0.06000697
20271,-1.0959603
20272,0.42009407
20273,-0.8417145
20274,0.56391287
20275,-0.11893171
20276,-1.48728
20277,-0.24881577
20278,-1.3319925
20279,-0.47391137
20280,0.31308794
20281,0.1909661
20282,0.32557303
20283,-1.1747305
20284,-1.6682899
20285,-2.4330122
20286,-1.5643996
20287,-0.043864958
20288,-0.75427425
20289,0.47847125
20290,0.45394933
20291,0.032242615
20292,-0.981446
20293,-0.26372185
20294,-0.014548204
20295,-0.01741294
20296,-0.040227257
20297,-0.31349635
20298,-0.26579437
20299,-0.016981823
20300,-0.25489318
20301,-0.9543853
20302,-0.017166806
20303,-1.1175898
20304,0.3129898
20305,0.48341548
20306,-0.03965385
20307,0.5952068
20308,0.7895832
20309,0.059007075
20310,0.24735472
20311,-0.8377217
20312,-0.14187129
20313,0.096403904
20314,0.48129478
20315,0.76288295
20316,0.5412548
20317,-1.3957607
20318,0.2098332
20319,0.5089323
20320,-0.22737305
20321,0.33502904
20322,-0.047443792
20323,-0.3170977
20324,0.36180788
20325,-0.22479849
20326,-0.30684933
20327,-0.6590185
20328,-0.30684933
20329,-1.7263951
20330,-0.4281367
20331,0.27263105
20332,0.14777485
20333,0.27328625
20334,-0.44163054
20335,-0.13935761
20336,0.5486947
20337,-0.54410285
20338,0.018913267
20339,0.17675263
20340,-1.3837092
20341,-0.4519104
20342,-0.34291437
20343,-0.06806967
20344,0.7971935
20345,-0.5812128
20346,-0.5650962
20347,0.1710117
20348,-0.24718025
20349,0.20360337
20350,-0.7223562
20351,-0.73145634
20352,-0.29524064
20353,0.29106757
20354,0.1049867
20355,0.0029912097
20356,-0.27296746
20357,-0.5079089
20358,-0.34265
20359,0.8189208
20360,-0.57327014
20361,0.41497228
20362,-0.67563957
20363,-0.7576296
20364,0.11125984
20365,-1.9714618
20366,-0.5338497
20367,-0.21587028
20368,-0.36658385
20369,-0.33167064
20370,0.28121918
20371,-0.3909564
20372,-1.1504982
20373,-0.264017
20374,-0.4539444
20375,-0.14632507
20376,-0.057389647
20377,-1.3068485
20378,-0.31824228
20379,0.36960542
20380,0.1745694
20381,0.117286734
20382,0.08480518
20383,0.6438343
20384,-0.37685427
20385,-0.11848272
20386,-1.1750442
20387,-0.4096345
20388,-0.43891183
20389,-0.55613714
20390,0.66161406
20391,-0.14831872
20392,-1.1816919
20393,0.5605991
20394,-0.25319332
20395,-1.8549017
20396,-0.9705112
20397,0.013324274
20398,-0.21848944
20399,-1.809029
20400,0.15750161
20401,-1.2867304
20402,-1.1260221
20403,-0.016981823
20404,0.50838214
20405,-1.1872067
20406,-0.92421484
20407,0.8646208
20408,0.14650479
20409,1.3495553
20410,-0.9555121
20411,-0.8501217
20412,-0.07627915
20413,0.0009532881
20414,-0.19966479
20415,0.39044118
20416,-1.4152772
20417,-1.360267
20418,2.6554685
20419,0.4640082
20420,0.30980748
20421,-1.4995261
20422,0.36435452
20423,-4.5799875
20424,2.6053104
20425,0.33549473
20426,0.48188785
20427,0.10667724
20428,0.3783521
20429,0.77904886
20430,0.47641703
20431,-1.360267
20432,1.3589703
20433,0.82907575
20434,0.19244447
20435,2.5016768
20436,-0.10129339
20437,1.0254867
20438,-0.60247445
20439,-1.7212123
20440,0.13368791
20441,-0.24787742
20442,0.28190786
20443,-1.3791417
20444,0.64809287
20445,-1.4763016
20446,-1.026891
20447,-0.41944233
20448,0.05007465
20449,0.4658236
20450,0.0056402176
20451,-0.17921889
20452,-0.13055603
20453,-1.1177685
20454,1.0103552
20455,-1.4138107
20456,0.8215755
20457,0.40648034
20458,0.1595759
20459,-0.099108875
20460,0.23336662
20461,-0.24378532
20462,0.23336563
20463,0.97673017
20464,0.84064126
20465,0.67495537
20466,0.2431585
20467,0.13255443
20468,-1.1634344
20469,-0.23373072
20470,0.30121374
20471,0.4314838
20472,0.06708783
20473,0.31304976
20474,-0.9124158
20475,-0.3382716
20476,-0.68282634
20477,-0.19892451
20478,0.41563818
20479,0.5373749
20480,-2.07084
20481,-0.072503954
20482,-1.1393011
20483,-0.67475617
20484,0.15464075
20485,-1.2290319
20486,-0.38644946
20487,-1.3902293
20488,0.48395768
20489,-0.39264053
20490,-1.3278136
20491,-0.285288
20492,0.389883
20493,0.35541275
20494,-0.20336428
20495,-0.26688898
20496,0.48071375
20497,0.36833078
20498,0.9410393
20499,-0.50974864
20500,0.22585356
20501,0.44056633
20502,-0.30680814
20503,0.0832742
20504,-1.3034341
20505,0.37829256
20506,-0.00091618905
20507,0.50644416
20508,-1.6750491
20509,-0.07490506
20510,1.3844619
20511,0.18248679
20512,0.17299947
20513,-1.1612916
20514,1.3222214
20515,-1.4114479
20516,0.70605534
20517,0.15551129
20518,-0.9767364
20519,0.6617411
20520,-1.3478303
20521,-0.95926553
20522,-0.6543799
20523,0.28868324
20524,0.36152437
20525,-0.3618464
20526,-1.519617
20527,-0.15921284
20528,-0.31984395
20529,-0.3310749
20530,0.07458097
20531,-0.27911025
20532,-0.25594327
20533,-0.20793425
20534,-1.5822799
20535,-0.11366594
20536,0.55707026
20537,-0.0015502208
20538,1.2374947
20539,-1.2496048
20540,-0.09501012
20541,0.78584385
20542,-0.32356954
20543,0.48647815
20544,-0.04015884
20545,-0.25028083
20546,-1.1710367
20547,0.049457382
20548,0.60119
20549,-0.21304965
20550,-0.02434481
20551,0.22472969
20552,0.79875076
20553,0.09602909
20554,-0.6062351
20555,-1.8418034
20556,0.47426632
20557,-0.9691203
20558,1.9973925
20559,0.6177907
20560,0.3695106
20561,-0.49613118
20562,-1.2170756
20563,-0.35570037
20564,-0.43580768
20565,0.045524143
20566,0.079872265
20567,-1.0177261
20568,2.1565855
20569,1.3820581
20570,-1.2958549
20571,0.44514248
20572,2.221603
20573,-1.1612916
20574,-0.62789464
20575,2.3455324
20576,-0.21304965
20577,-0.25517935
20578,1.9511352
20579,0.12911873
20580,1.4318771
20581,0.19712925
20582,0.7663126
20583,-0.48382655
20584,-1.1346418
20585,0.41874212
20586,-2.4594088
20587,-0.0712432
20588,0.672134
20589,-0.5343651
20590,-1.4413819
20591,0.42592818
20592,0.5509535
20593,-0.13354354
20594,0.43350106
20595,-2.217636
20596,-1.1363945
20597,0.13337693
20598,0.36507428
20599,0.7071954
20600,-1.197993
20601,-1.6425791
20602,-2.1686153
20603,0.51143265
20604,-0.8343584
20605,0.67659813
20606,-0.012333731
20607,0.5336182
20608,-0.2664697
20609,-0.7934991
20610,-0.041046675
20611,-0.9833196
20612,0.043536074
20613,-1.1230285
20614,-0.07349341
20615,-1.0554215
20616,-0.28326243
20617,-1.0883394
20618,-1.6346573
20619,-0.0033423065
20620,-0.82011074
20621,-0.0015502208
20622,-2.0888567
20623,-0.45594856
20624,-0.5047333
20625,-1.259454
20626,0.4426993
20627,-0.121603034
20628,0.69170344
20629,0.41213414
20630,-1.3515637
20631,-0.5721518
20632,-1.4242682
20633,0.29176784
20634,-0.21302208
20635,-1.028623
20636,-0.5936638
20637,0.83606946
20638,-0.37246314
20639,0.39040324
20640,-1.4825768
20641,0.42044002
20642,1.042353
20643,0.6337409
20644,0.1376582
20645,0.6438343
20646,-0.67492986
20647,0.13984038
20648,0.5672533
20649,0.84560084
20650,-0.58532333
20651,0.059066996
20652,0.37108406
20653,0.16039306
20654,-0.97645074
20655,0.36735287
20656,-0.025341012
