Unnamed: 0,p0q0
0,-1.453933
1,0.12621842
2,0.27433425
3,-0.020477362
4,0.18905038
5,-0.06518589
6,0.23019296
7,0.20461278
8,0.1978895
9,0.022234485
10,0.14488421
11,0.26671258
12,0.12077845
13,0.02569247
14,-0.32009777
15,-0.13270268
16,0.17098187
17,0.049247764
18,-0.21321099
19,0.36646354
20,0.14516427
21,0.049247764
22,0.28681925
23,0.17848031
24,0.2973229
25,-0.27159065
26,0.47288638
27,0.070022374
28,-0.05388751
29,-0.488737
30,0.3675034
31,0.33237296
32,0.18905038
33,0.109020755
34,0.28975767
35,0.36646354
36,0.13734156
37,0.028375853
38,-0.009222982
39,0.26756454
40,0.16731924
41,-0.007841812
42,0.24766062
43,0.14204016
44,0.4179438
45,0.24249245
46,0.2771096
47,0.04593705
48,0.26321298
49,0.1790273
50,0.21725248
51,-0.027457975
52,0.34471816
53,0.16888376
54,0.17020689
55,0.2187415
56,0.15184675
57,0.18934205
58,0.19650483
59,0.1727097
60,0.22078905
61,0.020751286
62,0.06683023
63,0.17410465
64,0.3139156
65,0.068318866
66,0.1751918
67,0.44546258
68,0.09208368
69,0.31838667
70,0.3566083
71,0.09208368
72,0.06683023
73,0.0031323973
74,0.5653657
75,0.20606443
76,0.1944518
77,0.19948047
78,0.14995503
79,0.3139156
80,0.20052955
81,0.15108673
82,0.40490225
83,-0.84183294
84,0.33741742
85,0.06541708
86,0.018171154
87,-0.0888063
88,0.2739925
89,0.47355667
90,0.18264408
91,-0.12622677
92,0.13304153
93,-0.06355165
94,0.15656365
95,0.09354803
96,0.20572433
97,-0.11761283
98,0.4140065
99,0.197211
100,0.14420848
101,0.014811764
102,0.6261165
103,0.36405155
104,0.28895715
105,0.59025204
106,0.4520119
107,0.3920177
108,0.11109596
109,0.028375853
110,0.15975238
111,0.3781429
112,0.16731924
113,-0.19164267
114,0.05087627
115,0.23109055
116,0.41122895
117,-0.112402685
118,0.22283712
119,0.26494414
120,-0.00765221
121,-0.19164267
122,-0.11767923
123,0.20835449
124,0.073937684
125,0.93538713
126,0.4963269
127,0.21789415
128,0.3306211
129,0.34846205
130,0.46078175
131,0.3207687
132,0.36689082
133,0.4686307
134,0.48248255
135,0.17210062
136,0.6511628
137,0.28975767
138,0.44611156
139,0.29391876
140,0.59025204
141,0.25472578
142,0.09708062
143,0.23344919
144,0.3153667
145,0.5878072
146,0.74937403
147,0.08546026
148,0.2099082
149,0.2771096
150,0.20670423
151,0.544153
152,-0.07449643
153,0.056309182
154,0.3950767
155,0.5476151
156,-0.08082578
157,0.22962762
158,0.85905045
159,0.049065966
160,-0.78615004
161,0.2071075
162,0.32440314
163,0.22877216
164,0.24044794
165,0.43664286
166,0.07285037
167,0.2071075
168,0.286592
169,0.08622588
170,0.22313781
171,0.26853347
172,0.35762534
173,0.24044794
174,0.54844874
175,-0.0596627
176,0.4297643
177,0.09016412
178,0.60330725
179,0.30824968
180,-0.04466611
181,0.36383542
182,0.1584005
183,0.24044794
184,0.0005120435
185,0.1825807
186,0.34471816
187,-0.07410589
188,-0.19478923
189,0.33968702
190,0.039728712
191,0.36672702
192,0.38651383
193,0.034626037
194,0.24384068
195,0.020751286
196,-0.24146816
197,0.24249688
198,0.3139156
199,-0.2545438
200,0.3252446
201,-0.031424575
202,0.039814923
203,0.29765105
204,-0.5252808
205,-0.23159482
206,-0.5987034
207,-0.10924981
208,0.48199382
209,0.24325196
210,0.1838307
211,0.38176516
212,0.2789445
213,0.26028767
214,-0.7146185
215,0.38351166
216,0.09966067
217,-1.9868898
218,0.31581986
219,0.7254173
220,-0.24924569
221,0.63183516
222,0.44075775
223,0.31676146
224,0.602105
225,0.37437224
226,-0.08354746
227,0.27396342
228,0.10206858
229,-1.9800193
230,0.39329934
231,0.27396342
232,0.22805555
233,0.9768897
234,-1.4763772
235,0.035070736
236,0.5182931
237,-1.6313453
238,0.3393016
239,0.1686702
240,0.21360841
241,-1.6392848
242,-17.684704
243,-0.15056469
244,0.2238217
245,0.62497103
246,0.45825985
247,0.32055256
248,0.034385886
249,0.44790444
250,-0.16632259
251,0.19855593
252,0.2654363
253,-2.3603885
254,-0.10908579
255,0.19884598
256,0.2630114
257,0.6914976
258,0.24451888
259,-0.35650676
260,0.32087207
261,0.76467556
262,-0.16263232
263,0.15428063
264,0.16771448
265,0.52528214
266,0.03063396
267,0.30650952
268,0.51484346
269,0.49131918
270,0.43494448
271,0.36784145
272,-0.17932935
273,0.20143907
274,0.23081274
275,0.38671392
276,0.11637623
277,0.4197199
278,0.4308625
279,0.042947803
280,0.1686132
281,0.24249245
282,-0.02206707
283,0.175276
284,-0.016193788
285,0.28919283
286,0.18453984
287,0.37464327
288,0.27183178
289,0.3797328
290,-0.11640323
291,0.14451502
292,0.012880789
293,0.33617675
294,0.24271762
295,0.36789134
296,0.017462637
297,0.3355901
298,0.16766806
299,-0.09428778
300,0.32781678
301,0.16842505
302,0.40291062
303,-0.18001178
304,0.32781678
305,0.27270168
306,0.20368306
307,-1.1133188
308,0.31336215
309,-1.3263222
310,0.36392766
311,-0.8397961
312,0.41368052
313,0.18939193
314,0.31379086
315,0.37596354
316,0.185834
317,0.43039495
318,0.36646354
319,0.39586002
320,0.24563113
321,0.38974646
322,0.5353962
323,0.24715284
324,0.2121769
325,0.4317468
326,0.36646354
327,-0.22204266
328,-0.035992533
329,0.4777543
330,0.5353962
331,0.54844874
332,-2.4953148
333,0.27715737
334,0.4058215
335,-2.8361356
336,0.3646775
337,0.7703751
338,0.03657588
339,0.755569
340,-1.4239911
341,-0.051342003
342,0.49763435
343,1.2441949
344,-3.2147584
345,-0.09099318
346,0.23854946
347,0.56361735
348,-1.7008296
349,-0.09838274
350,-0.18851033
351,1.6551336
352,-0.6124497
353,0.25963712
354,-1.2877146
355,-1.4264171
356,-1.0058111
357,0.30183366
358,-0.8549593
359,1.294463
360,-0.15507007
361,0.3249252
362,0.14086068
363,-0.15415774
364,-0.9914461
365,0.22254594
366,-0.035967816
367,0.56361735
368,0.029411811
369,0.18301861
370,0.29493394
371,-0.005863547
372,1.2090377
373,0.33977577
374,0.2694168
375,-0.030040879
376,-3.0660164
377,-1.0706037
378,0.07406148
379,0.12662812
380,0.070406325
381,0.126314
382,0.47350943
383,0.3781429
384,0.13074636
385,0.39954805
386,0.26292947
387,0.2209017
388,0.19650483
389,0.17761096
390,0.35314497
391,0.4140065
392,0.008378412
393,0.31379086
394,0.26627856
395,0.10190956
396,-0.34856713
397,0.19851379
398,0.5961909
399,0.26671258
400,-0.21921755
401,-0.94245386
402,0.2999429
403,0.28895715
404,-0.08159299
405,0.40332225
406,-0.3674919
407,0.16740197
408,-0.50153863
409,0.17668435
410,-0.45006192
411,0.19348961
412,0.24181947
413,0.45139268
414,0.473126
415,0.6900626
416,0.32814777
417,-0.41090113
418,0.27416804
419,-0.025699265
420,0.3205605
421,0.41209808
422,0.2621466
423,0.21201661
424,0.35066175
425,0.1242964
426,0.40686837
427,0.36606428
428,0.25711602
429,0.2955352
430,0.48197186
431,0.29900733
432,0.40747702
433,0.4734767
434,0.16395615
435,0.638917
436,0.48277816
437,-0.13668735
438,0.17982082
439,0.12538618
440,0.57410514
441,0.4875237
442,0.17982082
443,0.39863646
444,0.42766434
445,-0.112750255
446,0.17982082
447,-0.035485882
448,0.46673492
449,0.029707849
450,-0.32891342
451,0.6019022
452,0.0057088337
453,-0.038564656
454,0.19073476
455,0.017462637
456,-0.26170412
457,0.59467065
458,-0.85260665
459,-0.36952683
460,0.5288509
461,0.26845855
462,0.16979952
463,0.5722973
464,0.087472714
465,-0.25525132
466,0.43576208
467,0.056840304
468,0.38758397
469,0.55122447
470,0.027635766
471,0.59329516
472,0.4082089
473,0.23193617
474,0.5742708
475,0.37954026
476,0.027635766
477,0.61608
478,0.42570975
479,0.28401455
480,0.32781678
481,0.3390595
482,0.019261546
483,0.4359111
484,0.37719592
485,0.21802019
486,0.3069275
487,0.4874654
488,-0.030384336
489,0.59025204
490,0.5450785
491,0.017462637
492,0.1831128
493,0.31790245
494,0.23558752
495,-0.09636624
496,0.11286617
497,-0.078234464
498,0.2425672
499,0.17982082
500,-0.10293989
501,0.19724365
502,0.1977392
503,0.0069277477
504,0.3337431
505,0.21685067
506,0.2561741
507,0.11617623
508,0.21122041
509,-0.1966847
510,0.005196347
511,-2.7121723
512,0.17982082
513,0.16475257
514,-0.60464054
515,-0.34851065
516,0.23117243
517,0.03806473
518,0.17982082
519,0.29323155
520,0.72793055
521,0.36765873
522,0.40765232
523,0.075275764
524,-0.5802848
525,0.17982082
526,-0.09072741
527,0.25864413
528,0.23117243
529,0.35445696
530,0.30199477
531,0.12041948
532,0.13236691
533,0.3208874
534,0.2425672
535,0.48062003
536,0.094698794
537,0.30853096
538,0.12295613
539,0.38824162
540,0.39983034
541,0.3547284
542,0.4747345
543,0.14379765
544,0.073968515
545,0.04553295
546,-0.16263232
547,-0.7465536
548,-0.23893696
549,0.34110928
550,0.4616477
551,0.18905038
552,-0.049534176
553,0.23659104
554,0.26671258
555,0.20268437
556,-0.2114906
557,0.36586455
558,0.3316235
559,0.13734156
560,-0.2579881
561,0.13626164
562,-0.28448904
563,0.18905038
564,0.10738731
565,0.2564261
566,0.17311947
567,0.10401907
568,-0.020224571
569,0.22501433
570,0.10287474
571,0.17567323
572,0.15813063
573,-0.05616991
574,0.4014269
575,0.36972547
576,-0.2012745
577,0.23461346
578,0.2868537
579,0.08349847
580,-0.32709774
581,0.05087627
582,0.3125332
583,0.5269228
584,0.6511628
585,0.24169235
586,0.4140065
587,0.352016
588,0.101998486
589,-0.12505239
590,0.5221837
591,0.30911434
592,0.28895715
593,0.18677838
594,0.61608
595,0.5031882
596,-17.439013
597,-0.21948236
598,-0.47023085
599,0.4317468
600,0.20837146
601,0.20867182
602,-0.092340074
603,0.13626164
604,0.3083888
605,0.10401907
606,-0.24146816
607,0.29435036
608,0.27745566
609,0.17567323
610,-0.06518589
611,0.13626164
612,0.26671258
613,0.16644068
614,-0.33172122
615,0.22259717
616,0.26671258
617,0.040070053
618,0.32781678
619,0.37864137
620,0.36405155
621,0.023405574
622,0.073968515
623,0.22522745
624,0.20835449
625,0.027635766
626,0.5370403
627,-0.16273367
628,0.07032633
629,0.54057753
630,0.5494201
631,0.36972547
632,0.6100269
633,0.30152854
634,0.2831683
635,0.0979202
636,0.6000167
637,-0.045557216
638,0.8865139
639,0.18929929
640,0.34471816
641,0.19542842
642,0.3489629
643,0.00076960644
644,-0.29155353
645,0.043281414
646,0.48480895
647,-0.29325637
648,0.297202
649,0.04419484
650,-0.045337953
651,0.07795179
652,-0.25288135
653,-0.092340074
654,-0.5841937
655,-0.47976935
656,0.07844712
657,0.165152
658,-0.16038124
659,0.15669495
660,-0.18274297
661,-0.055665903
662,0.36791548
663,0.18801169
664,0.098208964
665,0.3129855
666,0.41392812
667,0.34222597
668,0.1782812
669,0.14744537
670,0.18630101
671,0.05016121
672,-0.11774715
673,0.3125332
674,0.20410179
675,-0.08694515
676,0.070541844
677,0.26671258
678,0.15640938
679,0.16937312
680,-0.114407875
681,-0.6553701
682,0.12903568
683,-0.009664528
684,0.10158199
685,0.10539827
686,0.10903807
687,0.06993477
688,0.16335374
689,0.3517122
690,0.13074636
691,0.25209537
692,0.282713
693,0.3125332
694,0.009270936
695,0.24690008
696,0.21088889
697,-0.032542743
698,0.09208368
699,0.3843854
700,0.013779404
701,0.24670272
702,0.020751286
703,0.24365127
704,-0.16316254
705,-0.012555983
706,0.14355053
707,0.081402704
708,0.15640938
709,0.18907537
710,0.14411496
711,0.3396976
712,0.10523307
713,0.1293365
714,-0.07480415
715,0.23510997
716,-0.043983206
717,0.30443197
718,0.24325196
719,-0.7575614
720,0.3139156
721,0.14420848
722,0.12140418
723,0.14869978
724,0.12947708
725,-0.09701686
726,0.12182256
727,0.30767268
728,0.15640938
729,0.3122896
730,-1.071724
731,0.4907505
732,0.1199731
733,0.120835684
734,-0.16753551
735,0.45315245
736,0.012268024
737,0.2424642
738,0.35903576
739,0.3983892
740,-0.03079702
741,0.19003348
742,0.35852376
743,0.1365649
744,0.48773888
745,0.13236691
746,0.35903576
747,0.36109033
748,0.4625921
749,-0.028264485
750,0.51007915
751,0.29453415
752,0.038763903
753,0.36784145
754,0.22962762
755,0.46134555
756,0.20113967
757,0.49732614
758,0.48321724
759,0.2811762
760,0.33919945
761,0.59329516
762,0.40316832
763,0.26756454
764,0.22078165
765,0.46631524
766,0.47506115
767,0.40218106
768,0.19526692
769,0.59025204
770,0.21483599
771,0.3141957
772,0.19003348
773,0.51125073
774,0.41223282
775,-0.026238713
776,0.16664578
777,0.2203924
778,0.3072079
779,0.12304011
780,0.28704837
781,0.371082
782,0.24181964
783,-0.119449966
784,0.59025204
785,0.42570975
786,0.5495795
787,0.47718605
788,0.28860027
789,0.5495795
790,0.15368438
791,0.372427
792,-0.5530663
793,0.066589676
794,0.31790245
795,0.3983892
796,0.20118715
797,-0.35893467
798,0.5215067
799,0.47133186
800,0.30083776
801,0.28401455
802,-0.27103913
803,0.4874654
804,0.48434287
805,0.12120347
806,0.40939078
807,0.48581648
808,0.49113166
809,0.16528991
810,0.37454277
811,0.37333876
812,0.41223282
813,0.39921215
814,-0.2997259
815,0.3194584
816,0.34471816
817,-0.1479979
818,0.9207824
819,0.34471816
820,-0.55107385
821,-0.08602833
822,0.32938537
823,-0.8128008
824,0.44402277
825,0.24044794
826,0.20121504
827,-0.024057306
828,0.032027055
829,0.2576232
830,-0.07047551
831,-0.28593662
832,0.24044794
833,0.018615905
834,0.37654063
835,0.2975947
836,-0.01137831
837,0.22413512
838,0.080527015
839,0.039728712
840,0.53841555
841,0.24972992
842,0.26785007
843,1.0188396
844,0.13039696
845,0.16442658
846,0.33363324
847,-0.020320624
848,0.059407752
849,0.15128346
850,0.46393123
851,0.5967797
852,0.3248844
853,0.091651745
854,0.2746576
855,0.2518394
856,0.43060672
857,0.37260178
858,0.1426674
859,-0.10792867
860,0.8176292
861,0.2990462
862,0.356832
863,0.26422685
864,-0.16436352
865,0.6396082
866,0.51702434
867,0.9050451
868,0.31372163
869,0.036608987
870,0.31018794
871,0.29971933
872,0.653305
873,0.065045476
874,0.23155145
875,0.32938537
876,0.039728712
877,0.29864404
878,0.92881495
879,0.06007907
880,1.0515087
881,0.80682606
882,0.28919283
883,-0.09164831
884,0.5053164
885,0.014959199
886,0.26332796
887,0.5263054
888,0.27704027
889,0.29137382
890,0.23802768
891,0.21528485
892,0.48626035
893,0.0074447403
894,0.43470144
895,0.08161375
896,0.48175547
897,0.07405798
898,0.16528991
899,-0.11333467
900,0.14043818
901,-0.31789196
902,0.40546477
903,0.31442416
904,0.39160913
905,0.16475257
906,0.37234548
907,0.12110793
908,0.18523702
909,0.35515985
910,0.26028767
911,-0.0097937435
912,0.39972207
913,0.17377163
914,0.27396342
915,0.2904073
916,0.15575683
917,-1.5612535
918,0.34161726
919,0.49098402
920,0.767749
921,0.23630254
922,0.25194797
923,-0.13256353
924,-1.8012246
925,-0.013544198
926,0.20111951
927,-0.7215306
928,0.1004583
929,0.18553077
930,0.26321298
931,-0.051573046
932,0.15575683
933,-1.5412046
934,0.3038228
935,0.4369723
936,0.15575683
937,-0.6092273
938,-0.028751794
939,0.050885748
940,-1.876846
941,0.2094786
942,0.13062833
943,0.559442
944,0.27291307
945,0.2503222
946,0.3248844
947,0.18416196
948,1.0930462
949,0.14755078
950,0.005056822
951,0.4825382
952,-2.07042
953,-2.1534808
954,0.19284177
955,0.53088033
956,0.18630596
957,-1.1881807
958,0.124658175
959,0.52782625
960,0.96110255
961,0.29976746
962,0.444496
963,-0.80642456
964,0.8465614
965,0.5665671
966,0.4179438
967,-0.0956379
968,0.4080946
969,-2.5871818
970,0.38993627
971,-0.28029093
972,-2.718792
973,0.3961507
974,0.30670986
975,0.05466725
976,-1.907425
977,-0.18283238
978,0.2071075
979,0.47088403
980,-1.7715528
981,0.26671258
982,0.24972992
983,0.25233978
984,1.0131589
985,0.35515985
986,0.28796196
987,-0.37595573
988,0.3198772
989,-0.051302377
990,0.2028744
991,0.34415036
992,-2.3634212
993,0.20464116
994,0.48617816
995,0.28859058
996,0.40495253
997,0.5467223
998,0.50487435
999,-0.51043385
1000,-0.45810905
1001,0.7657778
1002,0.16895808
1003,0.003820421
1004,0.020007398
1005,0.34361356
1006,0.13270639
1007,-0.4635643
1008,0.4723259
1009,0.46099746
1010,0.34996796
1011,0.20607677
1012,0.38974646
1013,0.16008559
1014,-0.018146563
1015,0.14064439
1016,0.5956254
1017,0.34421566
1018,0.35553408
1019,0.25248724
1020,0.27389303
1021,-0.002579654
1022,0.5588822
1023,0.416478
1024,0.27389303
1025,0.20837146
1026,0.3665253
1027,0.2121769
1028,0.36605227
1029,0.20461278
1030,0.2608053
1031,0.22281685
1032,0.17410465
1033,0.26671258
1034,0.5681128
1035,0.30545878
1036,0.43710753
1037,0.070022374
1038,0.25397927
1039,0.0030676946
1040,0.4513436
1041,0.3201979
1042,0.53705317
1043,0.4059617
1044,0.28293836
1045,0.111406304
1046,0.25601047
1047,0.467636
1048,0.49741852
1049,0.012251169
1050,0.31442416
1051,0.31042233
1052,0.5593623
1053,0.05952559
1054,0.060975336
1055,-0.11799828
1056,0.45752615
1057,0.2486063
1058,0.2608053
1059,0.27100006
1060,0.44103584
1061,0.042412948
1062,0.46079504
1063,0.27100006
1064,0.27389303
1065,0.05492741
1066,0.086253785
1067,0.20040986
1068,0.37333876
1069,-0.10669583
1070,0.25864413
1071,0.27100006
1072,0.24056141
1073,0.0847506
1074,0.42767212
1075,0.20040986
1076,0.40316832
1077,0.04606801
1078,0.17982082
1079,0.21904328
1080,0.38547868
1081,0.34955013
1082,0.23577563
1083,0.5865636
1084,-1.8636646
1085,-1.3180996
1086,0.24444655
1087,0.3153667
1088,1.3313817
1089,0.35038206
1090,0.53970486
1091,0.3361729
1092,1.355023
1093,-1.9356169
1094,0.28770918
1095,0.36299476
1096,0.3863741
1097,-1.5946405
1098,0.16195937
1099,0.22875996
1100,-1.8057102
1101,-3.1343215
1102,0.045062754
1103,0.17257446
1104,-3.0660164
1105,0.1103917
1106,0.33957228
1107,0.93493223
1108,-0.47992057
1109,0.56147915
1110,0.6181042
1111,-1.735888
1112,-1.5774436
1113,0.34477463
1114,-0.4550243
1115,0.058192585
1116,0.24313596
1117,-5.3673058
1118,-1.5813618
1119,0.043225937
1120,0.28170496
1121,0.12870617
1122,-0.4943485
1123,0.24427539
1124,-0.22573982
1125,0.36920357
1126,-12.352679
1127,-0.18965071
1128,-0.043577556
1129,0.29650226
1130,-3.7654912
1131,0.18301861
1132,0.20006879
1133,-3.2001333
1134,-2.0582814
1135,-0.2673399
1136,0.4197199
1137,0.88131166
1138,-1.5813618
1139,-0.35840386
1140,0.2528207
1141,-0.50777966
1142,-2.5684116
1143,-13.858407
1144,0.19724365
1145,0.5549348
1146,0.73471665
1147,-1.356969
1148,0.30719218
1149,0.7208459
1150,0.878098
1151,-0.02122541
1152,0.18891767
1153,0.1661408
1154,0.14659202
1155,0.4777543
1156,-0.024264837
1157,0.20942558
1158,0.37333876
1159,0.30641258
1160,0.113019645
1161,0.3447759
1162,0.31264216
1163,0.4038764
1164,0.28975767
1165,0.22240746
1166,0.20071499
1167,0.3390595
1168,0.12875322
1169,0.3221254
1170,0.1365649
1171,0.5606378
1172,-0.06342248
1173,0.4742722
1174,0.21987128
1175,0.4073629
1176,0.19650483
1177,-0.32789895
1178,0.18223917
1179,0.24981119
1180,0.29436624
1181,0.44790444
1182,0.27704027
1183,0.014099432
1184,0.075275764
1185,-0.12906171
1186,-0.022730213
1187,0.33050254
1188,0.3279692
1189,0.20410179
1190,0.18366528
1191,0.10826879
1192,0.25974515
1193,1.1244234
1194,-0.034700915
1195,0.34546986
1196,-0.13842647
1197,0.21646762
1198,0.31548545
1199,-0.15837981
1200,0.28428304
1201,0.09853591
1202,0.0964868
1203,0.32781678
1204,0.36451703
1205,0.2520739
1206,0.3443008
1207,0.3525636
1208,-0.36414135
1209,0.31790245
1210,0.45600542
1211,0.18282422
1212,0.33050254
1213,0.40322068
1214,-12.193685
1215,0.23434642
1216,0.31610772
1217,0.31548545
1218,0.29394817
1219,0.18366528
1220,0.27590126
1221,0.2219572
1222,0.26273987
1223,0.23845352
1224,0.055281255
1225,0.13593335
1226,0.30562845
1227,0.50878805
1228,0.21104254
1229,0.31379086
1230,0.48170617
1231,-0.31789196
1232,0.1145829
1233,0.42086223
1234,0.2780231
1235,0.42315182
1236,0.027635766
1237,-0.020797938
1238,0.46544507
1239,0.30867288
1240,0.13270639
1241,0.3842447
1242,0.6845431
1243,0.26175871
1244,0.11007014
1245,0.5083137
1246,0.23134165
1247,0.2574318
1248,0.42596847
1249,0.43343315
1250,0.39657506
1251,-0.040928867
1252,0.40200806
1253,0.26361614
1254,-0.06518589
1255,0.18559514
1256,-0.36293647
1257,-0.15905689
1258,0.15629071
1259,0.17661309
1260,-0.06518589
1261,0.13626164
1262,0.20837146
1263,0.17188022
1264,-0.06518589
1265,0.23678118
1266,0.2375031
1267,0.2840727
1268,-0.06518589
1269,0.41721603
1270,0.165152
1271,0.044235557
1272,0.27137384
1273,0.17395128
1274,0.18905038
1275,-0.08813599
1276,0.17779411
1277,0.08349847
1278,-0.2114906
1279,0.15975238
1280,0.5031372
1281,0.165152
1282,0.03296634
1283,0.27659842
1284,0.36646354
1285,0.08349847
1286,0.07584392
1287,0.2948425
1288,-1.171294
1289,0.26604578
1290,-0.13085195
1291,0.34900144
1292,-0.7344569
1293,0.26956084
1294,-0.20733386
1295,0.33117044
1296,-0.03674269
1297,0.1554217
1298,0.21779853
1299,-0.32824314
1300,0.24325196
1301,0.18801169
1302,-1.9201972
1303,-0.39620933
1304,0.12903568
1305,0.14420848
1306,-0.37807086
1307,0.012268024
1308,0.20069635
1309,0.34110928
1310,0.74693686
1311,-0.14948924
1312,0.31002307
1313,0.1365649
1314,-0.47646403
1315,0.12903568
1316,0.200649
1317,0.24325196
1318,-4.9172683
1319,0.020751286
1320,0.18491037
1321,-0.10582181
1322,0.22806974
1323,0.23522876
1324,0.10749821
1325,-0.21111915
1326,-0.3457408
1327,-0.35118595
1328,0.10856297
1329,-0.021386236
1330,-0.22754315
1331,0.012268024
1332,-0.26276526
1333,-0.112109594
1334,0.32266527
1335,-0.4169335
1336,0.2864616
1337,0.1612389
1338,0.6261165
1339,-0.18115899
1340,-1.1065083
1341,-0.11248404
1342,0.4401686
1343,0.11651177
1344,0.35754478
1345,0.38645712
1346,0.36672702
1347,0.5079307
1348,0.18905038
1349,-0.27256224
1350,0.39461663
1351,-0.0002328814
1352,-0.14729813
1353,-0.24336359
1354,0.1365649
1355,0.12361871
1356,-0.046376847
1357,0.24046485
1358,0.27566308
1359,0.07032633
1360,-0.3437874
1361,-0.1065646
1362,0.23630254
1363,0.20785832
1364,0.32669643
1365,0.36040547
1366,-0.60651857
1367,0.22078165
1368,0.61608
1369,0.4056504
1370,0.37807846
1371,0.012474374
1372,0.49732614
1373,0.21483599
1374,0.09439974
1375,0.23213267
1376,0.59025204
1377,-0.0752383
1378,0.2811762
1379,0.64327693
1380,0.28919283
1381,0.3171424
1382,0.24823438
1383,0.045201097
1384,0.48156682
1385,0.17227006
1386,-0.053039085
1387,0.24665199
1388,0.09016412
1389,0.551136
1390,0.2623315
1391,0.23751096
1392,0.28681925
1393,0.6100269
1394,0.056309182
1395,0.27942127
1396,0.24482433
1397,0.40537876
1398,0.3498696
1399,0.27396342
1400,0.4004903
1401,0.37526718
1402,0.2623315
1403,-0.37044758
1404,0.20891337
1405,-0.096156254
1406,0.20177405
1407,-0.07655989
1408,0.11347175
1409,0.3162835
1410,0.24089918
1411,0.6376503
1412,0.5531855
1413,0.15580218
1414,0.35075873
1415,0.13167252
1416,1.0426105
1417,0.33731213
1418,-0.7809654
1419,-0.15054907
1420,0.39921215
1421,-0.90246135
1422,-0.2799648
1423,0.3248844
1424,0.07336452
1425,0.4537321
1426,0.50938046
1427,-0.23664588
1428,0.52347076
1429,0.25263172
1430,-0.07047551
1431,0.58025956
1432,0.04462266
1433,0.1579188
1434,0.59532654
1435,0.107324645
1436,0.21612832
1437,0.38891742
1438,0.055100963
1439,0.18907537
1440,0.35066175
1441,0.28562734
1442,-0.04692879
1443,0.0031323973
1444,0.16967545
1445,0.20588306
1446,0.046839178
1447,0.08303428
1448,0.1371935
1449,0.30313778
1450,0.18080674
1451,-0.18061036
1452,0.21322829
1453,0.6891602
1454,0.30323237
1455,0.4752089
1456,0.15926383
1457,0.15575683
1458,0.4171168
1459,0.0696082
1460,0.44713324
1461,0.33000883
1462,0.3206322
1463,-0.21781825
1464,0.484546
1465,-2.3634212
1466,0.17377163
1467,0.34703812
1468,-0.2018468
1469,0.6573799
1470,0.24132262
1471,0.09432052
1472,0.3015568
1473,0.28113306
1474,0.3248844
1475,0.27478772
1476,-3.231829
1477,0.34421566
1478,0.36627793
1479,0.21360841
1480,0.37605014
1481,-0.06251654
1482,0.27534336
1483,0.2630114
1484,0.5813563
1485,0.010242207
1486,0.36627793
1487,0.27191523
1488,0.9848395
1489,0.26756454
1490,-0.36641067
1491,0.33040372
1492,0.034364745
1493,0.23020284
1494,0.128942
1495,0.19882773
1496,0.33040372
1497,0.21530776
1498,0.33040372
1499,0.1358857
1500,-0.0097937435
1501,0.17196558
1502,0.7347904
1503,0.031447854
1504,0.2914319
1505,0.18429783
1506,0.24249245
1507,-0.13027583
1508,0.2914319
1509,-0.13220929
1510,0.24249245
1511,0.046703562
1512,0.31925264
1513,-0.0019419831
1514,0.33478254
1515,0.33911386
1516,0.37464327
1517,-0.13220929
1518,0.115988836
1519,0.13037124
1520,-0.14698613
1521,0.4820333
1522,0.4024224
1523,0.21574809
1524,0.48524737
1525,0.6128727
1526,-0.015192486
1527,0.36226982
1528,0.5456295
1529,0.12476289
1530,0.28493938
1531,0.07583473
1532,0.59775
1533,0.15196112
1534,-0.08973943
1535,0.45596698
1536,0.19543609
1537,0.36159426
1538,-0.10203704
1539,0.38115934
1540,-0.10779927
1541,0.40463182
1542,0.1273867
1543,0.47891074
1544,0.017462637
1545,0.37653717
1546,-0.061167322
1547,0.6565659
1548,0.29606134
1549,0.27704027
1550,0.37453926
1551,0.36586455
1552,0.6248842
1553,-0.45185304
1554,0.22018835
1555,0.21716931
1556,-0.30434054
1557,0.109631374
1558,-0.08724556
1559,0.60439104
1560,0.65436274
1561,0.38750014
1562,0.25721413
1563,0.29872438
1564,-2.8799415
1565,-1.0706037
1566,0.23577563
1567,-0.3984361
1568,0.5902346
1569,-0.2802194
1570,0.19724365
1571,-0.14022611
1572,-1.4264171
1573,-0.31605718
1574,0.24532825
1575,0.07336452
1576,-3.06723
1577,0.16990353
1578,0.086253785
1579,-0.17718907
1580,-1.8057102
1581,-1.3583999
1582,0.343862
1583,-0.1392115
1584,1.2090377
1585,-0.13495716
1586,0.26026598
1587,-0.047595315
1588,-0.012659261
1589,-2.3331332
1590,-0.27430645
1591,-0.6118561
1592,0.66445637
1593,-0.24823503
1594,0.26278418
1595,0.32966217
1596,-1.6903865
1597,-2.2699692
1598,0.33731592
1599,0.34306407
1600,0.6535077
1601,-1.0461638
1602,0.17982082
1603,0.36702022
1604,0.33634138
1605,0.32815748
1606,0.24427539
1607,0.17217521
1608,-2.9485137
1609,0.1103917
1610,0.23114106
1611,0.12662812
1612,0.56609124
1613,0.32781678
1614,0.3435839
1615,0.31217515
1616,0.056185756
1617,0.18758489
1618,0.3207687
1619,0.17365551
1620,0.2815545
1621,-0.10120859
1622,0.45018783
1623,-0.0016291188
1624,0.041444156
1625,0.04258261
1626,0.6261165
1627,0.14411496
1628,0.27049938
1629,0.49211073
1630,0.5353787
1631,0.050438277
1632,0.1269152
1633,0.24556267
1634,0.31236535
1635,0.21658546
1636,0.30153552
1637,0.04312172
1638,0.11000517
1639,0.21779853
1640,0.48710856
1641,0.30089816
1642,0.18264408
1643,0.15113191
1644,0.2815545
1645,-0.000424203
1646,0.22652236
1647,0.26527423
1648,0.041444156
1649,-0.3859019
1650,0.3207687
1651,0.20667426
1652,-0.019024782
1653,0.3007607
1654,0.10090281
1655,0.24246854
1656,0.37254032
1657,-0.1566087
1658,0.21201661
1659,0.4549541
1660,-0.87723243
1661,0.2748575
1662,0.529312
1663,0.3368496
1664,0.17916317
1665,0.47074866
1666,0.24633786
1667,-0.011757492
1668,0.37333876
1669,0.027544051
1670,0.53765595
1671,0.015089629
1672,0.3641681
1673,0.42186272
1674,0.39322227
1675,0.11753903
1676,0.07718595
1677,0.39322063
1678,0.5662795
1679,0.02934625
1680,0.29323155
1681,-0.38431573
1682,0.5107367
1683,0.33782476
1684,0.008919921
1685,0.63742834
1686,0.25728646
1687,0.2201079
1688,-0.059735715
1689,-0.4982564
1690,-0.4280683
1691,0.113358535
1692,0.63742834
1693,0.25713477
1694,-0.26170412
1695,0.44948187
1696,0.20268437
1697,-0.4129855
1698,0.2501275
1699,-0.26050377
1700,0.116207324
1701,0.42607555
1702,0.20268437
1703,0.2815545
1704,0.49101442
1705,0.17185436
1706,0.34846205
1707,0.18716486
1708,-0.009906493
1709,0.6530014
1710,0.5716871
1711,0.28642246
1712,0.46631524
1713,0.3950767
1714,0.36113828
1715,-0.9983727
1716,0.33645236
1717,0.38645712
1718,0.4874654
1719,0.17891237
1720,0.5221837
1721,0.36713737
1722,0.060183752
1723,0.61608
1724,0.40316832
1725,0.34402043
1726,0.2900754
1727,0.23259434
1728,0.29493394
1729,0.39657506
1730,0.3153667
1731,0.19867742
1732,-0.02684161
1733,0.17982082
1734,-0.09779341
1735,0.17982082
1736,0.352016
1737,-0.58648425
1738,0.23558752
1739,0.13236691
1740,-0.84720653
1741,0.30257028
1742,0.11524
1743,0.15619917
1744,0.12966909
1745,0.16822198
1746,0.14927234
1747,0.33156362
1748,0.23092346
1749,0.23601003
1750,0.655721
1751,-2.793504
1752,-0.18315934
1753,0.30257028
1754,0.28186408
1755,0.2561741
1756,0.36536396
1757,0.19724365
1758,0.2865066
1759,-0.041211504
1760,0.1664705
1761,0.2306212
1762,0.18736996
1763,0.28995076
1764,0.03806473
1765,0.2694168
1766,0.22105679
1767,0.16395615
1768,0.17982082
1769,-0.0094208615
1770,0.19724365
1771,0.25864413
1772,0.20888779
1773,0.24072485
1774,0.25728646
1775,0.13270639
1776,-0.17239244
1777,0.17982082
1778,0.27704027
1779,0.0050006793
1780,0.027544051
1781,0.22356664
1782,0.19724365
1783,0.2528207
1784,0.22597454
1785,0.25616288
1786,0.36548343
1787,0.18905038
1788,-0.051351953
1789,0.41261366
1790,-0.28146136
1791,0.20268437
1792,-0.23893696
1793,0.17150451
1794,0.3050784
1795,-0.06518589
1796,0.30141595
1797,0.6261165
1798,0.16777396
1799,-0.24146816
1800,0.36586455
1801,0.51868606
1802,0.032205265
1803,-0.2579881
1804,0.14488421
1805,0.17823046
1806,0.20867182
1807,-0.06518589
1808,-0.38677025
1809,-0.40524688
1810,-0.046912618
1811,-0.23893696
1812,0.3823426
1813,0.1785181
1814,0.16731924
1815,-0.035485882
1816,-0.17044826
1817,-0.002579654
1818,0.17098187
1819,-0.6046595
1820,0.2953606
1821,0.3552736
1822,0.2006944
1823,0.50020313
1824,0.37157097
1825,0.4798376
1826,0.20525527
1827,0.35903576
1828,0.09853591
1829,0.20837146
1830,0.48524195
1831,0.40468356
1832,0.37836072
1833,0.2606321
1834,-0.2574569
1835,0.33617675
1836,0.36672702
1837,0.36405155
1838,0.18593627
1839,0.013118392
1840,-0.15905689
1841,-0.13270268
1842,0.10088316
1843,-0.022671726
1844,0.13626164
1845,0.51868606
1846,0.4795934
1847,-0.022671726
1848,0.31561065
1849,0.2868537
1850,0.11109596
1851,0.024349064
1852,0.13626164
1853,0.3348729
1854,-0.046912618
1855,-0.06518589
1856,0.05087627
1857,0.29893368
1858,0.13734156
1859,-0.11495025
1860,0.2350841
1861,0.26671258
1862,0.23558752
1863,0.40939078
1864,0.45383075
1865,0.41223282
1866,0.35098958
1867,0.073968515
1868,0.11078722
1869,0.20837146
1870,0.48760238
1871,0.4490843
1872,0.41721603
1873,0.25728646
1874,0.11651177
1875,0.50557685
1876,0.12077845
1877,0.6376503
1878,0.18225464
1879,0.49081105
1880,0.2914287
1881,0.24044794
1882,-0.3386889
1883,0.11312976
1884,-0.44572368
1885,0.6376503
1886,-0.07128837
1887,0.24044794
1888,0.26506266
1889,-0.02710599
1890,0.36883184
1891,0.4523528
1892,-0.70993614
1893,0.51160383
1894,0.36468297
1895,-0.39893368
1896,0.26152405
1897,0.16644068
1898,-0.125964
1899,0.14913988
1900,0.14379765
1901,0.14293525
1902,0.14913988
1903,0.25728646
1904,0.07584392
1905,0.42074236
1906,0.16777396
1907,-0.007841812
1908,0.25188518
1909,0.13018534
1910,0.07584392
1911,0.3558949
1912,0.17365551
1913,-0.8641451
1914,0.3050238
1915,0.49124297
1916,-0.057525963
1917,0.2105304
1918,0.46313003
1919,0.3781429
1920,0.09208368
1921,0.38039926
1922,-0.60276794
1923,0.11087104
1924,-0.41057572
1925,0.44099042
1926,0.45315245
1927,0.09905554
1928,0.15184675
1929,0.27659842
1930,0.44713548
1931,0.31225666
1932,0.06538282
1933,0.02004331
1934,0.25631025
1935,0.12903568
1936,-0.10778049
1937,-0.06450561
1938,0.4907505
1939,0.31225666
1940,0.10141408
1941,-0.17555548
1942,-0.007005226
1943,0.20606443
1944,-0.14799589
1945,0.16573419
1946,0.07804227
1947,-0.058940344
1948,-0.012970595
1949,0.21088889
1950,0.49201638
1951,0.037248954
1952,0.2705626
1953,0.13074636
1954,0.2606359
1955,0.012268024
1956,0.48088133
1957,-1.7563578
1958,0.13074636
1959,0.29159862
1960,-0.28571633
1961,0.23510997
1962,-0.25505307
1963,0.26444027
1964,0.013779404
1965,-0.026183203
1966,0.17365551
1967,0.36620814
1968,0.197211
1969,0.39314407
1970,0.13074636
1971,0.2095796
1972,0.20164557
1973,0.55711764
1974,0.12903568
1975,-0.15684736
1976,-0.6332427
1977,0.2194784
1978,0.15640938
1979,-0.2545438
1980,0.13194779
1981,-0.07581097
1982,0.13074636
1983,0.28739154
1984,-0.0016812463
1985,0.3083888
1986,0.034585208
1987,-0.008012742
1988,0.19696136
1989,0.6263168
1990,0.034822654
1991,0.2424642
1992,0.5215067
1993,0.37864137
1994,0.23630254
1995,0.17607799
1996,0.35903576
1997,0.24433456
1998,0.26360863
1999,0.353108
2000,0.31378394
2001,0.04112864
2002,-0.080119684
2003,0.51224935
2004,0.3129855
2005,0.2606321
2006,0.2424642
2007,0.46631524
2008,0.32746753
2009,0.43764615
2010,-0.047628213
2011,0.51007915
2012,0.24169235
2013,0.2606321
2014,0.019261546
2015,0.5215067
2016,0.41721603
2017,-0.7453243
2018,0.17185436
2019,0.40939078
2020,-0.001816412
2021,0.21874632
2022,-0.037148397
2023,0.40939078
2024,0.3390595
2025,0.23620328
2026,0.16407155
2027,0.5215067
2028,0.41226476
2029,0.29408798
2030,0.31790245
2031,0.2476554
2032,0.3523745
2033,0.19003348
2034,0.30562845
2035,0.2811762
2036,0.33406144
2037,0.49732614
2038,0.31518495
2039,0.18264408
2040,0.11821671
2041,0.36159426
2042,0.27942127
2043,0.29834017
2044,0.17210062
2045,0.60977674
2046,0.5347104
2047,-0.052701063
2048,0.46631524
2049,0.41226476
2050,0.015860789
2051,0.48071146
2052,0.21505095
2053,0.4140065
2054,0.17185436
2055,0.32781678
2056,0.39827362
2057,0.41223282
2058,0.1193878
2059,0.32781678
2060,0.41721603
2061,0.36399317
2062,0.18677838
2063,0.40939078
2064,0.049233563
2065,0.41223282
2066,0.22313781
2067,-0.2822488
2068,0.08314882
2069,0.38651383
2070,-1.5841329
2071,1.0584126
2072,0.39921215
2073,-1.0926381
2074,0.42062348
2075,0.3248844
2076,-2.9874024
2077,-0.14067794
2078,0.24044794
2079,-0.3847286
2080,0.5904681
2081,0.26604578
2082,0.1790273
2083,0.025045654
2084,0.38751635
2085,-0.18497333
2086,0.15518023
2087,0.32225555
2088,0.013314452
2089,-0.15094377
2090,0.28186685
2091,0.2140907
2092,0.9518498
2093,0.24044794
2094,0.20642018
2095,0.4668914
2096,0.22313781
2097,-0.37825063
2098,0.04486263
2099,0.31450975
2100,0.26956084
2101,0.19810137
2102,0.51702434
2103,0.31925264
2104,0.30357906
2105,0.20368306
2106,0.39259666
2107,0.38845307
2108,0.28796196
2109,0.4479631
2110,0.06531368
2111,0.2210226
2112,0.33117044
2113,0.34694627
2114,0.16035461
2115,0.2870985
2116,0.19855593
2117,0.17477226
2118,0.31163886
2119,0.382896
2120,0.15546398
2121,0.16535383
2122,0.09400515
2123,0.3846697
2124,0.22313781
2125,0.30010188
2126,0.18884353
2127,-0.17939574
2128,0.4824348
2129,0.30010188
2130,0.31163886
2131,0.65083903
2132,0.396364
2133,0.30664408
2134,0.8664492
2135,0.26862457
2136,-0.084718406
2137,0.24044794
2138,0.21991378
2139,0.5829716
2140,0.24044794
2141,0.26506266
2142,0.7237364
2143,0.24044794
2144,0.014959199
2145,-0.14216171
2146,0.2958213
2147,0.08927242
2148,0.36883184
2149,0.22875996
2150,-0.49207482
2151,0.42513323
2152,0.5578329
2153,0.37812304
2154,0.3372047
2155,0.56630206
2156,-0.39925995
2157,0.4979517
2158,0.38064268
2159,0.5524842
2160,0.43220893
2161,0.1488879
2162,0.33776936
2163,0.24072485
2164,0.43089223
2165,0.11044557
2166,0.26121113
2167,0.052518327
2168,0.093093336
2169,0.2780231
2170,0.34501725
2171,0.40817845
2172,0.39185676
2173,0.28995076
2174,0.49811247
2175,0.32044774
2176,-0.0052868435
2177,0.3550604
2178,0.36624652
2179,0.2623315
2180,-1.9059529
2181,0.45018783
2182,0.34356016
2183,0.0027559355
2184,0.2849057
2185,0.22855411
2186,-0.6197842
2187,0.59575003
2188,0.22758394
2189,1.1060219
2190,-0.4872237
2191,-0.18061036
2192,-0.030040879
2193,0.5456291
2194,0.47845432
2195,0.5398024
2196,-0.21556048
2197,-2.0364444
2198,0.17848031
2199,0.36926883
2200,0.5326494
2201,0.9780101
2202,0.20837146
2203,0.4346354
2204,-0.24094772
2205,0.8024639
2206,0.19890434
2207,0.33620661
2208,0.25921974
2209,0.74582833
2210,0.13336462
2211,-0.046588898
2212,0.009704918
2213,-2.0033793
2214,0.3476456
2215,-0.092796415
2216,0.05466725
2217,0.7684221
2218,0.44075775
2219,0.36099824
2220,0.1385314
2221,0.24988659
2222,-0.3384597
2223,0.28358707
2224,0.22770326
2225,0.6402906
2226,-0.16164869
2227,0.27396342
2228,-0.063503504
2229,-3.2648149
2230,0.31347138
2231,0.23896533
2232,0.08559381
2233,-1.8012246
2234,0.03031841
2235,0.07190953
2236,0.04950449
2237,0.29093847
2238,0.43612242
2239,-0.18061036
2240,0.3950662
2241,-1.854781
2242,0.3212212
2243,0.260408
2244,0.2238217
2245,0.4915758
2246,0.23630254
2247,0.29313773
2248,-0.063503504
2249,0.4075534
2250,0.24737364
2251,-0.13849187
2252,0.34437227
2253,1.119615
2254,0.27471665
2255,0.39296207
2256,0.2575277
2257,-1.9289178
2258,0.2672896
2259,0.38826337
2260,0.29799002
2261,0.4505378
2262,0.5467223
2263,0.563642
2264,0.39097038
2265,0.14746305
2266,0.8062527
2267,0.005196347
2268,0.19663732
2269,-0.13512538
2270,0.4577301
2271,0.35313538
2272,0.28293836
2273,0.5151506
2274,0.04606801
2275,0.087332845
2276,-0.26489407
2277,0.48224762
2278,0.5794752
2279,0.3624383
2280,0.25456354
2281,0.38547868
2282,0.018171154
2283,0.63404053
2284,0.2121769
2285,0.37864137
2286,0.38367397
2287,-0.104859635
2288,0.25392967
2289,0.36586455
2290,0.353974
2291,0.29843578
2292,0.25261453
2293,0.38669926
2294,0.35684142
2295,-0.2223253
2296,0.2266725
2297,0.3447759
2298,0.28813693
2299,0.2608053
2300,0.22270033
2301,0.42608243
2302,-0.28448904
2303,0.7025054
2304,-0.2009107
2305,0.5804388
2306,-0.23696403
2307,0.548712
2308,0.20256434
2309,0.06279259
2310,0.5069115
2311,0.24692677
2312,0.35893288
2313,0.12705131
2314,0.65895206
2315,0.2931082
2316,0.013004614
2317,0.38824162
2318,-0.27077118
2319,0.34999987
2320,0.20840794
2321,0.27846342
2322,0.20040986
2323,0.4549541
2324,-11.062566
2325,0.2608053
2326,0.27100006
2327,0.27389303
2328,0.22715887
2329,0.25864413
2330,0.22281685
2331,0.3390595
2332,0.34955013
2333,0.2608053
2334,0.2121769
2335,0.27389303
2336,-0.28146136
2337,0.063373975
2338,0.2710543
2339,0.4549541
2340,0.306132
2341,0.23419689
2342,0.306952
2343,0.5122107
2344,0.55010545
2345,0.17982082
2346,0.18318611
2347,0.4820333
2348,0.5629614
2349,-2.9451523
2350,-0.77972
2351,0.03710374
2352,-0.14981927
2353,1.0792042
2354,-0.27767178
2355,0.38317454
2356,0.7375537
2357,-0.564527
2358,0.093093336
2359,-0.17579895
2360,0.7375537
2361,-0.57950675
2362,-0.5296332
2363,0.6720608
2364,-2.9701245
2365,-0.14696763
2366,0.1462808
2367,0.2350118
2368,-1.9800193
2369,-0.41555607
2370,-0.057825822
2371,0.8006411
2372,-0.25262827
2373,0.33738464
2374,-0.007936197
2375,-2.239258
2376,-0.3452269
2377,0.37778857
2378,0.09136503
2379,-0.14292376
2380,0.097207025
2381,1.0868548
2382,-0.4256072
2383,0.29935682
2384,0.070194
2385,-2.5684116
2386,0.08433347
2387,0.12958463
2388,0.26506266
2389,-2.7834704
2390,-0.4412395
2391,0.16733286
2392,0.3683077
2393,0.09232261
2394,-23.21772
2395,0.25721413
2396,0.15803903
2397,0.63166374
2398,-7.5234575
2399,0.20629638
2400,0.30010188
2401,1.0049403
2402,-2.8499124
2403,0.038763903
2404,0.29872438
2405,0.53418183
2406,-1.7229708
2407,-0.31929198
2408,0.3162835
2409,0.18266933
2410,0.37464327
2411,0.12244963
2412,-0.13113214
2413,-2.5618336
2414,0.14865053
2415,0.18981318
2416,0.2640576
2417,0.53418183
2418,-0.107182615
2419,0.20667426
2420,0.15585375
2421,0.3983892
2422,0.30935517
2423,0.21852733
2424,0.51681566
2425,0.22240746
2426,-0.04129406
2427,0.46078175
2428,0.19381662
2429,0.27688873
2430,0.37864137
2431,0.071251765
2432,0.36376294
2433,0.40135136
2434,-0.13985093
2435,-0.4579094
2436,0.36302552
2437,0.20785853
2438,0.3221254
2439,0.48480466
2440,0.20111737
2441,0.29178628
2442,0.27183178
2443,0.1883996
2444,0.08729905
2445,0.4283076
2446,0.35330093
2447,0.31379086
2448,-0.15285246
2449,0.44281277
2450,0.35063288
2451,0.18801169
2452,0.22297062
2453,0.32600394
2454,0.202605
2455,0.16278592
2456,0.28085294
2457,0.36272234
2458,0.18823342
2459,0.38465652
2460,0.053962607
2461,0.18823342
2462,-0.024031598
2463,0.0027559355
2464,-0.15105844
2465,0.27846074
2466,0.5076671
2467,-0.26153615
2468,0.31379086
2469,0.36451703
2470,0.26418772
2471,0.42834064
2472,0.36040547
2473,0.31905347
2474,0.31379086
2475,0.36040547
2476,0.15119787
2477,0.31113002
2478,0.39677933
2479,0.3425991
2480,0.33500025
2481,0.36040547
2482,-0.15269068
2483,0.39954805
2484,0.2688256
2485,0.018852662
2486,0.26731762
2487,0.36040547
2488,0.38155589
2489,-0.030272089
2490,0.36040547
2491,0.152799
2492,0.26899508
2493,0.31362787
2494,0.46466526
2495,-0.09707088
2496,0.26731762
2497,0.22684966
2498,-0.15390521
2499,0.32449234
2500,0.21483599
2501,0.117381014
2502,0.17980061
2503,0.1866213
2504,0.2688256
2505,0.27337068
2506,0.5872609
2507,0.28975767
2508,-0.08353409
2509,0.37793133
2510,0.17982082
2511,0.46836224
2512,0.2306212
2513,0.41721603
2514,0.2608053
2515,0.64436466
2516,0.61926675
2517,0.11183297
2518,-0.041211504
2519,0.42315182
2520,0.2306212
2521,-0.04940816
2522,0.42315182
2523,0.24912198
2524,-0.7900339
2525,-0.65628266
2526,0.37895358
2527,0.46002463
2528,0.34338337
2529,0.2107947
2530,0.013118392
2531,0.053270135
2532,-0.002579654
2533,0.2862857
2534,-0.31764656
2535,0.14607403
2536,0.15629071
2537,0.18905038
2538,-0.045337953
2539,0.36586455
2540,0.36791548
2541,0.16731924
2542,-0.112402685
2543,-0.4178044
2544,0.26671258
2545,0.27132213
2546,-0.06518589
2547,0.36586455
2548,0.26671258
2549,0.16731924
2550,-1.1688977
2551,0.4032768
2552,0.6387963
2553,0.20601061
2554,-0.035485882
2555,0.4768278
2556,0.40183854
2557,0.063758545
2558,-0.16913469
2559,0.2931082
2560,0.14390622
2561,0.08349847
2562,-0.0010066687
2563,0.2931082
2564,0.20461278
2565,0.28358707
2566,0.21133742
2567,0.6900427
2568,0.4888468
2569,0.16442658
2570,-0.7038916
2571,0.26862457
2572,0.037689302
2573,0.6951223
2574,0.05809269
2575,0.20299967
2576,0.114506595
2577,0.020751286
2578,0.20398551
2579,-0.3016192
2580,0.0577829
2581,-0.5011513
2582,0.21483599
2583,0.020751286
2584,0.09674943
2585,0.34705195
2586,0.10733883
2587,-0.103026286
2588,0.3059461
2589,0.90226686
2590,0.0705972
2591,-0.056492634
2592,0.16307877
2593,-0.56127274
2594,0.10523307
2595,0.2462176
2596,-0.11774715
2597,-5.283131
2598,0.037248954
2599,0.1579188
2600,0.056392793
2601,0.45127493
2602,0.11087104
2603,0.38599342
2604,0.05087627
2605,0.30035007
2606,0.40854755
2607,0.22641799
2608,0.3439133
2609,0.3765537
2610,0.17365551
2611,0.07334067
2612,0.011770705
2613,0.38288924
2614,0.096636355
2615,0.11676043
2616,0.34554935
2617,0.013779404
2618,0.15184675
2619,0.07590616
2620,0.41223282
2621,0.49124297
2622,0.59025204
2623,0.42115742
2624,0.6922407
2625,0.4795934
2626,0.028375853
2627,0.2953606
2628,-0.10509714
2629,0.1978895
2630,-0.09122404
2631,-0.17044826
2632,0.26671258
2633,0.29767758
2634,0.042818345
2635,-0.3010583
2636,0.27745566
2637,0.0665078
2638,-0.029114641
2639,0.26610368
2640,0.36692834
2641,-0.047628213
2642,0.47018218
2643,-0.059711866
2644,0.20837146
2645,0.17210062
2646,0.32781678
2647,0.37954026
2648,0.26671258
2649,0.48829105
2650,0.2900754
2651,0.3996501
2652,0.4438383
2653,0.27558157
2654,0.46631524
2655,0.3091435
2656,0.3920177
2657,0.41266724
2658,0.49732614
2659,0.37014112
2660,0.09439974
2661,0.2975947
2662,-0.55741656
2663,-2.624786
2664,0.26862457
2665,-0.17166446
2666,0.42658156
2667,0.26862457
2668,0.07336452
2669,0.4056504
2670,0.29982635
2671,-0.0061250376
2672,0.5116158
2673,-0.4539021
2674,0.056309182
2675,0.31518495
2676,0.3063156
2677,0.20143907
2678,0.68069845
2679,0.30154598
2680,0.3219307
2681,0.3910022
2682,0.30154598
2683,0.0979202
2684,0.19593565
2685,0.30154598
2686,0.049065966
2687,0.38279134
2688,0.3248844
2689,0.2350118
2690,0.4874654
2691,0.07190953
2692,-0.00096379966
2693,0.4544943
2694,0.444496
2695,-0.13951263
2696,-0.11340501
2697,0.27396342
2698,0.30373308
2699,0.6656537
2700,0.4054444
2701,-0.056422364
2702,0.43589061
2703,0.40528184
2704,-0.06259423
2705,0.36606428
2706,0.25133905
2707,0.28170496
2708,0.6393792
2709,0.034626037
2710,0.16391964
2711,0.2613126
2712,-0.5877969
2713,0.020751286
2714,0.22070566
2715,0.31518495
2716,-0.14032629
2717,-0.15949984
2718,-2.0245435
2719,-0.17477034
2720,0.3921178
2721,0.24358933
2722,-0.2778308
2723,-0.2745787
2724,0.02255173
2725,0.29354095
2726,0.3545066
2727,0.14744537
2728,-0.003936434
2729,0.31182557
2730,0.36067936
2731,-0.25376117
2732,0.20096463
2733,1.0800587
2734,0.046752162
2735,0.8238005
2736,0.49351847
2737,0.38351166
2738,-0.13113214
2739,0.5322485
2740,-0.10891655
2741,0.3526679
2742,0.08295319
2743,0.4075534
2744,0.47973928
2745,0.25914806
2746,0.2990462
2747,-1.6455084
2748,0.266907
2749,0.36465067
2750,-0.24094772
2751,0.66825515
2752,-0.30541426
2753,0.32878244
2754,0.5182931
2755,-1.6691942
2756,0.41766143
2757,0.7128672
2758,0.2238217
2759,0.49033073
2760,0.49089995
2761,0.32425052
2762,-0.030040879
2763,0.47351378
2764,0.1589892
2765,0.27396342
2766,0.2640576
2767,0.9948271
2768,0.47203907
2769,0.28358707
2770,-0.21540023
2771,0.66534644
2772,0.45825985
2773,0.24580282
2774,-0.14403841
2775,-1.6392848
2776,0.45825985
2777,0.21078457
2778,0.3856492
2779,-2.1817584
2780,0.45825985
2781,0.3153667
2782,-0.034076087
2783,0.3162835
2784,0.16771448
2785,0.23020284
2786,0.18398719
2787,0.26099184
2788,-0.6012862
2789,0.36784145
2790,-0.07982081
2791,0.4197199
2792,0.101750165
2793,0.39403096
2794,-0.07982081
2795,0.4197199
2796,0.20258437
2797,-0.5561783
2798,0.068198934
2799,0.24249245
2800,-0.30671182
2801,0.3997976
2802,-0.76339334
2803,0.37886062
2804,0.2682478
2805,-10.695409
2806,0.32226118
2807,0.4197199
2808,0.070414
2809,0.08372548
2810,0.50184816
2811,0.4674845
2812,0.3665253
2813,0.43185925
2814,0.17217015
2815,0.4247145
2816,0.08349847
2817,0.41455016
2818,0.16223978
2819,0.3818421
2820,0.34475332
2821,0.24642031
2822,0.31379086
2823,0.28995076
2824,0.36159426
2825,-0.1397527
2826,0.34698302
2827,0.3277284
2828,0.30232164
2829,0.20979944
2830,0.44991097
2831,-1.3076131
2832,0.34086895
2833,-0.5096385
2834,0.25094697
2835,0.37212688
2836,0.16590396
2837,0.31378394
2838,-0.09202822
2839,0.27100006
2840,0.27389303
2841,0.43613732
2842,0.2780231
2843,0.24294104
2844,0.27389303
2845,0.36142123
2846,0.31840372
2847,0.20040986
2848,0.44948187
2849,0.10190956
2850,0.23808207
2851,0.24671161
2852,0.4549541
2853,0.37438023
2854,0.28919283
2855,0.35660365
2856,0.40761852
2857,0.30054393
2858,-3.8926823
2859,-0.49562594
2860,0.15569969
2861,0.0979202
2862,-1.6951091
2863,-0.4505114
2864,0.24313596
2865,0.7837778
2866,-0.34938085
2867,-0.31218484
2868,-1.3031089
2869,-3.96479
2870,0.103793435
2871,0.36103594
2872,-0.2354673
2873,-1.4264171
2874,-0.107182615
2875,0.17243211
2876,0.42611098
2877,-3.401836
2878,-0.24389192
2879,0.28770918
2880,0.059298772
2881,0.21856275
2882,-0.46278197
2883,0.27715737
2884,0.20472825
2885,0.7672935
2886,-2.3301013
2887,0.47824377
2888,0.3692787
2889,0.63166374
2890,0.047735568
2891,0.21017586
2892,-0.4417218
2893,0.49986508
2894,-0.32788268
2895,0.086146414
2896,0.28919283
2897,0.7375537
2898,-2.3514755
2899,0.34390083
2900,0.27920648
2901,0.12662812
2902,0.3341309
2903,0.17098264
2904,0.31328636
2905,0.070406325
2906,0.32344678
2907,0.21031727
2908,0.08474273
2909,-0.095261216
2910,0.33050254
2911,0.35529074
2912,0.2721869
2913,0.40481865
2914,0.18758489
2915,0.1397551
2916,0.034585208
2917,-0.05732611
2918,-0.1855332
2919,0.6263168
2920,-0.43360484
2921,-1.1165751
2922,0.28003624
2923,0.36142123
2924,-0.04838113
2925,0.14705722
2926,-0.1396271
2927,0.44713548
2928,0.121897414
2929,-0.016919628
2930,-0.11468361
2931,0.7347856
2932,0.16917661
2933,-0.171665
2934,-0.24880953
2935,0.6657549
2936,-0.21156
2937,0.0065964954
2938,-0.47925252
2939,0.51510537
2940,0.101727776
2941,-0.13750018
2942,0.40322068
2943,0.41557035
2944,0.2519007
2945,0.4461627
2946,-0.040367525
2947,0.2179064
2948,0.28975767
2949,0.17525554
2950,0.3221254
2951,0.28975767
2952,0.27254906
2953,0.2938382
2954,0.42596847
2955,0.20111737
2956,0.35035375
2957,0.49337858
2958,0.25728646
2959,0.51613575
2960,-0.021535825
2961,0.25728646
2962,0.5566458
2963,0.44103584
2964,0.17854907
2965,0.05027961
2966,0.32636824
2967,0.5308165
2968,-0.2315879
2969,0.45462936
2970,-0.4982564
2971,0.6133172
2972,-0.51794994
2973,-0.36039418
2974,0.63742834
2975,0.3105744
2976,0.008292757
2977,0.5560517
2978,-0.40634692
2979,0.39644954
2980,0.15820712
2981,-0.11495025
2982,0.6936891
2983,0.17982082
2984,-0.26170412
2985,0.5131931
2986,-0.038799103
2987,-0.06348897
2988,0.46508837
2989,0.11106135
2990,-0.32795703
2991,0.535061
2992,0.23601003
2993,0.30322054
2994,0.42148668
2995,0.33806413
2996,0.38124228
2997,0.37333876
2998,0.3052105
2999,0.51224935
3000,0.29334253
3001,0.17185436
3002,0.53238434
3003,0.24384068
3004,0.076865755
3005,0.7280738
3006,0.21807985
3007,0.012474374
3008,0.52022934
3009,0.3675034
3010,-0.13263582
3011,0.40511045
3012,0.15580218
3013,0.18677838
3014,0.43207586
3015,0.59532654
3016,0.066078804
3017,0.51007915
3018,0.28681925
3019,0.17982082
3020,0.16395615
3021,0.40138987
3022,0.010257143
3023,0.17208761
3024,0.2306212
3025,0.044536777
3026,0.38925287
3027,0.2052972
3028,0.3651747
3029,0.33325636
3030,0.19724365
3031,-0.111058064
3032,0.09430765
3033,-0.0634807
3034,0.28218606
3035,0.02437795
3036,0.3644022
3037,0.16622235
3038,0.25713477
3039,-0.18966968
3040,0.19862284
3041,-0.019481588
3042,0.2694406
3043,0.04926325
3044,-0.0060125003
3045,0.11524
3046,0.16395615
3047,0.1868548
3048,-0.24416763
3049,0.2425672
3050,-1.6873553
3051,0.0884464
3052,0.048995912
3053,0.21950221
3054,0.35774463
3055,0.20113967
3056,-0.07410589
3057,0.18451059
3058,0.16810608
3059,0.26489353
3060,0.062360544
3061,0.14043818
3062,0.25728646
3063,0.2904073
3064,-0.10042048
3065,0.46825477
3066,-0.053426214
3067,0.005196347
3068,-0.112519085
3069,-0.59956837
3070,0.25713477
3071,0.38824162
3072,0.3767672
3073,0.16475257
3074,0.35393965
3075,0.16644068
3076,-0.14799589
3077,0.24766062
3078,0.26671258
3079,0.16644068
3080,-0.007841812
3081,0.3129855
3082,0.51868606
3083,-0.1964147
3084,0.008919921
3085,0.27183178
3086,0.15305477
3087,0.13734156
3088,0.063745014
3089,0.3129855
3090,0.20461278
3091,0.16731924
3092,-0.051351953
3093,0.3397399
3094,0.14241646
3095,0.11494098
3096,0.22022255
3097,0.063758545
3098,-0.2579881
3099,0.2931082
3100,0.20461278
3101,0.17567323
3102,-0.112402685
3103,0.007829948
3104,0.15305477
3105,0.165152
3106,-0.092340074
3107,0.37021527
3108,0.25392157
3109,0.17124662
3110,-0.41894665
3111,0.067939155
3112,0.26671258
3113,-0.08495813
3114,0.35393965
3115,0.38324723
3116,0.16325799
3117,0.47718605
3118,-0.70827395
3119,-0.047628213
3120,0.5021427
3121,0.24433456
3122,0.47597903
3123,0.17567323
3124,-0.092340074
3125,-0.12422657
3126,0.36646354
3127,0.3663662
3128,-0.035485882
3129,0.34021786
3130,0.36646354
3131,0.4634157
3132,-0.007841812
3133,0.42596847
3134,-2.4335628
3135,0.5512477
3136,-0.090476
3137,0.28895962
3138,0.40183854
3139,0.0705972
3140,0.2929492
3141,0.36606428
3142,0.0705972
3143,-0.042948056
3144,0.4734767
3145,0.49732614
3146,0.40316832
3147,0.26671258
3148,0.17567323
3149,0.073968515
3150,0.22501433
3151,0.27745566
3152,0.17185436
3153,0.5021427
3154,0.3935976
3155,0.063758545
3156,0.11089215
3157,0.43831912
3158,0.48148417
3159,-0.1714417
3160,0.33968195
3161,0.5753548
3162,0.15428063
3163,0.49728137
3164,0.08207144
3165,0.2623315
3166,0.014959199
3167,0.26604578
3168,-0.045557216
3169,0.29767036
3170,-0.14070508
3171,0.39864606
3172,0.39322063
3173,0.3680295
3174,0.073968515
3175,-0.05805894
3176,-0.046912618
3177,-0.694681
3178,-0.10928553
3179,0.063758545
3180,-0.47023085
3181,0.2222636
3182,-0.3967361
3183,-0.27563623
3184,-0.21522631
3185,0.18905038
3186,0.07664461
3187,0.4393862
3188,-0.25288135
3189,0.19763578
3190,0.1745636
3191,0.09905554
3192,0.13169388
3193,-0.015447983
3194,0.306132
3195,0.12903568
3196,0.14917912
3197,0.05757135
3198,0.550974
3199,0.13074636
3200,0.08886697
3201,0.41392812
3202,0.020751286
3203,0.24690008
3204,0.18311752
3205,0.36142123
3206,0.020751286
3207,0.43207586
3208,0.27172455
3209,0.33604103
3210,0.09149125
3211,-0.0664953
3212,0.36142123
3213,0.12947708
3214,-0.24312219
3215,-0.021602798
3216,0.3207687
3217,0.09905554
3218,0.23510997
3219,-0.000424203
3220,0.1397551
3221,0.12903568
3222,0.23510997
3223,0.53419685
3224,0.3765537
3225,0.4406591
3226,-0.23511066
3227,-0.028190438
3228,0.2705626
3229,0.10694409
3230,0.593593
3231,-0.34402773
3232,-0.16778576
3233,-0.50104284
3234,0.18875244
3235,0.13074636
3236,0.21858485
3237,-0.17658032
3238,-0.118563786
3239,-0.0812522
3240,0.4294142
3241,-0.43702528
3242,0.00050005096
3243,0.09208368
3244,0.3610899
3245,-0.040971052
3246,0.009540614
3247,0.17365551
3248,0.25209537
3249,0.16820548
3250,-5.9588675
3251,-0.40736786
3252,-0.46674153
3253,0.09905554
3254,0.06538282
3255,0.29845393
3256,-0.0933304
3257,0.2187283
3258,0.30084857
3259,0.4728289
3260,0.37161964
3261,0.117644556
3262,0.20572433
3263,0.2564261
3264,0.36142123
3265,0.013779404
3266,0.2424642
3267,0.5742708
3268,0.24169235
3269,0.14755078
3270,0.13884464
3271,0.2900754
3272,0.3390595
3273,0.36405155
3274,0.17185436
3275,0.51007915
3276,0.28975767
3277,0.2811762
3278,-0.009906493
3279,0.5215067
3280,0.28975767
3281,0.44902328
3282,0.17185436
3283,0.51007915
3284,0.28975767
3285,0.41223282
3286,0.29391876
3287,0.52022934
3288,0.3872539
3289,0.20832595
3290,0.036329325
3291,0.5021427
3292,0.2564261
3293,0.4014269
3294,0.06705132
3295,0.51007915
3296,0.28681925
3297,0.32793662
3298,0.17185436
3299,0.46631524
3300,0.40316832
3301,0.55301756
3302,0.16407155
3303,0.51007915
3304,0.18264408
3305,0.17185436
3306,0.43207586
3307,0.45600542
3308,0.35623246
3309,0.093093336
3310,0.5457886
3311,0.4603769
3312,0.24132262
3313,0.20642772
3314,0.54119253
3315,0.37683532
3316,-0.069746844
3317,0.16967279
3318,0.63704467
3319,0.23461346
3320,-0.87252265
3321,0.2424642
3322,0.63704467
3323,0.010469966
3324,0.16528991
3325,0.4359111
3326,0.36399317
3327,0.22078165
3328,0.49732614
3329,0.37556878
3330,0.4140065
3331,0.18677838
3332,0.51007915
3333,0.5083137
3334,0.49113166
3335,0.10035483
3336,0.36784145
3337,0.37587863
3338,0.4140065
3339,0.051198218
3340,0.76586723
3341,0.39973968
3342,0.325543
3343,0.2623315
3344,-0.8723523
3345,0.09310344
3346,0.26862457
3347,-0.8398696
3348,-0.35391676
3349,0.4824348
3350,-0.17807887
3351,0.37004796
3352,0.2822007
3353,-0.030027486
3354,-0.5660677
3355,0.32938537
3356,0.18362091
3357,0.060917623
3358,0.2623315
3359,-0.7038916
3360,0.42115742
3361,0.2623315
3362,0.0015413282
3363,0.37435776
3364,0.24044794
3365,-0.07410589
3366,0.43307176
3367,0.32938537
3368,-0.14070508
3369,0.2998863
3370,0.3560768
3371,0.14485405
3372,0.20020443
3373,0.34880608
3374,0.24044794
3375,0.060148455
3376,0.313211
3377,0.008353063
3378,0.34810147
3379,0.2350118
3380,0.07093244
3381,0.012391408
3382,0.6100269
3383,0.31124666
3384,0.07140532
3385,0.1573545
3386,0.2492928
3387,0.12388255
3388,-0.20726474
3389,1.0416052
3390,0.36627793
3391,0.32627302
3392,0.4059042
3393,0.17560215
3394,0.42631814
3395,-0.8507501
3396,-0.123692274
3397,0.3879201
3398,-1.6604537
3399,0.26835564
3400,0.6270727
3401,0.2623315
3402,-1.0072027
3403,0.0841834
3404,0.50604194
3405,0.34471816
3406,0.32566127
3407,0.26297915
3408,0.44364595
3409,0.28423262
3410,0.22875996
3411,1.042997
3412,0.61139745
3413,-1.1001421
3414,-0.5496346
3415,-0.027441703
3416,0.28170496
3417,0.35091963
3418,0.16395615
3419,-0.0054128096
3420,0.08223178
3421,0.50866884
3422,0.049065966
3423,-2.3887627
3424,0.22313781
3425,0.044094674
3426,0.41669396
3427,0.5711156
3428,0.5769212
3429,0.17555578
3430,0.43567178
3431,0.43291846
3432,0.35407206
3433,0.4591032
3434,0.16058181
3435,-0.51073974
3436,0.3467875
3437,0.18212156
3438,0.45908985
3439,-0.23048335
3440,0.50253177
3441,-1.1133573
3442,0.4219344
3443,-0.04395874
3444,-0.048657164
3445,0.0050006793
3446,-0.25473115
3447,0.07307237
3448,0.3744217
3449,0.35774463
3450,0.43343315
3451,0.34501725
3452,0.26052734
3453,0.034385886
3454,-2.1857188
3455,0.04926281
3456,0.35325918
3457,0.1547458
3458,0.76467556
3459,0.23422575
3460,0.8881893
3461,0.05466725
3462,0.29093847
3463,0.31581986
3464,0.28358707
3465,-0.21540023
3466,-2.8801253
3467,0.4855027
3468,0.50866884
3469,0.20899154
3470,0.4080946
3471,0.45825985
3472,0.3076764
3473,0.2350118
3474,-0.030006431
3475,0.42168805
3476,-0.44462326
3477,0.4080946
3478,0.45825985
3479,0.17271341
3480,-0.18423608
3481,-2.07042
3482,0.20464116
3483,0.3560768
3484,-0.13256353
3485,-1.7118931
3486,0.28772554
3487,0.38751635
3488,0.007323857
3489,0.89602405
3490,0.30323237
3491,0.37528652
3492,0.094697006
3493,-2.3634212
3494,-2.0170307
3495,0.3271789
3496,0.09966067
3497,0.5091252
3498,0.40400738
3499,-0.18732324
3500,-2.1817584
3501,-0.67474264
3502,0.28358707
3503,0.44738722
3504,0.47351378
3505,0.010242207
3506,0.28358707
3507,0.04902281
3508,0.27291307
3509,-14.114942
3510,0.11660882
3511,-0.07987979
3512,1.3721471
3513,0.47845432
3514,0.28928205
3515,-0.12819788
3516,-2.403136
3517,0.23422575
3518,0.26028767
3519,-0.14070508
3520,0.9941713
3521,0.4855027
3522,0.26052734
3523,0.48323417
3524,1.0846938
3525,0.41989857
3526,0.24972992
3527,0.20697525
3528,0.84933645
3529,0.33424285
3530,0.36995974
3531,0.19903521
3532,0.38680628
3533,0.24425574
3534,0.40254462
3535,0.24583153
3536,-0.521356
3537,0.33328626
3538,0.2894592
3539,0.17052418
3540,-0.68330884
3541,0.23020284
3542,0.41830084
3543,0.3949773
3544,0.27183178
3545,0.042412948
3546,0.48415577
3547,-0.013383172
3548,0.5042983
3549,0.34955013
3550,-0.59936315
3551,-0.043145344
3552,0.36605227
3553,0.7632644
3554,0.0058343923
3555,0.23053606
3556,0.26671258
3557,0.28995076
3558,0.23470712
3559,0.38547868
3560,0.36791548
3561,0.6277112
3562,0.3902745
3563,0.5288509
3564,0.2199575
3565,0.22281685
3566,0.27183178
3567,0.27745566
3568,0.48193526
3569,0.3767438
3570,0.34999987
3571,0.042412948
3572,0.40628403
3573,0.22979254
3574,0.5593623
3575,0.49761498
3576,0.29937366
3577,0.20182411
3578,0.5741312
3579,0.34955013
3580,0.2306212
3581,0.22281685
3582,0.271721
3583,0.17008783
3584,0.19190903
3585,0.27183178
3586,-11.060581
3587,0.11651177
3588,0.61543524
3589,0.47074866
3590,-0.62739307
3591,0.25864413
3592,0.22281685
3593,0.4021759
3594,-0.46726948
3595,0.39890477
3596,-1.117235
3597,-0.030652756
3598,-0.32073814
3599,0.41073865
3600,0.39422724
3601,0.3447759
3602,0.38288924
3603,0.28807926
3604,0.29595953
3605,-0.007005226
3606,0.17097227
3607,0.22281685
3608,0.27389303
3609,-16.963524
3610,0.2216392
3611,0.20040986
3612,0.22384733
3613,-0.9556778
3614,0.18271069
3615,0.43933764
3616,0.25032824
3617,-0.24490725
3618,0.19724365
3619,-0.42535412
3620,-1.8636646
3621,-0.34938085
3622,0.13236691
3623,0.20832968
3624,0.5009706
3625,-0.24389192
3626,0.1462808
3627,0.094697006
3628,0.88131166
3629,-0.10950674
3630,0.67490286
3631,-0.47411627
3632,0.7375537
3633,-0.4651155
3634,0.19724365
3635,0.29872438
3636,0.4308519
3637,0.20003302
3638,0.17982082
3639,0.14758815
3640,0.6694576
3641,-2.0638075
3642,0.3880378
3643,0.88131166
3644,-2.5143874
3645,0.3219307
3646,1.0394884
3647,-1.3568823
3648,0.2708731
3649,0.20453767
3650,-0.006757157
3651,0.24313596
3652,0.5484764
3653,-1.0442842
3654,0.41652018
3655,-0.9371386
3656,-1.8276051
3657,-0.11627013
3658,0.32198465
3659,0.045201097
3660,0.7672935
3661,-0.7360157
3662,-0.5635694
3663,0.22852975
3664,1.1631169
3665,-0.7848065
3666,0.13062648
3667,-0.24124879
3668,0.6389806
3669,-2.6758916
3670,0.2389399
3671,-0.24669322
3672,-0.13746084
3673,-1.3211296
3674,0.1898304
3675,0.2805293
3676,-1.6951091
3677,-1.4611143
3678,0.27715737
3679,-0.4432374
3680,1.1631169
3681,0.00070340885
3682,-2.2028816
3683,0.2590579
3684,0.43679714
3685,-1.6903865
3686,-2.1833797
3687,0.2306212
3688,0.2640576
3689,0.88131166
3690,-0.107182615
3691,0.052374855
3692,0.3508536
3693,0.39461663
3694,0.5039059
3695,-0.09097628
3696,0.36605227
3697,-0.032662556
3698,0.48752975
3699,0.3447759
3700,0.24512477
3701,0.39684662
3702,0.62534344
3703,0.3603028
3704,0.35922232
3705,-0.10984144
3706,0.40316832
3707,0.5335752
3708,0.2706293
3709,0.20043363
3710,0.3785201
3711,0.3390595
3712,0.3383225
3713,0.3221254
3714,0.41988072
3715,0.31375834
3716,0.08995229
3717,0.27590126
3718,0.30848697
3719,0.34320778
3720,0.18282422
3721,-0.015447983
3722,0.52085924
3723,0.32910383
3724,-0.017230013
3725,0.5279754
3726,0.35463127
3727,0.24098419
3728,-0.09636624
3729,0.062683485
3730,0.46953377
3731,-0.3861191
3732,0.42016217
3733,-0.62857646
3734,0.2815545
3735,0.21008661
3736,0.3466745
3737,-0.3555071
3738,0.26517835
3739,-3.6827538
3740,0.1866213
3741,-0.53923386
3742,0.22084366
3743,-0.10513813
3744,-0.72215986
3745,-0.6529443
3746,-0.7779497
3747,0.42016217
3748,0.19489391
3749,0.31790245
3750,0.5148242
3751,0.11561256
3752,-0.2258615
3753,-0.030272089
3754,0.46026343
3755,0.5543716
3756,0.22294796
3757,0.40322068
3758,0.2378496
3759,0.17235233
3760,-0.048779212
3761,0.10104428
3762,0.33688623
3763,0.11765327
3764,0.155769
3765,0.26887086
3766,0.5221451
3767,-0.15929727
3768,0.32880673
3769,0.5926168
3770,0.32798278
3771,0.23325841
3772,0.22852188
3773,0.010257143
3774,0.37793133
3775,0.16475257
3776,0.589089
3777,0.3003847
3778,0.29323155
3779,0.3646415
3780,0.33716252
3781,0.13236691
3782,0.025934253
3783,0.4082089
3784,0.08117837
3785,-0.5302049
3786,0.5471511
3787,0.2614902
3788,-0.20303649
3789,0.16686639
3790,0.3960495
3791,0.26488227
3792,0.3757146
3793,0.17661309
3794,-0.035485882
3795,0.2255169
3796,0.18905038
3797,-0.24146816
3798,0.041776255
3799,0.26671258
3800,0.08349847
3801,0.15711802
3802,0.017039657
3803,0.197402
3804,-3.0835688
3805,0.28704837
3806,-0.24984936
3807,0.2868643
3808,0.036352824
3809,-0.07724987
3810,0.08474273
3811,0.18905038
3812,-0.25801513
3813,-0.031083386
3814,0.36809215
3815,0.18905038
3816,-0.19571489
3817,0.24766062
3818,0.51868606
3819,0.41542798
3820,0.073968515
3821,0.26073372
3822,0.20461278
3823,0.18905038
3824,-0.112402685
3825,0.36586455
3826,-0.93467057
3827,0.38651383
3828,0.4511962
3829,0.80682606
3830,0.37778857
3831,0.4152142
3832,0.07495676
3833,0.47077933
3834,0.10118291
3835,0.5376188
3836,-0.24176303
3837,-0.82069767
3838,0.05859782
3839,0.20237271
3840,0.15640938
3841,-0.021236364
3842,-0.010280105
3843,-0.0013099327
3844,0.06683023
3845,0.22297062
3846,0.06713426
3847,-0.2545438
3848,0.23731369
3849,0.15630256
3850,0.15640938
3851,0.10322303
3852,0.049233563
3853,-0.2635642
3854,0.16917661
3855,0.1682314
3856,0.2710815
3857,-5.944839
3858,0.09354803
3859,0.26761395
3860,-0.06355165
3861,0.21469647
3862,0.009834317
3863,0.2373058
3864,-0.042001795
3865,-0.07975043
3866,0.08037054
3867,0.10256348
3868,-0.1316177
3869,0.08625767
3870,-0.18019617
3871,0.08059633
3872,-0.035734292
3873,-2.3937714
3874,0.09208368
3875,-0.22239162
3876,0.48749435
3877,0.1352024
3878,-3.2612746
3879,0.59025204
3880,0.48156682
3881,-0.28312594
3882,0.12628895
3883,-0.2114906
3884,-0.021596078
3885,0.26671258
3886,0.08349847
3887,-0.022671726
3888,0.24766062
3889,0.36791548
3890,0.40369812
3891,-0.86420304
3892,-0.44269422
3893,0.20837146
3894,0.1969355
3895,-0.12072513
3896,-0.12906171
3897,-1.9428197
3898,0.18677838
3899,0.32449234
3900,0.36040547
3901,-0.57620645
3902,0.027635766
3903,0.49732614
3904,0.40316832
3905,0.117419206
3906,-0.12644464
3907,0.5215067
3908,0.42115742
3909,0.17717178
3910,0.19543609
3911,0.36548343
3912,0.41905072
3913,0.36405155
3914,0.17891237
3915,0.45785248
3916,0.0031323973
3917,0.26671258
3918,0.3722228
3919,-0.0739276
3920,0.3489629
3921,-0.14758377
3922,0.2326008
3923,0.82026494
3924,-0.040957864
3925,0.5833105
3926,0.20121504
3927,0.023462243
3928,-1.0842057
3929,0.34058458
3930,-0.9937002
3931,-0.14871159
3932,0.35429356
3933,0.22202061
3934,0.35595855
3935,0.3248844
3936,-0.37825063
3937,-2.0372849
3938,0.29767036
3939,0.26784432
3940,-0.92527467
3941,0.2948425
3942,0.49451327
3943,0.5123507
3944,0.2623315
3945,0.5531855
3946,0.6054793
3947,0.37755457
3948,-0.14070508
3949,0.22877216
3950,0.32132164
3951,0.0041984054
3952,0.60330725
3953,0.24482433
3954,-1.27709
3955,0.26530954
3956,0.22313781
3957,-1.9327451
3958,0.091138326
3959,0.04462266
3960,0.068318866
3961,0.22501433
3962,0.055100963
3963,0.3343243
3964,-0.0016812463
3965,-0.49280378
3966,0.31801042
3967,0.09430589
3968,-0.025113404
3969,0.057275955
3970,-0.05594478
3971,-0.20820428
3972,-0.112204336
3973,-0.32708907
3974,0.034585208
3975,0.18934205
3976,0.32938537
3977,0.29088306
3978,1.1740285
3979,0.5557591
3980,0.5049998
3981,0.22805555
3982,0.46209598
3983,0.41989857
3984,0.42008305
3985,0.15761267
3986,0.23503795
3987,0.5326494
3988,1.0208119
3989,0.20520116
3990,0.28358707
3991,0.17960413
3992,-2.039534
3993,-1.0128616
3994,0.43932852
3995,-0.24924569
3996,0.65445095
3997,0.44669423
3998,0.02110248
3999,0.5692878
4000,-1.9059529
4001,0.34005773
4002,0.35733804
4003,0.29626063
4004,-2.2074056
4005,0.094014466
4006,0.32425052
4007,0.21360841
4008,0.62893116
4009,0.1589892
4010,0.260837
4011,-0.66066235
4012,0.21078457
4013,-0.4429229
4014,0.17401524
4015,0.43933958
4016,0.29313773
4017,0.08521581
4018,0.3731747
4019,0.45825985
4020,0.2815545
4021,-0.18305567
4022,0.101998486
4023,0.40243334
4024,0.06207851
4025,0.42939004
4026,-0.13692956
4027,0.23482254
4028,0.15428063
4029,-0.051236898
4030,-0.010321185
4031,-0.14339338
4032,0.5939142
4033,0.27060062
4034,0.3550604
4035,0.14995186
4036,0.2314574
4037,-0.0054483195
4038,0.26607436
4039,0.0029572165
4040,-0.35600206
4041,0.01729278
4042,0.4197199
4043,0.101750165
4044,0.19336973
4045,-0.5541731
4046,0.4197199
4047,0.0029572165
4048,-0.9326313
4049,0.2565189
4050,0.13915443
4051,0.65209794
4052,-0.021386236
4053,0.41883042
4054,0.27433372
4055,0.32206944
4056,0.013290381
4057,0.4217476
4058,0.20215087
4059,-0.061167322
4060,0.37653717
4061,-0.7834199
4062,0.31802693
4063,0.20979944
4064,0.3973769
4065,0.11350223
4066,0.05809269
4067,-1.1298922
4068,0.29190147
4069,-0.2618276
4070,0.45666602
4071,0.16451475
4072,0.306952
4073,0.20977692
4074,0.15578385
4075,0.172114
4076,0.37277782
4077,0.5804388
4078,1.2092216
4079,0.20040986
4080,0.44103584
4081,-0.13407277
4082,0.08424221
4083,0.25757688
4084,0.4723259
4085,-0.11768194
4086,0.38354447
4087,-0.107182615
4088,0.25300753
4089,0.16847311
4090,-2.8226445
4091,-0.62348044
4092,0.34501725
4093,0.046570785
4094,0.26908937
4095,-0.29447058
4096,-3.1905293
4097,-0.22397922
4098,-0.90240467
4099,-0.90299344
4100,1.1631169
4101,-0.84316504
4102,-3.0167398
4103,-0.55362195
4104,-1.4264171
4105,-2.6916728
4106,0.18467587
4107,-0.49079925
4108,-1.4264171
4109,-0.5283347
4110,0.31701598
4111,0.02458382
4112,-1.4264171
4113,-0.43737417
4114,0.39864606
4115,-0.38356942
4116,0.75963944
4117,-0.297912
4118,0.28770918
4119,-0.20380111
4120,1.193458
4121,-0.564527
4122,0.116698034
4123,-0.1347932
4124,-1.4264171
4125,0.16331348
4126,-0.08416703
4127,0.20143907
4128,-1.4264171
4129,-2.634481
4130,-0.08927999
4131,-0.28308246
4132,0.09004237
4133,0.33490366
4134,1.5938858
4135,0.5165404
4136,0.26050693
4137,-0.3859019
4138,0.3806751
4139,-0.07037409
4140,0.09508664
4141,0.50809467
4142,0.36791548
4143,0.46162775
4144,0.16109306
4145,-0.94167507
4146,0.34257331
4147,0.14417064
4148,0.38308182
4149,0.70604634
4150,0.3207687
4151,-0.73622346
4152,0.65804726
4153,-0.22483449
4154,0.2958274
4155,-0.38483447
4156,0.32006836
4157,0.0024867125
4158,0.26731762
4159,-1.1252425
4160,0.47969615
4161,0.43015596
4162,0.32087207
4163,0.35463127
4164,0.0427383
4165,0.30930194
4166,0.44086322
4167,0.13993566
4168,-0.13191618
4169,0.51681566
4170,0.3113974
4171,0.29304868
4172,0.37864137
4173,0.2938382
4174,0.53765595
4175,0.33915547
4176,-0.0687621
4177,0.36606428
4178,0.09135313
4179,0.4955272
4180,0.15491395
4181,-0.093734704
4182,0.30562845
4183,0.5163178
4184,0.32664195
4185,0.21122041
4186,0.39863646
4187,0.4549541
4188,-0.24932487
4189,-0.4982564
4190,0.5288509
4191,0.352016
4192,0.116207324
4193,0.5288509
4194,-0.24073443
4195,-0.07411954
4196,0.0034666513
4197,-0.17047077
4198,0.4021759
4199,-0.041170686
4200,-0.25530133
4201,-0.9366123
4202,-0.31441182
4203,0.3507481
4204,0.13203335
4205,-0.24120687
4206,-0.025375497
4207,-0.30184785
4208,0.45965677
4209,0.32977593
4210,0.3443008
4211,0.40934348
4212,0.0705972
4213,0.46631524
4214,0.48886836
4215,0.29408798
4216,0.5494201
4217,0.3825845
4218,-0.8849153
4219,0.59025204
4220,0.26288238
4221,0.40359738
4222,0.4747345
4223,-0.0016812463
4224,0.7973678
4225,-0.09484658
4226,0.13203335
4227,0.5515566
4228,0.266644
4229,0.36650482
4230,0.7280738
4231,0.082198925
4232,0.06549376
4233,-0.14278854
4234,-0.122202694
4235,0.30257028
4236,-0.23719488
4237,0.32182097
4238,0.1790273
4239,0.2694406
4240,0.1977392
4241,0.17261378
4242,0.19724365
4243,0.24650092
4244,0.15070097
4245,0.15619917
4246,0.08038692
4247,0.15619917
4248,-0.5670735
4249,-0.26821017
4250,0.33524948
4251,-0.15642567
4252,0.23601003
4253,-0.5201315
4254,0.16395615
4255,0.2306212
4256,-0.020974234
4257,0.25677076
4258,0.0213124
4259,0.47456613
4260,-0.072157405
4261,0.052420836
4262,-0.16802254
4263,0.12962775
4264,0.101998486
4265,0.2879302
4266,0.5683178
4267,0.044536777
4268,0.19724365
4269,0.010257143
4270,0.14840372
4271,0.19724365
4272,0.1488879
4273,0.21122041
4274,0.15079431
4275,-0.66358304
4276,-0.24582517
4277,0.1667769
4278,-0.104920454
4279,0.11651177
4280,0.3718951
4281,0.26246935
4282,0.43789896
4283,0.46523198
4284,0.17982082
4285,0.4837853
4286,0.17661309
4287,-0.007841812
4288,0.40833658
4289,0.17377163
4290,0.27490997
4291,-0.2579881
4292,0.44302103
4293,0.3806751
4294,0.3011389
4295,-0.051351953
4296,0.23461346
4297,0.26671258
4298,0.165152
4299,-0.051351953
4300,0.30035472
4301,0.26671258
4302,0.18905038
4303,-0.092340074
4304,0.42315182
4305,0.24451888
4306,0.3050784
4307,-0.112402685
4308,0.23659104
4309,0.20461278
4310,0.08349847
4311,-0.051351953
4312,0.34999987
4313,0.070022374
4314,0.1506038
4315,-0.06518589
4316,0.36586455
4317,0.23630254
4318,0.16777396
4319,-0.012382606
4320,0.22522745
4321,0.29893368
4322,0.09836954
4323,0.7280738
4324,-0.12048304
4325,0.3765537
4326,0.70490295
4327,0.45517594
4328,0.36109033
4329,-0.28912783
4330,-0.6903876
4331,0.59329516
4332,-0.70861584
4333,-3.5532124
4334,0.3408126
4335,-0.08775169
4336,0.16677788
4337,0.0860215
4338,0.13375297
4339,0.2412837
4340,0.0069277477
4341,0.36451703
4342,0.06713426
4343,0.24409916
4344,0.22156648
4345,0.013779404
4346,0.165152
4347,0.43343726
4348,0.39365694
4349,0.17567323
4350,0.46173707
4351,-0.2415743
4352,0.3248844
4353,0.16156113
4354,0.36078632
4355,0.34700158
4356,0.14468648
4357,0.69586104
4358,-0.88972086
4359,0.6951223
4360,0.23912449
4361,0.0072927414
4362,0.6225168
4363,0.121881224
4364,-0.7013753
4365,0.38001058
4366,0.14516427
4367,-0.092340074
4368,0.30584016
4369,0.17466623
4370,-1.4485853
4371,-1.0094714
4372,-0.23745225
4373,0.19612826
4374,0.24974929
4375,0.15640938
4376,-0.18274297
4377,0.48170617
4378,0.4891296
4379,0.31225666
4380,0.03635492
4381,0.41721603
4382,0.3207687
4383,0.12903568
4384,0.06538282
4385,0.13433446
4386,0.3125332
4387,-0.0013099327
4388,-0.27918735
4389,0.092252396
4390,0.3781429
4391,0.13074636
4392,-0.049534176
4393,-0.021386236
4394,0.4749791
4395,0.09208368
4396,-0.04489295
4397,-0.12531751
4398,0.29834017
4399,0.10733883
4400,-0.013814876
4401,0.35825333
4402,0.3207687
4403,0.3139156
4404,0.23510997
4405,0.11658616
4406,-0.3441638
4407,-1.7955627
4408,0.31225666
4409,0.15096204
4410,0.013779404
4411,0.40764394
4412,-0.13163213
4413,0.4554499
4414,-0.15684615
4415,0.2885244
4416,-1.2807183
4417,0.20008072
4418,-0.17658032
4419,-5.3928967
4420,0.020751286
4421,0.30084857
4422,0.013779404
4423,0.4572133
4424,-2.096348
4425,0.13074636
4426,0.15640938
4427,-0.35342193
4428,0.37567374
4429,0.56733423
4430,0.15640938
4431,-0.30546635
4432,0.24169235
4433,-14.829663
4434,0.17365551
4435,0.06538282
4436,-0.03904437
4437,-5.33944
4438,0.013290381
4439,-0.056672893
4440,-0.7528055
4441,0.0989387
4442,0.3139156
4443,0.2624387
4444,0.2266187
4445,0.36399317
4446,-0.09878723
4447,0.2424642
4448,0.46631524
4449,0.3950767
4450,0.44075775
4451,0.11183297
4452,0.4359428
4453,-0.0016812463
4454,-3.3112738
4455,0.2424642
4456,0.51007915
4457,0.3390595
4458,0.39260235
4459,0.23117243
4460,0.39322063
4461,0.115610406
4462,0.23630254
4463,0.119324215
4464,0.46631524
4465,0.45757183
4466,0.2811762
4467,0.2424642
4468,0.46631524
4469,0.20164557
4470,0.48548028
4471,0.27370605
4472,0.46631524
4473,0.2564261
4474,0.18919505
4475,0.18677838
4476,0.52022934
4477,0.37333876
4478,0.23193617
4479,0.46631524
4480,0.5247868
4481,0.44902328
4482,0.019261546
4483,0.5742708
4484,0.12960944
4485,-0.05815044
4486,0.59329516
4487,0.13625075
4488,0.23057799
4489,0.17210062
4490,0.49732614
4491,-0.16423307
4492,-0.8791214
4493,0.2865066
4494,0.13375297
4495,0.25721413
4496,0.015940426
4497,-0.21722808
4498,0.3408126
4499,0.2032302
4500,0.37542135
4501,0.21688966
4502,-0.21632375
4503,0.20671304
4504,0.8971009
4505,0.32576996
4506,0.6627774
4507,0.63091254
4508,0.19542842
4509,-0.21520686
4510,0.3248844
4511,0.14808561
4512,0.080285646
4513,0.26862457
4514,0.034626037
4515,0.18477485
4516,0.26862457
4517,-0.07047551
4518,0.14696446
4519,0.44320226
4520,-0.30580327
4521,-5.5982504
4522,0.30638462
4523,-0.057579264
4524,-1.0177056
4525,0.46173707
4526,0.050885748
4527,0.35275176
4528,0.069885656
4529,0.080527015
4530,0.40537876
4531,0.096593924
4532,0.35494193
4533,0.2623315
4534,0.26784432
4535,0.054173276
4536,-0.16091345
4537,0.2576232
4538,0.29494318
4539,0.18469143
4540,-0.016599324
4541,0.90089947
4542,-0.5427896
4543,0.13211046
4544,-0.031298652
4545,0.20377862
4546,0.4519805
4547,0.11524395
4548,0.1070697
4549,0.24665199
4550,-0.056422364
4551,0.028805263
4552,0.44605386
4553,0.4008431
4554,-0.032644697
4555,-1.5659112
4556,0.5608942
4557,0.3361729
4558,0.71331996
4559,0.30318823
4560,0.36785656
4561,-1.1608121
4562,-0.5009305
4563,-0.2896375
4564,0.34363526
4565,0.5057483
4566,0.054516215
4567,0.45687413
4568,0.6083191
4569,0.45625332
4570,-0.65632313
4571,0.2633392
4572,-3.7877028
4573,-0.109117925
4574,-0.085623465
4575,-0.34580436
4576,-0.98600864
4577,-2.3201046
4578,-0.7789176
4579,-0.10850279
4580,-0.011147916
4581,0.12218802
4582,0.3665253
4583,-0.012031544
4584,0.35445696
4585,0.23107839
4586,0.25194797
4587,0.21360841
4588,0.49337977
4589,0.10116418
4590,0.26474518
4591,-0.035967816
4592,-1.9059529
4593,0.029001188
4594,0.42168805
4595,-0.17223732
4596,-2.039534
4597,0.47203907
4598,0.37873682
4599,-0.22913268
4600,0.29093847
4601,0.29976746
4602,0.26321298
4603,0.08521581
4604,0.7222969
4605,0.029001188
4606,0.26604578
4607,-0.5508978
4608,0.49337977
4609,0.20902313
4610,0.15546398
4611,-0.55834866
4612,0.27291307
4613,0.33509156
4614,0.21078457
4615,0.30378082
4616,-1.8012246
4617,0.20464116
4618,0.39176574
4619,-0.18163781
4620,0.5967362
4621,0.3864272
4622,0.2975947
4623,-0.22341001
4624,0.07821223
4625,0.27318442
4626,0.021870416
4627,0.019929834
4628,-0.29360008
4629,0.47616103
4630,0.5597066
4631,0.56707716
4632,-0.14736967
4633,-0.5259604
4634,0.5322485
4635,0.4316256
4636,0.12433097
4637,0.4026546
4638,0.18883918
4639,0.4228422
4640,0.29626063
4641,0.3731747
4642,0.39577758
4643,0.32938537
4644,0.18822955
4645,0.4796453
4646,0.24737364
4647,0.5335752
4648,0.33557543
4649,0.4421509
4650,0.4914594
4651,0.18079232
4652,-0.2061715
4653,0.23276398
4654,0.3288523
4655,-0.37044758
4656,-0.117797226
4657,-0.27181637
4658,0.2694168
4659,0.2960786
4660,0.4777543
4661,-2.4221632
4662,0.27708483
4663,0.21345407
4664,0.4723259
4665,-0.09356285
4666,0.3815197
4667,0.22281685
4668,0.40823382
4669,0.34876058
4670,0.30870935
4671,0.28668103
4672,0.38974646
4673,0.41392812
4674,0.33743748
4675,0.22281685
4676,0.27389303
4677,0.3930782
4678,-0.25088057
4679,0.27572662
4680,0.27389303
4681,0.20059252
4682,0.3815197
4683,0.12087043
4684,0.24121052
4685,0.35893288
4686,0.38269725
4687,0.24671161
4688,0.34999987
4689,0.05492741
4690,0.40416318
4691,0.24462509
4692,0.4015575
4693,0.18470167
4694,0.2780541
4695,0.11828578
4696,0.8254103
4697,0.3255063
4698,0.14064439
4699,0.4015575
4700,-0.07486843
4701,-0.7817343
4702,0.23302051
4703,-0.39651024
4704,1.4031737
4705,0.38269725
4706,0.23589028
4707,0.49815553
4708,-5.6191015
4709,-0.39567536
4710,0.20688638
4711,0.40850535
4712,-2.8789163
4713,0.045773987
4714,0.02812767
4715,0.4283076
4716,-0.54698914
4717,-0.0906028
4718,0.09594621
4719,0.4283076
4720,-0.06944047
4721,0.15115239
4722,0.28755125
4723,0.5622678
4724,-0.18651763
4725,0.3871295
4726,0.24294104
4727,0.27389303
4728,0.26494414
4729,-0.3129175
4730,0.6080155
4731,0.3568003
4732,-0.21497472
4733,0.34880608
4734,0.480632
4735,0.4411808
4736,-2.239258
4737,-0.24673752
4738,0.17982082
4739,-0.030040879
4740,0.66140354
4741,-0.13256086
4742,0.3354275
4743,0.28919283
4744,1.0049403
4745,-0.71794105
4746,0.25721413
4747,0.2350118
4748,0.66140354
4749,-1.356969
4750,0.33406144
4751,-0.565579
4752,0.36920357
4753,-3.1196666
4754,0.13018534
4755,-0.028844727
4756,-1.4264171
4757,-0.4679807
4758,0.26723394
4759,-1.8057102
4760,-2.5157177
4761,0.36568713
4762,0.11130372
4763,-3.9644756
4764,0.2985304
4765,0.3074221
4766,0.75963944
4767,-0.13015933
4768,0.57100445
4769,-0.6749754
4770,0.3907743
4771,-12.649389
4772,0.24427539
4773,-0.14264224
4774,0.43700448
4775,0.19724365
4776,-0.6879155
4777,1.2586192
4778,0.12040462
4779,0.18996859
4780,-4.3185205
4781,0.3052105
4782,0.23912449
4783,0.4812837
4784,0.053565804
4785,0.38247597
4786,0.4283076
4787,0.21658546
4788,0.097283885
4789,0.18817504
4790,0.24708138
4791,-0.15031113
4792,0.60439104
4793,0.26559857
4794,0.30704224
4795,0.28975767
4796,-0.14449905
4797,0.24667548
4798,0.11658616
4799,0.11916708
4800,0.29733983
4801,0.2564261
4802,0.32331908
4803,0.22365035
4804,0.54749346
4805,-0.07450122
4806,-0.0009845556
4807,0.35478106
4808,-0.62860805
4809,0.05237895
4810,0.36789134
4811,0.09853591
4812,-0.27393618
4813,0.40939078
4814,-0.024163518
4815,0.21377946
4816,-0.115132846
4817,-1.025866
4818,0.28068897
4819,0.28999993
4820,-0.08793952
4821,0.16926545
4822,-0.020974234
4823,0.053962607
4824,0.35951218
4825,-0.59063405
4826,0.38677892
4827,-0.22659433
4828,0.33050254
4829,0.16042979
4830,-0.5114123
4831,0.17235233
4832,0.44790444
4833,-0.12059668
4834,0.26887086
4835,0.053236607
4836,0.15758449
4837,0.31610772
4838,0.45600542
4839,0.1145829
4840,0.18714195
4841,-0.909922
4842,0.44285163
4843,0.31172732
4844,-0.12801713
4845,-0.07883992
4846,0.36110708
4847,0.24665026
4848,-0.056928456
4849,-0.17699364
4850,0.3781148
4851,-0.17495364
4852,0.6387332
4853,0.08117837
4854,0.46669617
4855,0.2216392
4856,0.25671902
4857,-0.709858
4858,0.6102453
4859,-0.37885672
4860,0.41278577
4861,0.5446593
4862,-0.30767414
4863,0.44399157
4864,0.24216631
4865,0.43061194
4866,0.35774463
4867,0.5932509
4868,0.18905038
4869,-0.06518589
4870,0.22522745
4871,-0.0002328814
4872,0.17325649
4873,0.3560947
4874,0.09386424
4875,0.026333109
4876,0.4032768
4877,0.49162725
4878,0.16644068
4879,-0.47138363
4880,0.3990348
4881,0.44669423
4882,0.25415775
4883,-0.21074173
4884,-0.66711235
4885,0.37773785
4886,0.29660925
4887,-0.45190248
4888,0.46434152
4889,0.038079854
4890,0.18905038
4891,-0.051351953
4892,0.3494474
4893,0.51868606
4894,0.48148417
4895,-0.06518589
4896,0.22501433
4897,0.27745566
4898,0.11109596
4899,-0.10346211
4900,0.14451502
4901,0.37267253
4902,0.40452963
4903,0.09016412
4904,0.34700158
4905,-0.07047551
4906,0.46173707
4907,-0.1479979
4908,0.12903568
4909,0.13074636
4910,-0.5140207
4911,0.0042533423
4912,0.15640938
4913,0.20837082
4914,0.32097298
4915,0.013779404
4916,-0.122183256
4917,0.26292947
4918,0.391165
4919,0.0068118107
4920,0.4549541
4921,-0.08422177
4922,-0.4285807
4923,0.3254868
4924,0.46026343
4925,-14.158509
4926,0.057637844
4927,0.13066752
4928,0.12935446
4929,0.36042035
4930,0.17708392
4931,0.34944427
4932,0.36815178
4933,0.23713818
4934,-0.0013099327
4935,0.22984152
4936,-0.3996234
4937,0.19293176
4938,0.19650483
4939,0.2528884
4940,0.26554692
4941,0.36791548
4942,-0.14032629
4943,0.23510997
4944,0.041776255
4945,0.48773888
4946,0.17124662
4947,-0.24146816
4948,0.27183178
4949,-0.10669583
4950,0.30581897
4951,-0.018324751
4952,0.17779411
4953,0.23856178
4954,0.08349847
4955,-0.06518589
4956,0.46208632
4957,0.33237296
4958,0.24276404
4959,0.3840097
4960,-0.0016812463
4961,-0.43352768
4962,0.3179442
4963,-0.5622079
4964,0.18934205
4965,-0.026157126
4966,0.17185436
4967,0.46631524
4968,0.32298324
4969,0.41226476
4970,0.2424642
4971,0.72314304
4972,0.2564261
4973,0.23630254
4974,0.2613126
4975,0.12729889
4976,0.69586104
4977,-0.43230382
4978,-6.8631535
4979,0.32938537
4980,-0.5506211
4981,0.25223944
4982,0.3248844
4983,-0.26553732
4984,0.47737637
4985,0.74937403
4986,-0.6393393
4987,0.9901811
4988,0.27396342
4989,0.25224927
4990,-0.0049026995
4991,0.44320226
4992,0.3162835
4993,0.588316
4994,0.9054123
4995,0.26747558
4996,0.28311563
4997,0.32298324
4998,0.49112993
4999,0.2236592
5000,0.34546986
5001,0.26995465
5002,-0.21140583
5003,0.27161744
5004,0.36069903
5005,0.40537876
5006,0.21425433
5007,0.34700158
5008,0.0979202
5009,-0.13845173
5010,0.6951223
5011,0.40452963
5012,0.101998486
5013,-0.3425549
5014,0.29767036
5015,0.3219307
5016,0.1825807
5017,0.1310461
5018,0.14560035
5019,0.111406304
5020,0.0925323
5021,-0.30192778
5022,0.17410465
5023,-0.19331682
5024,0.20237885
5025,-0.40182066
5026,-0.052486245
5027,0.2757349
5028,0.07175943
5029,-0.2585349
5030,0.24544083
5031,0.0688426
5032,0.16825223
5033,0.15107217
5034,1.2312864
5035,-0.15659638
5036,-0.07040199
5037,0.28466985
5038,0.3731747
5039,0.50395614
5040,0.19855593
5041,0.044359643
5042,0.62497103
5043,0.28772554
5044,0.35813603
5045,0.31940988
5046,0.53729475
5047,0.47973928
5048,0.24066384
5049,-0.31351098
5050,0.53022367
5051,0.41989857
5052,0.2562345
5053,0.2238217
5054,-2.1009355
5055,0.28772554
5056,0.34900144
5057,0.007323857
5058,0.49033073
5059,0.4588287
5060,-0.1850394
5061,0.13328353
5062,0.6830287
5063,0.094014466
5064,0.15428063
5065,0.5042519
5066,0.67233247
5067,0.050229512
5068,0.7063352
5069,0.30257028
5070,0.023555368
5071,-0.009561105
5072,-0.2333292
5073,0.20258437
5074,0.4662437
5075,0.3365286
5076,0.22852975
5077,0.26589426
5078,0.45685688
5079,-0.15059717
5080,0.50949687
5081,0.115739204
5082,0.55591834
5083,0.36605227
5084,0.25077876
5085,0.6215702
5086,-0.17832349
5087,0.4392653
5088,-0.1397527
5089,0.5468662
5090,0.08743932
5091,0.3973769
5092,-0.041552298
5093,0.34698302
5094,-0.66532373
5095,0.4965482
5096,-0.5426109
5097,-0.06508542
5098,0.4889851
5099,0.20263244
5100,0.2749002
5101,0.5335161
5102,0.38075852
5103,0.4397849
5104,0.41988072
5105,0.4314186
5106,0.16641541
5107,0.17593552
5108,0.5712966
5109,0.6357938
5110,0.102075614
5111,0.3219307
5112,0.41277498
5113,0.3071159
5114,-0.2702139
5115,0.24549174
5116,0.29824588
5117,0.24926494
5118,-3.531846
5119,-0.9624802
5120,-0.69813293
5121,0.3362938
5122,0.45985192
5123,0.033625577
5124,-0.18298304
5125,0.022482045
5126,1.0867661
5127,-0.78917605
5128,1.0514728
5129,-1.1286567
5130,0.83701295
5131,-2.552387
5132,-0.033756927
5133,0.26321322
5134,0.003820421
5135,-2.7766414
5136,-2.183074
5137,0.22218984
5138,-0.0029752483
5139,-1.717004
5140,-2.183074
5141,0.2464728
5142,0.280869
5143,-2.3044426
5144,-0.41630426
5145,0.0011600555
5146,0.4367716
5147,-2.6724346
5148,0.1103917
5149,0.17158629
5150,0.1309558
5151,0.526495
5152,0.034822654
5153,0.29636037
5154,-0.10000106
5155,0.4140065
5156,0.12745401
5157,0.27846074
5158,0.35561225
5159,0.3275902
5160,0.0773572
5161,0.1866213
5162,-0.10120859
5163,0.37554884
5164,-1.0884181
5165,-0.0830418
5166,-1.0285766
5167,0.4014269
5168,-0.12993388
5169,-0.032825798
5170,0.043680113
5171,0.28603703
5172,0.15428288
5173,-0.01878022
5174,0.48203146
5175,0.45018783
5176,0.13094041
5177,0.40401536
5178,0.2099659
5179,0.30848697
5180,-0.20926064
5181,0.37585127
5182,0.38547868
5183,0.3121396
5184,0.1875253
5185,0.36606428
5186,-0.027781524
5187,0.45004955
5188,0.5322415
5189,0.17982082
5190,0.34998694
5191,0.17854907
5192,-0.026292918
5193,0.23020284
5194,0.47074866
5195,0.1863601
5196,0.004696155
5197,-1.0485691
5198,0.45517594
5199,-0.21193722
5200,-0.11634072
5201,0.5131931
5202,0.24045955
5203,0.13313076
5204,0.46673492
5205,0.21530776
5206,0.09193558
5207,0.23117243
5208,-0.17047077
5209,0.63742834
5210,0.049711555
5211,-0.38971582
5212,0.56713825
5213,0.4317444
5214,-0.4563329
5215,0.20919968
5216,-0.24908815
5217,0.45700806
5218,0.45382938
5219,0.30650952
5220,0.0705972
5221,0.46631524
5222,0.20646247
5223,0.29408798
5224,0.5515566
5225,0.36109033
5226,0.027635766
5227,0.30322054
5228,0.48156682
5229,0.3052105
5230,0.5221837
5231,0.1693856
5232,0.33645236
5233,0.45785248
5234,0.2878184
5235,0.18677838
5236,0.548834
5237,0.65238684
5238,0.17210062
5239,0.2900754
5240,0.19181943
5241,0.22254594
5242,-0.9932114
5243,0.40782353
5244,0.2424642
5245,-0.2730592
5246,0.14535749
5247,0.28995076
5248,-0.038438015
5249,0.32860595
5250,0.15619917
5251,0.24060036
5252,0.21135354
5253,-0.0060125003
5254,0.8187214
5255,0.17047456
5256,0.22574893
5257,0.3306211
5258,0.052420836
5259,0.17098187
5260,0.28985876
5261,0.3136607
5262,0.009624222
5263,0.12306434
5264,0.13844371
5265,0.14014438
5266,0.42736772
5267,0.11651177
5268,0.42639774
5269,0.19724365
5270,0.2306212
5271,0.36529216
5272,0.22218984
5273,0.17982082
5274,-0.05878615
5275,0.2815545
5276,0.22670248
5277,0.30199477
5278,0.27361855
5279,0.33781117
5280,0.0053819134
5281,0.42428672
5282,0.16644068
5283,0.073968515
5284,0.22638421
5285,0.3125332
5286,0.12361871
5287,-0.06518589
5288,0.26073372
5289,0.197402
5290,0.029455598
5291,-0.51537025
5292,0.33635366
5293,0.35375986
5294,0.41122895
5295,-0.092340074
5296,0.37021527
5297,0.20461278
5298,0.14516427
5299,-0.06518589
5300,0.23659104
5301,0.36646354
5302,0.08349847
5303,-0.007841812
5304,-0.09278024
5305,0.36791548
5306,0.2424642
5307,0.53238434
5308,0.34110928
5309,-0.37976763
5310,-2.1895027
5311,0.53238434
5312,0.6156429
5313,-0.1387397
5314,-0.14610189
5315,0.38132423
5316,0.39247644
5317,0.3765537
5318,0.2831826
5319,-0.051351953
5320,0.2350841
5321,0.3316235
5322,0.063758545
5323,0.14293525
5324,0.22156648
5325,0.29893368
5326,0.14379765
5327,0.17922044
5328,0.13626164
5329,0.3151701
5330,0.027635766
5331,0.4359111
5332,0.36672702
5333,0.4907505
5334,-0.119449966
5335,0.574863
5336,0.40316832
5337,0.2424642
5338,0.48071146
5339,-0.023797885
5340,0.27396342
5341,0.28919283
5342,0.53937715
5343,-0.032644697
5344,0.22313781
5345,0.37549785
5346,0.18213739
5347,-0.24146816
5348,0.25917065
5349,0.17566964
5350,-0.35675725
5351,0.37686092
5352,0.14516427
5353,-0.06518589
5354,-0.2977113
5355,0.23599112
5356,-0.6924893
5357,0.25473332
5358,0.07583473
5359,-0.62771547
5360,0.18159465
5361,0.034585208
5362,0.13404448
5363,0.3129855
5364,0.3125332
5365,0.020751286
5366,0.17924735
5367,0.45439366
5368,0.26671258
5369,0.034585208
5370,0.2864616
5371,0.08929811
5372,0.26671258
5373,0.12176713
5374,0.25272354
5375,0.19735716
5376,0.15640938
5377,0.16937312
5378,0.38547868
5379,0.38630405
5380,0.10523307
5381,0.33780783
5382,0.15640938
5383,0.15184675
5384,0.05522731
5385,0.5293205
5386,0.10523307
5387,0.19460607
5388,-0.105745606
5389,0.16162187
5390,-0.14157987
5391,-0.67883813
5392,0.076771624
5393,0.22069366
5394,0.40901372
5395,0.12562291
5396,0.24069728
5397,-0.1766408
5398,0.20572433
5399,0.10523307
5400,0.23510997
5401,0.21230291
5402,-0.08306549
5403,-0.0013099327
5404,0.16937312
5405,-0.6630062
5406,-0.002579654
5407,0.034822654
5408,0.28794432
5409,0.29689
5410,0.20837146
5411,-0.28262737
5412,0.21729796
5413,0.049233563
5414,0.042412948
5415,0.3139156
5416,0.29647464
5417,-0.0016812463
5418,0.59719414
5419,-0.028050177
5420,-0.047628213
5421,0.43207586
5422,0.29391876
5423,0.41883042
5424,0.28681925
5425,0.2606321
5426,0.2424642
5427,0.31379086
5428,0.31400323
5429,0.17854907
5430,0.019261546
5431,0.39954805
5432,0.18716486
5433,0.2606321
5434,0.17210062
5435,0.36548343
5436,0.41223282
5437,-0.047628213
5438,0.5221837
5439,0.43042564
5440,-1.7138231
5441,0.10329682
5442,0.49732614
5443,0.2695349
5444,0.33809015
5445,0.19003348
5446,0.39863646
5447,0.24169235
5448,0.3293013
5449,-0.5418773
5450,0.53238434
5451,0.5083137
5452,0.4140065
5453,0.19774562
5454,0.3854656
5455,0.14906316
5456,0.20513706
5457,0.33071917
5458,0.45785248
5459,0.48581648
5460,-0.31128556
5461,0.2424642
5462,0.5494201
5463,0.37683532
5464,0.41149232
5465,0.19724365
5466,0.72314304
5467,0.36672702
5468,0.2606321
5469,0.23117243
5470,0.50557685
5471,0.67460734
5472,0.3113793
5473,0.2424642
5474,0.59329516
5475,0.24433456
5476,0.18740907
5477,0.2623315
5478,0.08546026
5479,0.29864404
5480,0.24044794
5481,-0.38356942
5482,0.25378114
5483,0.30901095
5484,0.24293251
5485,0.35208708
5486,0.32132164
5487,0.07701012
5488,0.37575683
5489,0.3560768
5490,-0.2313855
5491,0.57211244
5492,0.3489629
5493,-0.032560356
5494,0.5729271
5495,0.32132164
5496,0.18489878
5497,0.032027055
5498,0.2456248
5499,0.25921974
5500,0.10176379
5501,0.2518394
5502,0.1801143
5503,-0.6155882
5504,0.24691235
5505,0.01240841
5506,0.19855593
5507,-0.7226509
5508,0.16074376
5509,0.2870985
5510,0.26533753
5511,-0.9160833
5512,0.16209154
5513,1.2397
5514,0.4653862
5515,0.10666964
5516,0.38925794
5517,0.4476608
5518,0.16442658
5519,0.22834936
5520,-0.1945645
5521,0.5724816
5522,0.09197927
5523,0.009704918
5524,0.21486266
5525,0.8068232
5526,0.4179438
5527,0.056309182
5528,-0.010280105
5529,0.47077933
5530,-0.03674269
5531,0.5433469
5532,0.52779526
5533,0.28011158
5534,0.22265625
5535,0.41887128
5536,0.4260907
5537,0.29150632
5538,-5.1063147
5539,0.4958927
5540,-0.34851065
5541,0.5859151
5542,-0.022668622
5543,-0.51273566
5544,0.38369992
5545,0.34285793
5546,0.4843398
5547,0.3831527
5548,0.2936158
5549,0.18301861
5550,-0.21226752
5551,0.44359824
5552,0.19855593
5553,0.52223444
5554,0.15575683
5555,-0.33589473
5556,0.28358707
5557,0.22845885
5558,0.6402906
5559,-0.013544198
5560,0.27396342
5561,-0.47411627
5562,-3.096379
5563,0.4855027
5564,0.47077933
5565,0.14758815
5566,0.6721897
5567,0.45114022
5568,0.20026942
5569,0.25921974
5570,0.4075534
5571,0.33496892
5572,0.29503775
5573,0.04593705
5574,0.5237709
5575,0.3864272
5576,0.31669095
5577,0.2742985
5578,0.53729475
5579,0.15928815
5580,-0.16752526
5581,0.1154925
5582,-3.0139444
5583,0.25272137
5584,0.15259863
5585,-0.2018468
5586,0.6472965
5587,-0.866258
5588,0.46987778
5589,0.279852
5590,0.07821223
5591,-0.4721884
5592,0.44661453
5593,0.2990462
5594,0.5078149
5595,0.44649205
5596,-0.33373997
5597,0.21425985
5598,-2.2344024
5599,-0.07105836
5600,0.26862457
5601,-0.13939862
5602,0.44458526
5603,0.28772554
5604,0.26028767
5605,0.4067643
5606,0.6376503
5607,0.40072486
5608,0.76467556
5609,0.28772554
5610,0.19850412
5611,0.3065641
5612,0.7262074
5613,0.30323237
5614,0.26028767
5615,-0.37595573
5616,-1.6455084
5617,0.40329126
5618,0.3892142
5619,0.16998608
5620,0.40254462
5621,0.4024322
5622,-0.17130972
5623,0.61918455
5624,0.18383048
5625,0.52528214
5626,0.31637344
5627,0.25406894
5628,0.4549541
5629,0.042412948
5630,0.5213827
5631,0.2221971
5632,0.4283076
5633,0.34955013
5634,0.6916074
5635,-0.82795274
5636,0.35696414
5637,0.25035942
5638,0.39586002
5639,0.27492532
5640,0.42708236
5641,0.20837146
5642,0.2947678
5643,0.25581184
5644,0.40316832
5645,-0.07975043
5646,0.5400306
5647,0.25523677
5648,0.3447759
5649,-0.07673512
5650,0.40352297
5651,0.20731772
5652,0.46525785
5653,0.1785181
5654,0.54669183
5655,-4.852803
5656,0.23739235
5657,0.65296745
5658,0.30587134
5659,0.21040411
5660,0.42608243
5661,0.20059252
5662,0.2306212
5663,0.3083472
5664,0.054517444
5665,0.14921917
5666,0.40506133
5667,0.18866749
5668,-0.1503645
5669,0.2879667
5670,0.32396105
5671,0.4283076
5672,-2.4117568
5673,0.2947678
5674,0.23913522
5675,0.5122107
5676,-0.4277306
5677,0.32716715
5678,0.2179064
5679,0.53765595
5680,0.038962618
5681,0.25616288
5682,0.2350118
5683,-2.9701245
5684,-0.7360157
5685,0.22887309
5686,-0.8179882
5687,0.76999557
5688,0.1300571
5689,0.0959355
5690,0.04593705
5691,0.9358309
5692,-1.9534023
5693,-0.22447255
5694,-0.63770086
5695,0.7375537
5696,0.1300571
5697,-0.22520377
5698,0.20446824
5699,0.88131166
5700,-0.5484226
5701,0.29334617
5702,-2.9535697
5703,0.17009747
5704,0.12280046
5705,0.37695068
5706,0.25907993
5707,0.011335278
5708,-0.36251497
5709,-3.0660164
5710,-0.85375464
5711,0.891562
5712,-0.26592994
5713,0.3907743
5714,-6.427949
5715,-0.537639
5716,0.489992
5717,0.24056141
5718,0.026621167
5719,0.2350118
5720,0.755569
5721,-1.22396
5722,0.5852392
5723,0.14086068
5724,-5.2106214
5725,-0.13241436
5726,0.3078734
5727,-0.20838857
5728,-2.8361356
5729,-0.3452269
5730,0.2590579
5731,0.41098213
5732,0.46850923
5733,-0.11817422
5734,-0.6352078
5735,0.3219307
5736,1.1459961
5737,0.02301919
5738,0.2424642
5739,-0.22600327
5740,0.68243706
5741,-7.2414536
5742,0.33604103
5743,0.017713599
5744,0.34999987
5745,0.26063606
5746,0.097283885
5747,0.40135136
5748,0.25864413
5749,0.16348442
5750,0.24638063
5751,0.5009857
5752,-0.011870474
5753,0.46281052
5754,0.5593623
5755,0.18558684
5756,0.50756824
5757,0.27389303
5758,0.34575295
5759,0.3627095
5760,0.3447759
5761,0.79831517
5762,0.35393965
5763,0.38058192
5764,0.19650483
5765,0.04731916
5766,0.2055362
5767,0.04731916
5768,0.21278928
5769,0.15898931
5770,0.21670413
5771,0.32872626
5772,0.40703824
5773,0.3361108
5774,0.1709353
5775,0.21278928
5776,0.40939078
5777,0.5221451
5778,0.26213473
5779,0.33500025
5780,0.4461627
5781,-0.47209093
5782,0.17598404
5783,0.44790444
5784,0.476785
5785,0.20792095
5786,0.26887086
5787,0.3525636
5788,0.20111737
5789,0.35029742
5790,0.24249688
5791,-0.7817253
5792,0.3069275
5793,0.43813303
5794,0.029148757
5795,0.3383225
5796,0.40511045
5797,0.36624047
5798,0.22401045
5799,0.42298678
5800,0.1323359
5801,0.18010491
5802,0.73364204
5803,0.17982082
5804,-0.041211504
5805,0.6689271
5806,0.34661627
5807,0.029180437
5808,-0.041211504
5809,0.4082089
5810,0.44151643
5811,0.37244514
5812,0.18905038
5813,-0.008012742
5814,0.2931082
5815,0.29893368
5816,0.1978895
5817,-0.24146816
5818,0.3293021
5819,0.24132262
5820,0.40456504
5821,-0.06735436
5822,0.15975238
5823,0.20461278
5824,0.063758545
5825,-0.06518589
5826,-0.35119945
5827,0.5382586
5828,0.29683408
5829,0.22030973
5830,0.3243104
5831,-5.15354
5832,0.16731924
5833,0.055960324
5834,0.32097298
5835,0.3125332
5836,-0.2579881
5837,0.14488421
5838,0.2341914
5839,0.3248844
5840,-0.15411009
5841,0.34590048
5842,0.4511962
5843,0.4041616
5844,0.23751096
5845,0.55465114
5846,-0.1479979
5847,-0.5569744
5848,0.28585565
5849,-0.08526533
5850,0.033395912
5851,0.034822654
5852,-0.18879619
5853,0.5665978
5854,-0.18872005
5855,-0.08710374
5856,0.42315182
5857,0.18630101
5858,-0.46679047
5859,0.26134738
5860,0.63619274
5861,0.09158065
5862,-0.5247467
5863,0.2784884
5864,0.293479
5865,0.009270936
5866,0.2462176
5867,0.3828046
5868,0.48101982
5869,0.013779404
5870,0.41093194
5871,0.05087627
5872,0.2374176
5873,-0.13550472
5874,0.14385906
5875,-1.1128345
5876,0.5794752
5877,0.10523307
5878,0.10856297
5879,-0.20643532
5880,0.28895715
5881,0.1442784
5882,0.1579188
5883,-0.11653409
5884,0.46134555
5885,0.07334308
5886,0.3006581
5887,0.0025287294
5888,0.41392812
5889,0.012268024
5890,-0.045898907
5891,0.3129855
5892,0.47872576
5893,0.26095432
5894,0.45315245
5895,0.49160588
5896,0.165152
5897,-0.3656687
5898,0.011770705
5899,0.3316235
5900,0.063758545
5901,-0.23893696
5902,0.32097298
5903,0.2374176
5904,0.38486597
5905,-0.06518589
5906,0.3861935
5907,-0.046376847
5908,0.3950767
5909,0.325543
5910,0.2424642
5911,0.75152296
5912,0.34110928
5913,0.054453418
5914,0.21146338
5915,0.5457886
5916,0.37093344
5917,-0.09343488
5918,0.34648472
5919,0.33500025
5920,0.37683532
5921,0.17377163
5922,0.34648472
5923,0.7280738
5924,0.57331777
5925,0.2811762
5926,0.16407155
5927,0.4717596
5928,0.28975767
5929,0.2564533
5930,0.38659024
5931,0.2771096
5932,0.023271393
5933,0.5735592
5934,0.653305
5935,0.3162835
5936,0.23233603
5937,0.32132164
5938,0.08760472
5939,0.012020218
5940,0.3763342
5941,0.3049452
5942,0.22212246
5943,0.13111466
5944,0.32079524
5945,0.27775747
5946,0.16790456
5947,-0.03221758
5948,0.39509842
5949,0.2528846
5950,0.49800742
5951,0.26028767
5952,0.3182972
5953,0.4377559
5954,0.49728137
5955,0.20832968
5956,0.46903703
5957,0.2071075
5958,0.04593705
5959,0.5170376
5960,0.444496
5961,0.21133742
5962,0.3248844
5963,-0.030040879
5964,0.033961978
5965,0.3396859
5966,0.049065966
5967,-0.08191076
5968,0.2975947
5969,-0.010321185
5970,0.33337584
5971,-0.021377191
5972,-0.043226425
5973,-0.14701658
5974,0.28423262
5975,0.011297828
5976,0.920627
5977,0.24044794
5978,-0.1479979
5979,-0.10534381
5980,0.020751286
5981,-0.0837072
5982,0.20580934
5983,-0.09449493
5984,-0.008644005
5985,0.24325196
5986,0.020751286
5987,-0.13903107
5988,0.61741406
5989,-0.25505307
5990,0.30338246
5991,-0.6558725
5992,0.013779404
5993,0.39413756
5994,-0.1930991
5995,-0.29896387
5996,0.22919153
5997,-1.1856588
5998,0.39038104
5999,0.32938537
6000,0.160816
6001,0.27291307
6002,0.43864012
6003,0.2432094
6004,0.25130805
6005,0.88631624
6006,0.40162805
6007,0.27396342
6008,0.484546
6009,0.15575683
6010,0.21760082
6011,0.37862402
6012,0.4869539
6013,0.65445095
6014,0.33424285
6015,0.4734768
6016,0.34361356
6017,0.6830287
6018,0.28277978
6019,0.42168805
6020,0.73991555
6021,-0.06251654
6022,0.29313773
6023,-0.1392115
6024,1.0423473
6025,0.4855027
6026,0.5802012
6027,0.3002072
6028,-17.666395
6029,-0.43619132
6030,-2.9346004
6031,0.041262582
6032,0.32576996
6033,0.19974919
6034,0.16186124
6035,-0.050921496
6036,0.2350118
6037,-0.030006431
6038,0.34653127
6039,0.16949415
6040,0.38659024
6041,-0.031083386
6042,0.59429646
6043,-0.041340124
6044,0.3370433
6045,0.115618736
6046,0.55591834
6047,0.029812358
6048,0.3550604
6049,0.20258437
6050,0.5060595
6051,-0.14850293
6052,0.3162835
6053,0.2703036
6054,0.5967797
6055,0.46078175
6056,0.4788101
6057,0.27412936
6058,-0.44783777
6059,0.32781678
6060,-0.058277972
6061,0.34698302
6062,0.4046945
6063,0.1273867
6064,0.2929492
6065,-0.23050681
6066,0.2929492
6067,-0.26038694
6068,0.5279754
6069,-0.628407
6070,0.32344678
6071,-2.221372
6072,0.4733615
6073,0.47285232
6074,-0.1397527
6075,0.37653717
6076,-0.15881246
6077,0.4247145
6078,-0.2770932
6079,0.23112893
6080,0.38547868
6081,0.14876252
6082,0.23024862
6083,0.19797185
6084,0.50179213
6085,0.04334897
6086,0.018780477
6087,0.2730439
6088,0.4298919
6089,0.24038912
6090,0.3635601
6091,0.20040986
6092,0.28975767
6093,-0.10603639
6094,-0.14264224
6095,-0.43370995
6096,0.15858944
6097,0.484546
6098,0.755569
6099,-0.24823503
6100,0.4315785
6101,0.20899154
6102,1.2090377
6103,-0.107182615
6104,0.25998998
6105,-0.07410589
6106,0.6721915
6107,-1.0706037
6108,0.34324688
6109,-0.65449595
6110,-1.4264171
6111,0.19417937
6112,0.051874228
6113,-0.31351098
6114,-0.12896912
6115,0.043477513
6116,-0.6996065
6117,0.024239723
6118,-3.1905293
6119,0.24253762
6120,-0.9291202
6121,0.94200253
6122,-0.11627013
6123,0.12743077
6124,0.6816023
6125,0.28770918
6126,-0.8618498
6127,0.73635423
6128,0.043477513
6129,0.058192585
6130,-0.3921006
6131,-2.6904237
6132,-0.13256086
6133,0.11741001
6134,0.38659024
6135,1.1818072
6136,0.35038206
6137,-0.023196697
6138,0.526495
6139,-0.29273283
6140,0.34361356
6141,0.27978638
6142,0.3282108
6143,0.37555125
6144,0.14451502
6145,0.26671258
6146,0.034585208
6147,0.5112251
6148,0.103391305
6149,-0.16263232
6150,-0.5699608
6151,0.23276398
6152,0.42219013
6153,0.8016825
6154,0.2641468
6155,0.26878002
6156,-0.037862528
6157,-0.6109951
6158,-0.07387409
6159,-0.6835043
6160,-0.8481717
6161,0.64198
6162,-0.43714762
6163,-0.55137753
6164,0.40367037
6165,0.24330884
6166,-0.7072255
6167,-0.08262331
6168,0.42594737
6169,0.4014269
6170,-0.13984112
6171,0.4087175
6172,0.50767666
6173,0.38916016
6174,0.4513436
6175,0.27416804
6176,0.36967108
6177,0.20170155
6178,0.39677933
6179,0.4340239
6180,0.45831585
6181,0.34021786
6182,-0.010582381
6183,0.4160002
6184,0.412635
6185,0.28425545
6186,0.3627095
6187,0.40039676
6188,-0.09279545
6189,0.3221254
6190,0.35066175
6191,0.11651177
6192,0.3631703
6193,0.13389274
6194,0.16475257
6195,0.6720608
6196,0.46893618
6197,0.21131547
6198,0.23117243
6199,0.097673565
6200,0.23289964
6201,0.34264323
6202,0.053962607
6203,-0.009906493
6204,-0.24120687
6205,0.6936891
6206,0.33851364
6207,-0.3803146
6208,0.4674845
6209,0.3085364
6210,-0.45793507
6211,0.56713825
6212,0.1768081
6213,-0.48097658
6214,-0.05878615
6215,0.29436624
6216,-0.036329303
6217,0.20157
6218,0.6530014
6219,0.50733405
6220,0.17185436
6221,0.61608
6222,0.3675034
6223,0.2424642
6224,0.49732614
6225,0.48581648
6226,0.027635766
6227,0.37677473
6228,0.041776255
6229,0.11134935
6230,0.6215702
6231,0.41660485
6232,0.114359885
6233,0.51007915
6234,0.5083137
6235,0.29391876
6236,0.55142236
6237,0.34767303
6238,0.17982082
6239,0.1831128
6240,0.16395615
6241,0.26731762
6242,0.3026712
6243,0.20084074
6244,0.1114706
6245,0.2608053
6246,-0.10515025
6247,0.1664705
6248,0.2013608
6249,0.026619434
6250,0.30257028
6251,-0.30882752
6252,-0.009684585
6253,0.47012872
6254,0.028834872
6255,0.20484683
6256,-0.019481588
6257,0.47012872
6258,-0.22101706
6259,0.65584403
6260,-0.11156614
6261,0.3744217
6262,0.11617623
6263,0.13236691
6264,0.34441927
6265,-0.15221773
6266,-0.009906493
6267,-0.10513813
6268,0.024578653
6269,0.17097227
6270,0.15210342
6271,0.080520205
6272,0.1977392
6273,-0.15523154
6274,-0.03246183
6275,0.13884464
6276,0.23705484
6277,0.38925287
6278,0.2608053
6279,0.07701012
6280,0.2865066
6281,0.038763903
6282,0.29391876
6283,-0.008532009
6284,-0.18115899
6285,-0.014650189
6286,0.63254553
6287,0.4823834
6288,0.5369581
6289,-0.112519085
6290,0.4266108
6291,0.2904073
6292,0.1488879
6293,0.34776577
6294,0.30322054
6295,0.05027961
6296,0.40511045
6297,0.07032633
6298,-0.2579881
6299,0.2931082
6300,0.23630254
6301,0.17567323
6302,-0.007841812
6303,0.22868054
6304,0.3781429
6305,0.063758545
6306,0.26273924
6307,0.2350841
6308,0.22652236
6309,0.2865066
6310,0.086837076
6311,0.37954026
6312,0.17098187
6313,-0.049534176
6314,0.14488421
6315,0.26671258
6316,0.16644068
6317,-0.112402685
6318,0.4777543
6319,0.26671258
6320,0.165152
6321,-0.051351953
6322,0.36586455
6323,0.41206384
6324,0.08349847
6325,-0.045337953
6326,0.2931082
6327,0.07980817
6328,0.165152
6329,-0.06518589
6330,0.15975238
6331,0.20461278
6332,0.2424642
6333,0.42021763
6334,0.2749002
6335,0.25359535
6336,0.026025541
6337,0.59025204
6338,0.37587863
6339,0.30569214
6340,0.18677838
6341,0.5783574
6342,0.53590226
6343,-0.30989257
6344,-0.08495813
6345,0.5494201
6346,-0.25365353
6347,-0.7244088
6348,0.30885333
6349,-0.24545728
6350,-0.64298165
6351,0.51868606
6352,0.17098187
6353,-0.051351953
6354,0.22501433
6355,0.36646354
6356,0.16644068
6357,0.13123383
6358,0.37793133
6359,0.24395439
6360,0.17466623
6361,0.102721415
6362,0.30078235
6363,0.25392157
6364,0.14379765
6365,-0.055314936
6366,0.30172285
6367,0.3125332
6368,0.18905038
6369,-0.11495025
6370,0.31518495
6371,0.36646354
6372,0.11831421
6373,0.59329516
6374,0.66678923
6375,0.3113793
6376,0.39278495
6377,0.109020755
6378,0.28975767
6379,0.33064184
6380,0.2389399
6381,0.59025204
6382,-1.1198462
6383,0.28772482
6384,0.17210062
6385,0.53238434
6386,0.5512477
6387,0.4179438
6388,-2.3030574
6389,0.41328743
6390,0.08186754
6391,0.69586104
6392,0.15448886
6393,0.3248844
6394,-1.0923637
6395,0.48646358
6396,-0.3184513
6397,0.3248844
6398,0.044094674
6399,0.13148862
6400,0.18905038
6401,-0.06518589
6402,0.17432936
6403,0.17661309
6404,-0.21510895
6405,0.39811376
6406,0.31769243
6407,0.14293525
6408,0.3970577
6409,0.18905038
6410,-0.06518589
6411,-0.022844687
6412,0.39217648
6413,-0.092340074
6414,0.31050363
6415,0.14241646
6416,-0.32412052
6417,-0.018315013
6418,0.25309974
6419,0.14934829
6420,0.42315182
6421,0.5345293
6422,0.12903568
6423,-0.038840096
6424,0.11658616
6425,0.3930782
6426,0.020751286
6427,-0.05826496
6428,0.36109033
6429,0.3781429
6430,0.1891753
6431,0.04321334
6432,0.14488421
6433,0.41223282
6434,0.013779404
6435,0.06538282
6436,0.04553295
6437,0.3781429
6438,0.013779404
6439,-0.2853451
6440,-0.09343429
6441,0.3781429
6442,0.09905554
6443,-0.009664528
6444,-0.113286845
6445,0.3781429
6446,-0.20425686
6447,-0.009664528
6448,-0.021386236
6449,0.41226476
6450,0.0705972
6451,0.45502248
6452,0.013779404
6453,0.40145543
6454,0.2187283
6455,0.17840038
6456,0.013129074
6457,-0.29888314
6458,0.20656967
6459,0.54628557
6460,-4.660553
6461,0.04346287
6462,0.5293205
6463,-0.14729813
6464,0.06668434
6465,-0.23475966
6466,0.64302933
6467,0.28562734
6468,-0.38610944
6469,0.10733883
6470,-0.024202026
6471,-0.16579458
6472,0.08037054
6473,0.07844712
6474,-0.43988025
6475,0.385859
6476,-0.35391676
6477,-17.273327
6478,0.4691808
6479,0.10791905
6480,0.33731592
6481,0.40777907
6482,-0.93676317
6483,-3.3155255
6484,0.31225666
6485,0.28235763
6486,-0.8047613
6487,-0.19067316
6488,-0.14694403
6489,-0.4454497
6490,0.31963864
6491,0.34052354
6492,0.020751286
6493,0.2424642
6494,0.51007915
6495,0.40316832
6496,0.30839273
6497,0.17185436
6498,0.5021427
6499,0.28975767
6500,0.30035007
6501,0.2424642
6502,0.51007915
6503,0.049760975
6504,0.36310378
6505,0.2424642
6506,0.039622586
6507,0.2654363
6508,0.2811762
6509,0.29391876
6510,0.53238434
6511,0.049760975
6512,0.45315245
6513,0.17210062
6514,0.51007915
6515,0.3675034
6516,0.4140065
6517,0.2424642
6518,0.53238434
6519,0.28975767
6520,0.20448144
6521,0.29391876
6522,0.51007915
6523,0.5567367
6524,0.23057799
6525,0.22078165
6526,0.51007915
6527,0.37836072
6528,0.2811762
6529,0.2593508
6530,0.5221837
6531,0.41223282
6532,0.36049774
6533,0.5494201
6534,0.3498696
6535,0.4140065
6536,0.29408798
6537,0.5494201
6538,0.5268195
6539,0.10465222
6540,0.23117243
6541,0.47718605
6542,0.41721603
6543,0.2811762
6544,-0.05462289
6545,0.59025204
6546,-1.4203322
6547,0.30095488
6548,0.019261546
6549,0.36784145
6550,-0.25338626
6551,0.19304009
6552,0.51007915
6553,0.21874632
6554,-0.041915964
6555,0.49732614
6556,0.25762522
6557,0.48773888
6558,0.015860789
6559,0.49732614
6560,0.35762534
6561,0.2209017
6562,-0.0255837
6563,0.4359111
6564,0.33769733
6565,0.2908421
6566,0.17185436
6567,0.59025204
6568,0.4317468
6569,0.26671258
6570,0.2623315
6571,-0.60735905
6572,-4.5057955
6573,-0.14391407
6574,-0.8183109
6575,0.48944885
6576,0.26862457
6577,-0.046047334
6578,0.025045654
6579,0.40452963
6580,-0.20711848
6581,-4.2983065
6582,0.26862457
6583,0.04324007
6584,0.37435776
6585,0.26862457
6586,0.04324007
6587,0.49906886
6588,0.26604578
6589,0.018615905
6590,0.36672702
6591,0.34161726
6592,-0.07047551
6593,-4.540478
6594,0.64327693
6595,0.018615905
6596,0.028260108
6597,0.1837317
6598,-0.0696725
6599,0.32076865
6600,0.4913907
6601,-0.010321185
6602,0.019063815
6603,0.20696573
6604,0.34471816
6605,0.33642524
6606,-0.05973639
6607,0.23737575
6608,0.176179
6609,-0.38356942
6610,0.02071704
6611,0.30862412
6612,0.2071075
6613,0.5346149
6614,0.07186386
6615,0.29226714
6616,0.63091254
6617,0.2946582
6618,0.10793981
6619,-0.6240733
6620,0.3560768
6621,0.13092451
6622,0.4495504
6623,-0.03821054
6624,0.3560768
6625,-0.5729494
6626,-0.54039294
6627,0.061380316
6628,0.044741448
6629,-0.49235013
6630,-0.1526623
6631,0.61234874
6632,0.25936896
6633,-1.1016585
6634,-0.27739486
6635,-0.2501476
6636,0.5044582
6637,-1.1584797
6638,0.0788101
6639,0.2573502
6640,0.4944725
6641,-0.2670481
6642,-3.490248
6643,-0.019035
6644,0.039728712
6645,-0.2431298
6646,0.6900427
6647,0.31846592
6648,0.10941678
6649,-0.12375156
6650,-0.09735381
6651,0.12506147
6652,0.24665199
6653,-0.045557216
6654,0.3171424
6655,-0.07014663
6656,0.08174918
6657,-0.17730637
6658,-1.1279049
6659,-0.44733396
6660,-0.5199372
6661,0.23162736
6662,-0.20853129
6663,0.34059724
6664,0.026523478
6665,-1.6994132
6666,-0.09889377
6667,-0.59116215
6668,-4.8117857
6669,-1.0378373
6670,0.52724797
6671,0.0213124
6672,0.13017035
6673,-1.5797698
6674,0.23808207
6675,0.25864413
6676,0.074027285
6677,0.3716711
6678,-0.17350894
6679,0.19850412
6680,0.24161224
6681,0.25721607
6682,0.28772554
6683,0.26731595
6684,-0.59398484
6685,0.5091252
6686,0.20096463
6687,0.30901095
6688,0.09966067
6689,0.36704317
6690,0.47203907
6691,0.28358707
6692,-0.14070508
6693,-1.907425
6694,0.116478264
6695,0.26028767
6696,-0.04769186
6697,0.28477588
6698,0.4855027
6699,0.26028767
6700,0.31804225
6701,0.07821223
6702,0.25069463
6703,0.35075873
6704,0.04902281
6705,0.4942908
6706,0.029308746
6707,0.2947678
6708,0.16000502
6709,-0.3243366
6710,0.091651745
6711,0.15834758
6712,0.03109996
6713,-0.38251993
6714,-0.68952185
6715,0.5198107
6716,-17.308313
6717,0.14289695
6718,0.48323417
6719,0.53729475
6720,-0.006209109
6721,0.34810147
6722,0.34196436
6723,-1.9752467
6724,0.30739686
6725,0.09049563
6726,-0.020288538
6727,-2.403136
6728,0.09949423
6729,0.26220238
6730,-0.036528226
6731,0.84571517
6732,0.46369067
6733,-0.003701785
6734,0.4197199
6735,0.101750165
6736,0.8971009
6737,-0.24092051
6738,1.147984
6739,-0.6325112
6740,0.26028767
6741,0.08521581
6742,0.41995743
6743,0.60797024
6744,0.33282885
6745,0.042462345
6746,0.7903005
6747,0.4855027
6748,0.34471816
6749,0.22875996
6750,-1.8012246
6751,0.04926281
6752,0.42545858
6753,0.03892802
6754,0.18523702
6755,0.15861997
6756,0.1266883
6757,0.09966067
6758,0.73991555
6759,0.26866698
6760,0.3213002
6761,0.36299318
6762,0.35781655
6763,0.39486176
6764,0.4421509
6765,-0.056153372
6766,0.008524615
6767,0.4717596
6768,-0.019000988
6769,0.17208761
6770,-0.06323696
6771,0.33040372
6772,0.2879667
6773,0.22281685
6774,0.4015575
6775,0.49761498
6776,-0.17856582
6777,0.6966764
6778,0.52835935
6779,0.25828803
6780,0.2608053
6781,0.22796375
6782,0.4359385
6783,0.3781429
6784,-5.786598
6785,0.26086977
6786,0.4549541
6787,0.20059252
6788,0.39473277
6789,0.33919936
6790,0.27389303
6791,0.34955013
6792,-0.44585428
6793,0.23913522
6794,0.4723259
6795,0.22021036
6796,-0.20505236
6797,0.22281685
6798,0.27389303
6799,0.39171967
6800,-0.022228353
6801,0.27307364
6802,0.40823382
6803,-0.28448904
6804,0.30587134
6805,0.22281685
6806,0.5712966
6807,0.09433534
6808,0.17097227
6809,0.5831856
6810,0.15859225
6811,-0.28036478
6812,-0.27033877
6813,0.34421566
6814,-0.07785702
6815,0.7772376
6816,0.43033317
6817,0.23933968
6818,0.27572662
6819,0.36606428
6820,-3.0147133
6821,0.053379934
6822,-0.61299324
6823,0.3447759
6824,-5.640176
6825,0.79923284
6826,-0.48531112
6827,0.36605227
6828,-0.11774362
6829,0.11656227
6830,-0.19829862
6831,-0.24649672
6832,0.17097227
6833,0.47281092
6834,0.2862913
6835,0.0884875
6836,-2.8980236
6837,0.4195682
6838,-0.000424203
6839,-0.10765857
6840,0.34264323
6841,0.33815965
6842,0.3447759
6843,0.23435287
6844,0.1462808
6845,-0.6463257
6846,-1.4264171
6847,-0.3271846
6848,0.16475257
6849,-0.38356942
6850,0.8663188
6851,0.3071256
6852,0.27715737
6853,0.4268863
6854,0.83701295
6855,0.34970158
6856,0.28919283
6857,1.0111973
6858,-1.8443586
6859,0.2597268
6860,-0.3921006
6861,-1.6951091
6862,-1.9534023
6863,-0.16630785
6864,1.1631169
6865,0.15075238
6866,0.2774669
6867,-2.6724346
6868,-1.0058111
6869,-0.082256466
6870,-1.0693114
6871,0.11821671
6872,0.33252624
6873,-5.372342
6874,-0.4412395
6875,0.12791064
6876,-0.4206973
6877,0.6358477
6878,-0.107182615
6879,0.26321322
6880,0.050885748
6881,0.83701295
6882,-2.2584507
6883,0.28995076
6884,-0.93436044
6885,0.970308
6886,-3.2314134
6887,0.12960976
6888,-0.17295714
6889,-1.4264171
6890,-0.41555607
6891,0.032706253
6892,0.3293107
6893,-2.9425628
6894,-2.8245184
6895,-0.21327423
6896,0.29844937
6897,-1.6903865
6898,-3.1343215
6899,0.42736772
6900,0.27830628
6901,-1.6951091
6902,-3.2800987
6903,-0.123830274
6904,-0.22810225
6905,0.7375537
6906,0.047735568
6907,0.19826502
6908,0.09016412
6909,0.33520916
6910,-2.5442934
6911,0.68720883
6912,0.36376294
6913,0.4820333
6914,0.15056778
6915,0.31691945
6916,0.53765595
6917,0.32331908
6918,0.38867489
6919,0.4504645
6920,0.26678675
6921,-0.032379135
6922,0.47986534
6923,0.122660965
6924,0.33506233
6925,0.38547868
6926,0.2888354
6927,0.4439855
6928,0.40850535
6929,0.18282422
6930,0.3302972
6931,0.28975767
6932,0.2858482
6933,0.48752975
6934,0.22384733
6935,0.26899508
6936,0.3221254
6937,0.28611454
6938,-0.13985093
6939,0.18965733
6940,0.36040547
6941,-0.94188565
6942,0.3911901
6943,0.24269539
6944,0.23323594
6945,0.0134005975
6946,0.3916473
6947,-0.4347901
6948,0.3761391
6949,0.048231613
6950,0.18229194
6951,0.30548096
6952,0.2824892
6953,0.29519907
6954,0.7066833
6955,0.20215575
6956,0.27995557
6957,0.20423909
6958,0.40939078
6959,0.34110928
6960,-1.9727185
6961,0.23845352
6962,-3.5459316
6963,-0.86609334
6964,0.47911596
6965,0.24885632
6966,-0.68822557
6967,0.31158027
6968,-0.5023269
6969,-0.14882703
6970,-0.10513813
6971,0.27103427
6972,0.48041224
6973,0.5105241
6974,0.3051917
6975,0.47751847
6976,0.28305227
6977,0.12662812
6978,0.1679348
6979,0.15058771
6980,0.24730569
6981,-0.38677803
6982,0.33688623
6983,0.44790444
6984,-0.12527709
6985,-0.0994971
6986,0.51674986
6987,0.40316832
6988,-0.3072367
6989,0.31379086
6990,0.37254032
6991,0.10104428
6992,0.2817237
6993,0.51333994
6994,-0.50150156
6995,-0.33665067
6996,0.5220204
6997,0.45600542
6998,0.3881618
6999,0.16822137
7000,0.6162966
7001,0.13236691
7002,0.28120384
7003,-0.02710599
7004,0.8342658
7005,0.29391876
7006,0.41721603
7007,-0.05844685
7008,0.098766916
7009,0.65647393
7010,-0.028264485
7011,-0.4351249
7012,0.8453495
7013,-0.29627076
7014,0.36040547
7015,0.29489625
7016,0.32067683
7017,-0.46916994
7018,0.3744217
7019,0.18905038
7020,0.03296634
7021,0.11078722
7022,0.27240944
7023,0.17567323
7024,0.017374098
7025,0.36605227
7026,0.26671258
7027,0.17325649
7028,-0.06518589
7029,0.15108673
7030,0.17717178
7031,0.017140985
7032,-0.046376847
7033,0.28712425
7034,0.41644672
7035,0.017140985
7036,-0.2186864
7037,0.27659842
7038,0.032923974
7039,-0.02594553
7040,0.084442884
7041,0.46434152
7042,0.23040211
7043,0.13840942
7044,0.017374098
7045,0.42062142
7046,0.41392812
7047,0.18905038
7048,-0.035485882
7049,0.32097298
7050,0.32958528
7051,0.17188022
7052,-0.16913469
7053,0.22638421
7054,0.3125332
7055,0.24972992
7056,0.0979202
7057,0.39318755
7058,-0.2935508
7059,0.11923156
7060,0.12903568
7061,-0.018041827
7062,-0.8374843
7063,0.04462266
7064,-0.006585802
7065,0.14744537
7066,0.013779404
7067,0.15099734
7068,-0.2629665
7069,-0.25505307
7070,-0.25179687
7071,0.37232354
7072,0.04346287
7073,-0.059959445
7074,0.1365649
7075,-0.3593166
7076,-0.7039148
7077,0.24370979
7078,0.20913212
7079,0.24010149
7080,-0.67913586
7081,-0.013814876
7082,0.24249688
7083,0.28813693
7084,-0.36232978
7085,0.19034144
7086,0.16849579
7087,0.59719414
7088,0.29354095
7089,0.24288996
7090,0.22501433
7091,0.3553787
7092,0.29328677
7093,-0.31630495
7094,-0.16398227
7095,0.43799216
7096,0.011929197
7097,0.06837492
7098,0.03557866
7099,0.353974
7100,0.48773888
7101,0.53238434
7102,0.41223282
7103,0.08349847
7104,-0.24146816
7105,0.39461663
7106,0.3316235
7107,0.14516427
7108,-0.092340074
7109,0.13705994
7110,-0.28448904
7111,0.12361871
7112,0.042818345
7113,0.29765105
7114,0.36646354
7115,-0.18001178
7116,-0.3693923
7117,-1.3248627
7118,0.38803512
7119,-0.1142962
7120,0.45882747
7121,0.2512674
7122,0.3302405
7123,-0.21156605
7124,0.50020725
7125,0.38974646
7126,0.39937174
7127,0.2424642
7128,0.29439136
7129,0.37333876
7130,0.12699337
7131,0.026025541
7132,0.49732614
7133,0.18934205
7134,0.341043
7135,0.20795143
7136,0.52022934
7137,0.7254097
7138,0.2897921
7139,0.30901095
7140,0.24505599
7141,0.6900427
7142,0.03552698
7143,0.4021009
7144,0.32938537
7145,0.04436932
7146,0.585281
7147,0.4041616
7148,0.3493152
7149,-0.012326079
7150,0.82026494
7151,-0.5321473
7152,0.09946133
7153,0.42102218
7154,-0.20369446
7155,-0.47857702
7156,0.4041616
7157,0.16380738
7158,0.13375297
7159,0.32938537
7160,0.5318172
7161,0.127636
7162,0.28059834
7163,0.26853347
7164,0.6656537
7165,0.2071075
7166,0.46268016
7167,-0.36735386
7168,0.23732513
7169,0.10118291
7170,0.35306716
7171,0.3744732
7172,-1.0930387
7173,0.62435484
7174,0.3560768
7175,-0.58336776
7176,-0.08541603
7177,1.0564535
7178,-0.31951118
7179,0.63742834
7180,0.2771096
7181,-0.55741656
7182,0.37333876
7183,0.09905554
7184,-0.17880318
7185,0.1750633
7186,-0.8410942
7187,0.46457222
7188,0.56281054
7189,0.4702725
7190,0.022755262
7191,0.43239102
7192,0.46969992
7193,0.4363553
7194,0.34058458
7195,0.42168805
7196,0.73991555
7197,0.29437178
7198,0.28796196
7199,0.27522245
7200,0.80378073
7201,-0.2555978
7202,0.26751843
7203,-0.9264428
7204,0.7684221
7205,0.47829223
7206,0.52092546
7207,0.014187861
7208,0.49033073
7209,-0.4778171
7210,0.34703812
7211,0.4105451
7212,0.21492706
7213,-0.4394389
7214,0.25194797
7215,0.20697525
7216,0.6213056
7217,0.029001188
7218,0.3691346
7219,0.45614612
7220,1.0375261
7221,0.10116418
7222,0.32425052
7223,0.21360841
7224,-1.9868898
7225,0.47203907
7226,0.2815545
7227,-0.07756754
7228,0.126314
7229,0.19862284
7230,0.34361356
7231,0.15619917
7232,0.101998486
7233,0.054050613
7234,0.19687133
7235,-0.117683955
7236,0.24249245
7237,0.07128988
7238,0.14889365
7239,-0.032923546
7240,0.24249245
7241,0.12861918
7242,0.23737575
7243,-0.63509506
7244,0.13067907
7245,-0.24689479
7246,0.44846606
7247,-0.16457851
7248,-0.74257386
7249,0.15975238
7250,0.22615449
7251,0.29697758
7252,0.46316925
7253,0.34999987
7254,0.40777907
7255,0.017462637
7256,0.31802693
7257,-0.21369465
7258,0.40777907
7259,0.3089005
7260,-0.21829133
7261,-1.3521686
7262,0.31131405
7263,-1.6687828
7264,0.25646743
7265,0.053602755
7266,0.1192443
7267,0.04559303
7268,0.07830584
7269,-0.6549948
7270,0.8088341
7271,-0.4860989
7272,0.17344508
7273,0.4245847
7274,0.17596166
7275,0.2501275
7276,0.06348203
7277,-0.7118436
7278,0.30071732
7279,0.3447759
7280,0.44944263
7281,0.3657108
7282,0.39777654
7283,0.4241588
7284,0.5151506
7285,0.5562833
7286,0.2001471
7287,-0.41230646
7288,0.12306434
7289,0.28919283
7290,-5.4533806
7291,-0.8252973
7292,0.19724365
7293,0.1721216
7294,-1.6951091
7295,-0.7254094
7296,0.2979277
7297,-0.5901037
7298,0.661397
7299,-10.778492
7300,0.5475468
7301,-0.14246367
7302,0.83701295
7303,-2.2584507
7304,-0.33222842
7305,-1.1908545
7306,0.421869
7307,-2.552387
7308,-0.029244337
7309,-0.7464178
7310,0.6358477
7311,-0.7756091
7312,-0.11681234
7313,1.2462368
7314,0.33977577
7315,0.19724365
7316,0.10118291
7317,0.3006245
7318,-2.4629858
7319,0.3883851
7320,-0.516386
7321,0.8663188
7322,-3.243132
7323,0.607544
7324,-0.7514644
7325,0.90212995
7326,-2.763531
7327,0.43087313
7328,-1.0376322
7329,-2.3044426
7330,-0.71141523
7331,0.26071346
7332,-0.35477662
7333,-0.2285611
7334,0.1103917
7335,0.038793705
7336,0.31484437
7337,0.3525636
7338,0.42834064
7339,0.27978638
7340,-0.10691864
7341,0.049102917
7342,0.3069275
7343,0.2956391
7344,-0.16263232
7345,0.0070496015
7346,0.48346233
7347,-0.0023394953
7348,-0.2450593
7349,0.23674166
7350,0.30964127
7351,-0.69945455
7352,-0.10441025
7353,-0.5724114
7354,0.29262695
7355,-1.7340394
7356,-7.866054
7357,-0.59600073
7358,0.23596905
7359,-0.8896073
7360,0.39537093
7361,-0.50206214
7362,-0.7922093
7363,0.3346378
7364,0.3806751
7365,-0.13372067
7366,0.26235858
7367,0.57698107
7368,-0.31299645
7369,-0.009198749
7370,-0.8283653
7371,0.2599151
7372,0.0142870415
7373,-0.43305925
7374,0.3261977
7375,0.038569182
7376,0.34503272
7377,0.65121037
7378,-0.000130395
7379,0.14351259
7380,0.33506233
7381,0.35066175
7382,0.35974988
7383,0.14313233
7384,0.4283076
7385,0.57738125
7386,0.056980703
7387,0.53765595
7388,0.20268437
7389,0.34361356
7390,0.52449304
7391,0.006389591
7392,0.21122041
7393,0.18234648
7394,0.54749346
7395,-0.03325973
7396,0.13270639
7397,0.04954703
7398,0.37276387
7399,0.2425672
7400,-0.038564656
7401,0.28639406
7402,-0.91503584
7403,0.47986534
7404,0.14298803
7405,-0.24563229
7406,-0.32261583
7407,0.60439104
7408,0.3953794
7409,-0.033700086
7410,0.43518525
7411,0.2006944
7412,0.5872609
7413,0.3129855
7414,-0.1674314
7415,0.52022934
7416,0.37719592
7417,0.2424642
7418,0.5370403
7419,0.41721603
7420,-0.08495813
7421,0.5515566
7422,0.19735567
7423,-1.7539533
7424,0.40647092
7425,0.6156429
7426,0.27969396
7427,0.61608
7428,0.3129855
7429,-0.08495813
7430,0.3659294
7431,0.15108673
7432,0.541364
7433,-0.43368083
7434,0.23117243
7435,0.1191994
7436,0.47012872
7437,0.2216392
7438,-0.69643164
7439,0.28770918
7440,0.1977392
7441,-0.14794269
7442,0.056137554
7443,0.11524
7444,0.2561741
7445,-0.22101706
7446,0.30257028
7447,0.10979345
7448,0.07211922
7449,-0.019481588
7450,0.20750104
7451,0.2608053
7452,-0.07410589
7453,0.2694406
7454,0.2216392
7455,0.07701012
7456,0.16395615
7457,0.16475257
7458,0.101998486
7459,0.29323155
7460,0.39247164
7461,0.5122386
7462,0.23577563
7463,0.11651177
7464,-0.10816714
7465,0.25713477
7466,0.20795143
7467,-0.07410589
7468,0.1488879
7469,0.13938195
7470,0.27826023
7471,-0.059720557
7472,0.40703824
7473,0.40152577
7474,-0.56662226
7475,0.28770918
7476,0.2306212
7477,0.18125737
7478,0.29323155
7479,0.36548343
7480,0.17098187
7481,-0.051351953
7482,0.41721603
7483,-0.3365142
7484,0.165152
7485,0.084442884
7486,0.3675034
7487,0.20461278
7488,0.16644068
7489,-0.112402685
7490,0.3963621
7491,0.39916065
7492,0.10884894
7493,0.28821078
7494,0.36605227
7495,0.44611156
7496,0.3308637
7497,-0.0050958833
7498,0.22884972
7499,0.23107356
7500,0.12361871
7501,-0.018324751
7502,0.36586455
7503,0.325543
7504,0.18905038
7505,0.051793527
7506,-0.20531352
7507,0.36791548
7508,0.17079781
7509,-0.06518589
7510,0.2931082
7511,0.32754925
7512,0.37858438
7513,0.21873216
7514,0.3983892
7515,0.23482238
7516,-0.009906493
7517,0.5742708
7518,0.14744537
7519,-0.25018305
7520,0.2424642
7521,0.4490843
7522,0.14108628
7523,-0.37728947
7524,0.20795143
7525,0.59025204
7526,0.31518495
7527,0.44902328
7528,0.08349847
7529,-0.051351953
7530,0.20837146
7531,0.18905038
7532,-0.06518589
7533,0.36605227
7534,-0.26332474
7535,0.17567323
7536,-0.007841812
7537,0.36586455
7538,0.0847506
7539,0.1610525
7540,0.073968515
7541,0.046512615
7542,0.3781429
7543,0.4720294
7544,0.55420244
7545,0.42041564
7546,0.14505653
7547,0.18905038
7548,0.09674943
7549,0.007829948
7550,0.16495337
7551,0.19543609
7552,0.5221837
7553,-0.0016812463
7554,0.16644068
7555,0.23558752
7556,0.5370403
7557,0.16644068
7558,0.6838233
7559,0.04593705
7560,0.37755457
7561,-0.8661419
7562,0.51120716
7563,0.044094674
7564,0.444496
7565,0.05151288
7566,0.33282885
7567,0.074165195
7568,0.06441663
7569,-0.02710599
7570,-0.0057816925
7571,0.1534491
7572,0.073968515
7573,0.09433339
7574,0.14241646
7575,-0.28215235
7576,0.3084073
7577,0.21566871
7578,-0.016213998
7579,0.31933755
7580,0.18905038
7581,-0.16038124
7582,0.3403681
7583,-0.00031627854
7584,0.22349717
7585,-0.024163518
7586,0.52998453
7587,0.29354095
7588,0.07844712
7589,0.06790889
7590,0.42376268
7591,0.31225666
7592,0.31182557
7593,0.25871885
7594,0.41723785
7595,0.1714792
7596,0.10856297
7597,0.20977692
7598,0.3806751
7599,0.12296425
7600,-0.15321793
7601,0.2784884
7602,0.68005645
7603,0.20606443
7604,0.12594226
7605,-0.68193334
7606,0.3781429
7607,0.2187283
7608,0.24288996
7609,0.026850194
7610,0.26671258
7611,0.13074636
7612,0.20266774
7613,0.14260238
7614,-0.009664528
7615,-0.33327916
7616,0.2674528
7617,0.08413405
7618,0.20606443
7619,0.46834612
7620,0.10733883
7621,-0.50468034
7622,0.12903568
7623,0.07844712
7624,0.197211
7625,0.16937312
7626,0.13094915
7627,-0.38016322
7628,0.11087104
7629,0.385859
7630,0.09354803
7631,0.10856297
7632,0.049233563
7633,-0.9881503
7634,-0.011870474
7635,0.08582272
7636,-0.022586782
7637,-0.16891365
7638,0.013779404
7639,0.21729796
7640,-0.20531352
7641,-0.15056357
7642,0.352766
7643,0.41911298
7644,-0.34660417
7645,0.22692887
7646,0.51954144
7647,0.20113967
7648,0.46631524
7649,0.3390595
7650,0.27565506
7651,0.06705132
7652,0.39151677
7653,0.18934205
7654,0.36405155
7655,0.19724365
7656,0.36784145
7657,0.28975767
7658,0.5495795
7659,0.23117243
7660,0.31243688
7661,0.31518495
7662,0.20113967
7663,0.49732614
7664,0.34110928
7665,0.4140065
7666,0.2424642
7667,0.46735442
7668,0.28975767
7669,0.45315245
7670,0.008724002
7671,0.51007915
7672,0.30420235
7673,0.47310054
7674,0.12599948
7675,0.46631524
7676,0.40927503
7677,0.29834017
7678,0.0642863
7679,0.06459661
7680,0.4247145
7681,0.22367285
7682,-0.55660135
7683,-0.029378261
7684,0.53238434
7685,0.2209017
7686,0.2389399
7687,0.36784145
7688,0.40316832
7689,0.19699596
7690,0.019261546
7691,0.45785248
7692,0.56495005
7693,-0.111347064
7694,0.2424642
7695,0.59025204
7696,0.535605
7697,0.3060467
7698,0.028748225
7699,0.63704467
7700,0.46026343
7701,0.35223135
7702,-0.09717054
7703,0.59025204
7704,0.37333876
7705,0.39260235
7706,-0.0808817
7707,0.46631524
7708,0.37719592
7709,0.20837146
7710,-0.214418
7711,0.53238434
7712,0.24433456
7713,0.07788819
7714,0.37755457
7715,0.1721216
7716,0.44572145
7717,0.26862457
7718,-0.0696725
7719,0.12506147
7720,0.32938537
7721,-0.6288792
7722,0.6086739
7723,0.30805787
7724,-0.45986173
7725,0.25378114
7726,0.32938537
7727,-0.6452937
7728,0.56361735
7729,0.2623315
7730,0.010044356
7731,0.82466984
7732,0.29767036
7733,-0.60735905
7734,-1.6951091
7735,0.24972992
7736,-1.0471452
7737,0.52528876
7738,0.22313781
7739,0.14808561
7740,0.17522775
7741,0.2948425
7742,-0.13113214
7743,0.17244954
7744,0.38489196
7745,-0.2921088
7746,0.33254027
7747,0.87585026
7748,0.2623315
7749,-0.46029982
7750,0.14144272
7751,0.20492093
7752,0.058894075
7753,0.34908888
7754,0.38693675
7755,1.2156605
7756,0.82026494
7757,0.3262245
7758,0.7515287
7759,0.6100269
7760,0.52497303
7761,0.58020246
7762,0.38651383
7763,-0.20733386
7764,0.44633284
7765,0.55465114
7766,-1.0075758
7767,0.40031987
7768,0.26862457
7769,-0.45465934
7770,-2.00458
7771,0.2623315
7772,0.1995346
7773,0.44633284
7774,0.17614824
7775,-0.47629786
7776,-0.2657148
7777,0.29724392
7778,-0.18040992
7779,0.25698766
7780,0.4122551
7781,-0.12421364
7782,0.539544
7783,-0.17239244
7784,0.35560647
7785,-0.57930225
7786,0.4409854
7787,-0.23134635
7788,0.12295613
7789,0.2608053
7790,0.36975354
7791,0.1831128
7792,0.1266883
7793,0.15631597
7794,0.767749
7795,0.23321441
7796,0.42168805
7797,0.14416236
7798,0.36704317
7799,0.4855027
7800,0.21725248
7801,0.083072655
7802,-2.443971
7803,0.4855027
7804,0.2071075
7805,-0.12819788
7806,-2.062004
7807,0.029001188
7808,0.25194797
7809,0.04902281
7810,0.4942908
7811,0.24737364
7812,0.29313773
7813,0.023343906
7814,-1.9868898
7815,0.04926281
7816,0.33620661
7817,0.31804225
7818,0.37484944
7819,0.4855027
7820,0.37914222
7821,0.37073857
7822,0.28477588
7823,-0.16010703
7824,0.25724316
7825,0.14656343
7826,-1.9868898
7827,-0.046890773
7828,0.42219558
7829,0.47884977
7830,-2.0474553
7831,-3.3975499
7832,-0.5548098
7833,0.45260844
7834,-0.9357137
7835,-0.0052868435
7836,0.3550604
7837,-0.037012793
7838,0.26052734
7839,0.41506323
7840,-3.0043204
7841,0.47845432
7842,0.28358707
7843,-0.3692215
7844,-2.0761595
7845,0.47203907
7846,0.28796196
7847,-1.0077698
7848,1.1522645
7849,0.35515985
7850,0.2623315
7851,0.30010188
7852,0.82836396
7853,0.43017
7854,0.22313781
7855,0.32358074
7856,0.44889614
7857,0.33496892
7858,0.38689712
7859,0.3514794
7860,0.563642
7861,0.29830632
7862,0.22304441
7863,0.3594959
7864,0.03063396
7865,0.4523528
7866,0.2822007
7867,0.416478
7868,0.34999987
7869,0.27745566
7870,0.47386026
7871,0.57161254
7872,0.27389303
7873,0.031160444
7874,0.22243541
7875,0.24105895
7876,0.27389303
7877,0.16008559
7878,0.26255426
7879,-0.012335745
7880,0.3447759
7881,0.05492741
7882,0.38269725
7883,0.33057445
7884,0.3996501
7885,-0.019813579
7886,0.45509446
7887,0.6900576
7888,0.13777646
7889,0.5596322
7890,0.40822697
7891,-0.060725987
7892,0.1798907
7893,0.27485758
7894,0.2837159
7895,-0.2223253
7896,0.1891874
7897,0.5122107
7898,-0.14432585
7899,0.27361855
7900,0.31127152
7901,0.49370933
7902,0.10031701
7903,0.32895732
7904,0.27100006
7905,0.4015575
7906,0.550974
7907,0.40683657
7908,0.36651698
7909,0.4723259
7910,0.66887045
7911,-0.05824268
7912,-0.10629473
7913,0.43534088
7914,0.1758554
7915,0.34586966
7916,0.19606476
7917,0.75740546
7918,0.26446074
7919,-0.0052868435
7920,0.003820421
7921,0.12175218
7922,0.48630974
7923,0.33731592
7924,-0.39103317
7925,0.88131166
7926,-0.48775846
7927,0.27715737
7928,-0.056422364
7929,-2.7057798
7930,-0.24389192
7931,0.015805103
7932,-0.21540023
7933,1.0049403
7934,-0.4943485
7935,0.33406144
7936,0.22852975
7937,0.7672935
7938,-2.9546893
7939,0.28935388
7940,0.26417437
7941,-0.22406773
7942,0.5117549
7943,0.65121037
7944,-0.62348044
7945,-0.021031432
7946,-0.14698693
7947,2.1179252
7948,-2.0634203
7949,0.5087745
7950,0.15354414
7951,-0.71984154
7952,-0.27653292
7953,0.27191523
7954,0.65518486
7955,0.16331348
7956,0.25753656
7957,0.5949142
7958,1.0049403
7959,-0.14647844
7960,0.35445696
7961,0.02066765
7962,0.25413486
7963,0.40158442
7964,1.1459961
7965,-0.7360157
7966,-0.2865165
7967,0.30545878
7968,0.34999987
7969,-0.1600909
7970,0.1875253
7971,0.34999987
7972,-0.17941287
7973,0.04609554
7974,0.28975767
7975,-5.422248
7976,0.3785201
7977,0.3996501
7978,-0.019257922
7979,0.39242354
7980,0.4777543
7981,0.23946129
7982,0.21402535
7983,0.4777543
7984,-2.054211
7985,0.122871496
7986,0.44103584
7987,0.10195081
7988,0.28833205
7989,0.46434152
7990,0.70866567
7991,0.34740263
7992,0.24561088
7993,0.38536912
7994,0.11497211
7995,0.062446658
7996,0.16822137
7997,0.10223264
7998,0.31231603
7999,-0.063103035
8000,0.40777907
8001,0.2590908
8002,-0.04928136
8003,0.33688623
8004,0.20887415
8005,-0.17941287
8006,0.31790245
8007,0.42785692
8008,0.33906597
8009,0.31790245
8010,0.28074476
8011,-1.326958
8012,-0.09991323
8013,0.45600542
8014,0.13236691
8015,0.16917661
8016,0.31610772
8017,0.39677933
8018,-0.08229204
8019,0.5215067
8020,0.08701995
8021,0.25250697
8022,-0.13377999
8023,0.32781678
8024,0.053962607
8025,0.27325624
8026,0.4402726
8027,0.5390679
8028,0.2780231
8029,0.5025816
8030,0.20113967
8031,0.23627195
8032,0.1277675
8033,0.44399157
8034,0.17884883
8035,0.1977392
8036,0.25904316
8037,0.41509005
8038,0.049057074
8039,0.23020284
8040,0.5020465
8041,0.2608053
8042,0.21028258
8043,0.6027653
8044,0.119307235
8045,0.4843398
8046,0.2280854
8047,0.3087442
8048,0.29724392
8049,0.48148417
8050,0.03296634
8051,0.01145172
8052,0.26671258
8053,0.20046645
8054,-0.15790458
8055,0.44023183
8056,0.20461278
8057,0.26361614
8058,-0.16038124
8059,0.12510093
8060,-0.002579654
8061,-0.08042279
8062,0.13123383
8063,0.057993248
8064,0.20835449
8065,0.15845722
8066,-0.2968531
8067,0.37805402
8068,0.3275902
8069,0.1506038
8070,-0.33006877
8071,0.12233436
8072,-0.58450156
8073,0.13734156
8074,-0.06518589
8075,0.36586455
8076,0.4014269
8077,0.17098187
8078,-0.092340074
8079,0.22283712
8080,0.26494414
8081,0.063758545
8082,-0.24146816
8083,0.29363105
8084,0.26671258
8085,0.063758545
8086,-0.23893696
8087,0.36605227
8088,0.20461278
8089,-0.06411165
8090,0.30295372
8091,0.19855593
8092,-0.3921006
8093,-0.12375156
8094,0.23456845
8095,0.2623315
8096,0.034626037
8097,0.42168805
8098,-0.13113214
8099,0.14790073
8100,0.020751286
8101,-0.05245035
8102,0.20977692
8103,0.2187415
8104,0.3924338
8105,0.31518495
8106,-0.31746393
8107,-0.05826496
8108,0.34046367
8109,0.12903568
8110,0.13944508
8111,0.18110903
8112,0.3781429
8113,-0.25505307
8114,0.24059571
8115,0.28681925
8116,0.3781429
8117,0.1714792
8118,0.14204971
8119,0.28975767
8120,0.5495795
8121,0.08774408
8122,0.374243
8123,0.34999987
8124,0.3552736
8125,-0.028190438
8126,0.20214626
8127,0.049349073
8128,0.37438023
8129,0.3139156
8130,0.20095605
8131,0.026850194
8132,0.49748424
8133,0.18154304
8134,0.18907537
8135,0.115618736
8136,0.48773888
8137,0.1310461
8138,0.2646777
8139,-0.11653409
8140,0.3866765
8141,-0.06260017
8142,-0.45803493
8143,-0.047197346
8144,0.5495795
8145,0.23057799
8146,0.5808836
8147,0.42467085
8148,0.18905038
8149,-0.051351953
8150,0.30078235
8151,0.20837146
8152,0.20867182
8153,-0.06518589
8154,0.1634118
8155,0.11962972
8156,0.37693134
8157,0.012701437
8158,0.3390595
8159,-0.12506177
8160,-0.28997394
8161,-0.053956337
8162,0.25035942
8163,0.2424642
8164,0.4359111
8165,0.17184384
8166,0.47203907
8167,-0.0255837
8168,0.38132423
8169,0.2564261
8170,-14.164499
8171,0.36417598
8172,0.51007915
8173,0.38974646
8174,-0.035683755
8175,0.1462808
8176,0.61608
8177,0.0022287085
8178,0.36405155
8179,0.34648472
8180,0.51007915
8181,0.24169235
8182,0.30810547
8183,0.50866884
8184,-0.47271857
8185,0.37954026
8186,0.38135898
8187,-0.04432416
8188,0.24169235
8189,0.48646358
8190,-0.13256353
8191,0.0057829088
8192,0.22207858
8193,0.24293251
8194,0.34884468
8195,0.3248844
8196,-0.07281502
8197,0.7354726
8198,0.24665199
8199,-0.37044758
8200,0.539636
8201,0.4824348
8202,-0.043226425
8203,-5.7946534
8204,0.33117044
8205,0.52814394
8206,0.31518495
8207,0.24665199
8208,0.38659024
8209,0.36606428
8210,0.6838233
8211,-0.38356942
8212,0.63687885
8213,0.3560768
8214,0.23500437
8215,0.7613147
8216,0.26862457
8217,0.044094674
8218,0.47911596
8219,0.2771096
8220,0.039728712
8221,0.21505095
8222,0.33900145
8223,-0.13113214
8224,0.34740263
8225,0.653305
8226,0.10118291
8227,0.43307176
8228,0.020751286
8229,-0.0933908
8230,0.28975767
8231,0.11087104
8232,0.066847466
8233,0.36040547
8234,0.10523307
8235,-0.73877877
8236,0.19174708
8237,0.08303428
8238,0.3880952
8239,-0.2848599
8240,0.026609812
8241,-0.08694515
8242,-0.54049057
8243,0.066016965
8244,0.18301299
8245,0.3140664
8246,0.30619392
8247,0.23258013
8248,0.41674608
8249,0.37467423
8250,0.38351166
8251,0.09161842
8252,-3.3410316
8253,0.2672896
8254,0.40506133
8255,0.056376915
8256,0.41426924
8257,0.0026201545
8258,0.18416196
8259,0.28477588
8260,0.3595122
8261,-0.1850394
8262,-0.237723
8263,0.48419923
8264,0.25082082
8265,0.41073048
8266,0.014187861
8267,0.15575683
8268,0.34005773
8269,-0.044691548
8270,0.30378082
8271,-1.9603392
8272,0.51060647
8273,0.30110103
8274,0.25921974
8275,-1.856293
8276,0.47203907
8277,0.33677378
8278,0.08521581
8279,0.4942908
8280,0.4855027
8281,0.35325918
8282,0.09429263
8283,-1.6392848
8284,0.47203907
8285,0.17271341
8286,0.0909302
8287,0.4080946
8288,-0.042440385
8289,0.36784145
8290,0.17872457
8291,0.19687133
8292,-0.6238439
8293,0.07701012
8294,0.17872457
8295,0.26273987
8296,0.22254594
8297,0.52528214
8298,-0.0066241706
8299,0.4197199
8300,-0.03634199
8301,0.20293316
8302,0.4197199
8303,0.2148922
8304,0.49573493
8305,0.18647803
8306,0.459193
8307,0.059647568
8308,0.4219971
8309,-0.007912055
8310,-0.31056207
8311,0.18734697
8312,0.34880608
8313,-0.76339334
8314,0.24313596
8315,0.0029572165
8316,0.5060595
8317,0.4820333
8318,0.23325986
8319,0.31691945
8320,0.47074866
8321,0.37653717
8322,0.07583473
8323,0.57582426
8324,0.013290381
8325,0.40777907
8326,-0.09042423
8327,0.017462637
8328,0.45596698
8329,-0.5929739
8330,0.30562845
8331,-0.06579244
8332,0.37103084
8333,-1.6235793
8334,0.7120451
8335,0.0009923251
8336,0.5005365
8337,0.13535589
8338,0.40291062
8339,0.16842505
8340,0.32344678
8341,0.44687217
8342,0.5003397
8343,0.17234477
8344,0.6133172
8345,0.72999734
8346,0.15603924
8347,0.45767304
8348,0.45750526
8349,0.47872576
8350,0.18271069
8351,0.6900576
8352,0.0151831275
8353,1.2092216
8354,0.34501725
8355,0.43248272
8356,0.47183076
8357,0.37438023
8358,0.20143907
8359,0.2608053
8360,0.0875016
8361,0.3171424
8362,-0.05853999
8363,0.19724365
8364,0.023462243
8365,-1.6951091
8366,-1.3550682
8367,0.28401455
8368,0.22045971
8369,0.73635423
8370,-0.3271846
8371,0.031223025
8372,0.3261355
8373,0.90212995
8374,-1.0422378
8375,-0.34668213
8376,-3.225787
8377,-0.026184164
8378,0.25419557
8379,-0.6126991
8380,-2.3044426
8381,-1.8443586
8382,-0.2199085
8383,-0.16569924
8384,0.49986508
8385,0.1300571
8386,0.39715055
8387,0.20832968
8388,0.63166374
8389,-1.3752528
8390,-0.20084438
8391,-0.43350217
8392,-1.6951091
8393,0.16990353
8394,0.2528207
8395,0.07289367
8396,-1.4264171
8397,-0.14696763
8398,-0.16786401
8399,-0.026902985
8400,1.4430828
8401,-0.47483042
8402,0.607544
8403,0.35803306
8404,-2.5684116
8405,0.40647092
8406,0.44790444
8407,0.37408692
8408,0.32781678
8409,0.4073629
8410,0.111036785
8411,0.40511045
8412,0.2534231
8413,0.5495795
8414,0.21277326
8415,0.098772354
8416,0.12182256
8417,0.5050403
8418,0.030973095
8419,-0.18956509
8420,-0.13382259
8421,0.6261165
8422,-0.094879106
8423,0.4760775
8424,-1.6298635
8425,0.3207687
8426,0.32442826
8427,0.30322054
8428,-0.95664734
8429,0.42328855
8430,-0.36805645
8431,0.39863646
8432,-0.22449638
8433,0.15305477
8434,0.21007846
8435,1.0410568
8436,0.2687676
8437,0.83366555
8438,0.1331729
8439,0.35393965
8440,0.45789436
8441,0.21444736
8442,0.31379086
8443,0.12662812
8444,0.13512903
8445,0.26266375
8446,0.48480466
8447,0.29099736
8448,0.3789979
8449,0.51711935
8450,-4.3035154
8451,0.16855676
8452,0.6251239
8453,0.2557027
8454,0.29721346
8455,0.49569494
8456,0.291631
8457,0.5042983
8458,-0.046010535
8459,0.29323155
8460,0.3904165
8461,0.05621625
8462,0.0843572
8463,0.30078188
8464,0.05027961
8465,0.1621319
8466,0.51467156
8467,-0.13035722
8468,0.2201079
8469,0.18934205
8470,0.16368072
8471,0.124723844
8472,0.60236526
8473,0.16407155
8474,-0.08011754
8475,0.51711935
8476,-0.039853558
8477,-0.15612411
8478,0.6737962
8479,-0.24073443
8480,-0.5249117
8481,0.46673492
8482,-0.92412037
8483,0.005536821
8484,0.42430001
8485,0.2862104
8486,-0.26154053
8487,0.27389303
8488,-0.016283564
8489,0.33401397
8490,0.47338638
8491,0.3261972
8492,0.49451566
8493,0.12155305
8494,0.59025204
8495,0.3390595
8496,0.2424642
8497,0.5021427
8498,0.35208708
8499,0.2006944
8500,0.5808836
8501,0.4874654
8502,-0.014639742
8503,0.51007915
8504,0.22868054
8505,0.33645236
8506,0.4247145
8507,0.43307176
8508,-0.1659492
8509,0.62528956
8510,0.63876307
8511,0.23134165
8512,0.52022934
8513,0.34767303
8514,0.17185436
8515,0.52022934
8516,0.4317468
8517,0.29714882
8518,-0.10285746
8519,0.29982206
8520,-0.0066395113
8521,0.2425672
8522,-0.614556
8523,0.25864413
8524,0.1977392
8525,0.35912284
8526,0.27096778
8527,0.23558752
8528,-0.07041598
8529,0.22254594
8530,-0.007073067
8531,0.19862284
8532,0.14807223
8533,0.19862284
8534,0.24060036
8535,0.172114
8536,0.11617623
8537,0.13271032
8538,0.3337431
8539,0.14807223
8540,0.2694406
8541,0.021417674
8542,0.3716711
8543,-0.019481588
8544,0.39864606
8545,0.058192585
8546,-0.07410589
8547,0.23558752
8548,-0.17495364
8549,0.025934253
8550,0.15619917
8551,0.2199575
8552,-0.07410589
8553,0.26278418
8554,0.3219206
8555,-0.041211504
8556,0.1831128
8557,0.17982082
8558,-0.09072741
8559,0.19724365
8560,0.27193448
8561,0.2309794
8562,0.19724365
8563,0.30199477
8564,0.16325799
8565,0.36569884
8566,0.4392653
8567,0.27490997
8568,0.33027658
8569,0.11011086
8570,0.2865066
8571,0.47595495
8572,0.3069275
8573,0.31588462
8574,0.34422097
8575,0.16731924
8576,-0.023237433
8577,0.31351572
8578,0.26494414
8579,0.16644068
8580,-0.23893696
8581,0.35386992
8582,0.5353962
8583,-1.0349112
8584,0.058742087
8585,0.2931082
8586,0.18905038
8587,-0.112402685
8588,0.40135136
8589,0.7347856
8590,0.35829088
8591,-0.07410589
8592,0.36972547
8593,-0.112402685
8594,0.3129855
8595,0.3207687
8596,0.18905038
8597,-0.2579881
8598,0.2931082
8599,0.2990032
8600,0.18905038
8601,-0.092340074
8602,0.26073372
8603,0.51868606
8604,0.16731924
8605,-0.06518589
8606,0.14488421
8607,0.25712514
8608,0.063758545
8609,-0.045337953
8610,0.3390595
8611,0.25828803
8612,0.06705132
8613,0.5988843
8614,0.014087158
8615,0.44573945
8616,0.12599948
8617,0.5494201
8618,0.14703268
8619,0.44075775
8620,-0.026238713
8621,0.46631524
8622,0.23435399
8623,0.2606321
8624,-0.09241785
8625,0.50557685
8626,0.41209808
8627,0.4140065
8628,0.20867182
8629,0.058742087
8630,0.21776083
8631,0.17848031
8632,-0.023797885
8633,-0.24146816
8634,0.13626164
8635,-5.369955
8636,0.40456504
8637,0.06762703
8638,0.27659842
8639,0.41392812
8640,0.3314601
8641,-0.108576894
8642,0.40833658
8643,0.7347856
8644,0.20046645
8645,-0.18839991
8646,0.36586455
8647,0.042659637
8648,0.16644068
8649,-0.112912275
8650,0.42596847
8651,-0.060546525
8652,0.027635766
8653,0.5494201
8654,0.18934205
8655,0.17661309
8656,-0.017000113
8657,0.5494201
8658,0.41122895
8659,0.2958213
8660,0.32354912
8661,0.6376503
8662,0.12729889
8663,0.40452963
8664,0.23751096
8665,0.6900427
8666,0.044094674
8667,0.3063156
8668,-0.15054668
8669,0.26862457
8670,-0.0097937435
8671,0.33411527
8672,-0.2114906
8673,0.14278196
8674,0.16644068
8675,-0.24146816
8676,-0.002985239
8677,0.18905038
8678,-0.36927587
8679,0.0872098
8680,0.17567323
8681,-0.06518589
8682,0.42072752
8683,0.16644068
8684,-0.112402685
8685,-0.01013688
8686,0.37584084
8687,-0.24146816
8688,0.0662176
8689,0.17581198
8690,-0.06518589
8691,0.33639917
8692,0.25309974
8693,-0.17251462
8694,-0.15247554
8695,0.5525004
8696,0.31225666
8697,0.21729796
8698,0.046681825
8699,0.47872576
8700,0.04346287
8701,0.06538282
8702,-0.09039907
8703,0.3207687
8704,0.117644556
8705,0.23613763
8706,0.029008165
8707,0.3125332
8708,0.17365551
8709,0.14917912
8710,0.007829948
8711,0.5495795
8712,0.12903568
8713,-0.049534176
8714,-0.20606443
8715,0.48773888
8716,0.18801169
8717,-0.049534176
8718,-0.4984185
8719,0.5512128
8720,0.09905554
8721,-0.038840096
8722,-0.52915555
8723,0.50599116
8724,0.3139156
8725,0.50846094
8726,-0.18872005
8727,0.2774412
8728,0.01612612
8729,0.17861338
8730,-0.048374232
8731,-0.0050958833
8732,-2.1135807
8733,0.04346287
8734,0.24288996
8735,0.18016839
8736,-0.013814876
8737,0.15932298
8738,0.385859
8739,0.121897414
8740,0.07844712
8741,0.15640938
8742,-0.32632494
8743,0.013779404
8744,-0.08082969
8745,0.14260238
8746,0.10856297
8747,0.19816133
8748,0.7355888
8749,0.012268024
8750,-0.08082969
8751,-1.2329222
8752,0.0066936193
8753,0.3139156
8754,0.2371505
8755,-0.5855978
8756,0.43799216
8757,0.25447637
8758,0.24288996
8759,-0.06113611
8760,0.353974
8761,0.3139156
8762,0.24059571
8763,-0.34660417
8764,0.52998453
8765,0.013779404
8766,0.23117243
8767,0.5021427
8768,0.22283712
8769,0.23630254
8770,0.17891237
8771,0.46631524
8772,-0.0016812463
8773,0.41226476
8774,0.17210062
8775,0.46631524
8776,0.049233563
8777,0.44902328
8778,0.18677838
8779,0.45517594
8780,0.40316832
8781,0.44902328
8782,0.10329682
8783,0.72314304
8784,0.19593565
8785,0.47594175
8786,0.17466623
8787,-0.08694515
8788,0.05743604
8789,0.36142123
8790,-0.041915964
8791,0.4039623
8792,0.24169235
8793,0.23630254
8794,0.34648472
8795,0.46631524
8796,0.48581648
8797,0.4021557
8798,0.17185436
8799,0.5988843
8800,0.09726141
8801,0.41226476
8802,0.2424642
8803,0.51007915
8804,0.61856145
8805,-0.020551473
8806,0.21547617
8807,0.38124228
8808,0.4025169
8809,-0.017726168
8810,0.027635766
8811,0.52022934
8812,0.37719592
8813,0.36399317
8814,0.29391876
8815,0.5988843
8816,0.3963621
8817,0.50172985
8818,0.17185436
8819,0.52022934
8820,0.35386992
8821,0.33853084
8822,0.060183752
8823,0.46631524
8824,0.37864137
8825,0.2348631
8826,0.19526692
8827,0.5221837
8828,0.45315245
8829,0.27370605
8830,0.5872609
8831,0.40249255
8832,0.41226476
8833,0.116035126
8834,0.51007915
8835,0.4283076
8836,0.2811762
8837,0.0034917502
8838,0.17259109
8839,0.651444
8840,0.3675425
8841,0.17210062
8842,0.46484315
8843,0.28975767
8844,0.47533783
8845,0.34058458
8846,-0.0696725
8847,0.29013494
8848,0.40452963
8849,-0.7038916
8850,0.34610844
8851,0.26604578
8852,-0.06259423
8853,-0.36552793
8854,0.32938537
8855,-0.07047551
8856,0.34546986
8857,0.2623315
8858,-0.1479979
8859,0.33337584
8860,0.3404822
8861,-0.10656131
8862,-5.7946534
8863,0.3779616
8864,0.23001225
8865,0.68069845
8866,0.85905045
8867,0.1839597
8868,-2.3509784
8869,0.24972992
8870,-0.42114383
8871,0.06399279
8872,0.024791662
8873,0.3248844
8874,0.20224018
8875,0.016281331
8876,0.24260859
8877,0.24665199
8878,0.4708185
8879,0.13076551
8880,0.87585026
8881,0.22313781
8882,0.25921974
8883,0.5968134
8884,0.047757052
8885,0.69586104
8886,0.2350118
8887,0.2746576
8888,0.14327614
8889,0.6376503
8890,0.49098402
8891,0.07140532
8892,0.17931442
8893,0.17518589
8894,0.25921974
8895,0.37746024
8896,0.2962062
8897,0.27629104
8898,0.14758815
8899,0.16209154
8900,0.15428522
8901,0.2623315
8902,0.28864938
8903,0.51702434
8904,-0.03568589
8905,0.3248844
8906,0.10118291
8907,-0.46692953
8908,0.8865139
8909,0.5159743
8910,-0.23459539
8911,0.30901095
8912,0.04436932
8913,0.22966565
8914,0.4353873
8915,-0.045557216
8916,0.24169235
8917,-0.04182565
8918,0.19826515
8919,0.22815655
8920,0.109631374
8921,0.25224316
8922,0.12621842
8923,0.48710856
8924,0.14255221
8925,-0.13512538
8926,0.6631949
8927,-0.25661403
8928,0.13915443
8929,0.28557694
8930,0.22566585
8931,0.39749715
8932,0.14043818
8933,-0.032062948
8934,0.1462808
8935,0.16475257
8936,0.38824162
8937,0.39586002
8938,0.26026598
8939,0.39435637
8940,0.25194797
8941,-0.3921006
8942,0.12870862
8943,0.26028767
8944,-0.26582736
8945,0.3422835
8946,0.094014466
8947,0.26028767
8948,0.559442
8949,0.87521785
8950,0.24451888
8951,0.26028767
8952,-0.21540023
8953,0.48419923
8954,0.28772554
8955,0.29313773
8956,-0.1611911
8957,0.4796453
8958,0.28772554
8959,0.082693025
8960,0.32354912
8961,-0.030006431
8962,0.25194797
8963,-0.045557216
8964,0.46209598
8965,0.33424285
8966,0.22860307
8967,0.17100148
8968,0.4942908
8969,0.15861997
8970,-0.0011978883
8971,-0.010321185
8972,0.47351378
8973,0.36651483
8974,0.25133905
8975,-0.14070508
8976,-1.8012246
8977,0.1589892
8978,0.4085622
8979,-0.20838857
8980,0.36704317
8981,-0.41331315
8982,0.039871857
8983,0.007323857
8984,0.41995743
8985,0.27427334
8986,0.3877673
8987,0.17960413
8988,0.4026546
8989,0.27173716
8990,0.28928205
8991,-0.020288538
8992,-1.9603392
8993,0.64909834
8994,0.27396342
8995,0.03146236
8996,0.87521785
8997,-0.014213455
8998,0.28796196
8999,-0.24924569
9000,-3.0957882
9001,0.05343531
9002,0.34810147
9003,0.026523478
9004,0.4942908
9005,0.2720364
9006,0.28796196
9007,0.21360841
9008,-2.2431605
9009,0.4855027
9010,0.29313773
9011,0.16535383
9012,0.87521785
9013,0.094014466
9014,0.28928205
9015,0.26386547
9016,1.0208119
9017,0.24068354
9018,0.26028767
9019,0.10206858
9020,-2.957698
9021,0.25426483
9022,0.47516233
9023,0.2740785
9024,0.48466614
9025,0.29830632
9026,0.563642
9027,0.39678016
9028,0.22254594
9029,0.49732614
9030,0.12333865
9031,0.39012146
9032,-0.08074098
9033,0.23020284
9034,0.5207967
9035,0.24671161
9036,0.22296445
9037,-0.019172322
9038,0.32625136
9039,0.2179064
9040,0.4021759
9041,-0.18130054
9042,0.3977709
9043,0.25456354
9044,0.3447759
9045,0.12814091
9046,0.23058133
9047,0.22281685
9048,0.4549541
9049,-0.019813579
9050,0.4043451
9051,0.23470712
9052,0.4820333
9053,0.20328961
9054,0.34749332
9055,0.22979254
9056,0.27389303
9057,0.20461278
9058,0.342488
9059,0.20040986
9060,0.3447759
9061,0.3781429
9062,0.21764266
9063,0.23913522
9064,0.4283076
9065,0.070022374
9066,0.29323155
9067,0.34973562
9068,0.51613575
9069,-0.0002328814
9070,0.26321322
9071,0.20688638
9072,0.30911434
9073,0.25828803
9074,0.3208874
9075,0.4096865
9076,-0.023238637
9077,0.30035007
9078,0.16245104
9079,0.2791898
9080,0.42608243
9081,-0.19840169
9082,0.17022009
9083,0.27100006
9084,-0.41456097
9085,-0.3801861
9086,0.14190063
9087,0.27389303
9088,-0.16917834
9089,0.20657606
9090,0.2274778
9091,0.63938934
9092,-0.7297836
9093,0.1839216
9094,0.17436345
9095,0.45189735
9096,0.18856263
9097,0.2306212
9098,0.25529626
9099,0.27389303
9100,-0.29351744
9101,0.3665253
9102,0.20040986
9103,0.27389303
9104,-0.18652333
9105,0.28995076
9106,-0.19829862
9107,0.4021759
9108,0.04606801
9109,0.19724365
9110,0.5813342
9111,0.4802753
9112,-1.3062546
9113,0.2464728
9114,0.30010188
9115,0.9820909
9116,-1.5946405
9117,0.19724365
9118,-0.38356942
9119,0.7672935
9120,0.17982082
9121,0.23582743
9122,-2.5684116
9123,-0.11397729
9124,0.28770918
9125,0.20143907
9126,-1.8057102
9127,-0.18358044
9128,0.029180437
9129,0.28919283
9130,-2.9701245
9131,-1.7229708
9132,0.2350118
9133,-1.6951091
9134,-0.7254094
9135,0.2046968
9136,-1.6951091
9137,-0.33462062
9138,0.08072556
9139,0.65518486
9140,-0.3032041
9141,0.4961333
9142,0.2774669
9143,0.73471665
9144,0.13326445
9145,0.34011716
9146,0.048328195
9147,-3.401836
9148,-7.4281898
9149,0.30853096
9150,0.3454485
9151,1.1631169
9152,-0.4943485
9153,0.27715737
9154,0.04324007
9155,-5.746708
9156,-1.2184932
9157,0.47166878
9158,0.08546026
9159,-1.735888
9160,-0.4505114
9161,0.26321322
9162,0.23582743
9163,-2.6724346
9164,-3.8486454
9165,0.123029165
9166,0.070194
9167,0.52775943
9168,-1.9534023
9169,0.1462808
9170,0.28466985
9171,0.5926738
9172,-1.1831082
9173,0.19724365
9174,0.56630206
9175,0.42860234
9176,-3.268638
9177,0.21234089
9178,-0.17223732
9179,1.3591006
9180,-2.1717088
9181,0.28304508
9182,0.3302972
9183,0.4549541
9184,0.25385517
9185,0.294316
9186,0.36586455
9187,0.26145098
9188,0.38867489
9189,0.4283076
9190,0.3037711
9191,0.3221254
9192,0.36586455
9193,0.19779629
9194,0.24368604
9195,0.34999987
9196,0.29467604
9197,0.4160002
9198,0.34999987
9199,0.30641258
9200,0.22534026
9201,0.6202153
9202,0.0705972
9203,0.36548343
9204,0.2688256
9205,0.29059434
9206,0.03199693
9207,0.28074476
9208,-0.023169216
9209,0.37630832
9210,0.36090624
9211,0.31362787
9212,0.42016217
9213,0.056480113
9214,0.38866952
9215,0.40688214
9216,0.2621466
9217,0.5221837
9218,0.44790444
9219,0.14121939
9220,0.36548343
9221,0.3525636
9222,-0.4574445
9223,0.35393965
9224,0.526495
9225,-0.05080173
9226,0.44047132
9227,0.5221451
9228,0.2931943
9229,0.44047132
9230,0.6404323
9231,0.122498415
9232,0.1603405
9233,0.51298547
9234,0.2688256
9235,-0.46122366
9236,0.16822137
9237,0.4073629
9238,0.24981119
9239,0.32869506
9240,0.32746753
9241,0.14382176
9242,0.32087207
9243,0.37630832
9244,0.02651259
9245,0.20667426
9246,0.40511045
9247,0.526495
9248,0.15513712
9249,0.2817237
9250,0.24665026
9251,-0.05085968
9252,0.24708138
9253,0.29111943
9254,0.55151266
9255,0.3160213
9256,0.1859853
9257,0.24665026
9258,0.1977392
9259,0.42315182
9260,0.17982082
9261,-0.16485026
9262,0.42315182
9263,0.29323155
9264,-0.03674269
9265,0.39461663
9266,0.069376454
9267,0.2216392
9268,0.101998486
9269,0.4874654
9270,0.13236691
9271,-0.041211504
9272,0.21028258
9273,-0.37241012
9274,0.2435754
9275,0.41717163
9276,0.5126905
9277,0.43343315
9278,0.2739989
9279,0.33695844
9280,-0.017847441
9281,0.35892847
9282,0.20247035
9283,0.14241646
9284,-0.051351953
9285,0.23678118
9286,0.37862813
9287,0.165152
9288,-0.06518589
9289,0.3810469
9290,0.22652236
9291,0.1506038
9292,-0.520165
9293,-0.15747632
9294,0.40183854
9295,0.063758545
9296,-0.20849063
9297,0.11670987
9298,0.22652236
9299,0.14241646
9300,-0.06518589
9301,0.2931082
9302,0.20837146
9303,0.58236206
9304,0.6360341
9305,0.19220018
9306,0.37086684
9307,0.48592734
9308,0.16626391
9309,0.14284468
9310,-0.045337953
9311,0.05087627
9312,-0.12378143
9313,0.4634157
9314,-0.039407436
9315,0.40850535
9316,0.28895715
9317,0.3560768
9318,0.4566906
9319,0.34058458
9320,0.32603976
9321,0.4913907
9322,-0.040478937
9323,0.653305
9324,-1.0301604
9325,0.24044794
9326,-0.6189221
9327,0.12296425
9328,-0.023237433
9329,0.07693616
9330,0.23527357
9331,0.037349906
9332,-0.23925282
9333,0.026005533
9334,0.013779404
9335,0.09804454
9336,0.51566005
9337,0.18154304
9338,-0.000424203
9339,0.36142123
9340,0.06713426
9341,0.0673116
9342,0.011148794
9343,0.3207687
9344,-0.8437909
9345,-0.017463349
9346,-0.021386236
9347,-0.4796875
9348,-0.1766408
9349,0.1727097
9350,-0.1480386
9351,0.15669495
9352,0.06683023
9353,-0.5292069
9354,0.29188883
9355,0.2099292
9356,0.06683023
9357,-1.1729532
9358,0.3083888
9359,-0.14729813
9360,0.34557456
9361,0.09711065
9362,0.73691934
9363,0.020751286
9364,-0.41811836
9365,0.3129855
9366,0.44713548
9367,0.4140065
9368,0.55142236
9369,0.36672702
9370,0.48773888
9371,0.165152
9372,0.109020755
9373,0.30195087
9374,0.29265645
9375,0.1969355
9376,-0.16038124
9377,0.15697053
9378,0.23109055
9379,0.2643913
9380,-0.06518589
9381,0.14173317
9382,0.43764615
9383,0.165152
9384,-0.50506717
9385,0.21385545
9386,0.21814485
9387,0.23134165
9388,0.40647092
9389,0.62300414
9390,-0.0088737365
9391,0.03160541
9392,0.46631524
9393,0.24169235
9394,0.27565506
9395,-0.08495185
9396,0.38056847
9397,0.13705994
9398,-0.27082717
9399,-0.0550813
9400,0.41902223
9401,0.070541844
9402,-22.067081
9403,0.06459661
9404,0.5494201
9405,0.36606428
9406,0.25712514
9407,0.3248844
9408,0.8370838
9409,0.74937403
9410,-0.7508473
9411,-0.044488367
9412,-0.1908192
9413,0.2975947
9414,-0.020808958
9415,0.684208
9416,0.38659024
9417,0.5164864
9418,0.28186685
9419,0.5318172
9420,0.46296927
9421,0.2865115
9422,-0.18211901
9423,0.37954026
9424,0.30154598
9425,0.37778857
9426,0.35067424
9427,0.51120716
9428,0.23924777
9429,0.36272234
9430,0.55465114
9431,0.37778857
9432,0.27161744
9433,0.40144715
9434,-0.09887904
9435,0.36383542
9436,0.3248844
9437,-0.2286669
9438,0.29149103
9439,0.2623315
9440,-0.51836526
9441,0.34513173
9442,0.24044794
9443,0.0015413282
9444,0.5270611
9445,0.26604578
9446,-0.49079925
9447,0.032027055
9448,0.020751286
9449,-0.21967046
9450,0.36815453
9451,0.4545597
9452,-1.7014365
9453,-0.010638681
9454,-0.26473725
9455,0.20214626
9456,0.38532317
9457,0.10788326
9458,0.21984158
9459,0.25547847
9460,-0.22475846
9461,0.3215531
9462,0.21310371
9463,-0.19430678
9464,0.24365127
9465,0.057520874
9466,0.3175322
9467,0.17243232
9468,-0.47411627
9469,-1.8012246
9470,0.341043
9471,-0.092333585
9472,0.2350118
9473,0.15575683
9474,0.25069463
9475,0.28796196
9476,-0.20084251
9477,0.61428547
9478,0.26756454
9479,0.04830383
9480,-0.10502415
9481,0.48419923
9482,0.26756454
9483,0.28358707
9484,-0.24094772
9485,-2.0364444
9486,0.33424285
9487,0.40907606
9488,0.24955955
9489,-1.8012246
9490,0.5116179
9491,0.05144598
9492,0.27191523
9493,0.44622627
9494,0.32425052
9495,-0.02413369
9496,-1.6684731
9497,0.24665199
9498,0.30378082
9499,-1.907425
9500,0.30323237
9501,0.118527554
9502,-0.0097937435
9503,-1.8538686
9504,0.094014466
9505,0.13858406
9506,0.05466725
9507,1.0423473
9508,0.28772554
9509,0.25502387
9510,-0.02413369
9511,0.47351378
9512,0.094014466
9513,0.23020284
9514,-0.117797226
9515,0.28583255
9516,0.3973762
9517,0.23020284
9518,0.28561944
9519,0.24955955
9520,0.14746305
9521,0.24955955
9522,0.22725238
9523,0.65681654
9524,-0.030782629
9525,0.43325529
9526,-0.07982081
9527,0.6102453
9528,0.1033777
9529,0.3845913
9530,0.15117031
9531,0.26607436
9532,0.0029572165
9533,0.436717
9534,0.28256643
9535,0.24249245
9536,0.2682478
9537,0.29485628
9538,-0.4389779
9539,0.3162835
9540,0.07128988
9541,0.128698
9542,0.4723259
9543,0.2306212
9544,0.36376294
9545,0.27389303
9546,0.044357184
9547,0.37653717
9548,0.40993154
9549,0.42701313
9550,0.03992674
9551,0.4392653
9552,0.44366878
9553,-0.4524153
9554,0.44417956
9555,-1.0001774
9556,0.37695068
9557,-0.04641018
9558,0.36789134
9559,-0.37924236
9560,0.41883042
9561,-0.12951434
9562,0.42834064
9563,0.145306
9564,-0.8651059
9565,-0.4729484
9566,0.36159426
9567,-0.8166219
9568,0.5097805
9569,0.24121052
9570,0.48113367
9571,0.34059724
9572,0.28009185
9573,0.4015575
9574,0.6387963
9575,0.19617853
9576,0.040320307
9577,0.62873304
9578,0.39890477
9579,0.2266725
9580,0.4015575
9581,-0.296129
9582,0.17437556
9583,-0.39070976
9584,0.19724365
9585,0.3162835
9586,0.3957596
9587,0.15873219
9588,-0.3056743
9589,-0.31684774
9590,0.30000862
9591,-3.1935725
9592,0.27762386
9593,-0.015984096
9594,0.5009706
9595,-2.0140429
9596,0.28770918
9597,0.06850651
9598,0.7837778
9599,-0.3032041
9600,0.17676604
9601,-0.6499681
9602,0.6358477
9603,-0.48775846
9604,0.21555756
9605,-0.42535412
9606,-1.6951091
9607,-7.202163
9608,0.63217753
9609,0.30373308
9610,-2.3655903
9611,-0.18024953
9612,0.29937366
9613,-0.38356942
9614,-1.4264171
9615,-0.008054787
9616,0.31701598
9617,0.0005120435
9618,0.63166374
9619,-3.0547974
9620,0.1193878
9621,0.5024644
9622,-2.0953434
9623,-1.011061
9624,0.19724365
9625,-0.3921006
9626,-2.5684116
9627,-0.13256086
9628,0.36765873
9629,0.045201097
9630,-1.6951091
9631,0.033625577
9632,0.40511045
9633,0.24730569
9634,-0.040367525
9635,0.45139268
9636,0.24730569
9637,0.1445092
9638,0.15346503
9639,0.26104882
9640,0.28868568
9641,-0.042001795
9642,0.5441602
9643,-0.3799581
9644,0.16445462
9645,0.28627875
9646,0.20059252
9647,0.4072755
9648,0.29170045
9649,-0.30209917
9650,0.59719414
9651,0.13423397
9652,0.07608183
9653,-0.6199344
9654,0.3504494
9655,0.08777348
9656,0.16430423
9657,0.13889275
9658,0.36142123
9659,0.2968046
9660,-1.565368
9661,0.7347856
9662,0.11889646
9663,0.3031555
9664,0.40753213
9665,0.11610669
9666,0.8537457
9667,0.11765327
9668,0.086665444
9669,-0.100268334
9670,0.11658616
9671,-0.040367525
9672,0.25523677
9673,0.27659842
9674,0.33657038
9675,0.50323045
9676,0.36672702
9677,0.27316806
9678,0.29586366
9679,0.27389303
9680,0.3367912
9681,-0.03190135
9682,0.036665957
9683,0.55685574
9684,0.24345653
9685,0.16475257
9686,0.3900914
9687,0.51613575
9688,-0.30654913
9689,0.1831128
9690,0.35894445
9691,0.62613577
9692,0.12109631
9693,0.2306212
9694,-0.4589018
9695,0.44948187
9696,-0.03866402
9697,0.33752483
9698,0.26777828
9699,0.37927842
9700,0.661397
9701,-0.268509
9702,-0.14929895
9703,0.5433256
9704,0.026025541
9705,-0.15612411
9706,-0.4694743
9707,0.40777907
9708,0.16895808
9709,0.04950449
9710,-0.4036808
9711,-0.2853451
9712,0.6419292
9713,0.061785594
9714,0.32966217
9715,0.41352794
9716,0.25856838
9717,0.47718605
9718,-0.2254671
9719,0.18677838
9720,0.4359111
9721,0.4874654
9722,0.10416281
9723,0.61608
9724,0.40249255
9725,-0.085509114
9726,-0.5726694
9727,-0.37187284
9728,0.59025204
9729,0.15745157
9730,0.20795143
9731,0.5988843
9732,0.41660485
9733,0.09836954
9734,0.4359111
9735,0.13216503
9736,-0.017506775
9737,-0.040239517
9738,0.3026712
9739,0.37868994
9740,-0.27464598
9741,0.5325333
9742,0.07233131
9743,0.24810739
9744,0.08317252
9745,0.30257028
9746,0.007272663
9747,0.47012872
9748,0.15091524
9749,0.19862284
9750,0.09334753
9751,0.2694406
9752,0.14807223
9753,-0.05773034
9754,0.30257028
9755,0.13129613
9756,0.30257028
9757,0.25600547
9758,0.2694406
9759,0.28192523
9760,0.23577563
9761,0.40813258
9762,-0.0017159544
9763,0.30257028
9764,0.23913522
9765,0.39848834
9766,0.1977392
9767,0.075275764
9768,0.16475257
9769,0.29391876
9770,-0.041211504
9771,0.09143006
9772,0.19375268
9773,-0.008932788
9774,0.004051783
9775,0.352016
9776,0.25529626
9777,0.24623308
9778,0.08331548
9779,0.3217672
9780,-0.25462356
9781,0.05027961
9782,0.19686647
9783,0.19003348
9784,0.3939631
9785,0.10533151
9786,0.33777672
9787,0.5867561
9788,0.27845684
9789,0.3318698
9790,0.19797185
9791,0.063758545
9792,-0.11495025
9793,0.36586455
9794,0.3207687
9795,0.07032633
9796,0.13374864
9797,0.3412785
9798,0.37612194
9799,0.11025637
9800,-0.23893696
9801,0.15108673
9802,0.17717178
9803,0.17227006
9804,0.022234485
9805,0.3129855
9806,0.49748424
9807,0.17567323
9808,-0.007841812
9809,0.39461663
9810,0.5335161
9811,0.20046645
9812,-0.049534176
9813,0.49652562
9814,0.5525004
9815,0.25415775
9816,-0.112402685
9817,0.4777543
9818,0.3151701
9819,0.4634157
9820,-0.19571489
9821,0.14488421
9822,0.3781429
9823,0.165152
9824,-0.16038124
9825,0.46434152
9826,0.40183854
9827,0.14516427
9828,-0.06518589
9829,0.24107039
9830,0.3348729
9831,0.20785832
9832,0.61608
9833,0.29334253
9834,0.24012132
9835,0.2424642
9836,0.53238434
9837,0.36606428
9838,0.17858873
9839,-0.037148397
9840,0.41721603
9841,0.41223282
9842,0.19543609
9843,0.46631524
9844,0.049760975
9845,0.4140065
9846,0.20601061
9847,-0.06518589
9848,0.4734767
9849,0.36791548
9850,-0.00765221
9851,0.013118392
9852,0.4628858
9853,0.26671258
9854,0.20601061
9855,-0.0050958833
9856,0.11078722
9857,0.3961507
9858,0.17567323
9859,0.11418375
9860,0.14488421
9861,0.2341914
9862,0.18905038
9863,-0.046376847
9864,0.36586455
9865,0.34955013
9866,0.16407155
9867,0.5988843
9868,0.42596847
9869,0.38288924
9870,0.17567323
9871,0.073968515
9872,0.15108673
9873,0.26671258
9874,0.45093393
9875,0.61125845
9876,0.36586455
9877,0.16644068
9878,-0.017000113
9879,0.48071146
9880,0.31808063
9881,0.5283172
9882,0.044094674
9883,0.29870945
9884,0.20006879
9885,0.34058458
9886,0.16753541
9887,0.24044794
9888,0.14808561
9889,0.26604578
9890,-0.21540023
9891,0.43748492
9892,0.052079648
9893,-0.07370739
9894,0.34447002
9895,-0.06518589
9896,0.341736
9897,0.16644068
9898,0.073968515
9899,0.18198308
9900,0.12361871
9901,-0.007841812
9902,0.24300797
9903,0.14970547
9904,-0.007841812
9905,0.14913988
9906,0.16644068
9907,-0.06518589
9908,-0.058163095
9909,0.18905038
9910,-0.2114906
9911,0.3230015
9912,0.18905038
9913,-0.2579881
9914,0.3230015
9915,0.10523307
9916,-0.08256348
9917,0.29037005
9918,0.5733971
9919,0.017794486
9920,0.30084857
9921,-0.021386236
9922,0.09208368
9923,0.12433829
9924,0.24325196
9925,0.44611156
9926,0.1891753
9927,0.06538282
9928,0.12175218
9929,0.36142123
9930,0.020751286
9931,0.13304153
9932,-0.021386236
9933,0.41392812
9934,0.12903568
9935,0.23510997
9936,-0.22704834
9937,0.68005645
9938,0.013779404
9939,0.10513585
9940,0.11421192
9941,0.3781429
9942,-0.034475643
9943,0.25272354
9944,-0.4007633
9945,0.6261165
9946,0.013779404
9947,0.23227082
9948,0.11087104
9949,0.10856297
9950,0.12562291
9951,0.22909957
9952,-0.04331866
9953,-0.013495898
9954,0.020751286
9955,0.20299967
9956,-0.17694192
9957,0.1714792
9958,0.10603793
9959,0.1891753
9960,0.6528894
9961,0.12903568
9962,0.3819701
9963,0.15640938
9964,0.2462176
9965,-0.32543108
9966,-0.2579881
9967,0.14260238
9968,0.054783918
9969,0.15640938
9970,0.016517058
9971,0.1303838
9972,0.3139156
9973,0.10856297
9974,0.029967237
9975,0.12903568
9976,-0.19571489
9977,0.22633232
9978,0.1714792
9979,-2.6175792
9980,0.077842504
9981,0.5489536
9982,0.29354095
9983,0.18858543
9984,0.27230865
9985,0.23109055
9986,-0.2520591
9987,0.17185436
9988,0.38132423
9989,0.36606428
9990,0.49351847
9991,0.17185436
9992,0.40939078
9993,0.24433456
9994,0.2811762
9995,0.17982082
9996,0.40647092
9997,0.28975767
9998,0.28920788
9999,0.17503339
10000,0.51007915
10001,0.3390595
10002,0.2811762
10003,0.12599948
10004,0.61608
10005,0.28975767
10006,0.36791548
10007,0.12599948
10008,0.51007915
10009,0.40316832
10010,0.40218106
10011,0.2424642
10012,0.36784145
10013,0.1365649
10014,0.24451888
10015,0.41496673
10016,0.36784145
10017,0.37683532
10018,0.48434287
10019,0.29391876
10020,0.49732614
10021,0.40316832
10022,0.4744218
10023,0.1462808
10024,0.46631524
10025,0.41226476
10026,0.019261546
10027,0.4359111
10028,0.35067424
10029,0.2209017
10030,0.13270639
10031,0.46631524
10032,0.46466526
10033,0.418713
10034,0.17185436
10035,0.50557685
10036,0.40316832
10037,0.36399317
10038,0.16209975
10039,0.53238434
10040,0.47495618
10041,0.18264408
10042,0.27370605
10043,0.52022934
10044,0.36606428
10045,0.27430686
10046,-0.049009103
10047,0.50557685
10048,-0.026234135
10049,0.49124297
10050,0.24650092
10051,0.5988843
10052,0.36672702
10053,0.27745566
10054,0.038763903
10055,0.46631524
10056,0.22868054
10057,0.41226476
10058,0.23403339
10059,0.31319767
10060,0.18934205
10061,-0.1906051
10062,0.17185436
10063,0.46631524
10064,-5.1239367
10065,0.17854907
10066,0.6900427
10067,-1.3478123
10068,0.71005094
10069,0.4179438
10070,-0.23147042
10071,-0.060335834
10072,0.33282885
10073,-0.7231354
10074,0.5077488
10075,0.653305
10076,0.010044356
10077,0.28975767
10078,0.26862457
10079,0.10118291
10080,0.45938516
10081,0.3248844
10082,0.04593705
10083,-6.1846533
10084,0.26604578
10085,-0.045557216
10086,0.6654746
10087,0.33472937
10088,0.0034168782
10089,0.24718894
10090,0.4870683
10091,0.43459
10092,0.24514201
10093,0.014465966
10094,0.24044794
10095,0.28864938
10096,-0.06259362
10097,0.1573545
10098,0.3248844
10099,0.40585572
10100,0.22037135
10101,0.4479527
10102,0.3248844
10103,0.16057429
10104,0.52932686
10105,0.046243984
10106,0.32938537
10107,-0.6022778
10108,0.5823401
10109,0.012391408
10110,0.2623315
10111,0.14758815
10112,0.5766561
10113,0.2312953
10114,0.5106738
10115,0.014037506
10116,0.51452523
10117,0.24665199
10118,0.34545794
10119,0.41399673
10120,0.2312953
10121,0.31908202
10122,0.2350118
10123,0.65919083
10124,0.2825
10125,0.6900427
10126,0.28170496
10127,0.04767674
10128,0.51106405
10129,0.4810449
10130,0.43784776
10131,-0.045703895
10132,-0.20838857
10133,0.18477485
10134,0.82026494
10135,-0.045557216
10136,0.4255137
10137,0.23724453
10138,0.41767514
10139,0.18213756
10140,0.40536383
10141,0.2630114
10142,0.24072485
10143,0.24163736
10144,0.09135313
10145,0.3443008
10146,0.20733449
10147,0.38253134
10148,-1.389363
10149,0.45744303
10150,0.41982856
10151,0.20013724
10152,0.33782476
10153,0.2595399
10154,0.42736772
10155,0.2425672
10156,0.097958595
10157,0.25864413
10158,0.4245847
10159,0.4245847
10160,0.42127672
10161,0.40643558
10162,0.3208874
10163,0.19855593
10164,-0.045557216
10165,0.19536832
10166,0.4855027
10167,0.24972992
10168,0.016614445
10169,0.4726378
10170,0.10871033
10171,0.19680125
10172,0.0022586873
10173,1.0705795
10174,0.5557591
10175,0.26028767
10176,-0.07987979
10177,0.6047276
10178,0.4855027
10179,0.29313773
10180,-0.14070508
10181,0.29093847
10182,0.094014466
10183,0.26028767
10184,0.04902281
10185,0.7393244
10186,0.26756454
10187,0.28358707
10188,0.014187861
10189,0.27291307
10190,-0.49766126
10191,0.23503795
10192,-0.17223732
10193,-1.6684731
10194,0.43017
10195,0.34471816
10196,-0.2018468
10197,-1.8440627
10198,0.27471665
10199,0.16483489
10200,0.4930806
10201,-2.1719525
10202,0.19653995
10203,0.40696138
10204,-0.21556048
10205,-2.1155314
10206,0.007274025
10207,0.37528652
10208,0.18523702
10209,0.15861997
10210,0.3271789
10211,0.20697525
10212,0.30239314
10213,0.29437178
10214,0.19855593
10215,-0.24613589
10216,0.6830287
10217,0.36651483
10218,0.2771096
10219,-1.0313485
10220,0.15575683
10221,0.29976746
10222,-0.35772756
10223,-0.1611911
10224,-2.1460044
10225,0.4855027
10226,0.40696138
10227,-0.1611911
10228,0.4080946
10229,0.50395614
10230,0.33620661
10231,0.0044310703
10232,1.1623139
10233,0.11689584
10234,0.19855593
10235,0.19542842
10236,0.31425595
10237,0.28277978
10238,-0.8185389
10239,-0.007059347
10240,-2.07042
10241,0.029001188
10242,0.26028767
10243,0.20938316
10244,0.41941613
10245,0.36186516
10246,0.26604578
10247,0.10206858
10248,-2.2344024
10249,0.25426483
10250,0.47516233
10251,0.32046083
10252,0.5088981
10253,0.19903521
10254,0.47516233
10255,0.20591451
10256,0.6203379
10257,0.5175241
10258,-0.043357555
10259,0.15428063
10260,0.14746305
10261,0.19663732
10262,0.1839216
10263,0.29703507
10264,0.529312
10265,0.24038912
10266,0.31067762
10267,0.15204123
10268,0.47074866
10269,0.37612194
10270,0.30199477
10271,0.2121769
10272,0.3447759
10273,0.20059252
10274,0.20659074
10275,0.28668103
10276,0.4820333
10277,0.20837146
10278,0.27337068
10279,0.09193558
10280,0.37864137
10281,0.19128524
10282,-0.051101446
10283,0.51711935
10284,0.33561397
10285,-0.3069215
10286,0.60236526
10287,0.36651775
10288,0.44188628
10289,0.30195087
10290,-0.10509714
10291,0.25856838
10292,0.368572
10293,0.52230644
10294,0.05492741
10295,0.38285616
10296,0.0030676946
10297,-0.69793063
10298,0.21574809
10299,0.47277978
10300,0.30035007
10301,0.06449197
10302,-0.008012742
10303,-0.16935
10304,0.33933693
10305,-0.43294263
10306,0.1868548
10307,0.25406894
10308,0.4549541
10309,-0.25289387
10310,0.26678675
10311,-0.08557298
10312,0.49337858
10313,0.3665253
10314,0.24532978
10315,0.38547868
10316,0.31674302
10317,0.13236691
10318,0.31442416
10319,-0.31847987
10320,0.27389303
10321,0.28215173
10322,0.4091785
10323,-0.26262003
10324,0.38591006
10325,0.39864606
10326,0.31672516
10327,1.2090377
10328,-0.55917
10329,-0.023762971
10330,0.10118291
10331,-3.2665315
10332,-1.9056573
10333,0.3026712
10334,-0.09862788
10335,-2.5618336
10336,-0.4651155
10337,0.11651177
10338,0.23582743
10339,0.55000764
10340,-0.88990664
10341,0.038763903
10342,0.38968468
10343,1.1631169
10344,0.078799725
10345,0.23577563
10346,0.2350118
10347,0.7375537
10348,-0.41630426
10349,0.17982082
10350,0.14758815
10351,-2.5684116
10352,-0.19138198
10353,-0.15054668
10354,0.88131166
10355,0.047735568
10356,0.20753907
10357,0.3472962
10358,-0.3032041
10359,0.08900619
10360,0.37886062
10361,0.66140354
10362,-0.57950675
10363,0.43384847
10364,0.103060536
10365,1.1459961
10366,-0.72602314
10367,0.3219206
10368,0.286592
10369,-1.6951091
10370,-0.84316504
10371,0.12558593
10372,0.19141163
10373,-2.5684116
10374,-1.5926394
10375,0.29714882
10376,-0.3921006
10377,1.0111973
10378,-0.11397729
10379,-0.26994404
10380,0.04436932
10381,0.88131166
10382,-2.1961608
10383,0.28770918
10384,-0.16188897
10385,-2.5684116
10386,-0.43480262
10387,0.25413486
10388,-0.18163781
10389,0.88131166
10390,-0.06447069
10391,0.28770918
10392,0.20557676
10393,0.7522755
10394,-0.41555607
10395,0.27743635
10396,0.19687133
10397,0.7375537
10398,-1.7116054
10399,-0.100235246
10400,0.92859155
10401,0.35066175
10402,0.1199731
10403,0.25494215
10404,0.38974646
10405,0.31264216
10406,0.50756824
10407,0.28975767
10408,0.19705278
10409,0.3221254
10410,0.36586455
10411,0.20111737
10412,0.21100381
10413,0.46525785
10414,-0.17941287
10415,0.31187996
10416,-0.4078066
10417,0.22240746
10418,0.46281052
10419,0.14111476
10420,0.2772987
10421,0.31949693
10422,-0.27831817
10423,0.5021427
10424,0.526495
10425,-0.050147273
10426,0.3048472
10427,0.31323323
10428,0.37542635
10429,-0.19718105
10430,0.11092062
10431,0.2815545
10432,0.47911596
10433,0.27325624
10434,0.25746006
10435,0.31158027
10436,0.07334308
10437,0.4359111
10438,-0.26069874
10439,0.3706081
10440,0.30322054
10441,0.12405521
10442,0.80318415
10443,0.3069275
10444,0.5221451
10445,0.2918117
10446,-0.122492515
10447,0.31949693
10448,0.24098419
10449,0.26857033
10450,0.5613413
10451,-0.13798907
10452,0.42834064
10453,0.23845352
10454,0.25902435
10455,0.32880673
10456,0.12405521
10457,0.07334308
10458,0.4402726
10459,0.44790444
10460,-0.19789654
10461,0.2815545
10462,0.21483599
10463,0.18229194
10464,0.26481664
10465,0.39954805
10466,0.31949693
10467,0.18282422
10468,0.39954805
10469,0.36040547
10470,0.27337068
10471,0.2900754
10472,0.36451703
10473,0.43890992
10474,0.32781678
10475,0.5221451
10476,0.080048434
10477,0.41509005
10478,0.020991094
10479,-0.18548466
10480,0.031047642
10481,-0.03649862
10482,0.26273987
10483,0.48550662
10484,0.11651177
10485,0.6152523
10486,0.11651177
10487,0.17960413
10488,0.4757284
10489,0.2199575
10490,-0.15523154
10491,0.26941642
10492,0.37004763
10493,0.31540182
10494,-0.010133449
10495,-0.022228353
10496,0.32895732
10497,0.475012
10498,0.18522993
10499,-0.2796833
10500,0.343862
10501,-0.005263087
10502,0.37567374
10503,0.26361614
10504,0.07584392
10505,-0.120071195
10506,0.24330884
10507,-0.12506177
10508,-0.21251185
10509,-0.186142
10510,0.38639912
10511,-0.040594906
10512,-0.007841812
10513,0.36605227
10514,0.18787582
10515,-0.028507654
10516,-0.06825534
10517,0.36407012
10518,-0.039163735
10519,0.22863771
10520,0.28029254
10521,0.29280823
10522,0.20435788
10523,0.75626343
10524,0.39461663
10525,0.2745268
10526,0.28935388
10527,0.68119645
10528,0.26830336
10529,0.47077933
10530,0.07701012
10531,-0.04281889
10532,0.07130439
10533,0.2613126
10534,-0.045557216
10535,-0.07532016
10536,0.7375828
10537,0.1721216
10538,0.34786004
10539,0.13074636
10540,0.38164863
10541,0.22283712
10542,0.30638462
10543,0.4646537
10544,0.18154304
10545,0.2887482
10546,0.30522224
10547,-0.13305217
10548,-0.1268628
10549,0.13732822
10550,0.013779404
10551,0.10923124
10552,0.078542754
10553,-5.944839
10554,0.20606443
10555,-0.27671447
10556,0.116158724
10557,0.10694409
10558,0.047744453
10559,-0.110530056
10560,0.18154304
10561,0.31802693
10562,0.18166621
10563,0.15640938
10564,0.10856297
10565,-0.13733183
10566,0.4907505
10567,0.1714792
10568,0.1884004
10569,-0.19663003
10570,0.41392812
10571,0.16771448
10572,0.081312045
10573,0.28592095
10574,0.09208368
10575,-0.049534176
10576,0.3129855
10577,0.6263168
10578,0.36606428
10579,0.1527914
10580,0.115988836
10581,0.26211062
10582,0.1506038
10583,-0.51843965
10584,0.36586455
10585,-0.31594017
10586,0.19095877
10587,-0.069378406
10588,-0.021386236
10589,0.46099746
10590,-0.34825334
10591,0.20136493
10592,0.04788981
10593,0.17188022
10594,0.33472043
10595,0.022848167
10596,0.20664392
10597,0.026077911
10598,-0.28714165
10599,0.46826908
10600,0.008658593
10601,0.33022067
10602,-0.03904437
10603,-0.050064117
10604,0.027635766
10605,0.35393965
10606,0.40316832
10607,0.08474273
10608,0.042824633
10609,0.7063352
10610,0.01799155
10611,-0.13118142
10612,-0.0106693385
10613,0.03246277
10614,0.2854589
10615,0.2952783
10616,0.16743751
10617,0.017462637
10618,-0.076448664
10619,-2.6159313
10620,0.3882148
10621,-0.6100055
10622,0.21097757
10623,-0.6831543
10624,0.005641525
10625,0.3292961
10626,0.039728712
10627,0.30291966
10628,0.18434949
10629,0.24702783
10630,0.32177126
10631,0.29313773
10632,0.3162835
10633,-0.007505398
10634,0.24044794
10635,-0.050493527
10636,-0.6100055
10637,0.32132164
10638,-0.22600327
10639,0.31062695
10640,0.3560768
10641,0.28311563
10642,0.4048967
10643,0.3547284
10644,0.05221057
10645,0.17590934
10646,0.1831128
10647,0.15434779
10648,0.29553777
10649,0.2655945
10650,-0.041332733
10651,0.5187475
10652,0.2389399
10653,0.18664892
10654,0.78142786
10655,0.24044794
10656,-0.03674269
10657,0.25378114
10658,0.27775747
10659,0.34879145
10660,-0.2587794
10661,0.20925607
10662,0.039302904
10663,0.3351
10664,0.39296207
10665,0.14758815
10666,0.86424905
10667,0.5201075
10668,-0.39103317
10669,0.28595278
10670,0.20889345
10671,0.17564054
10672,-0.13896655
10673,0.35077053
10674,0.14260238
10675,0.05652585
10676,0.22633232
10677,-0.152984
10678,0.050214138
10679,-0.16957322
10680,-1.476883
10681,0.34015796
10682,0.2948425
10683,0.09993939
10684,0.11444997
10685,0.19850412
10686,1.0920072
10687,-0.05521097
10688,0.23582743
10689,0.26865616
10690,0.25279963
10691,-0.12819788
10692,0.29093847
10693,0.23335204
10694,0.35733804
10695,0.014885841
10696,-0.22333926
10697,0.31752226
10698,0.6423551
10699,0.029324718
10700,0.021807559
10701,-0.17896253
10702,1.0541332
10703,0.34005773
10704,-0.26594552
10705,1.2312864
10706,0.58216906
10707,-0.13725735
10708,0.04324007
10709,0.2682478
10710,0.28796196
10711,-0.035213307
10712,0.9638893
10713,0.4855027
10714,0.15965545
10715,0.2238217
10716,0.47351378
10717,0.47203907
10718,0.19855593
10719,0.068676196
10720,0.18523702
10721,0.4855027
10722,0.00686864
10723,0.60442895
10724,0.43494448
10725,0.19862284
10726,0.5157956
10727,0.054050613
10728,0.36784145
10729,0.18421976
10730,-0.48664367
10731,-0.95971555
10732,-3.4261885
10733,-0.5780157
10734,0.14432625
10735,0.42930356
10736,0.08041416
10737,0.11651177
10738,-0.030574864
10739,0.37900794
10740,0.44211328
10741,-0.7827198
10742,0.07910541
10743,0.3028166
10744,0.38547868
10745,-0.7118436
10746,-0.04444178
10747,0.5084581
10748,0.36789134
10749,0.024022412
10750,-0.010862249
10751,-0.1964147
10752,0.24689233
10753,-0.12333219
10754,0.13915443
10755,0.40756813
10756,0.20848165
10757,0.43821746
10758,0.27490997
10759,0.3854656
10760,0.0344711
10761,0.34996796
10762,0.40901864
10763,0.47181937
10764,0.39926013
10765,0.115610406
10766,-1.4774966
10767,0.57582426
10768,-0.4013735
10769,0.731216
10770,-0.6704686
10771,0.350642
10772,0.45382938
10773,0.32200515
10774,0.4674845
10775,0.4501375
10776,0.28425545
10777,-0.48693496
10778,0.28975767
10779,-0.16213378
10780,0.94287986
10781,0.6251239
10782,0.39586002
10783,0.4096865
10784,0.52359676
10785,-0.28114092
10786,0.31596053
10787,0.37886062
10788,0.08046172
10789,0.2273421
10790,0.20112354
10791,0.7837778
10792,-1.8443586
10793,0.40048277
10794,-0.33943346
10795,-3.1905293
10796,-1.5371612
10797,0.2597268
10798,0.015959332
10799,0.2839742
10800,0.39755356
10801,0.19724365
10802,0.26517835
10803,0.2198856
10804,0.33836484
10805,-0.36339012
10806,0.008794817
10807,0.61798626
10808,0.15476023
10809,0.044650584
10810,0.6565659
10811,-1.5393631
10812,0.27715737
10813,-0.31650534
10814,1.2958417
10815,-0.88266975
10816,0.19061555
10817,0.3219307
10818,-1.6951091
10819,0.037050102
10820,0.27715737
10821,0.3261355
10822,0.63166374
10823,0.25864413
10824,-0.64095354
10825,-1.6508256
10826,0.5335161
10827,-0.17558649
10828,-0.52876645
10829,0.28019506
10830,0.20650524
10831,0.40939078
10832,0.22684966
10833,0.086837076
10834,0.6768885
10835,0.28732944
10836,0.44285163
10837,0.0042365347
10838,0.24038912
10839,-0.2760745
10840,0.23325841
10841,0.4073629
10842,-0.018524732
10843,0.35393965
10844,0.4371108
10845,0.22929652
10846,0.17955062
10847,0.38039926
10848,0.5221451
10849,0.24633786
10850,0.37648362
10851,0.38547868
10852,-0.15596947
10853,-0.50527215
10854,-0.50345683
10855,0.57312304
10856,0.030296683
10857,0.40133432
10858,-1.4504248
10859,0.27819702
10860,0.12035375
10861,0.12267817
10862,0.6839949
10863,0.21626718
10864,-0.32315674
10865,0.40796503
10866,-0.023464713
10867,-0.022039011
10868,0.49652562
10869,0.36090624
10870,0.21176405
10871,0.19381662
10872,0.27841863
10873,0.4015575
10874,0.33109325
10875,0.05385209
10876,0.36606428
10877,0.23946129
10878,0.27086776
10879,0.5461411
10880,0.16475257
10881,0.6049314
10882,-0.112897
10883,0.05027961
10884,0.17960413
10885,0.4777543
10886,-0.04067478
10887,-0.3596298
10888,-0.13608651
10889,0.35566202
10890,-0.125964
10891,0.2789445
10892,0.38824162
10893,0.12930956
10894,0.3838912
10895,-0.1711266
10896,-0.15580009
10897,-0.09646398
10898,0.46673492
10899,0.13236691
10900,-0.2834439
10901,0.4034813
10902,0.17982082
10903,0.09594134
10904,0.4492716
10905,-0.128728
10906,-0.38103154
10907,-0.7348559
10908,-0.20651801
10909,0.5843349
10910,0.25713477
10911,0.6378562
10912,0.390703
10913,-0.13694571
10914,0.35903576
10915,0.7461804
10916,-0.056674104
10917,0.5494201
10918,0.22868054
10919,-0.038630605
10920,0.5457886
10921,-0.035251778
10922,-1.0693561
10923,0.4991946
10924,0.1365649
10925,-0.32729143
10926,0.33022067
10927,-0.03904437
10928,0.08387372
10929,0.2373164
10930,-0.1471254
10931,0.23193617
10932,-0.5667319
10933,0.5466361
10934,0.05844281
10935,0.25864413
10936,0.6227718
10937,0.11831421
10938,-0.18273506
10939,0.1977392
10940,0.101998486
10941,0.17982082
10942,0.2306212
10943,0.28999993
10944,0.19724365
10945,0.25713477
10946,-0.15186274
10947,0.3252954
10948,-0.10614046
10949,0.5621497
10950,-0.41902134
10951,0.53970486
10952,0.09334753
10953,-0.18001178
10954,0.17982082
10955,0.21950221
10956,0.42736772
10957,-0.15221773
10958,0.062360544
10959,-0.74875677
10960,0.13236691
10961,0.000704524
10962,0.43777797
10963,-0.16190548
10964,0.19663732
10965,0.33557773
10966,0.2780231
10967,-0.03674269
10968,0.29724392
10969,0.22534132
10970,-0.042948056
10971,0.1505818
10972,0.29391876
10973,0.41971177
10974,-0.5802848
10975,0.24072485
10976,0.23601003
10977,0.25471303
10978,0.2780231
10979,0.080104485
10980,0.05027961
10981,0.39586002
10982,0.1868548
10983,0.056840304
10984,0.2815545
10985,0.17567323
10986,-0.112204336
10987,0.27659842
10988,0.20461278
10989,0.063758545
10990,-0.007841812
10991,0.3129855
10992,0.1397551
10993,0.20944422
10994,0.25841922
10995,0.27524072
10996,0.16644068
10997,-0.50506717
10998,0.36586455
10999,0.008161483
11000,0.165152
11001,-0.2579881
11002,0.27659842
11003,0.23630254
11004,0.3904683
11005,0.24585222
11006,0.24733096
11007,0.385419
11008,0.5084548
11009,0.29404485
11010,-0.06518589
11011,0.057615314
11012,0.2216392
11013,0.59025204
11014,0.7451643
11015,0.23482238
11016,0.23193617
11017,0.7280738
11018,0.13705994
11019,0.24118233
11020,-0.27505413
11021,0.5802012
11022,-0.9081466
11023,-0.047628213
11024,0.31319767
11025,0.18934205
11026,0.27491948
11027,0.48148417
11028,0.3054242
11029,0.3390595
11030,0.5314908
11031,0.16731924
11032,0.06993477
11033,0.41988072
11034,-0.21881822
11035,0.21373372
11036,0.25761908
11037,0.50184816
11038,0.502453
11039,-1.4825889
11040,0.4166112
11041,0.049233563
11042,0.38367397
11043,0.53385186
11044,0.23020284
11045,0.36040547
11046,0.4513436
11047,0.29872438
11048,0.46466526
11049,0.3123785
11050,-0.101736784
11051,0.4530133
11052,0.2958213
11053,-0.64420295
11054,0.653305
11055,-0.14981927
11056,-0.05752456
11057,0.55394113
11058,0.2623315
11059,0.06627328
11060,0.3560768
11061,-0.3277742
11062,-0.21156605
11063,1.1373771
11064,0.57169914
11065,0.22796375
11066,-0.288055
11067,0.10401907
11068,0.026333109
11069,-0.07065688
11070,0.53205013
11071,0.3627095
11072,0.5062079
11073,-0.4275154
11074,0.10249902
11075,-0.002985239
11076,0.16334644
11077,0.42398843
11078,0.17466623
11079,0.07394352
11080,0.48288006
11081,0.50036985
11082,0.1416822
11083,0.18801169
11084,0.1379488
11085,0.28661683
11086,0.25095794
11087,0.2928152
11088,0.32188776
11089,-0.0013099327
11090,-0.23387083
11091,0.20096241
11092,0.13074636
11093,-0.18432353
11094,0.049233563
11095,0.3125332
11096,0.37386474
11097,0.22875996
11098,-0.22545071
11099,0.23020284
11100,-0.3231319
11101,0.17365551
11102,-0.32507765
11103,-0.12116363
11104,0.3139156
11105,0.23510997
11106,0.07022793
11107,0.15305477
11108,0.51120716
11109,-0.41723433
11110,-0.06346926
11111,0.0705972
11112,0.12201674
11113,-0.20820428
11114,0.2674528
11115,-0.43988025
11116,0.3478286
11117,0.25139582
11118,-0.3147841
11119,0.56281054
11120,0.16475257
11121,-0.32730246
11122,0.28269994
11123,0.034822654
11124,0.38086545
11125,-0.09721724
11126,0.12617561
11127,0.22764976
11128,0.3259372
11129,0.23049562
11130,0.3052121
11131,0.2099292
11132,0.23510997
11133,0.5994226
11134,0.15740658
11135,0.5756045
11136,-0.22239162
11137,0.19174708
11138,-0.06635536
11139,0.28138265
11140,0.011200131
11141,-6.0621457
11142,0.08571486
11143,0.23510997
11144,0.20977692
11145,0.42701656
11146,0.23946129
11147,0.346128
11148,-0.70095897
11149,0.42005646
11150,0.38179958
11151,0.3006581
11152,0.13194779
11153,0.4501375
11154,0.2727349
11155,0.23403339
11156,0.8072265
11157,0.3390595
11158,0.17858873
11159,-1.2132305
11160,0.22788188
11161,0.27389303
11162,0.28813693
11163,0.2424642
11164,0.40647092
11165,0.35392103
11166,0.040685594
11167,0.019261546
11168,0.4039623
11169,0.109556384
11170,0.2811762
11171,0.04502235
11172,0.49732614
11173,0.070541844
11174,0.09714771
11175,-1.8148695
11176,0.38056847
11177,0.18934205
11178,-0.73418236
11179,0.18677838
11180,0.4359111
11181,0.551136
11182,-0.19949213
11183,-0.72630274
11184,0.42930356
11185,0.3091435
11186,0.39437288
11187,0.17185436
11188,0.5742708
11189,0.38669926
11190,0.2811762
11191,-0.16911398
11192,0.52022934
11193,0.24012132
11194,-0.07889681
11195,0.46631524
11196,0.28975767
11197,0.26061186
11198,-0.08074098
11199,0.5215067
11200,0.7254097
11201,0.30098274
11202,-0.20220836
11203,0.4850853
11204,0.40825033
11205,0.07257277
11206,0.2780541
11207,0.027635766
11208,0.46631524
11209,0.1365649
11210,0.43799216
11211,0.23117243
11212,0.4717596
11213,0.40163514
11214,0.064724796
11215,0.2424642
11216,0.4391927
11217,0.2564261
11218,-0.057150967
11219,-0.27720287
11220,0.1490825
11221,0.40316832
11222,0.25406012
11223,0.17210062
11224,0.5988843
11225,0.40316832
11226,0.23702769
11227,0.17891237
11228,0.5221837
11229,-0.03904437
11230,0.4035915
11231,0.2623315
11232,-0.010321185
11233,-0.20752792
11234,0.32132164
11235,-0.027457975
11236,0.3435839
11237,0.26862457
11238,-0.13113214
11239,0.07997129
11240,0.32086554
11241,0.011702031
11242,-0.7455113
11243,0.26862457
11244,-0.30580327
11245,-0.3915761
11246,0.26604578
11247,-0.9680358
11248,-0.54432946
11249,0.2948425
11250,-0.9371386
11251,0.6354876
11252,0.17555578
11253,0.12573579
11254,0.4346354
11255,-0.09604241
11256,0.51858723
11257,0.23163989
11258,0.15428063
11259,0.27766234
11260,-0.07828887
11261,0.7518168
11262,0.38859254
11263,-0.078234464
11264,0.3001436
11265,0.2975947
11266,0.3550604
11267,0.43589061
11268,0.2979277
11269,0.31379086
11270,0.27161744
11271,-0.07370739
11272,-0.75567305
11273,0.07680072
11274,0.26604578
11275,0.25921974
11276,0.31690785
11277,0.3647581
11278,0.24044794
11279,0.04593705
11280,-0.236081
11281,0.39509842
11282,-0.97421545
11283,0.48461613
11284,0.2312953
11285,0.653305
11286,-0.07047551
11287,0.14744537
11288,0.24044794
11289,0.126314
11290,0.45875177
11291,0.2623315
11292,-0.010321185
11293,0.73536146
11294,0.82026494
11295,0.33777672
11296,0.057021115
11297,0.10491835
11298,-0.32717294
11299,0.3163762
11300,-0.40698716
11301,0.56945884
11302,0.13046339
11303,-0.42785975
11304,0.2823455
11305,0.2822007
11306,0.31901368
11307,0.5221286
11308,0.6007065
11309,0.46888503
11310,0.40703824
11311,0.16540131
11312,0.44358656
11313,0.3001436
11314,0.11729432
11315,0.45179546
11316,0.35198417
11317,0.53089976
11318,0.47425804
11319,0.38978848
11320,0.22401045
11321,0.37760782
11322,0.39509842
11323,-0.051573046
11324,-0.030006431
11325,-0.1892904
11326,0.37073857
11327,0.123700105
11328,0.4000127
11329,0.08521581
11330,-2.2344024
11331,0.094014466
11332,0.26321298
11333,0.034385886
11334,-0.5968299
11335,0.3560768
11336,0.20224018
11337,0.098386265
11338,0.13769345
11339,0.05466725
11340,-2.957698
11341,0.24737364
11342,0.1266883
11343,0.36747852
11344,1.4534663
11345,-2.4503713
11346,0.29074258
11347,0.3162835
11348,0.056530025
11349,0.75226635
11350,0.21291739
11351,-1.6691942
11352,0.48703596
11353,-0.041783325
11354,0.3550604
11355,0.26534736
11356,-0.07506066
11357,-3.2908835
11358,-0.7924749
11359,0.34411
11360,-0.38775036
11361,-2.2245965
11362,0.24365973
11363,0.094457395
11364,0.4197199
11365,-0.030006431
11366,0.28212637
11367,0.115988836
11368,-0.14659807
11369,0.28796196
11370,0.04950449
11371,-3.0182145
11372,0.4587992
11373,0.14382176
11374,0.24686998
11375,0.3734695
11376,0.066016965
11377,0.82520163
11378,-0.42437822
11379,0.27775747
11380,-0.110987194
11381,0.20933194
11382,0.34810147
11383,0.049065966
11384,-0.19417791
11385,0.26028767
11386,0.09756746
11387,0.14385106
11388,0.35515985
11389,0.47516233
11390,0.35781655
11391,0.29830632
11392,0.38680628
11393,0.17974232
11394,0.16193286
11395,0.4568204
11396,0.049057074
11397,0.23249188
11398,0.40599865
11399,0.4197199
11400,0.3208874
11401,0.30109462
11402,0.3447759
11403,0.39044183
11404,-0.45132732
11405,0.31874368
11406,0.3969797
11407,0.25841922
11408,0.14488421
11409,0.47676542
11410,0.20214038
11411,0.27389303
11412,0.53714097
11413,0.4043451
11414,0.30546188
11415,0.28975767
11416,0.20059252
11417,-0.26473445
11418,0.14549439
11419,0.27389303
11420,0.20835449
11421,0.17982082
11422,0.32351345
11423,0.1909961
11424,0.042412948
11425,-0.9199128
11426,0.2960786
11427,0.45965677
11428,-0.038082242
11429,0.19728015
11430,0.3696634
11431,0.18934205
11432,-0.27071396
11433,0.044235557
11434,0.1338365
11435,-0.08557298
11436,0.4674845
11437,0.31007928
11438,0.6375185
11439,0.34996796
11440,0.2015326
11441,0.20977692
11442,-0.3593166
11443,0.21330938
11444,-0.18795218
11445,0.18029152
11446,0.42008305
11447,0.25841922
11448,0.40182078
11449,-0.26778367
11450,0.34996796
11451,0.43248272
11452,0.4021759
11453,0.17311947
11454,0.40643558
11455,0.29197797
11456,0.5151506
11457,-0.1442385
11458,-0.2007767
11459,0.23461346
11460,0.7736798
11461,0.28219327
11462,0.25529626
11463,0.27389303
11464,0.15582405
11465,0.39890477
11466,0.13041958
11467,0.610135
11468,0.28772482
11469,-0.23137963
11470,0.6358477
11471,-1.3484783
11472,0.18301861
11473,0.3659294
11474,0.41509005
11475,-0.0229472
11476,0.010257143
11477,0.20006879
11478,0.63166374
11479,0.078799725
11480,0.25864413
11481,0.40647092
11482,0.3203445
11483,0.051470093
11484,0.25864413
11485,0.14615135
11486,0.06843305
11487,-1.3744862
11488,0.1831128
11489,-0.003996017
11490,-0.33850396
11491,0.6025875
11492,0.30373308
11493,0.43307176
11494,0.56386834
11495,0.49705896
11496,0.47002515
11497,-1.1735373
11498,0.29154763
11499,0.3749277
11500,0.6160348
11501,0.4705558
11502,0.7011203
11503,0.2608053
11504,0.4197199
11505,0.5340931
11506,0.060238674
11507,0.2510098
11508,0.20679997
11509,0.48156682
11510,0.22286938
11511,0.08117837
11512,0.61608
11513,0.41509005
11514,0.12289934
11515,0.30853096
11516,0.54844874
11517,0.755569
11518,-0.4412395
11519,0.25736907
11520,0.23724453
11521,0.10017149
11522,0.22755949
11523,-0.30742583
11524,0.36773452
11525,-0.14720699
11526,0.3441796
11527,0.19724365
11528,0.14808561
11529,0.63166374
11530,0.5867206
11531,0.26607436
11532,0.41509005
11533,0.35674754
11534,-4.784936
11535,0.1787178
11536,0.24974929
11537,0.2839742
11538,-1.3985908
11539,0.2862104
11540,0.16423419
11541,0.70910203
11542,-0.12528846
11543,-0.036836907
11544,0.30109462
11545,0.4015575
11546,-0.06450613
11547,0.15432718
11548,0.5722973
11549,0.31637344
11550,-0.029291485
11551,0.3390595
11552,0.21780485
11553,0.17916317
11554,0.35066175
11555,0.60359776
11556,-0.3503337
11557,0.27389303
11558,0.15669495
11559,0.076943375
11560,0.53765595
11561,0.28483552
11562,-0.048127204
11563,0.40850535
11564,0.31585535
11565,0.65816194
11566,0.48524737
11567,-0.12107353
11568,0.50417715
11569,0.35885176
11570,-0.21864952
11571,0.48071146
11572,0.42016217
11573,0.26559857
11574,0.24665026
11575,0.0019749
11576,-0.025159765
11577,0.41721603
11578,0.18408924
11579,-0.025159765
11580,0.36586455
11581,0.063977785
11582,-0.27822888
11583,0.3129855
11584,0.11566587
11585,0.098496184
11586,0.361459
11587,-0.26725173
11588,0.15140882
11589,0.06713426
11590,0.5427546
11591,0.5216783
11592,0.06713426
11593,-0.33424345
11594,0.43307176
11595,0.33657038
11596,0.39827362
11597,0.24246192
11598,0.19663732
11599,0.39498463
11600,0.35885176
11601,0.24633786
11602,0.3075247
11603,0.37526718
11604,-0.19274724
11605,0.2960786
11606,0.39322227
11607,-0.8571888
11608,0.44399157
11609,0.34209222
11610,0.29413903
11611,0.097742744
11612,0.27381736
11613,0.39954805
11614,0.13159767
11615,0.10895646
11616,0.3596666
11617,0.101998486
11618,0.37090528
11619,0.22185476
11620,-0.607773
11621,-0.024031598
11622,0.4966096
11623,0.06294024
11624,0.46544507
11625,0.21122041
11626,0.0977072
11627,0.4656707
11628,0.004051783
11629,0.29436624
11630,0.4283076
11631,0.32182097
11632,0.15028739
11633,0.3536023
11634,0.17982082
11635,-0.10513813
11636,0.36109033
11637,-0.3590914
11638,0.29323155
11639,0.27049938
11640,0.495699
11641,0.025370382
11642,-0.89511657
11643,0.4029753
11644,-0.75504637
11645,0.27715737
11646,-0.04940816
11647,0.01014667
11648,-0.061614998
11649,-0.2308265
11650,-0.03836305
11651,0.49518356
11652,0.31384355
11653,0.100803964
11654,0.300644
11655,0.5019608
11656,0.19361019
11657,0.29091296
11658,0.34422097
11659,0.15820712
11660,0.034682985
11661,-0.14348386
11662,0.2815852
11663,0.29859123
11664,0.29982206
11665,0.3121396
11666,-0.1482429
11667,0.2694168
11668,0.46419817
11669,0.09439508
11670,-0.45382714
11671,0.09871977
11672,0.40602434
11673,-0.22935413
11674,-0.9960681
11675,0.3280224
11676,0.42815486
11677,-0.11139533
11678,0.024578653
11679,-0.16912423
11680,0.45227277
11681,-1.7048364
11682,0.257773
11683,-0.13931249
11684,0.25421727
11685,0.040002696
11686,-0.32803413
11687,-0.09812653
11688,0.66731304
11689,0.052597694
11690,-0.16631243
11691,0.24906771
11692,0.0757928
11693,0.35664088
11694,0.20071499
11695,-0.11903259
11696,0.22385998
11697,-0.62396157
11698,0.13070063
11699,-0.22421414
11700,-0.024766317
11701,0.5441858
11702,0.37624815
11703,0.06867534
11704,-0.4090362
11705,0.31763655
11706,0.68796843
11707,0.4100966
11708,0.41371736
11709,0.33617675
11710,0.36586455
11711,0.36385328
11712,0.34338337
11713,0.33040372
11714,0.33735606
11715,-0.13407505
11716,-0.6401926
11717,0.14479144
11718,0.24583153
11719,0.28609368
11720,0.3041831
11721,0.3547284
11722,-0.45218655
11723,-0.054176442
11724,0.25995067
11725,0.035728667
11726,-0.69262373
11727,0.52861875
11728,0.24678877
11729,-0.14530402
11730,0.53638333
11731,-0.21383345
11732,0.5717107
11733,-0.21156605
11734,0.40448007
11735,0.4750196
11736,0.6997735
11737,-0.26915637
11738,0.34422097
11739,0.11273032
11740,0.4508856
11741,0.099599324
11742,0.31872335
11743,-0.060727544
11744,-0.64183974
11745,0.41910467
11746,0.20871614
11747,0.048212
11748,-0.1392115
11749,0.119504616
11750,-0.5668772
11751,0.24242884
11752,-0.68262196
11753,-0.16332966
11754,-0.5250367
11755,-0.25200275
11756,0.24444655
11757,0.43495217
11758,0.37760782
11759,0.22663045
11760,0.020751286
11761,0.17320752
11762,-0.47540975
11763,0.37203997
11764,0.3956801
11765,-0.0052868435
11766,0.0051189554
11767,0.06715344
11768,0.102710485
11769,0.4277928
11770,0.7794745
11771,0.19952957
11772,-0.052517887
11773,0.12581715
11774,0.27490997
11775,0.3052105
11776,-0.2844521
11777,-0.43573332
11778,0.13934788
11779,-0.10118463
11780,-0.18765981
11781,0.48339167
11782,0.19061555
11783,-0.9116926
11784,0.23471689
11785,0.20073116
11786,0.20113967
11787,0.07273723
11788,-0.10620044
11789,0.04038415
11790,-0.19908498
11791,0.39573634
11792,0.5859603
11793,-0.69557595
11794,0.5762176
11795,0.21190913
11796,0.2028744
11797,0.23293775
11798,0.83437306
11799,-0.10816714
11800,0.19261698
11801,0.08632539
11802,0.27509654
11803,0.43391362
11804,0.2822007
11805,0.07273723
11806,0.597871
11807,0.35932678
11808,0.5221837
11809,-0.037148397
11810,0.2771096
11811,0.5889537
11812,-0.68952185
11813,0.39461663
11814,0.2389399
11815,0.18262361
11816,-0.18947592
11817,0.32855147
11818,0.8904618
11819,-0.432198
11820,-0.27951843
11821,0.0070945043
11822,0.2834817
11823,0.3399559
11824,0.5730204
11825,0.1831128
11826,0.41926074
11827,-0.060685597
11828,0.36569884
11829,0.058439817
11830,0.24650092
11831,0.21668401
11832,0.5475468
11833,0.0470359
11834,0.03846608
11835,-0.41973525
11836,0.056123137
11837,-0.6728483
11838,0.112494096
11839,0.27389303
11840,0.058395028
11841,0.27389303
11842,0.44532064
11843,0.25913796
11844,-1.0809892
11845,0.11016101
11846,0.24785012
11847,0.81406194
11848,-0.044793475
11849,0.29408798
11850,0.15910281
11851,-0.12394717
11852,0.4837853
11853,0.30309594
11854,0.15387182
11855,-0.17496729
11856,-0.08026344
11857,-0.282954
11858,0.03806473
11859,0.30153888
11860,0.36826298
11861,-0.59473026
11862,-0.1347932
11863,0.111406304
11864,0.3805663
11865,-0.08633352
11866,0.2545265
11867,-0.16585903
11868,0.16292815
11869,0.31406564
11870,0.45813093
11871,0.07076784
11872,0.26466057
11873,0.31637344
11874,0.16208833
11875,0.955998
11876,-0.10370815
11877,0.13439924
11878,0.17767788
11879,0.18746461
11880,0.3066823
11881,-0.061324142
11882,0.535061
11883,0.18230768
11884,-0.559612
11885,0.24488166
11886,0.14911105
11887,0.76869863
11888,-0.3940248
11889,0.39657506
11890,0.18559514
11891,-0.0022707325
11892,-0.17035148
11893,0.013314452
11894,0.099160604
11895,0.23365158
11896,0.30478427
11897,0.042744298
11898,-0.27787045
11899,0.39236355
11900,-8.533805
11901,-0.10900362
11902,0.56843734
11903,0.29910284
11904,0.34837076
11905,0.27979606
11906,0.07717739
11907,0.1553993
11908,0.19646905
11909,-0.012056611
11910,0.1741017
11911,0.95931894
11912,0.13900909
11913,0.24096502
11914,0.37602687
11915,-0.03947562
11916,0.22956762
11917,0.31378394
11918,0.035840623
11919,0.23020284
11920,0.32938537
11921,-2.4566228
11922,0.20121504
11923,0.38659024
11924,0.1193878
11925,0.8355838
11926,0.3219206
11927,-0.02601783
11928,0.4072755
11929,0.26496357
11930,-0.067568846
11931,-0.43966022
11932,0.08822618
11933,-0.47629786
11934,0.51332086
11935,0.31357172
11936,0.23456845
11937,-0.21760345
11938,0.40647092
11939,-0.09644624
11940,0.14974824
11941,-0.21303795
11942,0.13245127
11943,0.32336983
11944,0.5805309
11945,0.35393965
11946,0.22297062
11947,0.111739345
11948,0.28828156
11949,-0.12935613
11950,-0.030432234
11951,0.47340485
11952,0.2515942
11953,0.430944
11954,0.009624222
11955,0.590626
11956,0.17227006
11957,0.5410404
11958,0.19117849
11959,0.27846342
11960,0.277644
11961,0.18029568
11962,0.38824162
11963,0.12607254
11964,-0.82886535
11965,0.1277675
11966,0.23558752
11967,0.11131584
11968,0.6091525
11969,0.27090243
11970,-0.17295714
11971,-0.16529639
11972,0.060665384
11973,-0.04125453
11974,0.33880353
11975,0.008818441
11976,0.19526692
11977,-0.26398352
11978,0.13996717
11979,0.19028443
11980,0.060183752
11981,0.16717303
11982,0.21175565
11983,-0.51684374
11984,0.39447832
11985,0.28661683
11986,0.26023275
11987,0.25133905
11988,0.1310461
11989,-1.8185244
11990,0.21802019
11991,-1.2513225
11992,0.23558752
11993,-0.41210517
11994,-0.21138474
11995,-1.0119091
11996,0.2967351
11997,-0.59338546
11998,-0.99505585
11999,0.10799362
12000,0.08117837
12001,-0.07240087
12002,0.058939938
12003,0.15187508
12004,-0.78702384
12005,0.18614572
12006,0.066016965
12007,0.15891287
12008,0.30257028
12009,-0.062662095
12010,-0.42983055
12011,0.17555578
12012,0.3904683
12013,0.08003145
12014,-0.12628958
12015,0.06289232
12016,0.07336452
12017,0.30078235
12018,0.36646354
12019,-0.40190488
12020,0.43620223
12021,0.35392103
12022,0.28995076
12023,0.10249902
12024,0.27779505
12025,0.23020284
12026,0.44103584
12027,-0.4314386
12028,0.10447217
12029,0.3390595
12030,0.21828878
12031,-0.25019205
12032,-0.0019858505
12033,0.069965445
12034,0.18866749
12035,0.9254527
12036,0.073968515
12037,-3.4073627
12038,0.14970547
12039,-0.14403303
12040,-0.55208546
12041,-0.064049765
12042,0.096612066
12043,0.5151506
12044,-0.043024953
12045,0.05289766
12046,-0.94077355
12047,0.064243756
12048,-0.6267887
12049,0.36569884
12050,0.48710856
12051,-0.18760933
12052,0.19056676
12053,0.27421704
12054,0.60516244
12055,-0.32708907
12056,0.36176333
12057,0.15428063
12058,0.30835998
12059,0.12291662
12060,0.213897
12061,0.41721603
12062,0.27324188
12063,0.15881588
12064,0.34356016
12065,0.32358074
12066,0.34996814
12067,0.20555748
12068,-0.3927404
12069,-0.36702982
12070,0.41771194
12071,-0.062053088
12072,0.31611875
12073,-0.12693146
12074,0.5967832
12075,0.18206744
12076,0.25209537
12077,-0.12627804
12078,0.058911365
12079,-0.8207929
12080,-0.16889524
12081,0.2175698
12082,0.17156436
12083,-2.7473588
12084,-0.5526811
12085,0.48531574
12086,-0.11700394
12087,0.5368957
12088,0.17249574
12089,0.06369461
12090,0.2533851
12091,0.22218984
12092,-0.7172072
12093,0.73011255
12094,0.0072927414
12095,-0.2050663
12096,0.19880435
12097,0.444496
12098,-1.7105429
12099,0.2518041
12100,0.19619863
12101,0.22401045
12102,-0.19089378
12103,0.14491643
12104,0.20001316
12105,-1.8925413
12106,-0.10114091
12107,-0.13972843
12108,0.26488227
12109,-1.6764592
12110,-1.9017212
12111,-0.40832704
12112,0.014632367
12113,-1.5009124
12114,-1.6678417
12115,-0.043014303
12116,-0.21063995
12117,0.5238392
12118,0.1657556
12119,0.4464004
12120,0.11286617
12121,0.3659294
12122,0.3898597
12123,0.27421704
12124,0.22682483
12125,0.36606428
12126,0.098369196
12127,0.6741509
12128,-0.40462768
12129,0.38599598
12130,0.26883766
12131,0.193596
12132,0.437597
12133,-0.3133607
12134,0.5183888
12135,0.5497386
12136,0.61252654
12137,0.15781255
12138,-0.27681813
12139,-3.1657453
12140,0.44293562
12141,-0.6978183
12142,0.3686843
12143,0.24686998
12144,0.28594565
12145,-0.030040879
12146,0.42596847
12147,0.2694406
12148,-0.20687117
12149,0.46836224
12150,0.34596807
12151,0.43989375
12152,-0.07381974
12153,0.4651118
12154,0.41559765
12155,0.2834817
12156,0.34996796
12157,-3.213299
12158,0.30012405
12159,0.19166444
12160,0.28500998
12161,0.29741704
12162,-0.68952185
12163,0.14970547
12164,0.09129977
12165,0.7989046
12166,0.3153667
12167,0.08576452
12168,0.20006879
12169,0.46014357
12170,0.75664556
12171,0.342488
12172,1.0535115
12173,-0.37468433
12174,0.57644814
12175,0.26311973
12176,0.18714195
12177,0.38649112
12178,0.38058934
12179,0.40956554
12180,0.3955372
12181,-0.22840926
12182,1.5811877
12183,0.013758713
12184,0.29923978
12185,-0.0092046475
12186,0.12333304
12187,-0.11464614
12188,0.60903835
12189,0.51674986
12190,0.39881292
12191,0.65413153
12192,0.08284331
12193,-2.9288485
12194,0.021976858
12195,0.2783321
12196,0.5859151
12197,0.35077053
12198,0.2216392
12199,0.39863646
12200,-0.07008882
12201,0.058192585
12202,0.08288687
12203,0.060183752
12204,0.2140194
12205,0.02055284
12206,0.29773977
12207,0.19855593
12208,0.5346897
12209,0.46428207
12210,0.24165276
12211,0.4620441
12212,0.015177969
12213,-5.007737
12214,0.4747636
12215,-0.031731136
12216,0.37653717
12217,0.6210182
12218,-0.4081224
12219,0.28339195
12220,0.13353235
12221,-0.17822859
12222,-0.04424937
12223,0.04928943
12224,0.42834064
12225,-0.21334171
12226,0.35802788
12227,0.53264976
12228,-0.12451886
12229,-0.053939097
12230,0.3248844
12231,0.56196284
12232,0.4153269
12233,0.0059274016
12234,0.3754332
12235,0.24810739
12236,0.46310136
12237,0.07480013
12238,0.352016
12239,-0.18781997
12240,-0.17482963
12241,-0.3025395
12242,0.35895047
12243,0.6317379
12244,-0.076880105
12245,0.22505876
12246,0.36854312
12247,0.37584475
12248,0.46327507
12249,0.18301861
12250,0.29336908
12251,0.19509414
12252,-0.30892596
12253,-0.2127273
12254,0.40356642
12255,-0.6441108
12256,0.22675847
12257,0.2608053
12258,0.23218776
12259,0.25484425
12260,0.111929715
12261,0.2196643
12262,0.21942008
12263,-0.40576735
12264,-0.06819308
12265,-0.1847363
12266,0.4747491
12267,-0.36787617
12268,0.31378394
12269,0.3397399
12270,0.2528207
12271,0.37103084
12272,0.16217434
12273,-0.475686
12274,0.026845124
12275,0.010321178
12276,0.48812923
12277,-0.078234464
12278,0.23840803
12279,0.7017047
12280,-0.039741777
12281,0.36159426
12282,0.38508257
12283,0.32396105
12284,0.4600475
12285,0.45596698
12286,0.3835767
12287,0.06931696
12288,0.105753675
12289,-0.23282504
12290,0.116125576
12291,0.020109814
12292,-0.113584235
12293,0.5302256
12294,0.39666104
12295,-0.2622664
12296,-1.0027812
12297,0.27830765
12298,-2.2778416
12299,0.21877094
12300,-0.004215097
12301,0.37110654
12302,0.46478415
12303,-0.06230363
12304,0.46468467
12305,-0.046912618
12306,0.058742087
12307,0.14488421
12308,0.26494414
12309,0.3011389
12310,0.10249902
12311,0.3293021
12312,0.070022374
12313,0.3579926
12314,-0.024080321
12315,0.27524072
12316,0.22012645
12317,-0.25801513
12318,0.25671902
12319,0.6261165
12320,0.14745843
12321,0.18522993
12322,0.40821922
12323,0.16777396
12324,-0.06518589
12325,0.36586455
12326,0.3125332
12327,0.165152
12328,-0.112402685
12329,0.31351572
12330,0.36791548
12331,0.19580232
12332,0.17518589
12333,0.18975905
12334,0.2948425
12335,0.3162835
12336,0.6951223
12337,0.14615135
12338,0.3248844
12339,-0.07047551
12340,0.5063107
12341,-0.07047551
12342,0.19650483
12343,-0.0052868435
12344,-0.2881688
12345,0.15428288
12346,0.2975947
12347,-0.1479979
12348,-0.037755396
12349,-0.28496101
12350,-0.32123998
12351,0.020751286
12352,-0.17268592
12353,0.17210062
12354,0.3250657
12355,0.18154304
12356,-0.314516
12357,0.13074636
12358,0.24288996
12359,0.4068742
12360,0.21469647
12361,-1.1692779
12362,0.35242018
12363,0.20840794
12364,0.19095877
12365,0.008919921
12366,0.29632938
12367,0.32058343
12368,0.292575
12369,-0.092340074
12370,0.21694306
12371,0.24330884
12372,0.440466
12373,-0.10291009
12374,0.36586455
12375,0.36142123
12376,0.077242956
12377,-0.092340074
12378,0.40833658
12379,0.549199
12380,-1.2045836
12381,0.19445574
12382,-0.0016812463
12383,0.71653163
12384,0.17210062
12385,0.5199078
12386,0.3983892
12387,0.21874632
12388,0.019261546
12389,0.46631524
12390,0.32298324
12391,0.2811762
12392,0.19724365
12393,0.5021427
12394,0.3390595
12395,0.4140065
12396,-0.0018489747
12397,0.37695068
12398,-0.20910612
12399,0.19993274
12400,0.26604578
12401,0.43679714
12402,-2.9755719
12403,0.5049998
12404,0.24249245
12405,0.34320363
12406,0.5608942
12407,-0.38356942
12408,0.5862384
12409,-0.047628213
12410,0.026514143
12411,0.34855327
12412,0.4913907
12413,-0.3178852
12414,0.878098
12415,0.1831128
12416,-0.032814935
12417,0.22160384
12418,0.2071075
12419,0.2774669
12420,0.30093974
12421,0.32182097
12422,0.2530374
12423,0.20087054
12424,0.4179438
12425,0.09016412
12426,0.63687885
12427,0.40452963
12428,0.18846717
12429,0.38287607
12430,0.80682606
12431,0.3219307
12432,0.94492126
12433,-1.2694055
12434,0.2071075
12435,-0.027457975
12436,1.6873662
12437,0.38314906
12438,-0.1479979
12439,0.41371122
12440,0.38651383
12441,-0.1479979
12442,0.6255926
12443,0.2082286
12444,-0.00031627854
12445,-0.18872005
12446,-0.052486245
12447,0.5539146
12448,0.14041103
12449,0.40158442
12450,0.11087104
12451,0.28466985
12452,0.098386265
12453,0.066016965
12454,0.3179029
12455,0.27892372
12456,-0.12205291
12457,0.12607254
12458,0.74582833
12459,0.33771694
12460,0.16624367
12461,-0.42628866
12462,0.5022613
12463,0.50395614
12464,0.32055256
12465,-0.07854117
12466,-0.34137878
12467,0.29313773
12468,0.15803903
12469,-2.039534
12470,0.4855027
12471,0.25724316
12472,0.2528001
12473,-2.2245965
12474,0.28772554
12475,0.28358707
12476,-0.002701805
12477,-2.4461875
12478,0.04926281
12479,0.35213658
12480,-0.9577604
12481,0.65445095
12482,0.46590415
12483,0.23020284
12484,-0.15580009
12485,0.34361356
12486,-0.32626182
12487,0.26857033
12488,0.038585354
12489,0.34361356
12490,0.6057577
12491,0.31039527
12492,0.0044253827
12493,-3.212424
12494,0.10855607
12495,0.042658873
12496,0.25921974
12497,0.1511528
12498,0.3853225
12499,0.045148402
12500,0.20328182
12501,0.02004331
12502,0.3251055
12503,0.19478185
12504,-0.04105992
12505,0.15101331
12506,-0.56391203
12507,-0.030040879
12508,0.22308418
12509,0.37250173
12510,0.22875996
12511,-0.5716624
12512,0.6102453
12513,0.3213002
12514,0.4376649
12515,0.3990403
12516,0.4376649
12517,0.3757146
12518,0.49229452
12519,0.30319983
12520,0.5356066
12521,0.00043713063
12522,-0.038295094
12523,0.11769119
12524,0.09734913
12525,0.40585572
12526,-0.16422708
12527,0.4338121
12528,0.11395143
12529,0.4577301
12530,-0.028271314
12531,0.29493394
12532,0.070194
12533,0.30000862
12534,0.33806413
12535,0.049065966
12536,-1.4577683
12537,0.20733449
12538,0.24730569
12539,0.058397412
12540,0.34843206
12541,0.34780604
12542,-0.21419007
12543,-5.279238
12544,-3.2800987
12545,0.33132556
12546,0.4171033
12547,0.38726574
12548,-0.16889524
12549,-0.020868123
12550,0.09965767
12551,0.12417272
12552,0.3752773
12553,1.2090377
12554,-0.3452269
12555,0.34970158
12556,0.49631068
12557,0.21856275
12558,-0.020066086
12559,0.059298772
12560,0.5295337
12561,-0.02896946
12562,0.011335278
12563,0.042341504
12564,0.68243706
12565,0.33211625
12566,0.1462808
12567,-0.36251497
12568,0.970308
12569,-1.8443586
12570,0.049657777
12571,0.34447002
12572,-1.32576
12573,0.11886897
12574,0.34534717
12575,0.24665026
12576,0.36198536
12577,0.300788
12578,0.45600542
12579,0.28983474
12580,0.32221147
12581,-0.13906662
12582,0.09803672
12583,0.30615982
12584,-0.004357694
12585,0.21074857
12586,0.21483599
12587,0.15210342
12588,0.28085294
12589,-0.47925252
12590,0.41898498
12591,0.2565499
12592,0.5515566
12593,0.18212163
12594,0.23109055
12595,0.36586455
12596,0.2931943
12597,0.300788
12598,0.24730569
12599,0.33331484
12600,0.43862444
12601,0.5593623
12602,0.29408798
12603,0.26912582
12604,-0.07550169
12605,0.3179029
12606,0.078448065
12607,0.38415596
12608,-0.40091497
12609,-0.024223752
12610,0.23134165
12611,0.43212917
12612,0.073743075
12613,0.24045955
12614,0.4079915
12615,0.16245104
12616,0.53990144
12617,-0.08495813
12618,0.8537457
12619,0.41721603
12620,-0.12159654
12621,0.38056847
12622,0.29845393
12623,0.34750378
12624,0.52022934
12625,0.2982032
12626,-0.029378261
12627,0.61608
12628,0.5083137
12629,0.0044577993
12630,0.24163736
12631,0.31518495
12632,0.30257028
12633,-0.007073067
12634,0.5978081
12635,-0.019481588
12636,-0.06593306
12637,0.34356016
12638,0.06730769
12639,0.5119171
12640,-2.2764735
12641,0.24484679
12642,-1.2628387
12643,0.026324388
12644,0.007272663
12645,0.16644068
12646,-0.051351953
12647,0.36586455
12648,0.36646354
12649,0.17567323
12650,-0.06518589
12651,0.3734926
12652,0.4014269
12653,0.12361871
12654,0.28377217
12655,0.36407012
12656,0.14241646
12657,-0.051351953
12658,0.44103584
12659,0.26671258
12660,-0.49228504
12661,0.18548271
12662,0.24056141
12663,0.25403196
12664,0.20783752
12665,0.36605227
12666,0.20461278
12667,-0.08495813
12668,0.36784145
12669,0.35392103
12670,0.20837146
12671,0.25998998
12672,0.03768183
12673,0.41122895
12674,0.2266725
12675,0.502453
12676,0.4452369
12677,0.13374864
12678,0.3996501
12679,0.27745566
12680,0.1978895
12681,0.296676
12682,0.21091135
12683,0.2692516
12684,-0.007841812
12685,0.27659842
12686,-0.28146136
12687,-0.27720287
12688,0.68842804
12689,-0.23979366
12690,0.24665199
12691,0.22149593
12692,0.4824348
12693,0.06403602
12694,0.15434779
12695,0.28083226
12696,-0.096960604
12697,0.4054444
12698,-0.13256353
12699,0.16475257
12700,0.23076986
12701,-0.14034542
12702,0.28809592
12703,0.2815545
12704,0.55329335
12705,0.122046545
12706,0.28417987
12707,0.18380372
12708,0.48348722
12709,-0.092340074
12710,0.27813968
12711,0.13097471
12712,-0.007841812
12713,-3.965455
12714,0.17466623
12715,-0.092340074
12716,0.06218111
12717,-0.028190438
12718,0.20572433
12719,0.014290856
12720,0.26177898
12721,0.013779404
12722,-0.26312593
12723,0.6838233
12724,0.18225464
12725,0.04947792
12726,0.19844238
12727,0.013779404
12728,0.20572433
12729,0.19650483
12730,-0.13425718
12731,0.15640938
12732,0.098208964
12733,-0.1566087
12734,-0.044508435
12735,-0.25505307
12736,0.19241188
12737,0.013779404
12738,0.08093591
12739,-0.0812522
12740,-0.1157398
12741,0.444496
12742,0.013779404
12743,-0.29556927
12744,0.06713426
12745,0.4267763
12746,0.06713426
12747,0.12903568
12748,-0.09353747
12749,-0.0812522
12750,-0.15831836
12751,0.18696219
12752,-0.024769492
12753,-0.04489295
12754,0.49112993
12755,0.41940185
12756,0.3063156
12757,0.35668778
12758,0.035840623
12759,0.19672346
12760,0.028758021
12761,0.26054472
12762,-0.36373618
12763,0.4166112
12764,0.049233563
12765,-0.48618352
12766,-1.2502344
12767,0.38056847
12768,-0.066198595
12769,-0.40313515
12770,0.20795143
12771,0.52022934
12772,0.3129855
12773,0.26671258
12774,0.12599948
12775,0.33022067
12776,0.2564261
12777,0.34257331
12778,0.17210062
12779,0.52022934
12780,0.27659842
12781,0.3118368
12782,0.2052972
12783,0.53238434
12784,0.18727157
12785,0.2424642
12786,0.63704467
12787,0.23969717
12788,-0.04061079
12789,0.39954805
12790,-0.10603186
12791,-10.539116
12792,-0.10737456
12793,0.3840097
12794,0.7193475
12795,0.070022374
12796,-1.0638292
12797,0.4523528
12798,0.19890434
12799,-0.9362429
12800,0.38056847
12801,0.4667099
12802,0.027635766
12803,0.5751822
12804,-0.17815241
12805,0.25828803
12806,-0.1659492
12807,0.40511045
12808,0.36672702
12809,0.09985598
12810,-0.009906493
12811,0.33110675
12812,0.24169235
12813,-0.16701774
12814,-0.14228073
12815,0.26053375
12816,0.63704467
12817,0.40316832
12818,0.41223282
12819,-0.080119684
12820,0.5021427
12821,0.13837543
12822,-0.3193762
12823,0.38056847
12824,-0.03904437
12825,0.3088115
12826,-0.32121232
12827,0.52022934
12828,0.2564261
12829,0.30035007
12830,-0.028264485
12831,0.61608
12832,0.46154454
12833,-0.3261527
12834,-0.45720088
12835,0.38056847
12836,0.21505095
12837,0.1852572
12838,0.3248844
12839,-0.24253419
12840,0.034151588
12841,0.24044794
12842,-0.9680358
12843,0.26530954
12844,0.10850266
12845,0.058316648
12846,0.3248844
12847,-0.5843051
12848,-0.2587578
12849,0.6000167
12850,0.037689302
12851,-0.79576725
12852,0.6393792
12853,0.18225464
12854,0.63663006
12855,0.36343095
12856,-0.0017165001
12857,0.3158886
12858,0.3752773
12859,0.065045476
12860,0.0003686144
12861,0.2576232
12862,0.14758815
12863,0.7819781
12864,-0.08472815
12865,-0.20084251
12866,0.35380432
12867,1.0314012
12868,0.32182097
12869,0.40133432
12870,0.33337584
12871,0.17518589
12872,-0.063503504
12873,0.023200545
12874,0.444496
12875,0.15210342
12876,0.028439984
12877,0.27086246
12878,0.36137873
12879,0.1480816
12880,0.1958292
12881,0.32132164
12882,-0.056422364
12883,0.40112522
12884,0.27303278
12885,0.43765306
12886,-1.4400895
12887,0.653305
12888,-0.26356864
12889,0.66373646
12890,0.13609827
12891,0.3984839
12892,-0.47012234
12893,0.06835348
12894,-0.43368083
12895,0.17059213
12896,-0.009412425
12897,-0.2579881
12898,0.32592338
12899,0.15344372
12900,-0.051351953
12901,0.18354084
12902,0.16771448
12903,0.36012006
12904,0.24665199
12905,-0.063503504
12906,0.1301624
12907,0.15495425
12908,0.24249245
12909,0.31351572
12910,0.61903024
12911,-0.035213307
12912,0.9419888
12913,0.15544176
12914,0.1648906
12915,0.33040372
12916,0.115618736
12917,-0.7084509
12918,-0.18874979
12919,0.18118037
12920,0.25979045
12921,1.4534663
12922,-0.86587566
12923,0.33620661
12924,-0.6580316
12925,0.67134696
12926,-0.089944996
12927,0.15006827
12928,0.21016847
12929,-0.10396184
12930,0.27396342
12931,0.44075572
12932,0.48419923
12933,0.45825985
12934,0.29313773
12935,0.19542842
12936,1.1248701
12937,0.35515985
12938,0.28796196
12939,0.5989886
12940,-2.0761595
12941,0.47973928
12942,0.47516233
12943,0.4224976
12944,0.24072485
12945,0.12218638
12946,0.4568204
12947,0.0059274016
12948,0.6229948
12949,0.096410654
12950,0.4747345
12951,0.31893775
12952,0.25510272
12953,0.1269211
12954,0.5768495
12955,0.04372919
12956,0.4197199
12957,0.096410654
12958,0.23020284
12959,0.21261215
12960,0.56875336
12961,-0.6015512
12962,0.17038736
12963,0.13158837
12964,0.5112251
12965,-0.08573548
12966,0.33721665
12967,-0.14948924
12968,0.11610347
12969,0.56630206
12970,-0.16422708
12971,0.5751822
12972,-0.08119833
12973,0.8076153
12974,-0.25143316
12975,0.4747345
12976,-0.13825251
12977,0.30232164
12978,0.2306212
12979,0.17100148
12980,0.30000862
12981,-6.849476
12982,0.33406144
12983,0.25921974
12984,0.5445817
12985,0.31346378
12986,-0.40380895
12987,0.33766678
12988,0.3262245
12989,0.46754587
12990,0.32693684
12991,0.18301861
12992,0.40567854
12993,0.50176793
12994,-0.023393046
12995,-0.18497238
12996,0.12662812
12997,0.41509005
12998,-0.31036773
12999,0.29935682
13000,0.56196284
13001,0.43307176
13002,-0.0064324206
13003,0.2453831
13004,0.33775055
13005,-1.4571439
13006,0.28048623
13007,0.14970292
13008,-0.14981927
13009,0.050689932
13010,-0.13256086
13011,0.3026712
13012,0.286592
13013,0.115085326
13014,0.0959355
13015,-0.25153464
13016,0.90212995
13017,-2.0751727
13018,0.2947678
13019,-0.792103
13020,0.7278393
13021,-0.84046906
13022,0.30719218
13023,0.23145187
13024,-3.7540088
13025,-1.0812103
13026,0.12155305
13027,0.045201097
13028,1.1492982
13029,-1.9494257
13030,0.30853096
13031,-0.38356942
13032,-2.5684116
13033,0.19724365
13034,0.2640576
13035,0.8663188
13036,0.43870315
13037,0.19724365
13038,-0.8177392
13039,0.43784776
13040,-0.10071398
13041,0.22937147
13042,0.14808561
13043,1.1459961
13044,-0.71794105
13045,0.19616686
13046,-0.6288792
13047,0.6567207
13048,-0.85375464
13049,0.29391876
13050,0.18123642
13051,0.7837778
13052,-2.5157177
13053,0.1764086
13054,-0.29533845
13055,0.08311018
13056,0.26123643
13057,0.3942761
13058,0.28975767
13059,0.347388
13060,0.20125383
13061,0.34999987
13062,0.31375834
13063,0.62624043
13064,0.36605227
13065,0.19724365
13066,0.09914069
13067,0.27389303
13068,0.3124897
13069,0.2621765
13070,0.4283076
13071,0.21007846
13072,0.22852188
13073,0.22876774
13074,0.26857033
13075,0.18716486
13076,0.20738445
13077,-0.34016818
13078,0.62728226
13079,0.0705972
13080,0.31379086
13081,0.6235897
13082,0.45840207
13083,0.63237613
13084,0.31362787
13085,0.14755158
13086,0.14790073
13087,0.45439366
13088,-0.2226775
13089,-0.45132732
13090,0.30428603
13091,0.12318146
13092,0.15867583
13093,0.3128075
13094,0.3846697
13095,-0.041111454
13096,0.19445574
13097,0.46544507
13098,0.16395615
13099,0.31733987
13100,0.3983892
13101,0.12890027
13102,0.40939078
13103,0.04731916
13104,0.33906597
13105,0.22221093
13106,0.14108466
13107,0.20430417
13108,0.250357
13109,0.526495
13110,0.3017286
13111,0.42834064
13112,0.31328636
13113,0.065168396
13114,0.31362787
13115,0.062420867
13116,-0.05085968
13117,0.11178912
13118,0.3817991
13119,0.31379086
13120,0.526495
13121,0.22764976
13122,0.42088035
13123,-0.19106892
13124,0.16967545
13125,-0.25084302
13126,-1.0930387
13127,0.081253245
13128,0.14808561
13129,0.13283414
13130,-0.0034681945
13131,-0.33992648
13132,-0.30368575
13133,-0.30048117
13134,0.13943264
13135,0.27421704
13136,0.061419208
13137,-1.6094681
13138,0.30306488
13139,0.09948518
13140,-0.2294517
13141,0.28186685
13142,0.38659024
13143,0.49700743
13144,-0.025633896
13145,-0.05780425
13146,-0.035515044
13147,1.0638303
13148,-0.27942914
13149,0.316056
13150,-3.737827
13151,0.2765075
13152,0.3289168
13153,0.019261546
13154,-0.15936115
13155,0.20157
13156,0.31880897
13157,-0.207916
13158,-0.85479194
13159,-0.047372855
13160,-0.6745801
13161,0.31152722
13162,0.5495297
13163,0.5021427
13164,0.25728646
13165,-0.26520473
13166,0.2885165
13167,1.0541098
13168,-0.32921812
13169,0.733368
13170,-0.68293715
13171,-0.05007467
13172,0.124321334
13173,0.37326756
13174,0.39867547
13175,-0.2488236
13176,0.22422877
13177,-0.24475808
13178,-0.44783777
13179,-0.020459304
13180,-0.11695806
13181,0.39657506
13182,0.2314465
13183,0.14970547
13184,0.5706733
13185,-0.3092765
13186,0.2575934
13187,0.50051403
13188,-0.33061334
13189,0.32562253
13190,0.21347962
13191,-0.64241415
13192,-0.069919534
13193,0.26886904
13194,0.07935433
13195,0.5470019
13196,0.275406
13197,0.086946204
13198,0.3454485
13199,-0.38621134
13200,-1.3458464
13201,-0.54865
13202,0.61748344
13203,0.43915826
13204,0.4058215
13205,-0.6466386
13206,-0.87958014
13207,-0.16001971
13208,0.028021581
13209,0.29288697
13210,0.29872438
13211,-0.62817967
13212,-0.1828457
13213,0.3635601
13214,0.27421704
13215,0.27072603
13216,0.2562416
13217,0.032205265
13218,0.20118615
13219,-0.084957644
13220,0.33703905
13221,-0.6778447
13222,0.3085364
13223,-0.33818427
13224,0.37454277
13225,0.16777396
13226,-0.41651183
13227,0.038453665
13228,0.20975041
13229,0.09914776
13230,-1.0786316
13231,-0.22363576
13232,-0.5919365
13233,0.3306211
13234,0.18710977
13235,0.31343576
13236,-0.071111456
13237,0.18677838
13238,0.33472937
13239,0.22149593
13240,0.21379584
13241,-0.15666887
13242,-0.07439236
13243,0.28704837
13244,-0.7758163
13245,0.4016083
13246,0.19443373
13247,0.3849415
13248,-0.16710794
13249,-0.13340679
13250,0.24007015
13251,0.2389399
13252,0.12944576
13253,-0.8926473
13254,0.3787729
13255,0.27396342
13256,0.22149593
13257,0.18392016
13258,0.099352814
13259,0.30368903
13260,0.39727002
13261,0.5978081
13262,0.35055816
13263,0.16603343
13264,-0.025253143
13265,0.1885089
13266,0.3624383
13267,0.095492326
13268,-0.060434327
13269,-0.9737111
13270,-0.6417302
13271,0.35590866
13272,0.004051783
13273,-0.6819538
13274,-0.02710599
13275,0.30257028
13276,0.250357
13277,0.012615966
13278,0.4016083
13279,-0.059895717
13280,0.20860462
13281,0.15344372
13282,0.03320543
13283,-0.19618137
13284,0.20150918
13285,-0.19306202
13286,0.19713947
13287,-0.0035461946
13288,-1.1639574
13289,0.42231065
13290,0.21220765
13291,-0.093239814
13292,0.33131665
13293,0.30027795
13294,0.213897
13295,-0.6230263
13296,0.050229512
13297,-0.65834755
13298,0.078261785
13299,-1.0795332
13300,-0.26551852
13301,-0.0255837
13302,-0.39276093
13303,0.08117837
13304,-0.1782085
13305,0.22999188
13306,-0.09719418
13307,-5.7491255
13308,0.38014567
13309,0.38390344
13310,-0.1490473
13311,0.036685232
13312,-0.8228033
13313,0.11907794
13314,-0.38790074
13315,0.32474643
13316,-0.74941385
13317,0.1527914
13318,-0.42988467
13319,-0.35963896
13320,0.30295172
13321,0.29982206
13322,-0.14246367
13323,0.5584402
13324,-0.26586834
13325,0.3603028
13326,0.28008205
13327,0.4387571
13328,0.13285631
13329,-0.286593
13330,-0.07370739
13331,0.045984533
13332,0.16188997
13333,0.42640018
13334,0.23172
13335,0.39359745
13336,-0.27230993
13337,0.29408798
13338,0.38583738
13339,0.55098563
13340,-0.7386688
13341,0.5566356
13342,-3.3570578
13343,0.12404402
13344,0.11634685
13345,0.6525467
13346,0.2049005
13347,0.3562629
13348,0.21122041
13349,0.4622846
13350,-0.07785702
13351,0.64037246
13352,-0.02710599
13353,-0.23918748
13354,0.19351499
13355,-0.0060125003
13356,-0.2366519
13357,-0.2714867
13358,-0.108431764
13359,0.14703402
13360,-1.2259136
13361,-0.11144735
13362,-0.1906157
13363,-0.024770236
13364,-1.1478887
13365,0.2532573
13366,0.431367
13367,0.34501725
13368,0.16716425
13369,0.34916046
13370,0.432499
13371,0.255829
13372,0.33776906
13373,0.03973937
13374,0.3051831
13375,-0.253245
13376,0.6917528
13377,-1.4411356
13378,0.19713947
13379,0.37242776
13380,0.35445696
13381,0.19439594
13382,0.028496712
13383,-0.17166446
13384,0.22565153
13385,0.1869596
13386,0.6868649
13387,0.44116187
13388,-1.4504609
13389,-0.1118497
13390,0.02665617
13391,0.102075614
13392,0.33604103
13393,-0.7113227
13394,0.15313408
13395,0.126314
13396,0.58650714
13397,0.13447066
13398,-0.018146563
13399,-0.5278315
13400,-0.5827374
13401,-0.36709577
13402,-0.3800063
13403,-0.43652254
13404,0.3371276
13405,0.29391876
13406,0.3318698
13407,-0.25356206
13408,0.19003348
13409,-0.8281247
13410,-1.3607806
13411,-0.13432138
13412,0.12599948
13413,0.02955898
13414,1.1446476
13415,0.10744979
13416,-0.69966024
13417,0.24580134
13418,-0.09234081
13419,-1.1918182
13420,0.5312293
13421,0.2933192
13422,0.41559765
13423,-0.6301927
13424,0.5571966
13425,0.33618233
13426,0.018193472
13427,-0.7380611
13428,-0.90149486
13429,-0.24982414
13430,0.34844992
13431,0.25348732
13432,0.3026712
13433,0.25728646
13434,0.36793587
13435,-0.15419061
13436,0.39575747
13437,0.5401853
13438,0.43444702
13439,0.14134358
13440,0.3885585
13441,0.56054217
13442,-0.25313547
13443,-2.2206357
13444,0.38470823
13445,-1.9883704
13446,0.11900119
13447,-0.089565426
13448,0.7056423
13449,0.33777672
13450,0.32373258
13451,-0.2705667
13452,0.34996814
13453,0.189944
13454,0.14379765
13455,0.45227835
13456,0.6133691
13457,-0.63677347
13458,0.44846267
13459,0.12962775
13460,0.0065756645
13461,0.38953003
13462,0.34669176
13463,-3.179773
13464,-0.7528354
13465,0.20763415
13466,-1.0201159
13467,0.073306836
13468,0.2400888
13469,-1.1091311
13470,0.165152
13471,-0.36282623
13472,-0.3944245
13473,-0.80528855
13474,0.25951573
13475,0.06086941
13476,-1.191335
13477,0.25892064
13478,-0.31348872
13479,-0.1758884
13480,-0.29811144
13481,0.12322344
13482,-0.18554017
13483,0.33147505
13484,0.07701012
13485,0.51334125
13486,-0.26262215
13487,0.34648472
13488,-0.11302291
13489,0.09595776
13490,0.42044142
13491,0.15053178
13492,0.07268509
13493,0.1986516
13494,0.40334997
13495,0.032205265
13496,-0.32814708
13497,0.2564261
13498,0.25963712
13499,0.32576346
13500,0.08051385
13501,0.34972572
13502,0.19061555
13503,0.34974036
13504,0.46211812
13505,0.31378394
13506,0.29391876
13507,0.3318698
13508,0.09768061
13509,0.20941775
13510,0.12903568
13511,0.32096532
13512,0.165152
13513,0.10329682
13514,0.13829507
13515,0.039367586
13516,-0.37825257
13517,0.20525527
13518,-0.51847935
13519,0.19855593
13520,-0.1298452
13521,0.32781678
13522,0.37926146
13523,0.42333347
13524,-1.6813135
13525,0.2001471
13526,0.23636264
13527,-0.7792834
13528,0.40052772
13529,0.34648472
13530,0.06682697
13531,-0.18554017
13532,-0.683887
13533,-0.7206759
13534,-0.21819006
13535,0.11159311
13536,0.20157
13537,0.20119981
13538,0.086146414
13539,0.28770918
13540,0.20314184
13541,0.47365475
13542,0.15428063
13543,0.092473075
13544,0.07840359
13545,-0.42140293
13546,0.33080724
13547,0.23213267
13548,0.1859853
13549,-0.020569734
13550,0.35562894
13551,0.05657083
13552,0.029707849
13553,0.43343315
13554,0.3042806
13555,-0.295514
13556,0.4991946
13557,0.40316832
13558,0.28168884
13559,-0.1641326
13560,-0.21739504
13561,0.12766884
13562,-0.3310284
13563,-0.10113939
13564,-0.3236615
13565,0.2744346
13566,0.20106332
13567,0.55144066
13568,0.23104212
13569,0.38333553
13570,0.26887086
13571,0.16517246
13572,-0.45356283
13573,0.3743266
13574,0.074165195
13575,-0.036276158
13576,0.3737469
13577,0.18773937
13578,0.3978182
13579,0.09965874
13580,-0.21602431
13581,0.13236691
13582,0.34356016
13583,0.30208746
13584,-0.5603592
13585,0.13643815
13586,0.5049921
13587,0.056542203
13588,-0.045149215
13589,0.094920225
13590,0.26845855
13591,-0.5148785
13592,0.36417598
13593,-0.2612855
13594,0.21764266
13595,0.39573634
13596,0.4133209
13597,0.4630541
13598,0.24650092
13599,-0.62406147
13600,-0.18559662
13601,0.33617675
13602,0.3026712
13603,0.3280864
13604,0.33122224
13605,0.33870393
13606,-0.22138985
13607,0.3686843
13608,0.39149523
13609,0.10401907
13610,0.37147242
13611,0.38333553
13612,-0.4695511
13613,0.23917408
13614,-0.342103
13615,0.40643558
13616,0.21839817
13617,0.017462637
13618,-0.19995119
13619,0.34513173
13620,0.20785832
13621,0.43200696
13622,0.21530776
13623,0.3907499
13624,0.3665253
13625,0.5337848
13626,0.3504383
13627,-0.40624854
13628,0.36651775
13629,0.18301861
13630,0.3955372
13631,0.33776906
13632,0.22688964
13633,0.33806413
13634,0.16700725
13635,0.42888066
13636,0.2424642
13637,0.92476225
13638,0.062166538
13639,-0.13695517
13640,0.3117692
13641,0.37895358
13642,0.17234951
13643,0.31379086
13644,0.0705972
13645,0.35039115
13646,0.616411
13647,0.069965445
13648,-0.39532954
13649,0.26990393
13650,-0.21356569
13651,0.34503272
13652,0.4032827
13653,0.049121737
13654,-0.028679915
13655,0.16151266
13656,0.2256724
13657,0.5011093
13658,0.34799635
13659,0.24409916
13660,0.13013141
13661,0.44832045
13662,0.2990005
13663,0.45935175
13664,0.064013034
13665,-3.873349
13666,0.36829293
13667,-0.021340482
13668,0.48527902
13669,0.040267587
13670,0.23389767
13671,0.3602572
13672,0.27704027
13673,0.2425672
13674,0.1114706
13675,0.34001696
13676,0.44184917
13677,0.30454397
13678,0.22826852
13679,0.42266914
13680,0.47667927
13681,0.2424642
13682,0.4479866
13683,0.20999871
13684,0.46199957
13685,0.30395618
13686,0.43189916
13687,0.43493125
13688,0.17982082
13689,-0.13714918
13690,0.43041205
13691,0.16334644
13692,-0.17112847
13693,-0.019319378
13694,0.15865944
13695,0.1462808
13696,0.19375268
13697,-0.13163713
13698,0.18451059
13699,0.2024852
13700,0.16431348
13701,0.20124777
13702,-0.6542193
13703,-0.07407247
13704,-0.8995562
13705,0.09094654
13706,-0.20619518
13707,-0.25727552
13708,0.3338336
13709,0.4086427
13710,0.3129481
13711,0.34361356
13712,0.01060321
13713,-0.5802848
13714,0.1527914
13715,0.34996796
13716,0.09135313
13717,0.08551004
13718,-0.27229384
13719,0.15204331
13720,0.0126608005
13721,0.44788864
13722,-0.4837496
13723,0.23384471
13724,-0.17002028
13725,0.34501725
13726,0.030195793
13727,-0.13657849
13728,0.54781145
13729,0.4925505
13730,0.5862959
13731,0.16437972
13732,0.37350342
13733,-0.19647057
13734,-0.43368083
13735,-1.333388
13736,-0.041064784
13737,0.6603997
13738,0.20314184
13739,0.29982206
13740,0.45527214
13741,0.5185962
13742,-0.0013076174
13743,0.20111737
13744,0.11286617
13745,0.39474314
13746,0.3568487
13747,-0.0074602556
13748,0.03540241
13749,-0.24690948
13750,0.09831352
13751,-0.1631137
13752,0.13203335
13753,0.28596672
13754,0.5836175
13755,0.17184588
13756,0.57086855
13757,-0.8972366
13758,0.19724365
13759,0.034626037
13760,0.2012953
13761,0.39274397
13762,-0.1273043
13763,0.23193617
13764,0.35562894
13765,0.29566956
13766,0.20113967
13767,-0.20207193
13768,0.17227006
13769,0.165152
13770,-0.39482167
13771,-0.006757157
13772,0.2896324
13773,0.32860595
13774,0.2879302
13775,0.3904683
13776,-0.6390436
13777,-0.4069245
13778,-0.13843513
13779,0.2694168
13780,0.16957286
13781,-1.9284335
13782,0.3373507
13783,0.2898623
13784,-0.12671271
13785,0.26047176
13786,0.024324477
13787,-0.07920088
13788,0.21321175
13789,0.39645255
13790,0.19724365
13791,-0.17166446
13792,0.1278989
13793,0.2304533
13794,-0.061861686
13795,0.38456273
13796,0.12573257
13797,0.29221624
13798,0.49067387
13799,0.37260178
13800,-0.0017159544
13801,0.3052066
13802,0.26802045
13803,0.47629592
13804,0.18370715
13805,0.20106332
13806,0.47297025
13807,0.24899922
13808,0.19724365
13809,0.5607133
13810,-0.02049428
13811,0.53238434
13812,0.26712036
13813,-0.5862568
13814,-0.13476792
13815,0.13183154
13816,0.33881512
13817,-0.4362758
13818,0.33379903
13819,-0.8967463
13820,0.32333678
13821,0.13439924
13822,-1.1626927
13823,-3.7909157
13824,-0.08865507
13825,0.15459567
13826,-0.9507834
13827,0.120405756
13828,0.09465253
13829,0.13627401
13830,0.46468467
13831,0.36381847
13832,-1.0581875
13833,0.15669495
13834,0.5549024
13835,0.3208874
13836,-0.039118584
13837,0.041262582
13838,-0.30096984
13839,0.41717163
13840,0.35393965
13841,0.19680125
13842,-0.20470738
13843,-0.0017444592
13844,0.27476573
13845,0.25864413
13846,0.37812304
13847,0.2865066
13848,-0.14345306
13849,0.36203462
13850,-0.27103433
13851,-0.48602208
13852,0.2681162
13853,0.186891
13854,0.3644022
13855,0.11671963
13856,0.0959355
13857,0.2694406
13858,0.8404435
13859,0.038318466
13860,0.04329281
13861,-0.26622507
13862,0.21530776
13863,0.28911954
13864,0.19312504
13865,-0.74210966
13866,0.27826023
13867,-1.5172141
13868,0.11979522
13869,-0.21834989
13870,-0.16966815
13871,0.3616714
13872,0.061740197
13873,-0.17812595
13874,0.50837016
13875,-0.012396671
13876,0.34078103
13877,0.25677076
13878,0.17764401
13879,0.31753036
13880,-0.46794075
13881,0.4068046
13882,0.41891035
13883,0.40278167
13884,0.22798167
13885,0.23307732
13886,-0.1567391
13887,0.59600663
13888,0.28112772
13889,0.45832205
13890,-0.0730564
13891,0.14133133
13892,-0.070109986
13893,0.18358791
13894,0.13993336
13895,0.5354751
13896,0.43343315
13897,0.34161726
13898,-0.047126167
13899,0.6164667
13900,0.26114434
13901,-0.058964558
13902,-0.7059138
13903,-0.16789612
13904,0.1868548
13905,0.35599354
13906,0.27981317
13907,0.083050326
13908,0.017937616
13909,0.14273486
13910,-0.14693376
13911,0.3157274
13912,0.09960772
13913,0.21174403
13914,0.217374
13915,0.4242387
13916,-0.7118436
13917,0.64110136
13918,-0.097803004
13919,0.41219196
13920,-0.03016235
13921,0.08993173
13922,0.16740997
13923,0.3665253
13924,0.36544842
13925,0.46470335
13926,0.29918683
13927,-0.07066929
13928,0.44151676
13929,0.42088035
13930,0.07854461
13931,0.35110545
13932,0.55780184
13933,0.18540993
13934,0.08061658
13935,-0.03800198
13936,0.1488879
13937,0.5176111
13938,0.17234951
13939,0.30687442
13940,-0.22458205
13941,0.23117243
13942,0.049057074
13943,0.31039527
13944,-0.23423867
13945,-0.42785975
13946,0.42079794
13947,-0.08697826
13948,0.05087627
13949,0.08349847
13950,-0.31630495
13951,0.28599715
13952,0.5881456
13953,0.28417987
13954,-0.094155736
13955,0.14316516
13956,0.1506038
13957,0.121780686
13958,0.057615314
13959,0.33634183
13960,0.121780686
13961,0.005579749
13962,0.5512477
13963,0.20995641
13964,-0.009869279
13965,0.16193286
13966,0.28422353
13967,0.13224614
13968,0.19724365
13969,0.3055287
13970,0.31449756
13971,0.27704027
13972,0.49112993
13973,0.29645568
13974,0.059407752
13975,0.034626037
13976,-0.10513813
13977,0.26604578
13978,-0.15482758
13979,0.26604578
13980,0.48646358
13981,0.23872077
13982,-3.31808
13983,0.33948192
13984,0.35386118
13985,-0.25400537
13986,0.35325918
13987,-0.3275196
13988,0.32938537
13989,0.10666964
13990,0.2071075
13991,0.24579842
13992,0.24044794
13993,-0.29263788
13994,0.444496
13995,0.4084301
13996,0.32132164
13997,0.5318172
13998,0.33452734
13999,0.3768422
14000,0.13884464
14001,0.51360625
14002,0.51218325
14003,0.43127006
14004,-0.11103423
14005,0.8023954
14006,0.39111623
14007,0.638917
14008,0.5994226
14009,0.38179958
14010,-0.23131323
14011,0.13074636
14012,-0.29666722
14013,0.26862457
14014,-3.2996023
14015,0.33186778
14016,0.37385863
14017,0.070406325
14018,0.1579188
14019,-0.57403666
14020,0.3530532
14021,-0.1128554
14022,-0.12392615
14023,0.3390595
14024,0.35392103
14025,0.43831912
14026,0.15859225
14027,0.40334997
14028,-0.007841812
14029,0.2350841
14030,0.23040211
14031,0.24342784
14032,-0.0009202023
14033,-0.8143226
14034,-0.15964627
14035,0.18905038
14036,-0.23893696
14037,0.2931082
14038,0.39329934
14039,0.20208956
14040,0.11418375
14041,-0.36705106
14042,-0.0306626
14043,0.4247145
14044,0.2564261
14045,-0.6346797
14046,0.009624222
14047,0.2900754
14048,-0.20565006
14049,0.18301861
14050,0.5497721
14051,-0.4799909
14052,-0.39085796
14053,0.3654486
14054,0.20183869
14055,0.08037054
14056,-0.6217942
14057,0.36538845
14058,-0.41173518
14059,0.32384768
14060,-1.0885338
14061,0.32551253
14062,-0.57994443
14063,-0.5496988
14064,0.6562953
14065,0.14767127
14066,0.42459968
14067,0.18817504
14068,0.19315521
14069,0.1409373
14070,0.40052772
14071,0.014885841
14072,-0.01538331
14073,0.28919283
14074,0.1033777
14075,0.14948377
14076,0.52528214
14077,-0.15401809
14078,0.28358707
14079,0.10321187
14080,0.65786296
14081,0.3826899
14082,0.26052734
14083,-0.38775036
14084,0.3547759
14085,-0.83364564
14086,0.22000009
14087,0.5502484
14088,0.3691346
14089,-0.19119005
14090,0.61428547
14091,0.4041616
14092,0.054516215
14093,0.8758735
14094,0.4855027
14095,0.29354095
14096,0.24249245
14097,0.24481858
14098,0.40614128
14099,0.34187165
14100,0.14697723
14101,0.15428063
14102,-0.06864588
14103,0.30232164
14104,-0.25356206
14105,0.26273987
14106,0.40813258
14107,0.0705972
14108,0.3153667
14109,0.19650483
14110,0.36784145
14111,0.15669495
14112,0.5016679
14113,0.22670248
14114,0.42963538
14115,0.08100392
14116,0.13121478
14117,0.15053178
14118,0.03932076
14119,-0.67180425
14120,0.36784145
14121,-1.5803626
14122,-0.15053307
14123,0.4098211
14124,-0.1292684
14125,-0.3000579
14126,0.4924507
14127,0.2862104
14128,0.28401455
14129,0.3052105
14130,-0.01143893
14131,0.22221093
14132,-1.228506
14133,0.04493804
14134,-0.48412636
14135,0.35639623
14136,-0.26063004
14137,-0.06392943
14138,0.15428063
14139,0.19003348
14140,0.40939078
14141,0.2248016
14142,0.23020284
14143,0.014748532
14144,0.1995928
14145,0.038363185
14146,0.40727344
14147,0.33363324
14148,0.331417
14149,0.24276404
14150,-0.6745678
14151,0.26273987
14152,-1.604746
14153,0.4007078
14154,0.069965445
14155,0.21950221
14156,-0.6068761
14157,-0.25369254
14158,-0.25697726
14159,0.2669806
14160,0.2216392
14161,0.47571015
14162,0.3778366
14163,0.3238491
14164,-0.043976583
14165,0.24087985
14166,0.11879254
14167,-0.28746527
14168,0.29154763
14169,0.25921974
14170,0.5014767
14171,-0.0064324206
14172,0.29323155
14173,0.32206944
14174,-1.3884135
14175,0.17982082
14176,-0.38993916
14177,-0.7713046
14178,-3.4505305
14179,0.32118964
14180,0.41926074
14181,-0.022503987
14182,0.071581125
14183,-1.9298604
14184,-0.41392112
14185,0.9592845
14186,0.4227712
14187,-0.32231492
14188,-0.86911577
14189,-3.8445356
14190,0.14264007
14191,0.41294512
14192,-0.79043204
14193,0.49814215
14194,0.32189637
14195,-1.6140594
14196,0.4747345
14197,-1.1942005
14198,0.72068536
14199,0.5231178
14200,0.4110426
14201,-0.45887256
14202,0.31840372
14203,0.3069275
14204,-1.3436574
14205,0.3305124
14206,0.23730683
14207,0.28674266
14208,0.26273987
14209,-0.058113895
14210,0.29712656
14211,0.30587134
14212,0.096612066
14213,0.028548647
14214,-7.23458
14215,-0.35251284
14216,0.117570765
14217,0.107724026
14218,0.25728646
14219,0.30232164
14220,0.03819674
14221,0.13884464
14222,0.31802693
14223,0.11969782
14224,0.6368287
14225,0.124728374
14226,0.19542842
14227,-0.08164772
14228,-0.043226425
14229,-1.5264373
14230,0.22498757
14231,-0.43835458
14232,0.35932678
14233,-0.47842723
14234,-0.119579725
14235,-4.2846813
14236,0.68796843
14237,0.081430696
14238,0.19687133
14239,0.3129855
14240,-0.99483407
14241,0.3684754
14242,-3.1531322
14243,0.1462808
14244,0.29439136
14245,0.23627195
14246,-0.20081525
14247,0.4391927
14248,-0.008826159
14249,0.084199026
14250,0.45785248
14251,0.36040547
14252,0.17891237
14253,0.6159514
14254,0.13875781
14255,-0.44151443
14256,0.3383844
14257,0.03519466
14258,-0.20648223
14259,0.39954805
14260,0.07904487
14261,-0.11695806
14262,0.24242884
14263,-0.031948373
14264,0.19947621
14265,0.0813004
14266,0.6982327
14267,0.08405433
14268,0.66512877
14269,-0.32088614
14270,0.30257028
14271,-0.28349853
14272,0.30257028
14273,0.30257028
14274,0.41813
14275,0.16368072
14276,-0.18226281
14277,0.2561741
14278,-0.34489316
14279,0.23604965
14280,0.40418255
14281,0.9519436
14282,0.275406
14283,0.3318698
14284,0.2879667
14285,-1.7799073
14286,0.20207453
14287,0.24071303
14288,0.5753548
14289,0.2780231
14290,0.24656968
14291,0.20268437
14292,0.28192523
14293,0.28417987
14294,0.11418375
14295,-0.516968
14296,0.18522993
14297,0.22327809
14298,0.4846002
14299,0.23105931
14300,0.18522993
14301,-1.351703
14302,0.09402098
14303,-2.256409
14304,-0.39892715
14305,0.3183449
14306,0.32615304
14307,0.43356147
14308,-0.9222766
14309,0.3259853
14310,0.24657916
14311,0.3153667
14312,-0.034893975
14313,0.114500694
14314,0.25963712
14315,0.49732614
14316,0.24169235
14317,-17.288609
14318,0.07599078
14319,0.32206944
14320,0.14516427
14321,-2.1271408
14322,0.29221624
14323,-17.105394
14324,0.48148417
14325,0.20215937
14326,0.36289078
14327,0.30066663
14328,0.40511045
14329,0.25328875
14330,0.25415775
14331,-0.06518589
14332,0.012530826
14333,0.17567323
14334,-0.069378406
14335,-0.17198668
14336,0.5353962
14337,-0.037148397
14338,0.4197199
14339,0.4063871
14340,0.14667587
14341,0.15428063
14342,0.45600542
14343,-0.18814367
14344,0.38056847
14345,-0.17815241
14346,0.37602687
14347,-0.53321093
14348,0.4820519
14349,0.3560768
14350,0.34700158
14351,0.3752773
14352,0.24044794
14353,0.3219307
14354,0.43207586
14355,0.24044794
14356,0.26862457
14357,0.32182097
14358,0.08401312
14359,0.13161846
14360,0.27508298
14361,-0.08047694
14362,0.2623315
14363,0.1748679
14364,0.30257028
14365,0.3947342
14366,0.6396312
14367,0.18864779
14368,0.24044794
14369,-0.043844845
14370,0.24044794
14371,0.2947678
14372,-0.32042775
14373,0.6838233
14374,-0.3277742
14375,0.23174669
14376,-0.17732887
14377,0.20733449
14378,0.38842782
14379,0.40278167
14380,0.06428715
14381,0.4041616
14382,0.1532261
14383,0.2071075
14384,-0.030040879
14385,0.49112993
14386,0.4810449
14387,0.07279696
14388,0.35393965
14389,0.23163989
14390,0.32938537
14391,0.33040372
14392,0.295036
14393,0.26054472
14394,0.2425672
14395,-0.12387954
14396,-1.043903
14397,0.29982206
14398,0.063651696
14399,-0.67659426
14400,-0.006435142
14401,0.44645557
14402,0.39278495
14403,-0.38248944
14404,0.43697682
14405,0.06307039
14406,0.3408126
14407,-0.07410589
14408,0.10391779
14409,0.24072485
14410,0.016969156
14411,0.119134076
14412,0.4086004
14413,0.18318611
14414,0.371082
14415,-1.0539242
14416,0.18905038
14417,-0.23893696
14418,0.37805402
14419,0.30083776
14420,0.13588917
14421,-0.31914985
14422,0.42708236
14423,-4.5036087
14424,-0.7872367
14425,0.32116073
14426,0.013026809
14427,0.15095362
14428,0.3848306
14429,0.12903568
14430,0.18907537
14431,0.40823382
14432,0.20111737
14433,0.28095463
14434,-0.029154606
14435,0.03727133
14436,0.098816425
14437,0.14970271
14438,-0.30123398
14439,0.20111737
14440,0.41911298
14441,0.13395192
14442,0.23558752
14443,-1.0491171
14444,0.07331346
14445,0.60691833
14446,-0.08553035
14447,0.051198218
14448,-2.4293218
14449,-1.0882524
14450,0.30456632
14451,-0.7008877
14452,0.13018534
14453,-0.17934191
14454,-0.9120487
14455,0.45037588
14456,0.41385368
14457,0.26444027
14458,-0.22671556
14459,0.50116676
14460,-0.112402685
14461,0.27183178
14462,0.2341914
14463,0.17210062
14464,0.46631524
14465,-0.0016812463
14466,-0.818667
14467,0.38645712
14468,-0.12458187
14469,0.39468855
14470,0.35761416
14471,0.03896645
14472,0.2424642
14473,0.51007915
14474,0.31518495
14475,0.41226476
14476,0.16591223
14477,0.46631524
14478,0.48434287
14479,0.12192286
14480,0.256044
14481,0.122868255
14482,0.31323653
14483,0.032689143
14484,-0.93032825
14485,0.34269312
14486,-0.35391676
14487,0.17210062
14488,0.35195595
14489,-0.1174561
14490,0.27421704
14491,0.43680567
14492,0.31518495
14493,0.19508447
14494,-0.0100090895
14495,0.4523528
14496,0.43522453
14497,-0.43277234
14498,0.38056847
14499,-0.6997695
14500,-0.0808817
14501,0.5370403
14502,0.9687899
14503,0.39824829
14504,-0.5211085
14505,0.4523528
14506,0.3983892
14507,0.32337514
14508,0.3981847
14509,-0.071829736
14510,0.2811762
14511,0.25232717
14512,0.045201097
14513,0.2280002
14514,-0.49606964
14515,0.09836954
14516,0.40939078
14517,-0.03904437
14518,0.31048548
14519,-2.4977176
14520,1.0095694
14521,-0.092340074
14522,0.097742744
14523,0.093093336
14524,0.51007915
14525,0.22367285
14526,0.41223282
14527,0.32116073
14528,0.2352633
14529,0.46173707
14530,-0.94302404
14531,0.23831233
14532,-0.5538848
14533,-0.48769012
14534,0.1293365
14535,0.09905554
14536,0.018938802
14537,-0.00031627854
14538,0.17553142
14539,0.15640938
14540,-0.6177759
14541,0.2239497
14542,-0.98801297
14543,-0.25013492
14544,0.36255988
14545,-0.093882576
14546,0.10840131
14547,0.41764393
14548,0.6813038
14549,0.2199575
14550,0.35562894
14551,0.26489353
14552,0.13814558
14553,0.38659024
14554,0.19086327
14555,0.29714882
14556,0.39098325
14557,0.20268138
14558,0.46961945
14559,0.35768285
14560,0.10377776
14561,0.45037588
14562,-0.12344615
14563,0.24870904
14564,-0.14981927
14565,0.24415472
14566,0.13456991
14567,-0.09089442
14568,0.17271341
14569,0.009704918
14570,0.49033073
14571,0.32191402
14572,0.45409828
14573,0.4774441
14574,-2.1041596
14575,0.25082082
14576,0.35683203
14577,-0.044529237
14578,-3.1872416
14579,0.43017
14580,0.3404822
14581,0.30378082
14582,0.049703676
14583,-0.08156427
14584,0.4359428
14585,-1.1656096
14586,0.34780604
14587,0.33251265
14588,0.026523478
14589,0.7684221
14590,0.28264245
14591,0.118527554
14592,0.22875996
14593,0.101750165
14594,0.15619917
14595,-0.04936223
14596,0.29314858
14597,0.44320226
14598,-0.22190835
14599,-0.10844236
14600,0.013290381
14601,-0.13113214
14602,-0.030006431
14603,0.3979621
14604,0.2740785
14605,0.38680628
14606,0.2292609
14607,0.35884154
14608,0.4224976
14609,0.16475257
14610,0.28501946
14611,0.27715737
14612,0.08311153
14613,0.22620763
14614,0.36369386
14615,0.2687544
14616,0.34261978
14617,0.2002202
14618,0.014074131
14619,0.38317454
14620,0.004051783
14621,0.45517594
14622,0.32629094
14623,0.4577301
14624,-0.15628557
14625,-0.31560025
14626,0.6108613
14627,0.30232164
14628,0.32438412
14629,0.23020284
14630,-0.23260278
14631,-1.2718213
14632,0.23020284
14633,0.33052918
14634,-0.4700366
14635,0.22391286
14636,0.23020284
14637,0.05906753
14638,0.3153667
14639,-0.14133342
14640,0.18213756
14641,0.08401312
14642,0.07211922
14643,0.23020284
14644,0.2954102
14645,0.10071797
14646,-0.2236539
14647,0.23020284
14648,-0.0066241706
14649,0.4510992
14650,0.07211922
14651,0.552
14652,0.36800873
14653,0.60155004
14654,0.050678514
14655,0.24686998
14656,-0.23235928
14657,0.34158888
14658,-0.02710599
14659,0.36548343
14660,0.28358707
14661,0.06627328
14662,0.28975767
14663,0.17982082
14664,0.14409922
14665,0.5016679
14666,0.30654445
14667,0.31118172
14668,-0.5296089
14669,0.14037716
14670,-0.026692439
14671,0.26232672
14672,0.76209736
14673,0.1831128
14674,0.45506743
14675,0.044357184
14676,0.34813374
14677,0.3943559
14678,0.3753183
14679,0.65586656
14680,-0.02710599
14681,0.41883042
14682,0.029180437
14683,0.3443008
14684,0.29843578
14685,-0.030040879
14686,-0.02710599
14687,0.29799002
14688,-3.2689013
14689,-0.727436
14690,0.67233247
14691,0.29323155
14692,0.5082345
14693,0.30208746
14694,0.45517594
14695,-0.39694417
14696,0.06439833
14697,0.3684754
14698,0.1462808
14699,0.39821577
14700,0.5449186
14701,0.27318785
14702,-0.23174965
14703,0.14808561
14704,0.6001176
14705,-0.11933336
14706,-1.224648
14707,0.36883184
14708,-0.35026008
14709,0.39247793
14710,-0.020771299
14711,0.14808561
14712,0.09156448
14713,0.17607799
14714,0.37846115
14715,-1.3884135
14716,0.28048623
14717,0.21014783
14718,0.11830156
14719,0.2238217
14720,1.0868548
14721,0.02893687
14722,0.20693667
14723,0.83275235
14724,0.20778865
14725,-0.45059168
14726,0.43665057
14727,0.27471665
14728,0.2306212
14729,0.300788
14730,-0.28717813
14731,0.13121949
14732,0.42642075
14733,-1.5755895
14734,0.006603391
14735,0.14970292
14736,0.33738464
14737,-0.8002365
14738,-1.8057102
14739,-0.010661885
14740,0.37029508
14741,0.0005120435
14742,-1.4264171
14743,-0.24823503
14744,0.37710592
14745,0.36568713
14746,0.31113002
14747,0.46855253
14748,0.05283609
14749,0.32693684
14750,0.1310461
14751,0.32354912
14752,-0.02206707
14753,0.22956762
14754,0.31113002
14755,0.4082089
14756,0.07497808
14757,0.19724365
14758,0.23570485
14759,-1.6903865
14760,-0.3550169
14761,0.33686215
14762,0.39096978
14763,0.39149523
14764,0.46855253
14765,-0.073285095
14766,0.2306212
14767,-0.24569675
14768,0.029707849
14769,0.22875996
14770,-0.16328204
14771,0.2608053
14772,0.53118366
14773,0.04788985
14774,0.36299318
14775,0.1654319
14776,0.08317252
14777,0.32546556
14778,0.44100437
14779,0.09923635
14780,0.36235642
14781,0.371082
14782,-0.5179654
14783,0.20215937
14784,0.53466225
14785,0.1937438
14786,0.40785033
14787,0.18468763
14788,0.12917134
14789,0.12209459
14790,0.063930966
14791,0.45586005
14792,0.2904073
14793,0.5487632
14794,0.27049938
14795,0.35446355
14796,0.40334997
14797,0.61020505
14798,0.32351345
14799,0.502453
14800,0.55329335
14801,0.2960786
14802,0.18758489
14803,0.26042685
14804,0.2306212
14805,0.13734156
14806,0.5475468
14807,0.11007014
14808,0.28610665
14809,0.019846823
14810,0.26604578
14811,0.1193878
14812,0.31796753
14813,-0.17185397
14814,-0.019154046
14815,-0.33053073
14816,0.0072927414
14817,-0.5223988
14818,-0.09599338
14819,0.16790456
14820,0.24759753
14821,-0.15139812
14822,-0.12360652
14823,0.29234743
14824,0.08404947
14825,0.5732673
14826,0.026025541
14827,0.27846342
14828,-0.027557027
14829,0.34471816
14830,0.459193
14831,0.15882923
14832,0.2623315
14833,-0.14576495
14834,-0.06844676
14835,0.42747417
14836,0.37889907
14837,0.011703769
14838,-0.50506717
14839,0.4302594
14840,0.74937403
14841,1.0098137
14842,-1.1819403
14843,0.3513328
14844,0.13684295
14845,0.260408
14846,-0.0721186
14847,0.29873416
14848,0.39881358
14849,0.17383571
14850,0.41878074
14851,0.2836514
14852,0.34640014
14853,0.20678063
14854,0.27942127
14855,0.5107367
14856,0.2749002
14857,0.23946372
14858,0.58796173
14859,0.41926074
14860,0.16644068
14861,-0.007841812
14862,0.20807935
14863,0.5727036
14864,-1.0224279
14865,0.35997677
14866,0.34529546
14867,0.40332225
14868,0.06923965
14869,0.016004506
14870,0.44885218
14871,-0.7026587
14872,-0.07037975
14873,0.024309687
14874,0.52022934
14875,-0.20490679
14876,0.025370382
14877,0.40783885
14878,-0.08252647
14879,0.42315182
14880,-0.9982115
14881,0.19663732
14882,0.21025579
14883,0.51868606
14884,0.17185436
14885,0.4402726
14886,0.37954026
14887,0.19890434
14888,0.20889345
14889,0.12822692
14890,-0.067955844
14891,0.13094915
14892,-0.40252456
14893,0.28975767
14894,0.642471
14895,-0.53747034
14896,0.33040372
14897,-0.47385344
14898,0.23020284
14899,0.39695603
14900,-0.122315265
14901,-0.06773214
14902,-0.4911534
14903,0.22764976
14904,0.13094915
14905,0.7185223
14906,-0.6177519
14907,-0.15088539
14908,-0.06511894
14909,0.06549376
14910,0.37695068
14911,0.34052664
14912,0.41501585
14913,0.51907074
14914,-0.38683715
14915,-0.62612146
14916,0.29971287
14917,-0.23344254
14918,-1.8880169
14919,0.1700174
14920,0.33677378
14921,-0.044529237
14922,0.67290723
14923,0.38319921
14924,0.49098402
14925,-0.21817562
14926,0.19850412
14927,-0.0097937435
14928,0.5091252
14929,0.27396342
14930,0.23020284
14931,0.35657996
14932,0.275406
14933,0.1664705
14934,0.34209493
14935,0.27708912
14936,0.30650952
14937,0.27060062
14938,0.535368
14939,0.42038292
14940,-1.0518038
14941,0.1471748
14942,0.20519924
14943,0.3318698
14944,0.17210062
14945,-1.6884072
14946,-0.13563606
14947,-0.341193
14948,0.19928995
14949,0.31391543
14950,0.27152053
14951,0.26496357
14952,0.25724757
14953,0.36408454
14954,-0.14400807
14955,0.3852935
14956,0.097400516
14957,0.48963204
14958,0.046706587
14959,0.27096778
14960,0.41990557
14961,0.35079318
14962,0.24433456
14963,0.004051783
14964,0.26991683
14965,0.47638568
14966,0.05809269
14967,0.5374664
14968,0.21444
14969,0.031128034
14970,0.53336793
14971,0.14983176
14972,0.2306212
14973,0.44348198
14974,-0.29057056
14975,0.3805374
14976,0.25121367
14977,0.39015654
14978,0.23522876
14979,-0.45177633
14980,-0.81740093
14981,0.3665253
14982,0.33877966
14983,0.5269228
14984,0.08666117
14985,-0.18726231
14986,-0.10977917
14987,0.060183752
14988,0.37103084
14989,0.2306212
14990,0.7904764
14991,0.12137548
14992,0.239497
14993,0.30295172
14994,-0.05518441
14995,0.42834064
14996,0.98192096
14997,1.0432653
14998,0.29672176
14999,0.38124228
15000,0.9404726
15001,-0.59879434
15002,0.31790245
15003,-1.4577683
15004,0.2879667
15005,0.38253134
15006,0.12458708
15007,0.25721413
15008,-0.6391745
15009,0.40688214
15010,0.03932076
15011,0.17229874
15012,0.100429595
15013,0.46590415
15014,0.098369196
15015,0.63884866
15016,-2.5515628
15017,-0.15918523
15018,0.5533409
15019,0.108097866
15020,-0.13075487
15021,0.25039843
15022,0.5082345
15023,0.5804388
15024,0.44884285
15025,-0.15054668
15026,0.4682575
15027,-0.24823503
15028,0.41172084
15029,0.37653717
15030,0.35734355
15031,0.41455016
15032,0.13229464
15033,0.23256129
15034,0.4354014
15035,0.2122085
15036,-0.32586536
15037,0.9933481
15038,0.21405093
15039,0.41623157
15040,-0.27283078
15041,-0.7087152
15042,0.17545037
15043,0.42330593
15044,0.22977608
15045,0.09193558
15046,0.14744537
15047,-0.124854475
15048,0.26234263
15049,0.29413903
15050,0.38798577
15051,0.33249575
15052,0.05322904
15053,0.2354417
15054,0.21337919
15055,-0.20302312
15056,0.0738753
15057,0.08939306
15058,0.19944043
15059,-1.1819905
15060,0.16867067
15061,0.38793948
15062,0.25328875
15063,-0.34333703
15064,0.35805526
15065,0.059325278
15066,-0.047046512
15067,0.119634785
15068,-0.77605003
15069,-0.6304837
15070,0.25917405
15071,0.427784
15072,0.1831128
15073,0.08515442
15074,0.43522182
15075,0.38066733
15076,0.25728646
15077,0.2730439
15078,0.2983555
15079,0.81245357
15080,0.2694168
15081,-0.26415858
15082,-0.38453656
15083,-0.11632266
15084,0.46444628
15085,0.44865718
15086,-1.7522043
15087,1.1060219
15088,0.22326472
15089,0.44151676
15090,0.032234393
15091,-1.087657
15092,0.1945634
15093,0.136506
15094,0.30199477
15095,0.19821036
15096,0.2577891
15097,0.20268437
15098,-0.10941011
15099,0.18301861
15100,0.25728646
15101,-0.3336065
15102,0.13300303
15103,0.19724365
15104,0.17982082
15105,-0.059082955
15106,0.17201085
15107,0.15603924
15108,-0.07033771
15109,0.28863415
15110,0.39777654
15111,0.2221063
15112,0.124558926
15113,0.2983555
15114,0.17982082
15115,0.049057074
15116,0.29111943
15117,0.561192
15118,0.056185756
15119,0.15769511
15120,0.35903576
15121,0.27419102
15122,0.1462808
15123,0.1993749
15124,-0.058277972
15125,0.2412837
15126,-0.024448682
15127,0.13734156
15128,0.52164596
15129,0.3042806
15130,0.12182256
15131,0.30018395
15132,0.3153667
15133,0.34498063
15134,0.031082135
15135,0.26857033
15136,-0.15155557
15137,0.32024467
15138,0.18575993
15139,0.09472507
15140,-0.10285746
15141,0.3977709
15142,0.06805303
15143,0.1462808
15144,0.43207586
15145,0.16644068
15146,0.2960786
15147,-0.81760925
15148,0.165152
15149,0.07584392
15150,0.25377625
15151,0.25096014
15152,-0.47084033
15153,0.062360544
15154,0.0738195
15155,0.5322242
15156,0.24733096
15157,0.26292947
15158,0.34259126
15159,1.0975567
15160,0.30947503
15161,0.04431775
15162,-0.003327466
15163,0.24482433
15164,-0.07410589
15165,0.26175871
15166,0.27660462
15167,0.2071075
15168,0.4958927
15169,0.12120347
15170,-0.14687693
15171,0.0959355
15172,0.27041247
15173,0.3306211
15174,0.26451975
15175,-0.02710599
15176,0.27361855
15177,0.31838667
15178,0.17518589
15179,0.3872078
15180,0.2389399
15181,0.4059617
15182,-0.65517724
15183,0.25133905
15184,0.20113967
15185,0.3026712
15186,0.29346484
15187,0.24665199
15188,-0.516386
15189,0.3665253
15190,0.20104656
15191,0.3547284
15192,0.28995076
15193,0.16501407
15194,0.11651177
15195,-0.03108494
15196,0.2933101
15197,0.15569969
15198,0.28218606
15199,-0.7844623
15200,0.010492345
15201,0.51334125
15202,-0.0097937435
15203,0.21483599
15204,0.28417987
15205,0.48809567
15206,0.18307628
15207,0.39860305
15208,-0.040239517
15209,-1.8088037
15210,0.5805309
15211,0.17960413
15212,0.033547923
15213,0.14046052
15214,0.2561741
15215,0.30232164
15216,-0.17572238
15217,0.6091525
15218,-0.022039011
15219,0.22501433
15220,-1.2324845
15221,0.3560768
15222,0.5343734
15223,-0.06260017
15224,0.30344698
15225,0.27659842
15226,0.20941775
15227,0.30193588
15228,0.64018816
15229,-0.17981972
15230,-0.028050177
15231,0.31233576
15232,0.5753548
15233,0.4694769
15234,0.2623315
15235,0.3831527
15236,0.041660305
15237,0.23020284
15238,0.117451616
15239,0.4431029
15240,0.23020284
15241,-0.043622922
15242,-0.03593399
15243,0.32895732
15244,0.51504517
15245,-0.5603592
15246,-0.03491985
15247,0.2608053
15248,-0.5843159
15249,-0.060434327
15250,0.42008305
15251,0.4686618
15252,0.35793418
15253,0.18313232
15254,0.2553812
15255,0.3177275
15256,0.20474766
15257,-0.09019436
15258,-0.034915052
15259,0.26927042
15260,0.26149616
15261,0.0133817205
15262,0.02141961
15263,0.15669495
15264,0.23724453
15265,0.34554935
15266,-0.0013099327
15267,0.23510997
15268,0.31831133
15269,0.66420156
15270,0.03493191
15271,0.45298997
15272,0.39854187
15273,-0.13694571
15274,0.38056847
15275,0.08946622
15276,0.015301796
15277,-1.0281894
15278,-0.25696486
15279,0.34438723
15280,-0.03821054
15281,0.50819874
15282,0.12801152
15283,0.028439984
15284,-0.12986353
15285,0.17706485
15286,0.39954805
15287,0.4025169
15288,0.13428736
15289,0.047335524
15290,0.5339207
15291,0.34110928
15292,-0.021222917
15293,0.059814606
15294,0.26759169
15295,0.48543468
15296,0.26671487
15297,-0.040763266
15298,0.35903576
15299,0.24433456
15300,-0.05462289
15301,0.51007915
15302,0.27659842
15303,0.2606321
15304,-0.123030916
15305,0.4197199
15306,-1.807497
15307,0.22919492
15308,0.40260154
15309,-0.23715827
15310,0.24433456
15311,0.36780015
15312,0.10083078
15313,0.002533072
15314,-0.11733332
15315,0.32932112
15316,0.24955955
15317,0.054517444
15318,-0.002579654
15319,-0.047628213
15320,0.5021427
15321,0.41914898
15322,-0.10132048
15323,-0.049144138
15324,0.3904683
15325,0.1304302
15326,0.42062142
15327,-0.08099068
15328,-0.006757157
15329,-0.06144046
15330,0.2350841
15331,-0.5136598
15332,-0.19820867
15333,-0.008932788
15334,0.27590126
15335,-0.33732998
15336,0.17185436
15337,0.37454277
15338,0.24908052
15339,-0.07037975
15340,0.3752773
15341,0.24702783
15342,0.47077933
15343,0.40549263
15344,0.28985876
15345,0.19785291
15346,0.50866884
15347,-0.7067039
15348,0.3204563
15349,-0.16608855
15350,0.17296986
15351,-0.31218037
15352,0.17097227
15353,-0.34153733
15354,-0.128728
15355,0.07410688
15356,-0.15415432
15357,0.19713947
15358,-0.049421232
15359,-0.24453689
15360,-0.0098055145
15361,0.31014726
15362,0.27994815
15363,0.28995076
15364,0.14587258
15365,0.4197199
15366,0.0029572165
15367,-0.052485555
15368,0.4197199
15369,0.20791583
15370,-0.0013076174
15371,0.16457538
15372,0.5225258
15373,-0.09577173
15374,0.5768495
15375,-0.15705542
15376,0.22242127
15377,0.38188943
15378,0.080048434
15379,-1.7147388
15380,0.67037743
15381,0.28358707
15382,-0.7038916
15383,0.4171033
15384,-0.052486245
15385,0.3219307
15386,-0.034265548
15387,0.11572465
15388,-0.39837947
15389,0.22591193
15390,0.3880378
15391,0.46129256
15392,-0.009906493
15393,0.16715181
15394,0.33922777
15395,0.27421704
15396,-0.06449188
15397,0.52132034
15398,0.20753056
15399,0.4810449
15400,-0.00031627854
15401,0.4197199
15402,0.070414
15403,0.1175901
15404,0.5949142
15405,0.20043246
15406,0.28186685
15407,-0.8925237
15408,-2.0472772
15409,0.4855027
15410,0.38489196
15411,0.49372295
15412,-0.24462819
15413,0.004051783
15414,-0.8769264
15415,0.5385327
15416,0.4961673
15417,0.4244232
15418,0.18558218
15419,0.34118602
15420,0.29830632
15421,0.37833014
15422,0.3797328
15423,0.2822007
15424,0.69185084
15425,0.29830632
15426,0.47516233
15427,0.44626054
15428,0.14382176
15429,0.47094694
15430,0.2389399
15431,0.50208944
15432,0.04958159
15433,0.30956087
15434,-1.2049963
15435,-0.15609613
15436,0.40846813
15437,0.14713417
15438,0.15210342
15439,0.10071797
15440,0.28571033
15441,-0.15340286
15442,0.2904073
15443,0.039299674
15444,0.3153667
15445,0.3134465
15446,-0.80622727
15447,0.34361356
15448,0.045148402
15449,0.30232164
15450,0.37858438
15451,-0.040928867
15452,0.17960413
15453,0.197211
15454,0.30650952
15455,0.38978848
15456,-0.71154284
15457,0.26273987
15458,0.2694406
15459,0.15566495
15460,0.29843578
15461,-1.0048544
15462,0.1303146
15463,-0.26520473
15464,0.24433456
15465,-0.02710599
15466,0.18079232
15467,-0.010280105
15468,0.25864413
15469,-0.59324634
15470,0.14744537
15471,0.07982884
15472,0.5016679
15473,0.38269725
15474,0.26948154
15475,0.13052481
15476,0.29799002
15477,-0.27706513
15478,0.34266025
15479,-0.00878957
15480,0.25728646
15481,0.3362938
15482,0.38796553
15483,0.5383268
15484,0.50767666
15485,0.2557027
15486,-0.41557708
15487,0.46673492
15488,0.3208874
15489,-0.010862249
15490,-0.38447875
15491,0.27846342
15492,0.4409082
15493,0.088875204
15494,-0.23686787
15495,0.20855659
15496,0.25713477
15497,-0.45382944
15498,0.4283076
15499,-0.06230363
15500,0.40777907
15501,0.39586002
15502,0.3659294
15503,0.12737617
15504,0.29798067
15505,0.39149523
15506,0.09713196
15507,-0.02710599
15508,0.3042806
15509,0.26041946
15510,0.6354872
15511,-0.42388165
15512,0.30143178
15513,0.10440031
15514,-0.38356942
15515,0.4268192
15516,0.39755356
15517,0.2306212
15518,0.24069725
15519,0.07273723
15520,0.35194206
15521,0.023334704
15522,-0.4783901
15523,0.34880608
15524,0.3031555
15525,-0.028168634
15526,-0.12055985
15527,-0.15981157
15528,0.5060595
15529,0.2608053
15530,0.3665563
15531,-0.29996812
15532,0.3801718
15533,0.24269539
15534,-0.05127851
15535,0.19724365
15536,0.23145187
15537,0.028548647
15538,0.40647092
15539,0.03147226
15540,0.5875771
15541,-0.6075794
15542,0.8017297
15543,0.103060536
15544,0.19850412
15545,0.26948154
15546,0.9638893
15547,-0.03556842
15548,0.2001339
15549,-1.1355006
15550,0.26739982
15551,-0.6022778
15552,0.47975108
15553,-0.17363138
15554,0.07334308
15555,0.5949142
15556,0.34780604
15557,-0.07017782
15558,0.0013006491
15559,0.6720743
15560,0.20632777
15561,0.6590292
15562,0.38999188
15563,5.8353413e-05
15564,0.33462948
15565,0.18301861
15566,0.30322054
15567,-2.6626163
15568,-0.6346797
15569,0.69614685
15570,-0.6198566
15571,0.1303973
15572,-0.19306421
15573,0.352016
15574,-0.010264109
15575,0.48131505
15576,0.42596847
15577,0.12960944
15578,0.25711602
15579,0.20923501
15580,0.60580987
15581,0.090611055
15582,0.16937312
15583,0.28214306
15584,0.18584363
15585,0.44948187
15586,-0.0435647
15587,-0.032644697
15588,0.1911986
15589,0.14505653
15590,-0.010537618
15591,0.06683023
15592,0.15452512
15593,-0.4114444
15594,-0.26709434
15595,0.17567323
15596,-0.06518589
15597,0.3291437
15598,0.10088316
15599,0.109020755
15600,0.502453
15601,0.28029254
15602,0.08434694
15603,0.13626164
15604,0.08384493
15605,-0.1296047
15606,-0.007841812
15607,0.27183178
15608,0.23842679
15609,0.08349847
15610,0.2266725
15611,0.022848167
15612,0.44090626
15613,0.073968515
15614,0.40833658
15615,0.4438383
15616,0.22688964
15617,0.051793527
15618,0.029967237
15619,0.25392157
15620,0.18905038
15621,-0.112402685
15622,-0.013491049
15623,0.22763999
15624,0.29767036
15625,0.01861734
15626,0.26862457
15627,0.38968468
15628,0.25783938
15629,-0.009906493
15630,0.37760782
15631,0.15428063
15632,0.36568713
15633,0.44209063
15634,0.27421704
15635,0.020987276
15636,-0.009906493
15637,0.13858406
15638,-0.011075417
15639,0.6100269
15640,0.2750933
15641,0.26496357
15642,0.5457941
15643,0.56296444
15644,0.14260128
15645,0.3248844
15646,0.32652658
15647,0.2948425
15648,0.24044794
15649,0.3752773
15650,0.26186293
15651,0.2948425
15652,0.23443852
15653,0.82026494
15654,0.26975527
15655,0.20910043
15656,0.24044794
15657,-0.053643886
15658,0.15425593
15659,0.2401602
15660,-0.029154606
15661,0.4522381
15662,0.11444997
15663,0.2187415
15664,-0.008391432
15665,0.41721603
15666,0.6376503
15667,0.23500437
15668,-0.6101286
15669,0.32551253
15670,0.15631597
15671,0.24372533
15672,0.08037054
15673,0.15677547
15674,0.22962762
15675,0.4014269
15676,-0.39978334
15677,0.18072781
15678,0.049760975
15679,0.3806751
15680,0.0118697295
15681,0.19645484
15682,-0.20565006
15683,0.3125332
15684,0.36613503
15685,0.5625674
15686,-0.56265485
15687,0.24044794
15688,0.11053073
15689,0.16580154
15690,0.0705972
15691,0.33741742
15692,0.22501433
15693,0.26671258
15694,0.2389399
15695,0.10787456
15696,0.23074736
15697,0.59025204
15698,0.07965283
15699,0.063758545
15700,0.102721415
15701,0.24568133
15702,-0.6088981
15703,0.18905038
15704,-0.06518589
15705,0.5622728
15706,0.001168253
15707,0.12628895
15708,0.28422353
15709,-0.25694945
15710,-0.06257187
15711,-1.6875905
15712,0.34940374
15713,-0.19532886
15714,-0.018787067
15715,-0.24393329
15716,-0.7975331
15717,0.28975767
15718,-0.3597968
15719,0.32880673
15720,0.37954026
15721,-0.5211085
15722,0.4523528
15723,-0.03904437
15724,0.26496357
15725,0.4359111
15726,0.12286991
15727,0.114359885
15728,0.5157956
15729,0.116065346
15730,0.2598326
15731,0.46794927
15732,0.3947862
15733,0.2780541
15734,0.39280078
15735,0.3534608
15736,-0.1998669
15737,0.18398649
15738,0.16766806
15739,0.09208368
15740,0.023135629
15741,0.14850007
15742,0.25864413
15743,0.52528214
15744,0.20731433
15745,0.39921215
15746,0.53529
15747,0.1303146
15748,0.2130181
15749,0.3135726
15750,-2.0364444
15751,0.28772554
15752,0.29313773
15753,-0.35742408
15754,0.6891602
15755,0.026025541
15756,1.0456489
15757,0.024570834
15758,0.26607436
15759,0.0029572165
15760,-0.018509306
15761,0.1995346
15762,-0.8970835
15763,0.11283075
15764,0.019523125
15765,0.49576265
15766,0.29202622
15767,-0.030040879
15768,-0.010631311
15769,0.36327356
15770,0.28880164
15771,0.4129898
15772,0.061313983
15773,0.22548132
15774,0.21016847
15775,-0.4496561
15776,0.23582743
15777,-0.05663249
15778,0.52528214
15779,-0.0066241706
15780,0.2904073
15781,0.19650483
15782,0.5016679
15783,0.098369196
15784,0.34361356
15785,-0.118332855
15786,0.07701012
15787,0.036402978
15788,0.44016644
15789,-0.4919704
15790,0.16253652
15791,0.14735314
15792,0.10071797
15793,0.52497303
15794,0.038763903
15795,0.4315785
15796,-0.14606133
15797,0.27433425
15798,-0.056422364
15799,-0.19373988
15800,0.05906753
15801,0.15210342
15802,-0.0507545
15803,0.40567854
15804,-0.09114688
15805,0.6102453
15806,-0.0066241706
15807,0.5751822
15808,0.26802045
15809,0.40271583
15810,0.30719218
15811,0.3052105
15812,0.3052105
15813,-0.056343757
15814,0.3042806
15815,-1.1133987
15816,-0.071111456
15817,0.44991097
15818,-1.3293973
15819,-0.57821697
15820,-0.9193376
15821,0.26073372
15822,0.2960786
15823,0.29168928
15824,0.16395615
15825,0.08065129
15826,0.27389303
15827,0.43821746
15828,0.23984437
15829,0.24955955
15830,0.38798577
15831,0.22197123
15832,0.22022255
15833,-0.020212187
15834,0.34929535
15835,0.3046591
15836,-0.07528857
15837,0.37421462
15838,0.32043543
15839,0.3055807
15840,-0.34152773
15841,0.45458782
15842,-0.21964152
15843,0.50446147
15844,0.3397399
15845,-0.80785656
15846,0.3530532
15847,-0.70428795
15848,0.41883042
15849,-0.0128392065
15850,0.25992513
15851,0.13236691
15852,0.13057019
15853,0.61353093
15854,0.7491845
15855,0.25497818
15856,0.2694168
15857,0.25841922
15858,0.5151506
15859,0.3591774
15860,0.29323155
15861,0.6900576
15862,0.5956254
15863,0.2694168
15864,0.1992746
15865,0.2787891
15866,0.35194206
15867,0.07784644
15868,0.67490286
15869,0.26273987
15870,0.28019506
15871,0.39755356
15872,0.20629638
15873,0.049065966
15874,0.75601935
15875,-0.014534679
15876,0.31840372
15877,0.26186293
15878,-0.36710888
15879,-0.080982395
15880,0.1277675
15881,0.2268708
15882,-0.36945686
15883,0.39028832
15884,-17.110447
15885,0.3217914
15886,0.088613704
15887,-0.4147446
15888,-0.5968894
15889,0.22859637
15890,0.37130827
15891,0.73484826
15892,-0.60397476
15893,-0.0561729
15894,0.5216783
15895,0.32044774
15896,0.08207144
15897,0.451628
15898,0.28485805
15899,0.5475468
15900,-0.3921006
15901,0.1300571
15902,0.92398494
15903,0.5190982
15904,0.15737288
15905,0.18301861
15906,0.3252365
15907,0.92863834
15908,0.16331348
15909,0.22852975
15910,0.18815526
15911,0.34880608
15912,-1.3395361
15913,0.30650952
15914,-0.8018442
15915,0.41971433
15916,0.47074866
15917,0.6045577
15918,0.14122956
15919,0.36352083
15920,-0.051101446
15921,0.3390595
15922,0.23409933
15923,-0.012951406
15924,0.4427679
15925,0.2817367
15926,0.045383304
15927,0.1620075
15928,-2.1604128
15929,-19.012226
15930,-0.08748886
15931,-0.5578583
15932,-0.750064
15933,-0.3472548
15934,-0.50528383
15935,-1.0489544
15936,0.5722973
15937,-0.929935
15938,0.33131665
15939,0.33703426
15940,-1.4825889
15941,0.2032302
15942,0.46466526
15943,0.19526692
15944,0.59025204
15945,0.17185436
15946,0.61608
15947,0.15605095
15948,0.70596695
15949,0.46631524
15950,0.41660485
15951,-0.029378261
15952,0.30322054
15953,0.4520119
15954,-1.1677136
15955,0.25821146
15956,-0.008826159
15957,0.24656968
15958,0.4038764
15959,0.13915443
15960,-1.2141371
15961,0.091919884
15962,0.4197199
15963,0.2340899
15964,0.2306212
15965,0.22670248
15966,0.17982082
15967,0.0244308
15968,0.13315897
15969,0.25728646
15970,-0.07047551
15971,0.19594978
15972,1.1060219
15973,-0.30867955
15974,0.30257028
15975,0.21135354
15976,0.049057074
15977,0.21053793
15978,0.172114
15979,0.072069325
15980,0.22254594
15981,0.08038692
15982,0.21122041
15983,0.16340314
15984,-0.03908411
15985,0.30566674
15986,0.109631374
15987,0.13236691
15988,-0.07410589
15989,0.03932076
15990,0.2425672
15991,0.08273208
15992,0.16407155
15993,0.09135313
15994,0.29323155
15995,0.101998486
15996,0.15569969
15997,0.172114
15998,-0.23715827
15999,0.109631374
16000,0.17982082
16001,-0.080392696
16002,0.1114706
16003,0.1790273
16004,0.017462637
16005,0.11651177
16006,0.30806667
16007,0.119059786
16008,0.074027285
16009,0.17982082
16010,-0.57186586
16011,0.189944
16012,-0.07033771
16013,-0.12587099
16014,-0.22685516
16015,0.27100006
16016,0.049057074
16017,0.16431348
16018,0.17475122
16019,-0.16038124
16020,-0.3027524
16021,0.27722806
16022,0.26132342
16023,0.27389303
16024,0.4634157
16025,0.32627052
16026,0.5631513
16027,0.17567323
16028,-0.0073459744
16029,0.3963621
16030,0.47994184
16031,0.36972547
16032,0.055960324
16033,0.029967237
16034,0.25392157
16035,0.063758545
16036,-0.22003375
16037,0.41738525
16038,0.22021036
16039,0.1284581
16040,-0.051351953
16041,0.22868054
16042,-0.6553701
16043,0.18905038
16044,-0.06518589
16045,-0.00441024
16046,0.20104656
16047,0.46631524
16048,0.38367397
16049,-0.23903568
16050,0.8777776
16051,0.4603769
16052,-3.679954
16053,-0.040763266
16054,0.26857033
16055,-0.17815241
16056,-0.11302825
16057,-0.72436136
16058,0.27041364
16059,0.15125327
16060,0.29123035
16061,0.26361614
16062,-0.008394947
16063,-0.021091938
16064,0.024286326
16065,0.23020284
16066,0.1610525
16067,0.07584392
16068,0.39719978
16069,0.102218725
16070,0.30650952
16071,0.19362438
16072,0.24572839
16073,0.26266375
16074,0.18758489
16075,0.019261546
16076,0.36159426
16077,0.3013435
16078,0.38925287
16079,0.1215132
16080,0.35463127
16081,0.5487632
16082,0.10329682
16083,0.4359111
16084,0.48148417
16085,0.29323155
16086,0.044536777
16087,0.2741583
16088,0.14735314
16089,0.17518589
16090,0.2623315
16091,0.23020284
16092,0.34058458
16093,0.32354912
16094,0.11651177
16095,-0.028098296
16096,0.2598326
16097,0.24914908
16098,-0.0017159544
16099,0.2623315
16100,0.33642524
16101,0.40422451
16102,-0.045557216
16103,0.17717098
16104,0.039728712
16105,0.23344919
16106,-0.15054668
16107,0.25133905
16108,0.22313781
16109,0.40696138
16110,0.22149593
16111,0.25864413
16112,0.3443008
16113,-0.04372754
16114,0.6376503
16115,0.32358074
16116,0.2623315
16117,0.28919283
16118,-0.047628213
16119,0.24044794
16120,0.29111943
16121,0.32938537
16122,0.30263445
16123,-0.11695806
16124,-0.02710599
16125,0.10447217
16126,-1.1480955
16127,0.14097142
16128,-0.092340074
16129,0.23461346
16130,-0.11764928
16131,-0.62117666
16132,0.2266725
16133,0.4747491
16134,-0.11764928
16135,0.43041205
16136,0.12145446
16137,-0.0381628
16138,-1.3880005
16139,0.14379765
16140,-0.16038124
16141,-0.24149874
16142,0.08035209
16143,0.7562395
16144,-0.075849295
16145,-0.53566015
16146,0.45018783
16147,0.2027291
16148,0.055960324
16149,-0.20602185
16150,-0.1142398
16151,0.20656967
16152,0.23510997
16153,0.32298324
16154,0.4907505
16155,0.020751286
16156,0.17553142
16157,-0.15139712
16158,0.4014269
16159,-0.04331866
16160,0.21729796
16161,0.026850194
16162,0.52998453
16163,0.041287214
16164,0.115988836
16165,-0.47696897
16166,0.3560768
16167,0.40940067
16168,0.1303146
16169,0.14260238
16170,-0.14640376
16171,-0.016597152
16172,0.45351955
16173,0.48232508
16174,0.31756216
16175,0.33282885
16176,0.22875996
16177,0.26209188
16178,0.020751286
16179,0.17553142
16180,0.14488421
16181,0.20461278
16182,0.39967045
16183,0.5518118
16184,0.34356016
16185,0.26346937
16186,0.4017951
16187,0.4070192
16188,-0.5802848
16189,0.39111644
16190,-0.5462133
16191,0.30406448
16192,-0.41029924
16193,0.34356016
16194,0.44960925
16195,0.13805003
16196,0.2627868
16197,0.28357765
16198,0.40298286
16199,-0.2990167
16200,-0.08453782
16201,0.19639494
16202,-0.36373618
16203,0.7435032
16204,0.010973396
16205,-0.5336363
16206,0.24317573
16207,0.06713426
16208,0.05142882
16209,0.11658616
16210,0.41723785
16211,0.3139156
16212,0.23510997
16213,0.52162045
16214,0.15305477
16215,0.12903568
16216,-0.16822965
16217,0.29553777
16218,0.5184886
16219,0.15346503
16220,0.35156935
16221,0.32439065
16222,-1.2718213
16223,0.4523528
16224,0.37864137
16225,-0.51626766
16226,-0.93032825
16227,-0.7594525
16228,0.176405
16229,0.18301861
16230,0.4359111
16231,0.39834985
16232,-0.15212323
16233,0.38056847
16234,-0.03904437
16235,-0.38367143
16236,0.17185436
16237,0.5221837
16238,0.2564261
16239,-1.3933625
16240,0.20785832
16241,0.5221837
16242,0.2564261
16243,0.42336777
16244,0.28742787
16245,0.75152296
16246,0.14108628
16247,0.10035483
16248,0.52022934
16249,0.37333876
16250,0.27370605
16251,0.46631524
16252,0.3129855
16253,-0.18461004
16254,0.34846205
16255,0.38149238
16256,-0.43277234
16257,0.36784145
16258,0.4586054
16259,0.36689082
16260,0.5742708
16261,0.44103584
16262,0.3591774
16263,0.14133601
16264,0.49732614
16265,0.17533982
16266,-1.2424301
16267,0.38056847
16268,-0.1471254
16269,-0.054525778
16270,-0.13961332
16271,0.4523528
16272,0.30612847
16273,-1.2893414
16274,0.4523528
16275,0.402688
16276,0.5035257
16277,0.24249245
16278,0.30172285
16279,0.2424642
16280,0.53238434
16281,0.40316832
16282,0.46134555
16283,0.17210062
16284,0.34361356
16285,0.4056504
16286,-0.15205693
16287,0.004051783
16288,0.4166112
16289,0.27389303
16290,-1.1648291
16291,0.27791157
16292,0.2739925
16293,0.27367193
16294,0.274857
16295,0.0045406395
16296,0.31668988
16297,-0.11304217
16298,-0.18380131
16299,0.24975543
16300,0.12903568
16301,-0.8483673
16302,0.22322519
16303,-0.2429739
16304,0.13042104
16305,0.26150176
16306,0.10733883
16307,0.016517058
16308,0.32838896
16309,0.22069366
16310,0.40956008
16311,0.18945064
16312,-0.97125256
16313,0.13074636
16314,0.4572133
16315,-0.111128986
16316,-0.0255837
16317,0.14105187
16318,0.6126121
16319,0.2663681
16320,-0.69295555
16321,0.29606134
16322,0.391165
16323,-0.06348897
16324,0.34409767
16325,0.517076
16326,0.353108
16327,0.3373343
16328,0.30582297
16329,0.22855411
16330,-0.41482642
16331,-2.4248235
16332,-0.14108755
16333,0.19850412
16334,0.06627328
16335,0.2709437
16336,0.4054444
16337,0.023555368
16338,0.41995743
16339,0.26756454
16340,0.11831421
16341,0.63704467
16342,-0.15659638
16343,0.26028767
16344,0.4784563
16345,0.061313983
16346,0.15987766
16347,-0.09862788
16348,0.08453827
16349,0.5398024
16350,-0.20838857
16351,0.48419923
16352,0.2591169
16353,0.38659024
16354,0.3052262
16355,0.107559256
16356,0.3595944
16357,0.3371267
16358,-0.43293858
16359,0.6913107
16360,0.20646247
16361,0.25194797
16362,0.0022586873
16363,0.5091252
16364,0.056024794
16365,0.2992238
16366,0.5391803
16367,0.052951626
16368,0.15590447
16369,0.3550604
16370,0.14156327
16371,0.33887035
16372,0.3568487
16373,0.18815526
16374,0.3127297
16375,0.3856492
16376,-2.9627213
16377,-0.020251725
16378,0.54873306
16379,0.43848425
16380,0.18945064
16381,0.050885748
16382,0.10849774
16383,0.19680125
16384,0.050885748
16385,0.27291307
16386,0.41898498
16387,0.14260238
16388,0.22875996
16389,0.5222359
16390,0.15428288
16391,0.32354912
16392,0.017204665
16393,0.27490997
16394,0.5187874
16395,0.18375567
16396,0.3686843
16397,0.2425672
16398,0.5385327
16399,0.4421509
16400,0.24425574
16401,0.41331574
16402,0.3686843
16403,0.18184397
16404,0.38754037
16405,-0.069577865
16406,0.082693025
16407,0.19639494
16408,-0.5068351
16409,-0.11848543
16410,0.082693025
16411,0.4338121
16412,-0.5723125
16413,0.5830376
16414,0.23384471
16415,-0.08035859
16416,0.34361356
16417,0.37508702
16418,0.106631316
16419,0.04346287
16420,0.2904073
16421,0.005196347
16422,0.126314
16423,0.08037054
16424,0.18213756
16425,0.121897414
16426,0.5356066
16427,0.05906753
16428,0.30650952
16429,-0.14948924
16430,0.31378394
16431,0.24166416
16432,0.26273987
16433,0.004051783
16434,0.23020284
16435,0.09143006
16436,-0.29631302
16437,0.43360525
16438,0.40556246
16439,0.2266725
16440,0.5712966
16441,0.26671487
16442,0.2947678
16443,0.2015326
16444,0.27571777
16445,0.25864413
16446,0.04593705
16447,-0.010280105
16448,0.1977392
16449,0.24795926
16450,0.5151506
16451,0.3003527
16452,-0.51542187
16453,0.4723259
16454,0.17982082
16455,0.041245367
16456,0.37864137
16457,0.3862652
16458,0.04507066
16459,1.0925181
16460,0.194329
16461,0.1755091
16462,0.17534743
16463,0.25062084
16464,0.4616063
16465,0.46954525
16466,-0.06717501
16467,0.4501375
16468,0.29323155
16469,0.026959192
16470,0.28373244
16471,-0.067740254
16472,0.51613575
16473,0.13236691
16474,-0.1097643
16475,0.39461663
16476,-0.054525778
16477,0.029707849
16478,-0.022671726
16479,0.1868548
16480,0.19441493
16481,0.27389303
16482,0.29323155
16483,0.17106563
16484,0.20977692
16485,0.40751067
16486,0.11033439
16487,0.29351652
16488,0.51585156
16489,0.19061555
16490,0.12145446
16491,0.4549541
16492,0.113666855
16493,0.39827123
16494,0.27389303
16495,0.18301861
16496,0.47080955
16497,0.17475949
16498,-13.525112
16499,-0.118543126
16500,0.2597268
16501,-0.55741656
16502,0.20835483
16503,0.10364141
16504,0.15040022
16505,0.19724365
16506,0.2528846
16507,0.7086657
16508,0.09481234
16509,0.26594186
16510,-0.7966347
16511,1.0087832
16512,0.048953522
16513,0.23808207
16514,0.27105892
16515,0.28095683
16516,-0.45021623
16517,-5.09356
16518,0.035936188
16519,0.09143006
16520,0.3654486
16521,-0.015650842
16522,0.118385
16523,0.3659294
16524,0.56788534
16525,0.33836484
16526,0.3917458
16527,-0.15705259
16528,0.26506266
16529,0.41509005
16530,0.4569924
16531,0.30587134
16532,-0.60119873
16533,0.4761586
16534,0.43995956
16535,0.5425786
16536,0.27715737
16537,0.20143907
16538,0.25762522
16539,0.029217511
16540,0.5881191
16541,0.33731592
16542,-0.78308725
16543,1.0697595
16544,-0.42694142
16545,0.2958274
16546,-1.2258362
16547,0.38333553
16548,0.16822137
16549,-0.25461483
16550,0.48267248
16551,0.029654503
16552,-0.2313855
16553,0.3878003
16554,0.3067175
16555,0.17982082
16556,0.39954805
16557,0.4802994
16558,0.05598217
16559,0.28770918
16560,0.40940067
16561,0.4110426
16562,0.20618048
16563,0.2608053
16564,0.07210383
16565,0.5025709
16566,0.14219359
16567,0.3813865
16568,0.004051783
16569,0.45406568
16570,0.13052481
16571,0.3594959
16572,0.20435788
16573,0.68005645
16574,0.04308831
16575,-0.10515025
16576,0.5718876
16577,0.16407155
16578,0.52067417
16579,0.33731592
16580,0.2032302
16581,0.06567767
16582,0.029180437
16583,0.53590226
16584,0.23262405
16585,0.3752773
16586,0.27704027
16587,0.1978895
16588,-0.06518589
16589,0.30078235
16590,0.35417756
16591,0.2865066
16592,-0.07410589
16593,0.16245972
16594,0.05335476
16595,-0.06825534
16596,0.5390679
16597,0.13097471
16598,0.007323857
16599,-0.14676982
16600,0.3579926
16601,0.19056998
16602,0.30191907
16603,0.4686014
16604,0.30650952
16605,0.17869386
16606,0.27722806
16607,0.073968515
16608,0.15697053
16609,0.14241646
16610,0.24733096
16611,0.29941058
16612,0.4634157
16613,0.18116626
16614,0.25462177
16615,0.37926146
16616,0.31449756
16617,0.2975947
16618,0.47077933
16619,0.20113967
16620,0.012474374
16621,0.34596807
16622,-0.14131877
16623,0.18975905
16624,-0.061167322
16625,0.012381228
16626,0.17207897
16627,0.459193
16628,-0.18115899
16629,0.30478427
16630,0.35473633
16631,0.19723952
16632,-6.2937756
16633,0.09768061
16634,0.28772482
16635,0.13018534
16636,0.17187361
16637,0.20268138
16638,0.16469689
16639,0.17982082
16640,0.31319767
16641,0.21321175
16642,0.85905045
16643,0.25217512
16644,0.40647092
16645,0.9717809
16646,0.12296425
16647,0.346128
16648,-0.18872005
16649,0.46048516
16650,0.13074636
16651,-0.55741656
16652,-0.5267056
16653,0.01612612
16654,0.07701012
16655,0.3560768
16656,-0.3761082
16657,0.17338018
16658,-0.13590647
16659,0.1488879
16660,0.05875707
16661,0.12903568
16662,0.23582743
16663,-0.02710599
16664,0.5769212
16665,0.41385368
16666,0.08582272
16667,0.4302594
16668,-0.15891291
16669,0.18080674
16670,0.53238434
16671,-0.20531352
16672,0.44088924
16673,0.60691833
16674,-0.09072741
16675,0.18833824
16676,-0.112402685
16677,0.21649541
16678,-0.24518558
16679,0.53793514
16680,0.063660994
16681,-0.29821303
16682,0.37993878
16683,0.018522304
16684,0.123381734
16685,0.390703
16686,-0.08289625
16687,0.35246536
16688,-0.2531949
16689,0.29379293
16690,0.101998486
16691,0.39139038
16692,0.322862
16693,0.19375268
16694,0.32781678
16695,0.45600542
16696,0.4245847
16697,0.27933508
16698,0.34513173
16699,0.4971956
16700,0.06627328
16701,0.21342576
16702,0.14608839
16703,0.20113967
16704,0.2059708
16705,-0.11034872
16706,0.20095605
16707,-0.042647377
16708,0.19855593
16709,0.4888468
16710,-0.07331291
16711,0.33350122
16712,0.6272132
16713,0.30373308
16714,0.20606443
16715,0.2112957
16716,0.020751286
16717,0.30338246
16718,0.39967465
16719,0.22376513
16720,0.07058896
16721,0.5647119
16722,0.42088035
16723,0.2634228
16724,-1.7194614
16725,0.066347845
16726,0.47355637
16727,-0.091170676
16728,0.15590447
16729,0.41278577
16730,-0.03310198
16731,0.38115448
16732,-1.4679369
16733,0.3864179
16734,0.26028767
16735,0.2708731
16736,-3.868912
16737,0.121897414
16738,0.38659024
16739,0.15659708
16740,0.1431156
16741,0.16150114
16742,0.28358707
16743,0.013694756
16744,0.8624821
16745,0.19890434
16746,0.23020284
16747,-0.2110561
16748,0.28561944
16749,0.2425672
16750,0.2694406
16751,-0.2833516
16752,-0.38526452
16753,0.04950449
16754,0.3026712
16755,0.27370605
16756,-0.22933114
16757,0.09908097
16758,0.344216
16759,0.5016679
16760,0.35774463
16761,0.05906753
16762,0.44240052
16763,0.3955372
16764,0.4772272
16765,0.39678016
16766,0.5385327
16767,0.46818906
16768,0.34750378
16769,0.26086864
16770,-0.14331971
16771,0.45149222
16772,-1.0963784
16773,0.263427
16774,0.70466495
16775,0.024570834
16776,0.23590791
16777,0.4059617
16778,0.20224018
16779,0.25864413
16780,0.48675874
16781,-0.25376117
16782,0.5989886
16783,0.3979621
16784,-0.0255837
16785,0.4850853
16786,-0.8082403
16787,0.20839836
16788,0.18213756
16789,0.23384471
16790,-0.09254469
16791,0.7347904
16792,-0.21866071
16793,-0.22353515
16794,0.50208944
16795,0.08284331
16796,0.18366528
16797,0.123062834
16798,0.20662296
16799,-0.058967687
16800,0.4021759
16801,0.27567714
16802,-0.09057773
16803,0.7363863
16804,-0.39017406
16805,-0.59324634
16806,-0.09918673
16807,0.62231237
16808,-1.4114362
16809,-4.6987348
16810,0.0057088337
16811,0.6565659
16812,-0.46241397
16813,0.33853084
16814,0.46884224
16815,0.2815545
16816,0.35254622
16817,-0.5472028
16818,-0.15034568
16819,0.41938034
16820,0.59493804
16821,0.26061186
16822,0.40863362
16823,0.012566135
16824,-0.2736565
16825,0.26849928
16826,0.020332117
16827,0.27846134
16828,-0.91489357
16829,0.16470765
16830,0.34501725
16831,0.23046346
16832,0.1004583
16833,0.42962092
16834,0.2004573
16835,0.046706587
16836,0.5283038
16837,0.37428463
16838,0.111739345
16839,0.5970739
16840,0.22684966
16841,0.55591834
16842,0.3078734
16843,0.51958287
16844,0.46049085
16845,0.24951966
16846,0.37710592
16847,0.1868548
16848,-0.06511894
16849,-0.31121457
16850,0.27715737
16851,0.56630206
16852,1.1084651
16853,0.20157
16854,0.26784432
16855,0.87028146
16856,0.38914478
16857,0.10933175
16858,-1.5401874
16859,0.4283486
16860,-0.04756614
16861,0.3112052
16862,0.10855607
16863,0.57324904
16864,0.41213706
16865,-0.4660469
16866,-0.020771299
16867,0.8747721
16868,0.7181864
16869,0.44689277
16870,0.21567696
16871,0.46137884
16872,0.3087442
16873,0.04444891
16874,0.19687133
16875,0.32481936
16876,0.3548413
16877,0.4508856
16878,0.17982082
16879,0.42088035
16880,0.45757377
16881,0.27416804
16882,0.2216392
16883,0.11534015
16884,0.27161744
16885,-0.21203797
16886,0.39468855
16887,0.17947803
16888,-1.0015804
16889,0.43898538
16890,0.4025169
16891,0.01777935
16892,0.14604622
16893,0.37790388
16894,-0.754626
16895,-0.035698656
16896,-0.014584935
16897,0.49030915
16898,0.069965445
16899,0.2520196
16900,0.15048422
16901,0.20119981
16902,0.19925234
16903,0.08117837
16904,0.17201085
16905,0.2947678
16906,0.16261642
16907,0.057108626
16908,0.41572732
16909,0.28428966
16910,1.1666375
16911,0.27328902
16912,0.54033357
16913,-0.31913352
16914,0.24034375
16915,0.31220183
16916,0.19117849
16917,0.028834872
16918,-1.9542279
16919,0.3261355
16920,0.21843
16921,0.25728646
16922,0.051662426
16923,0.17982082
16924,0.21088889
16925,0.16262004
16926,0.066016965
16927,0.353108
16928,0.31622556
16929,0.39586002
16930,-0.084990226
16931,0.040574167
16932,0.189944
16933,-0.0023781573
16934,0.17982082
16935,0.2895523
16936,0.1266883
16937,-1.2614073
16938,0.26321298
16939,-0.26369283
16940,0.34338337
16941,0.18905038
16942,-0.3388479
16943,0.18000886
16944,0.23020284
16945,0.17567323
16946,-0.092340074
16947,0.34999987
16948,-0.07975043
16949,0.36972547
16950,0.18522993
16951,-0.036329303
16952,0.3582351
16953,0.54871035
16954,-0.99816865
16955,-0.059881747
16956,-0.34970564
16957,0.42079794
16958,0.06627328
16959,0.5042983
16960,-3.6002715
16961,0.5454063
16962,0.34653598
16963,0.21609189
16964,0.2960786
16965,-1.4355674
16966,0.36120057
16967,0.6581185
16968,-0.1765603
16969,0.23777026
16970,-0.11640323
16971,0.5229852
16972,0.18905038
16973,0.26266375
16974,0.56809366
16975,0.16895808
16976,0.2688256
16977,0.04502235
16978,0.6317758
16979,0.271721
16980,0.19095877
16981,0.21483599
16982,-0.35893467
16983,0.34846205
16984,0.4874654
16985,0.51334125
16986,-0.047628213
16987,0.26273987
16988,0.39485902
16989,0.2071075
16990,0.29323155
16991,0.2499478
16992,0.26862457
16993,0.43718177
16994,0.19713947
16995,0.09016412
16996,0.38751635
16997,0.13858406
16998,0.23912449
16999,-0.061167322
17000,0.21921802
17001,0.23020284
17002,0.15645237
17003,0.44889286
17004,0.50208944
17005,0.40870187
17006,0.25713477
17007,0.019261546
17008,0.043281414
17009,0.28513068
17010,-0.69124556
17011,0.17262548
17012,0.14265566
17013,0.34402043
17014,0.12948196
17015,-0.031731136
17016,-1.4303992
17017,-0.18196304
17018,0.1350139
17019,0.049057074
17020,0.18499124
17021,-0.021091938
17022,0.43898356
17023,0.37598062
17024,-0.5101899
17025,-0.5086082
17026,0.08349847
17027,-0.0010066687
17028,-0.5763508
17029,-3.9276633
17030,0.16644068
17031,-0.036476
17032,-0.5120449
17033,0.2897921
17034,0.34052292
17035,0.1331828
17036,-6.1072226
17037,0.5084548
17038,0.16334644
17039,0.44040933
17040,-0.12691955
17041,0.22895415
17042,0.20525527
17043,0.30664408
17044,0.3292961
17045,0.22875996
17046,0.020751286
17047,0.33131665
17048,0.04754081
17049,0.2147829
17050,0.039314322
17051,0.09905554
17052,-0.16151579
17053,0.22104675
17054,0.1005867
17055,0.1310461
17056,0.27277926
17057,0.28681925
17058,-0.029160269
17059,-1.9644282
17060,-0.22242221
17061,0.2872975
17062,0.16633509
17063,0.13352405
17064,0.29265997
17065,-0.9497859
17066,-0.35030812
17067,0.17234951
17068,0.45214978
17069,0.019070849
17070,0.25095794
17071,0.2929492
17072,-0.19821434
17073,0.1859853
17074,0.21264558
17075,0.24044794
17076,0.14239603
17077,0.072527945
17078,0.3684754
17079,0.14451502
17080,0.17210062
17081,0.5494201
17082,-0.0016812463
17083,-0.6136166
17084,-1.2132305
17085,-0.045337953
17086,0.42144567
17087,-0.12731381
17088,-0.15660623
17089,-0.028960332
17090,0.4283076
17091,-0.6559423
17092,-1.2132305
17093,0.37653717
17094,0.15055394
17095,0.39851436
17096,0.115988836
17097,0.23265466
17098,0.15125327
17099,0.49047074
17100,0.2392555
17101,0.040685594
17102,0.7272162
17103,0.051793527
17104,0.2931082
17105,0.31557792
17106,-0.9362429
17107,0.26857033
17108,0.4549541
17109,0.22078165
17110,0.38056847
17111,0.48760238
17112,0.10083078
17113,0.28097567
17114,-0.09181777
17115,-0.22627816
17116,-0.046509575
17117,0.4991946
17118,-9.887521
17119,-0.24434939
17120,0.02366535
17121,0.26857033
17122,0.4549541
17123,-0.026272748
17124,-0.11665485
17125,0.69547594
17126,-0.66385806
17127,0.2424642
17128,0.3192458
17129,0.34999987
17130,-0.17472284
17131,0.28192523
17132,0.37454277
17133,0.48277816
17134,0.0797816
17135,-0.55463547
17136,0.35923597
17137,-0.4658745
17138,0.3778366
17139,0.59329516
17140,0.3969421
17141,0.66019815
17142,0.26266375
17143,0.6109261
17144,0.03896645
17145,-0.11034872
17146,-0.2252777
17147,0.28423262
17148,0.38688898
17149,0.2071075
17150,0.16094229
17151,0.5852392
17152,-0.5121747
17153,0.36651775
17154,-0.39272007
17155,0.13384643
17156,0.2750933
17157,0.14521742
17158,0.35063216
17159,0.25698766
17160,0.2879667
17161,0.34264323
17162,0.7813129
17163,0.38071495
17164,0.026324388
17165,0.8777776
17166,-0.73747575
17167,0.15081993
17168,0.33040372
17169,0.40481266
17170,-0.26551852
17171,1.015136
17172,0.5948432
17173,0.2071075
17174,0.63634574
17175,0.48089474
17176,0.2071075
17177,0.14705722
17178,0.67290723
17179,0.1403049
17180,0.41213706
17181,0.34546986
17182,0.06644715
17183,0.5671837
17184,-0.040831886
17185,0.41346666
17186,0.5625375
17187,0.22507428
17188,-1.0553217
17189,0.15155162
17190,0.7347904
17191,0.1621549
17192,0.27806944
17193,0.030132905
17194,0.21191494
17195,-0.13849187
17196,0.04902281
17197,-1.8241968
17198,0.28772554
17199,0.30771062
17200,-1.2908812
17201,0.41291744
17202,-1.0361022
17203,0.25898916
17204,-0.0932908
17205,-0.2682006
17206,0.17982082
17207,0.20694584
17208,0.06438416
17209,0.23601003
17210,0.39863646
17211,0.26501474
17212,0.3603028
17213,0.3686843
17214,0.26802045
17215,0.16066773
17216,0.6057577
17217,0.29830632
17218,-0.06793115
17219,0.26321322
17220,0.16967279
17221,0.5385327
17222,0.38826337
17223,0.148665
17224,0.2561741
17225,0.34227994
17226,0.7984178
17227,0.2491653
17228,-0.40220413
17229,-0.27450016
17230,0.38758397
17231,0.2143245
17232,0.25477305
17233,0.33645236
17234,0.04038415
17235,0.22205985
17236,0.4577301
17237,0.17542614
17238,0.17096065
17239,0.036402978
17240,0.42088035
17241,0.054050613
17242,0.1300332
17243,0.2694406
17244,0.3568487
17245,-0.80683714
17246,-0.021031432
17247,0.18366528
17248,0.029180437
17249,0.2853073
17250,-0.0016812463
17251,0.36137873
17252,0.1611714
17253,0.2948425
17254,0.14808561
17255,0.28828156
17256,0.4032768
17257,0.27846342
17258,0.51007915
17259,-0.30936435
17260,0.38465652
17261,0.45596698
17262,0.40927503
17263,-0.0145488875
17264,0.23601003
17265,-0.05240133
17266,0.62231237
17267,0.035840623
17268,-0.3199331
17269,0.5170708
17270,0.2662956
17271,0.32358074
17272,0.21007846
17273,0.14385906
17274,0.63742834
17275,0.6375029
17276,0.61125845
17277,-0.02710599
17278,0.19509414
17279,0.6667053
17280,0.43720138
17281,0.25721413
17282,0.21991378
17283,0.3203445
17284,0.25464854
17285,0.2947678
17286,0.35622957
17287,-1.5062348
17288,0.7634776
17289,0.15034635
17290,0.3443008
17291,0.66445637
17292,0.33015522
17293,0.19724365
17294,0.08295319
17295,0.5363493
17296,-0.01008646
17297,0.4861216
17298,0.7720271
17299,0.54618925
17300,0.25753656
17301,0.20143907
17302,-1.9983593
17303,0.48434287
17304,0.1977392
17305,0.31379086
17306,0.36441898
17307,0.051470093
17308,0.12705131
17309,0.41018474
17310,0.16000502
17311,-1.4364532
17312,0.36356413
17313,0.4756372
17314,-0.7970724
17315,0.3105098
17316,1.1170394
17317,0.06794806
17318,0.44240052
17319,0.26460686
17320,-0.052301217
17321,-0.30264795
17322,0.24181452
17323,0.40647092
17324,0.4308519
17325,0.32913303
17326,0.6181839
17327,0.45690808
17328,0.48005244
17329,-0.047682483
17330,0.27405068
17331,0.30000862
17332,-0.24402054
17333,0.26731595
17334,0.21016847
17335,0.12306652
17336,0.39690414
17337,0.19735558
17338,-0.6182763
17339,0.55158454
17340,0.049065966
17341,-0.08017614
17342,0.40483063
17343,0.33238295
17344,0.21614704
17345,0.40647092
17346,-0.28287125
17347,0.30228668
17348,0.31676146
17349,0.16822137
17350,0.3592985
17351,0.34464416
17352,0.013290381
17353,0.32043543
17354,0.34780604
17355,0.06627328
17356,-0.01908464
17357,0.34501725
17358,0.021459274
17359,-0.13734055
17360,0.12510093
17361,0.39916065
17362,0.12628895
17363,-0.2579881
17364,0.42315182
17365,-0.2827125
17366,0.4824348
17367,0.0979202
17368,0.68119645
17369,0.47055742
17370,0.34471816
17371,0.44307652
17372,0.28722075
17373,0.3139156
17374,-0.049534176
17375,0.44103584
17376,0.013779404
17377,-0.18879619
17378,0.41721603
17379,0.093596004
17380,0.24365127
17381,0.11658616
17382,0.4734767
17383,0.301969
17384,-0.06518589
17385,0.48147303
17386,0.29893368
17387,0.02357832
17388,0.23441437
17389,0.21882983
17390,0.48009428
17391,0.21820955
17392,0.4506694
17393,0.36672702
17394,0.44388565
17395,-0.0808817
17396,0.36159426
17397,0.36672702
17398,0.7141977
17399,-0.19925493
17400,0.17533766
17401,0.24908052
17402,0.12903568
17403,-0.20616336
17404,0.24056141
17405,-0.34941098
17406,0.19351216
17407,0.5078149
17408,0.4021557
17409,0.3779616
17410,0.44713324
17411,0.5985959
17412,0.47973928
17413,0.04038415
17414,0.4197199
17415,-0.14659807
17416,0.03588897
17417,-0.018509306
17418,0.22875996
17419,0.00020374777
17420,0.38659024
17421,0.19478185
17422,0.19687133
17423,-0.4418171
17424,-0.026902985
17425,0.15590447
17426,0.4510992
17427,0.04372919
17428,0.4347323
17429,0.36689082
17430,-0.09281008
17431,-0.04611822
17432,0.4247145
17433,-0.23660526
17434,0.3530532
17435,-1.8770428
17436,0.3973769
17437,0.32182097
17438,0.24667548
17439,0.52230644
17440,-0.033378903
17441,-0.4196799
17442,0.2947678
17443,-0.26504475
17444,0.9219038
17445,-0.13256086
17446,0.241732
17447,-0.38356942
17448,-0.04357484
17449,-0.14698693
17450,0.54477596
17451,-0.11274925
17452,0.31384355
17453,0.36299476
17454,0.04071119
17455,-0.79647917
17456,0.5328894
17457,0.34368798
17458,1.317609
17459,-0.14964503
17460,0.32849097
17461,0.52528214
17462,-0.16028796
17463,0.4739255
17464,0.39104283
17465,-0.2333292
17466,0.06323065
17467,0.21278717
17468,0.11988315
17469,0.1500955
17470,0.59025204
17471,0.4153058
17472,-0.18097585
17473,-1.033019
17474,0.29168928
17475,0.17312378
17476,0.4128393
17477,0.22868054
17478,0.2782356
17479,0.19724365
17480,0.10744979
17481,0.93812543
17482,-0.3857671
17483,0.16844293
17484,0.028834872
17485,0.13270639
17486,0.275406
17487,0.17982082
17488,0.17982082
17489,-0.022039011
17490,0.17982082
17491,-0.24416763
17492,0.010257143
17493,-0.0017159544
17494,0.23526056
17495,0.10401907
17496,0.07584392
17497,0.22501433
17498,0.34257331
17499,0.16644068
17500,-0.06518589
17501,0.2424642
17502,0.47718605
17503,0.2504918
17504,0.41226476
17505,0.063758545
17506,-0.007841812
17507,0.11078722
17508,0.25287333
17509,0.16644068
17510,-0.09122404
17511,-0.018191498
17512,0.22652236
17513,0.17567323
17514,0.01777935
17515,0.38645712
17516,0.34471816
17517,0.34471816
17518,0.3063156
17519,0.33040372
17520,0.2613126
17521,0.25133905
17522,0.23854946
17523,0.39921215
17524,0.36301848
17525,0.34471816
17526,0.26506266
17527,0.40232834
17528,0.27948543
17529,0.24044794
17530,0.3031863
17531,0.3248844
17532,0.40940067
17533,0.2623315
17534,0.45517594
17535,0.24044794
17536,0.40585572
17537,0.24665199
17538,0.18213756
17539,0.4971956
17540,-0.4212826
17541,0.2350841
17542,0.041745216
17543,0.17567323
17544,0.073968515
17545,0.2564261
17546,-0.12435162
17547,-0.029154606
17548,0.3254868
17549,0.31518495
17550,0.26939246
17551,0.020751286
17552,0.26054472
17553,0.22501433
17554,0.22652236
17555,0.020751286
17556,0.31945696
17557,0.01145172
17558,0.3125332
17559,0.2037373
17560,-0.084977545
17561,-0.2516534
17562,0.06713426
17563,0.200649
17564,-0.9871299
17565,0.23109055
17566,0.3052105
17567,0.50557685
17568,-0.09768619
17569,0.2424642
17570,0.61608
17571,0.18934205
17572,0.25006732
17573,0.5494201
17574,0.35392103
17575,0.21874632
17576,0.2424642
17577,0.5021427
17578,0.28975767
17579,0.2811762
17580,0.123817906
17581,0.46631524
17582,0.14953451
17583,0.46631524
17584,0.48581648
17585,0.019261546
17586,0.36548343
17587,0.3983892
17588,0.5022364
17589,0.17210062
17590,0.50557685
17591,0.1667525
17592,0.2424642
17593,0.46631524
17594,0.25762522
17595,0.01376123
17596,0.020751286
17597,0.2552249
17598,0.12695014
17599,0.09208368
17600,0.15184675
17601,0.04986026
17602,0.012268024
17603,0.46467125
17604,0.06499074
17605,-0.72898877
17606,0.38926744
17607,0.06713426
17608,0.25394198
17609,0.25886792
17610,0.07485505
17611,0.06538282
17612,0.2695576
17613,0.40813258
17614,0.26028767
17615,0.38758397
17616,0.4633923
17617,0.06454144
17618,0.34640014
17619,0.008409267
17620,0.31425595
17621,0.50395614
17622,1.3191521
17623,-0.26606452
17624,0.26474518
17625,0.4463234
17626,0.5237709
17627,0.29437178
17628,0.2948425
17629,-0.5663795
17630,0.7978677
17631,0.5834496
17632,0.27396342
17633,0.010606909
17634,-1.9289178
17635,0.41989857
17636,0.22855411
17637,0.28466985
17638,0.62893116
17639,0.41989857
17640,0.2071075
17641,-0.20084251
17642,-2.0000541
17643,0.108084634
17644,0.3026712
17645,-0.38602075
17646,0.34750378
17647,0.27490997
17648,0.3052105
17649,0.2528207
17650,0.4362245
17651,0.15590447
17652,-0.40000924
17653,0.39749715
17654,0.044863027
17655,0.6102453
17656,0.082693025
17657,0.31378394
17658,0.1832672
17659,0.4557962
17660,0.0050138645
17661,0.38758397
17662,0.2237997
17663,0.34361356
17664,0.39143178
17665,0.52494043
17666,0.10071797
17667,0.34361356
17668,0.07485505
17669,0.5949142
17670,0.068198934
17671,0.2904073
17672,-0.0066241706
17673,0.4197199
17674,-0.0066241706
17675,0.30650952
17676,0.2780231
17677,0.18318611
17678,0.3031962
17679,-0.28448904
17680,0.25864413
17681,0.2266725
17682,0.4549541
17683,0.0847506
17684,0.2306212
17685,0.24667548
17686,0.4549541
17687,0.17717178
17688,0.23117243
17689,0.24733096
17690,0.27389303
17691,-0.033378903
17692,0.17982082
17693,0.35913163
17694,0.5034101
17695,-0.42103747
17696,0.25864413
17697,0.2266725
17698,0.48524737
17699,-0.27140117
17700,0.2879667
17701,0.16334644
17702,0.24038912
17703,0.32182097
17704,0.43248272
17705,-0.25416362
17706,0.16209975
17707,0.18522993
17708,0.3447759
17709,-2.4383323
17710,0.17982082
17711,-0.32917747
17712,0.4723259
17713,0.2763221
17714,0.19724365
17715,-0.13286874
17716,0.5926738
17717,-0.045312416
17718,0.3838912
17719,0.048947413
17720,0.551136
17721,0.078799725
17722,0.17982082
17723,0.51958287
17724,0.90212995
17725,-1.5926394
17726,0.20268437
17727,0.0979202
17728,0.83701295
17729,-2.4629858
17730,0.17982082
17731,-0.0696725
17732,0.782916
17733,-1.0058111
17734,0.2306212
17735,0.0979202
17736,0.53660166
17737,0.33977577
17738,0.28770918
17739,0.115988836
17740,0.14696446
17741,-1.4611143
17742,0.13018534
17743,0.39187232
17744,0.16475257
17745,0.41434917
17746,0.19020265
17747,0.36648858
17748,0.4874654
17749,0.31393796
17750,0.19133528
17751,0.2690031
17752,0.38928133
17753,0.18905038
17754,-0.06518589
17755,0.44064307
17756,0.10190956
17757,0.16731924
17758,0.073968515
17759,0.2931082
17760,0.40183854
17761,0.12628895
17762,-0.081972964
17763,0.36586455
17764,0.28895715
17765,0.16644068
17766,0.013118392
17767,0.24766062
17768,0.3207687
17769,0.12628895
17770,-0.28215235
17771,0.34999987
17772,-0.037695173
17773,0.23777026
17774,-0.092340074
17775,0.30925697
17776,0.4616477
17777,0.1978895
17778,-0.007841812
17779,0.42596847
17780,0.15305477
17781,0.30885333
17782,-0.06518589
17783,0.14488421
17784,0.20461278
17785,0.16731924
17786,-0.2114906
17787,0.26073372
17788,0.14204016
17789,0.6601463
17790,0.50866884
17791,0.27948543
17792,-0.45185778
17793,0.29645568
17794,0.3560768
17795,0.4810449
17796,0.11347175
17797,0.049065966
17798,0.5053164
17799,0.20006879
17800,0.55465114
17801,0.3454485
17802,0.8865139
17803,0.049065966
17804,0.2807588
17805,0.17502904
17806,0.37755457
17807,0.320748
17808,0.24044794
17809,-0.24297008
17810,0.2071075
17811,0.29872438
17812,0.24665199
17813,-0.006671752
17814,0.333734
17815,-0.16851501
17816,0.46709085
17817,0.4510848
17818,0.21905944
17819,0.45323148
17820,0.14260128
17821,0.5044582
17822,-0.44572368
17823,0.3248844
17824,0.032219075
17825,0.5753548
17826,0.2948425
17827,0.4888468
17828,0.2071075
17829,0.3560768
17830,0.45214978
17831,0.08405873
17832,0.46721444
17833,0.21984158
17834,0.2688256
17835,0.21088889
17836,0.17623483
17837,0.3390595
17838,0.13814558
17839,0.032644346
17840,0.20977692
17841,0.09354803
17842,-0.049534176
17843,0.35066175
17844,0.45862252
17845,0.117644556
17846,-0.6692607
17847,0.34999987
17848,0.5067889
17849,0.2187283
17850,0.23967831
17851,0.28975767
17852,0.6263168
17853,0.20606443
17854,0.22958249
17855,0.4549541
17856,0.42376268
17857,-0.11304217
17858,-0.057802603
17859,-0.06717501
17860,0.47987765
17861,-0.12283608
17862,-0.5938882
17863,0.24056141
17864,0.3228904
17865,0.38179958
17866,0.12419541
17867,-0.030461706
17868,0.4616477
17869,0.035840623
17870,-0.17815696
17871,-0.21355323
17872,0.40398005
17873,0.17365551
17874,-0.16900848
17875,0.05087627
17876,0.26671258
17877,0.18801169
17878,0.22595839
17879,0.13705994
17880,0.5495795
17881,0.70661044
17882,0.45792633
17883,0.3623318
17884,0.59329516
17885,0.08699164
17886,0.48434287
17887,0.16777396
17888,0.073968515
17889,0.42695943
17890,0.23040211
17891,0.26963192
17892,-0.06518589
17893,0.24046485
17894,0.20835449
17895,0.25113112
17896,-0.2954594
17897,0.057615314
17898,0.36791548
17899,0.069575846
17900,-0.092340074
17901,0.06505007
17902,0.43764615
17903,0.31149727
17904,0.6159514
17905,0.18716486
17906,0.29453415
17907,0.17210062
17908,0.15602358
17909,0.27041364
17910,-2.8781414
17911,0.55357236
17912,0.5494201
17913,0.37836072
17914,0.42467085
17915,0.17210062
17916,0.6241636
17917,0.34110928
17918,0.2424642
17919,0.5021427
17920,0.37443143
17921,0.21874632
17922,-0.20425686
17923,-0.05115873
17924,-0.028484754
17925,0.38333553
17926,-0.17680816
17927,0.1586046
17928,0.13074636
17929,0.3971054
17930,0.26823333
17931,-0.86084527
17932,0.38798043
17933,-0.06579244
17934,0.12538618
17935,0.070585795
17936,0.0046526454
17937,0.3834129
17938,0.15156412
17939,0.012268024
17940,-0.5624519
17941,0.46026343
17942,0.081927516
17943,0.40972307
17944,0.100803964
17945,0.76467556
17946,0.35515985
17947,0.34703812
17948,0.21946503
17949,0.88572496
17950,0.46590415
17951,0.25194797
17952,-0.15644328
17953,0.36704317
17954,0.35652953
17955,0.26995465
17956,0.14077759
17957,-3.231829
17958,0.27756375
17959,0.34515148
17960,0.47088403
17961,0.48419923
17962,0.35652953
17963,0.43191987
17964,0.18929929
17965,0.74582833
17966,0.39691943
17967,0.4929971
17968,0.21360841
17969,0.61428547
17970,0.50395614
17971,0.42444405
17972,-0.21540023
17973,-2.1460044
17974,0.4855027
17975,0.22855411
17976,0.10264166
17977,0.10491835
17978,0.36416435
17979,0.14808561
17980,0.10375597
17981,0.30153552
17982,-0.0066241706
17983,0.41926074
17984,0.16405626
17985,-0.0066241706
17986,0.33040372
17987,0.03829798
17988,0.43207586
17989,0.12562291
17990,0.5016679
17991,0.040787905
17992,0.14840372
17993,-0.14659807
17994,0.43325529
17995,0.15432012
17996,0.28170496
17997,0.10040756
17998,0.5016679
17999,0.06549376
18000,-0.013939959
18001,0.4163486
18002,0.039925035
18003,-0.22747679
18004,0.50557685
18005,-1.1097279
18006,-0.0034977547
18007,0.030733861
18008,-0.2982219
18009,0.10734402
18010,0.4825382
18011,0.0779244
18012,0.44240052
18013,0.4362245
18014,0.5852392
18015,0.17156436
18016,-0.13794251
18017,0.34698302
18018,-1.3293973
18019,0.10895646
18020,-0.36328393
18021,0.38659024
18022,0.1033777
18023,0.3845913
18024,0.13121949
18025,0.068402566
18026,-0.18810567
18027,-0.687346
18028,-0.5871896
18029,-0.5145005
18030,0.34999987
18031,0.22796375
18032,0.6202153
18033,0.22796375
18034,0.27389303
18035,0.6402503
18036,0.20795143
18037,0.42189458
18038,0.10401907
18039,0.3031959
18040,0.34501725
18041,0.37963927
18042,0.08290305
18043,0.13774271
18044,0.2929492
18045,-0.29638007
18046,0.65586656
18047,-0.06579244
18048,0.59775
18049,-0.67380273
18050,0.48928782
18051,-0.33064672
18052,0.32529196
18053,-0.096171126
18054,0.5224112
18055,0.024578653
18056,0.5064126
18057,0.0057088337
18058,0.104438335
18059,0.37624815
18060,0.16008559
18061,0.2199575
18062,0.15272854
18063,0.28975767
18064,-0.019813579
18065,0.024578653
18066,0.17234477
18067,-0.29736626
18068,0.26337516
18069,0.024578653
18070,0.25032386
18071,0.46669617
18072,0.4809613
18073,0.13183154
18074,0.1520282
18075,0.4616477
18076,0.049065966
18077,-0.1740691
18078,0.2597268
18079,0.26784432
18080,-4.415238
18081,-2.183074
18082,0.21017586
18083,0.23751096
18084,0.7672935
18085,-2.9546893
18086,-0.09202822
18087,0.17208761
18088,0.6606181
18089,0.33977577
18090,-0.07827693
18091,-0.38356942
18092,-1.8057102
18093,-0.85375464
18094,0.2865066
18095,0.034626037
18096,0.7375537
18097,-0.29390764
18098,-0.91137195
18099,-0.8032662
18100,-1.8636646
18101,-0.5539207
18102,0.25721413
18103,-0.5976367
18104,-1.4264171
18105,-0.067013964
18106,0.30853096
18107,0.29645568
18108,1.4430828
18109,-0.11274925
18110,-0.8786131
18111,-0.37825063
18112,0.9592845
18113,0.16331348
18114,0.3056977
18115,-0.8367154
18116,0.42281306
18117,0.30183366
18118,0.27672687
18119,0.5926738
18120,-0.90249026
18121,0.12374588
18122,-0.59286463
18123,-1.4264171
18124,-0.65260047
18125,-0.068399906
18126,0.20328182
18127,0.18815526
18128,0.35266033
18129,-0.0066241706
18130,0.24249245
18131,-0.27477115
18132,0.23560734
18133,-0.26395378
18134,0.20006879
18135,-0.5700967
18136,0.36967584
18137,0.4283076
18138,0.28874132
18139,0.39586002
18140,0.3568487
18141,0.44948187
18142,0.17854907
18143,-0.53747034
18144,-0.08557298
18145,0.37333876
18146,-0.003936434
18147,-0.08557298
18148,0.5042983
18149,0.23589037
18150,-0.012383068
18151,0.5183033
18152,0.07711043
18153,0.014898431
18154,0.4966096
18155,-0.5935072
18156,0.15507045
18157,0.34567326
18158,-0.13107076
18159,-0.46295503
18160,0.19461887
18161,-0.20482495
18162,0.4108498
18163,0.18196349
18164,0.37179124
18165,0.6839631
18166,-0.1142962
18167,0.49732614
18168,0.3734926
18169,0.2006944
18170,0.38124228
18171,0.37719592
18172,0.17185436
18173,0.61608
18174,0.5838806
18175,0.19526692
18176,0.2900754
18177,0.4874654
18178,0.19724365
18179,0.5988843
18180,0.36606428
18181,0.04502235
18182,0.45785248
18183,0.42315182
18184,0.20785832
18185,0.22356664
18186,0.28975767
18187,0.3175063
18188,0.3217583
18189,0.16188997
18190,0.2425672
18191,0.40332225
18192,0.1488879
18193,-0.04622079
18194,0.34402043
18195,-0.2875328
18196,0.29391876
18197,0.2306212
18198,0.010257143
18199,0.17982082
18200,0.09718901
18201,0.18375567
18202,-0.094198376
18203,0.20268437
18204,-0.019481588
18205,0.29881617
18206,-0.040651966
18207,0.23601003
18208,0.015755631
18209,0.19862284
18210,-0.0998968
18211,0.25728646
18212,0.14173284
18213,0.2561741
18214,-0.15642567
18215,0.22254594
18216,-0.23409626
18217,0.2694406
18218,-0.10816714
18219,0.2306212
18220,0.017462637
18221,0.22943309
18222,0.2425672
18223,0.11651177
18224,-0.8194945
18225,0.109631374
18226,0.19724365
18227,0.33283263
18228,0.37281254
18229,0.17098187
18230,0.044536777
18231,0.21330938
18232,0.24810739
18233,-0.010321185
18234,0.009506553
18235,0.2306212
18236,-0.10816714
18237,0.09718901
18238,-0.18554017
18239,0.27555564
18240,0.23601003
18241,0.30322054
18242,0.12938154
18243,0.109631374
18244,-0.37810004
18245,0.3145229
18246,-0.28770387
18247,0.42088035
18248,0.040002696
18249,0.30322054
18250,0.17567323
18251,-0.06518589
18252,0.14488421
18253,0.29005685
18254,0.0541818
18255,0.35392103
18256,0.18905038
18257,-0.08694515
18258,0.41721603
18259,0.8016825
18260,0.165152
18261,-0.112402685
18262,0.13626164
18263,0.165152
18264,-0.051351953
18265,0.35581282
18266,0.20461278
18267,0.1610525
18268,-0.10346211
18269,0.35386992
18270,0.18821009
18271,0.18905038
18272,-0.092340074
18273,0.03405571
18274,0.6357938
18275,0.17185436
18276,0.4039623
18277,0.59992605
18278,0.07508977
18279,0.25963712
18280,0.46631524
18281,0.25671902
18282,0.42437154
18283,-0.08495813
18284,0.33022067
18285,0.7058634
18286,0.04588742
18287,0.17661309
18288,-0.6046595
18289,0.32571897
18290,0.30844796
18291,-0.726261
18292,0.031089652
18293,-0.55932844
18294,0.165152
18295,0.14293525
18296,0.2931082
18297,0.33646694
18298,0.37602687
18299,-0.06518589
18300,0.2953606
18301,0.17902641
18302,0.17661309
18303,0.07584392
18304,-0.018191498
18305,0.27745566
18306,0.03160541
18307,0.46631524
18308,0.36815178
18309,0.44419575
18310,0.48148417
18311,0.073968515
18312,0.029967237
18313,0.3316235
18314,0.2424642
18315,0.5215067
18316,0.24433456
18317,0.18905038
18318,0.18677838
18319,0.50557685
18320,0.18905038
18321,0.80682606
18322,0.49728137
18323,0.24044794
18324,0.2071075
18325,0.23344919
18326,0.20889345
18327,0.4824348
18328,0.3526679
18329,0.14808561
18330,0.32938537
18331,0.14808561
18332,0.25133905
18333,0.31405362
18334,0.3248844
18335,0.3749277
18336,0.18118037
18337,0.29150632
18338,0.23344919
18339,-0.4293088
18340,0.39921215
18341,-0.006671752
18342,0.3248844
18343,0.07246921
18344,0.25875756
18345,0.6304545
18346,0.33117044
18347,0.39741313
18348,0.55465114
18349,-0.36824438
18350,0.6100269
18351,0.5292951
18352,0.3248844
18353,0.0015413282
18354,0.32050174
18355,0.41506323
18356,0.25724718
18357,0.18117492
18358,0.3248844
18359,-0.3102603
18360,0.34471816
18361,0.34471816
18362,0.20006879
18363,-0.092333585
18364,0.30010188
18365,0.2975947
18366,-0.17544512
18367,0.34471816
18368,0.20832968
18369,-0.6102936
18370,0.32354912
18371,0.3248844
18372,0.24249245
18373,0.029707849
18374,0.33131665
18375,-0.035197657
18376,-0.7464178
18377,-1.9395192
18378,-0.09281798
18379,-0.23591214
18380,-1.4309938
18381,0.16644068
18382,0.013118392
18383,0.13967966
18384,-0.14675522
18385,0.16644068
18386,-0.12064966
18387,-0.48575607
18388,-0.23427257
18389,0.16777396
18390,-0.08526533
18391,-0.5122833
18392,-0.791335
18393,0.37867758
18394,-0.54040706
18395,-0.15938692
18396,-0.83037645
18397,0.30885333
18398,-0.045337953
18399,-0.035734292
18400,-0.62435
18401,0.30500442
18402,-0.007841812
18403,0.38710907
18404,-0.029485492
18405,0.2082286
18406,-0.18432353
18407,0.0031323973
18408,0.4014269
18409,-0.06260017
18410,0.4252015
18411,-0.025146767
18412,0.42376268
18413,0.4201356
18414,-0.36830375
18415,0.36109033
18416,0.42376268
18417,0.25309974
18418,0.25209537
18419,0.14488421
18420,0.81174743
18421,-0.0013099327
18422,-0.01962252
18423,-0.20565006
18424,0.52998453
18425,0.12903568
18426,0.12433829
18427,-0.11761283
18428,0.32926813
18429,0.13074636
18430,0.2864616
18431,0.049233563
18432,0.17679867
18433,0.14260238
18434,-0.061493427
18435,0.26073372
18436,0.4052004
18437,0.012268024
18438,0.21729796
18439,0.24249688
18440,0.16978893
18441,0.1320633
18442,0.39111644
18443,-0.21078025
18444,0.40458867
18445,0.35429356
18446,-0.48673373
18447,0.3087442
18448,-0.7680996
18449,0.39890477
18450,-0.63097954
18451,0.21055973
18452,0.53890663
18453,0.26670358
18454,-0.35694894
18455,-0.22016327
18456,-0.27539322
18457,-0.189348
18458,-0.3301039
18459,-2.0267358
18460,0.096636355
18461,-0.25415793
18462,0.22501433
18463,0.31887323
18464,-0.092604555
18465,0.06683023
18466,0.30078235
18467,0.3604042
18468,0.020751286
18469,0.3102338
18470,-0.09505165
18471,0.55566454
18472,0.2187283
18473,0.21729796
18474,0.29689
18475,0.41047284
18476,0.3052105
18477,0.25399613
18478,0.1353744
18479,0.2424642
18480,0.61608
18481,0.6699893
18482,0.57917213
18483,-0.054926597
18484,0.53238434
18485,0.36109033
18486,0.2425672
18487,-0.6484909
18488,0.31680235
18489,0.34648472
18490,0.5742708
18491,0.36109033
18492,0.25963712
18493,0.30532247
18494,-0.025146767
18495,0.2424642
18496,0.45785248
18497,0.45189735
18498,0.3052105
18499,0.51007915
18500,0.40316832
18501,0.27370605
18502,0.5215067
18503,0.36707953
18504,0.41226476
18505,0.33645236
18506,0.53238434
18507,0.2749002
18508,-0.1906051
18509,0.16967279
18510,0.51007915
18511,0.24169235
18512,0.52324235
18513,0.11134935
18514,0.5988843
18515,0.15208651
18516,-0.9631342
18517,0.28401455
18518,0.2900754
18519,0.22367285
18520,-0.63353235
18521,-0.10435776
18522,0.53238434
18523,0.2749002
18524,-0.047969107
18525,0.015860789
18526,0.49423495
18527,0.22877216
18528,0.14434747
18529,-0.07528857
18530,0.46631524
18531,0.59827936
18532,0.009651501
18533,0.19683897
18534,0.53238434
18535,0.115610406
18536,-0.29042247
18537,0.10329682
18538,0.63704467
18539,0.4140065
18540,0.16407155
18541,0.47753307
18542,0.5475869
18543,0.31362456
18544,0.17891237
18545,0.46631524
18546,0.37556878
18547,0.44419575
18548,-0.03668513
18549,-0.38887328
18550,0.364828
18551,-0.40678856
18552,0.1310461
18553,-3.2148352
18554,0.15640938
18555,0.28794432
18556,-0.4953727
18557,0.20606443
18558,0.033487186
18559,-0.16227666
18560,0.458962
18561,-0.085237555
18562,-0.1473963
18563,0.5702824
18564,0.11087104
18565,-0.018514816
18566,0.40972936
18567,0.13074636
18568,-0.18879619
18569,0.43471
18570,0.020751286
18571,-0.3689227
18572,0.42686066
18573,-0.85509586
18574,0.38599342
18575,0.40720564
18576,0.34501725
18577,0.35562894
18578,0.17982082
18579,0.2879667
18580,0.2071075
18581,0.014187861
18582,-3.0182145
18583,0.00756928
18584,0.22446261
18585,0.094759166
18586,0.5967362
18587,0.46590415
18588,0.82026494
18589,0.011282805
18590,0.28477588
18591,-0.6879129
18592,0.21809788
18593,0.08521581
18594,-1.9603392
18595,0.029001188
18596,0.28358707
18597,0.14735314
18598,0.4633923
18599,0.28772554
18600,0.36627793
18601,-0.17223732
18602,0.7393244
18603,0.4855027
18604,0.34640014
18605,-0.17502765
18606,0.29093847
18607,0.34340936
18608,-0.29016203
18609,0.33040372
18610,-0.14659807
18611,0.44564235
18612,0.28358707
18613,0.08295319
18614,0.27291307
18615,0.40938222
18616,0.25627905
18617,0.09429263
18618,0.65151834
18619,0.13034277
18620,0.19855593
18621,0.026523478
18622,0.43703339
18623,-1.3661277
18624,0.16442658
18625,0.27191523
18626,0.48151696
18627,0.17846535
18628,0.47077933
18629,0.14202361
18630,-2.3536153
18631,-0.05380402
18632,0.0003467356
18633,0.36963364
18634,0.6294724
18635,0.45825985
18636,0.44681767
18637,-0.29698014
18638,0.42888066
18639,-1.4503194
18640,0.10071797
18641,0.38659024
18642,0.06323065
18643,0.19880268
18644,0.52223444
18645,0.18523702
18646,0.094014466
18647,0.26604578
18648,0.484546
18649,0.15575683
18650,0.15861997
18651,0.28772482
18652,0.2947678
18653,0.27090243
18654,0.47676542
18655,0.33158395
18656,0.33645236
18657,0.13166486
18658,0.5385327
18659,0.37858438
18660,0.27090243
18661,0.3052105
18662,0.27558157
18663,-0.12304766
18664,0.5949142
18665,-0.23310226
18666,0.4463234
18667,-0.0066241706
18668,-0.45177743
18669,0.39749715
18670,-0.0066241706
18671,0.33394662
18672,-0.22226676
18673,-0.020074613
18674,0.23348849
18675,-0.21304758
18676,0.22875996
18677,-0.078935355
18678,0.22875996
18679,0.27060062
18680,0.29436624
18681,0.3430806
18682,0.34361356
18683,0.0050138645
18684,0.23020284
18685,-0.2020331
18686,0.33040372
18687,0.09577129
18688,0.44240052
18689,0.15590447
18690,0.18225464
18691,0.43077204
18692,0.18317582
18693,0.22992356
18694,0.5421933
18695,0.27060062
18696,0.25477305
18697,-0.2378965
18698,0.38751787
18699,0.05906753
18700,0.30650952
18701,0.28562734
18702,0.31378394
18703,0.107324645
18704,0.31378394
18705,0.055100963
18706,0.26273987
18707,-0.1892904
18708,0.08559381
18709,0.35194206
18710,0.7668186
18711,0.27097178
18712,0.39321753
18713,0.25864413
18714,0.046720374
18715,-0.4626732
18716,0.8596676
18717,0.17234951
18718,0.66894215
18719,0.43830997
18720,-19.184586
18721,0.17982082
18722,0.19821036
18723,0.42289993
18724,0.23827742
18725,0.4426151
18726,0.2889413
18727,0.32571897
18728,-0.05776646
18729,0.25864413
18730,0.2266725
18731,0.42608243
18732,-0.38905442
18733,0.55357236
18734,0.20942558
18735,0.3996501
18736,-0.19553667
18737,0.17982082
18738,0.18318611
18739,0.111406304
18740,0.013765732
18741,0.37939337
18742,0.017713599
18743,0.36302552
18744,0.15629071
18745,0.29843578
18746,0.19190903
18747,0.42608243
18748,0.26671258
18749,0.26594186
18750,0.14190063
18751,0.42608243
18752,0.2923403
18753,0.14133601
18754,0.18866749
18755,0.10287474
18756,0.17982082
18757,0.16489352
18758,0.1634118
18759,0.06579055
18760,-0.128728
18761,0.17291312
18762,0.42608243
18763,-0.109654464
18764,-0.20209184
18765,0.32351345
18766,0.20977692
18767,-0.034757815
18768,-0.13815992
18769,-0.06023294
18770,0.24056141
18771,-0.22962494
18772,-0.05129928
18773,0.21649161
18774,0.24121052
18775,-0.41768634
18776,0.22164424
18777,0.22670765
18778,0.17410465
18779,0.026081894
18780,-0.053680867
18781,-0.13399746
18782,0.42399314
18783,0.47629592
18784,0.85981643
18785,0.11658616
18786,0.39607808
18787,0.17982082
18788,0.35400164
18789,0.30000862
18790,0.37944838
18791,0.36539564
18792,0.18748601
18793,1.1631169
18794,0.2099598
18795,0.593752
18796,-2.143366
18797,0.1103917
18798,0.21122041
18799,0.20472825
18800,-2.3044426
18801,0.047735568
18802,0.19724365
18803,0.50748664
18804,0.7769897
18805,0.38914478
18806,0.25721413
18807,0.26784432
18808,-1.8057102
18809,0.078799725
18810,0.09098637
18811,0.015021923
18812,0.7672935
18813,-2.1289363
18814,0.28598857
18815,0.2749289
18816,1.1492982
18817,0.039685246
18818,-0.17772761
18819,0.2238217
18820,0.1103917
18821,0.1977392
18822,0.14615135
18823,-2.5684116
18824,-0.4412395
18825,0.27715737
18826,0.28919283
18827,0.53418183
18828,-0.13241436
18829,0.34780604
18830,0.22149593
18831,1.317609
18832,-3.4505305
18833,0.13285631
18834,-0.09735381
18835,0.42281306
18836,-0.36615574
18837,0.2869617
18838,0.25388318
18839,-2.3044426
18840,-2.9165423
18841,0.3408126
18842,-0.7344569
18843,1.2090377
18844,-0.43480262
18845,0.2389399
18846,-0.3666892
18847,0.15669005
18848,-0.71984154
18849,0.2608053
18850,0.28919283
18851,0.6162966
18852,-0.23328942
18853,0.572731
18854,0.045104895
18855,1.0394884
18856,-2.1717088
18857,0.55191976
18858,0.06007907
18859,-1.6903865
18860,-0.392835
18861,-0.0017159544
18862,0.39461663
18863,0.2425672
18864,0.31400323
18865,0.16188997
18866,0.46669617
18867,0.36113828
18868,0.51566005
18869,0.060183752
18870,0.5208956
18871,0.17607799
18872,-0.24475941
18873,0.62728226
18874,-0.3931773
18875,-0.07410589
18876,0.42315182
18877,0.41717163
18878,0.25864413
18879,-0.013990383
18880,0.31014726
18881,0.12598576
18882,-0.051351953
18883,0.58123016
18884,0.165152
18885,0.021621425
18886,0.34869313
18887,0.031160444
18888,0.47334018
18889,0.2644992
18890,-0.22792734
18891,0.165152
18892,0.16334644
18893,-0.19577634
18894,0.3219206
18895,0.26857033
18896,-0.112109594
18897,0.165152
18898,-0.112402685
18899,0.030030869
18900,0.33326387
18901,0.36040547
18902,0.14071976
18903,0.2960786
18904,0.11901621
18905,0.4913907
18906,0.13643111
18907,0.55594724
18908,0.29767036
18909,0.33642524
18910,0.24766098
18911,0.19687133
18912,0.4179438
18913,-0.15054668
18914,-0.37396985
18915,-0.17166446
18916,0.31908202
18917,-0.09060507
18918,0.15965545
18919,-1.4831992
18920,0.22313781
18921,0.26893026
18922,0.42168805
18923,-0.08508095
18924,0.34471816
18925,0.08027027
18926,0.2071075
18927,0.3548325
18928,0.11651177
18929,0.2623315
18930,0.32966217
18931,0.14165151
18932,-0.7636901
18933,0.4944725
18934,0.40940067
18935,0.33340138
18936,0.1790273
18937,0.42168805
18938,0.4290684
18939,0.39921215
18940,0.50557685
18941,0.33806413
18942,0.14830416
18943,0.25133905
18944,0.26031306
18945,-0.13153435
18946,-0.03990113
18947,0.3054189
18948,0.17097227
18949,0.26857033
18950,0.3280224
18951,0.26839325
18952,-0.19571489
18953,0.06868543
18954,0.2831683
18955,0.32576996
18956,0.3054189
18957,0.50926566
18958,-0.9118745
18959,0.24372533
18960,0.44592574
18961,-0.16151306
18962,0.1303146
18963,0.35325918
18964,0.64799917
18965,-0.69916683
18966,-0.019595686
18967,0.515816
18968,0.31756216
18969,0.3248844
18970,0.014959199
18971,0.23242925
18972,0.24044794
18973,0.38700703
18974,0.257773
18975,0.2741583
18976,0.46169895
18977,0.09526093
18978,0.17365551
18979,0.2462176
18980,0.011770705
18981,0.3125332
18982,0.19715288
18983,0.10856297
18984,-0.24349773
18985,-1.8274616
18986,0.3013435
18987,0.24169235
18988,0.34280553
18989,0.33806413
18990,0.3550604
18991,0.36606428
18992,-0.10327454
18993,-0.552301
18994,0.23020284
18995,0.010366226
18996,0.23777026
18997,-0.39585045
18998,0.5298847
18999,0.12988251
19000,-0.112402685
19001,0.49892196
19002,0.24451888
19003,0.13990693
19004,0.4747345
19005,-0.03151924
19006,-0.10540981
19007,0.4523528
19008,-0.09982973
19009,0.089890026
19010,0.5016679
19011,-0.03904437
19012,0.18677838
19013,0.5494201
19014,0.36109033
19015,0.17185436
19016,0.40647092
19017,0.2564261
19018,0.2006944
19019,0.5021427
19020,0.24169235
19021,0.020751286
19022,0.21858485
19023,0.28975767
19024,0.251256
19025,0.4082743
19026,0.1303146
19027,0.5721389
19028,-0.24473974
19029,-1.3480792
19030,0.44539586
19031,-0.14729813
19032,-0.319996
19033,0.5131931
19034,0.12903568
19035,0.385859
19036,0.3390595
19037,0.33117044
19038,0.03552698
19039,-0.08877098
19040,0.51181287
19041,0.25864413
19042,-0.38443974
19043,0.21408723
19044,-0.09768619
19045,0.081601255
19046,0.5701735
19047,-1.2598679
19048,0.24242884
19049,0.0778743
19050,-0.21817562
19051,0.24066384
19052,0.4577301
19053,-2.0364444
19054,0.27707046
19055,-0.6388926
19056,-2.641952
19057,-0.66161346
19058,0.21322829
19059,0.21360841
19060,0.03679426
19061,0.19990516
19062,0.40585572
19063,0.4942908
19064,0.26756454
19065,0.0779244
19066,0.17208761
19067,0.3401241
19068,0.28796196
19069,0.10012257
19070,0.7010908
19071,-0.042440385
19072,-0.10590904
19073,0.23582743
19074,0.14173317
19075,0.33040372
19076,0.24166416
19077,0.23020284
19078,0.2862431
19079,0.23020284
19080,0.17038736
19081,0.2032782
19082,0.2659863
19083,0.18301299
19084,0.21343337
19085,0.6651988
19086,0.13384643
19087,0.59786355
19088,-0.18034528
19089,-0.09768619
19090,-1.087657
19091,0.19858044
19092,0.17490092
19093,0.5170162
19094,0.06516118
19095,-1.1967964
19096,0.29436624
19097,0.17185436
19098,-0.7095368
19099,0.12729889
19100,-0.40874282
19101,0.20127273
19102,0.22667825
19103,0.5671837
19104,0.20575646
19105,0.4411808
19106,0.41559765
19107,0.36254078
19108,0.5385327
19109,0.5385327
19110,0.3686843
19111,-0.14011341
19112,0.33055446
19113,0.16000502
19114,0.14409922
19115,0.057828836
19116,0.49033073
19117,0.37764406
19118,-0.07050198
19119,0.079011545
19120,0.05121852
19121,0.6606807
19122,0.28975767
19123,0.2709692
19124,-0.22311617
19125,0.3447759
19126,0.2789072
19127,0.40892163
19128,0.025233392
19129,0.32354912
19130,0.8569615
19131,-0.035608944
19132,0.33249575
19133,-0.04611822
19134,0.24813227
19135,0.3397399
19136,-0.11508753
19137,0.2929492
19138,-1.901677
19139,0.36226982
19140,-0.74889946
19141,0.31230703
19142,-0.63541025
19143,0.23772703
19144,-1.4656277
19145,0.15789747
19146,0.47278774
19147,0.2430815
19148,0.36318034
19149,-0.058277972
19150,0.6565659
19151,0.5454129
19152,-0.53072625
19153,0.49164724
19154,0.20662296
19155,-0.19571489
19156,0.029180437
19157,0.2266725
19158,0.4283076
19159,-0.043282717
19160,0.12145446
19161,0.27389303
19162,-0.005042658
19163,0.29323155
19164,0.19265163
19165,0.5804388
19166,0.34955013
19167,-0.16810243
19168,0.42871806
19169,0.26784432
19170,0.477818
19171,0.020739771
19172,0.1277675
19173,0.3162835
19174,-2.00458
19175,0.16331348
19176,0.3049498
19177,0.3973769
19178,-0.4716412
19179,0.20733449
19180,0.20679997
19181,0.3813865
19182,0.4853895
19183,0.24829935
19184,0.12662812
19185,-0.21116024
19186,-0.63859576
19187,0.3735457
19188,-0.012521632
19189,0.6358477
19190,-0.5076712
19191,0.4438651
19192,0.41195932
19193,0.5074492
19194,0.4868671
19195,0.31701598
19196,0.40072486
19197,0.6404323
19198,0.3329356
19199,0.28770918
19200,0.20006879
19201,0.5127163
19202,0.1103917
19203,0.1114706
19204,0.3443008
19205,-1.2115761
19206,0.39715055
19207,0.38659024
19208,0.53418183
19209,0.078799725
19210,-0.16989622
19211,0.3683077
19212,0.7375537
19213,-0.62348044
19214,-0.21632144
19215,0.14808561
19216,0.1033777
19217,0.4626769
19218,0.49332052
19219,0.24249245
19220,-0.14659807
19221,0.3846697
19222,0.24676077
19223,0.3162835
19224,-0.22273515
19225,0.23470712
19226,0.08054863
19227,0.41185
19228,0.46590415
19229,0.2729073
19230,-0.040196408
19231,1.1743848
19232,0.5268705
19233,0.2490382
19234,0.10856297
19235,0.5503785
19236,-0.038799103
19237,0.22684966
19238,0.31164092
19239,-0.407979
19240,0.5288509
19241,-0.20217502
19242,0.062151715
19243,0.3390595
19244,0.13247211
19245,0.17820644
19246,0.46673492
19247,0.08177306
19248,0.3996845
19249,-0.24543422
19250,-0.03285651
19251,0.52359676
19252,-0.009713797
19253,0.19562693
19254,-0.043282717
19255,-5.030171
19256,0.04502235
19257,0.63704467
19258,-0.35391676
19259,0.23471689
19260,-0.9362429
19261,0.4246699
19262,-1.5672439
19263,-1.1499119
19264,-0.054072056
19265,0.31328636
19266,0.034822654
19267,0.5147701
19268,-0.0016812463
19269,-1.0624143
19270,0.39468855
19271,-0.066198595
19272,0.1945634
19273,0.4747345
19274,0.13915443
19275,0.2608053
19276,-0.059881747
19277,0.13236691
19278,0.2782356
19279,0.16475257
19280,0.13236691
19281,-0.041211504
19282,0.3208874
19283,0.17982082
19284,0.1868548
19285,0.17982082
19286,0.3716711
19287,-0.46130678
19288,1.1060219
19289,-0.33112973
19290,0.30257028
19291,-0.009684585
19292,0.1488879
19293,0.11651177
19294,0.062360544
19295,0.2553812
19296,0.39295572
19297,0.2424642
19298,0.1977392
19299,-0.07410589
19300,0.11651177
19301,0.1977392
19302,-0.41073608
19303,0.2822007
19304,0.17982082
19305,-0.10513813
19306,0.27704027
19307,0.010257143
19308,0.37907472
19309,0.2963331
19310,0.13236691
19311,-0.10126006
19312,0.22001544
19313,0.21122041
19314,-0.98750716
19315,0.15864074
19316,-0.1329198
19317,0.30806667
19318,0.3453077
19319,0.352016
19320,0.20557381
19321,0.3069275
19322,0.25728646
19323,0.4756372
19324,0.15202323
19325,0.15099734
19326,0.494339
19327,0.23512734
19328,0.2960786
19329,0.16644068
19330,-0.092340074
19331,0.36586455
19332,0.3212212
19333,0.18905038
19334,-0.020224571
19335,0.34046778
19336,0.3207687
19337,0.351657
19338,-0.23893696
19339,0.36586455
19340,0.6533184
19341,0.2906217
19342,0.2960786
19343,0.33181635
19344,0.18905038
19345,-0.2579881
19346,0.05087627
19347,0.26671258
19348,-2.0720146
19349,-0.39040646
19350,0.09600113
19351,0.16309173
19352,-0.6806729
19353,0.32781678
19354,0.40316832
19355,0.34067923
19356,0.25963712
19357,0.4359111
19358,0.0060980087
19359,0.16475257
19360,0.6558461
19361,-1.7297136
19362,-0.6057386
19363,0.067706816
19364,0.26857033
19365,0.44948187
19366,-0.51794994
19367,-0.1421624
19368,0.16644068
19369,-1.7843709
19370,0.50878805
19371,-0.57403666
19372,0.3042806
19373,0.45629263
19374,0.13097471
19375,-0.051351953
19376,0.31518495
19377,-0.2401762
19378,0.28742787
19379,0.40647092
19380,0.3568003
19381,0.43438023
19382,0.36040547
19383,0.50991213
19384,0.3153667
19385,0.34990662
19386,-0.029055972
19387,0.027635766
19388,0.36784145
19389,0.37602687
19390,0.36651775
19391,0.33022067
19392,0.24044794
19393,0.49098402
19394,0.28927842
19395,0.11347175
19396,0.1114706
19397,0.48199967
19398,0.22584218
19399,-0.288858
19400,0.26883766
19401,0.5079787
19402,0.28985876
19403,0.25133905
19404,0.38968468
19405,0.27558693
19406,0.459193
19407,0.4870683
19408,0.52497303
19409,0.3248844
19410,-7.8944955e-05
19411,-0.13309436
19412,0.29578495
19413,0.34471816
19414,-0.9184052
19415,-0.056215044
19416,0.473199
19417,0.5139753
19418,0.40940067
19419,0.27361855
19420,0.3153667
19421,-1.4072951
19422,0.47560394
19423,-1.1882708
19424,0.617473
19425,0.24044794
19426,0.29403824
19427,0.26883766
19428,0.2948425
19429,0.18123642
19430,0.3248844
19431,0.103060536
19432,0.2216392
19433,0.17156436
19434,0.04508643
19435,0.121780686
19436,0.014580325
19437,0.36242503
19438,0.1664705
19439,0.105643794
19440,0.25761908
19441,-1.1710283
19442,-3.8214405
19443,0.03001774
19444,0.034822654
19445,0.12691379
19446,-0.35163516
19447,0.034822654
19448,-0.013814876
19449,0.20164557
19450,0.36791548
19451,0.13074636
19452,0.2929492
19453,0.31756216
19454,0.34058458
19455,0.48991922
19456,0.34864858
19457,0.09905554
19458,0.1863585
19459,0.30687267
19460,0.18630101
19461,0.14934829
19462,0.049233563
19463,0.4014269
19464,0.19128524
19465,0.2864616
19466,0.28681925
19467,0.3806751
19468,0.4297643
19469,0.28011158
19470,-0.7412593
19471,-0.09186625
19472,0.02261664
19473,-0.10210432
19474,0.32086554
19475,-0.2202383
19476,0.11292971
19477,0.4166112
19478,0.22767235
19479,0.26037908
19480,0.41752127
19481,0.53598374
19482,0.32856923
19483,0.43884096
19484,0.14569482
19485,0.14755628
19486,0.46888503
19487,0.44353092
19488,0.05774456
19489,-0.04603154
19490,0.007036385
19491,0.18336336
19492,-0.6234364
19493,-0.50528383
19494,0.10256348
19495,-0.11211013
19496,0.049365837
19497,0.011703769
19498,0.29873416
19499,0.08220338
19500,0.48309395
19501,0.17365551
19502,0.38736275
19503,0.40110648
19504,0.3052105
19505,0.46631524
19506,-0.055665903
19507,0.1319214
19508,0.38056847
19509,-0.03904437
19510,-0.17563277
19511,0.51699585
19512,-0.03904437
19513,-0.9495
19514,0.27370605
19515,0.5215067
19516,-0.20910612
19517,0.027635766
19518,0.49732614
19519,0.21505095
19520,-0.4521936
19521,0.116035126
19522,0.46631524
19523,0.28975767
19524,-1.5135698
19525,0.22067867
19526,0.3153667
19527,0.19174708
19528,-0.41875598
19529,0.33617675
19530,0.049233563
19531,0.22078165
19532,0.46631524
19533,0.049233563
19534,0.41226476
19535,0.18677838
19536,0.7088295
19537,0.046681825
19538,0.5022364
19539,-0.05462289
19540,0.52022934
19541,0.588316
19542,0.44713548
19543,0.17210062
19544,0.53238434
19545,-22.001102
19546,-0.017000113
19547,0.46631524
19548,-1.1327354
19549,-0.2183405
19550,-0.16283126
19551,0.36341637
19552,0.40316832
19553,0.22417635
19554,0.17428224
19555,0.39764032
19556,-0.06500006
19557,-1.286062
19558,0.24650092
19559,0.32728696
19560,-0.45209345
19561,0.6408651
19562,0.07472861
19563,0.4772201
19564,-1.303604
19565,0.3260453
19566,0.19003348
19567,0.59025204
19568,0.13161892
19569,0.2606321
19570,-0.13720731
19571,0.66988695
19572,-0.17815241
19573,0.32606626
19574,0.20785832
19575,0.5215067
19576,0.4317468
19577,0.24118233
19578,0.32551253
19579,0.346128
19580,0.42449036
19581,0.2297152
19582,0.2663826
19583,0.2714695
19584,0.444496
19585,0.21753041
19586,0.37564808
19587,-0.16585903
19588,-0.14126988
19589,0.37512812
19590,-0.40911332
19591,0.15187915
19592,-0.14459234
19593,0.2259933
19594,-0.61939543
19595,-0.31042823
19596,0.6903334
19597,-0.0013099327
19598,-0.25179687
19599,0.57551396
19600,0.009270936
19601,0.1884004
19602,0.5538495
19603,0.9304448
19604,0.20520031
19605,0.35194176
19606,0.32006118
19607,0.45704952
19608,-0.59675896
19609,0.23854946
19610,0.47629592
19611,0.39890477
19612,0.2072059
19613,0.25864413
19614,0.19855593
19615,0.09429263
19616,0.82836396
19617,0.4587992
19618,-0.056972682
19619,0.38659024
19620,0.16354652
19621,0.068198934
19622,-4.8695993
19623,-0.66161346
19624,0.3127297
19625,-0.08230636
19626,0.65445095
19627,0.094014466
19628,0.19850412
19629,0.27191523
19630,0.29093847
19631,0.28277978
19632,0.36627793
19633,0.14416236
19634,-0.10867901
19635,0.011278073
19636,0.43368474
19637,-2.7041306
19638,-0.009682113
19639,0.4197199
19640,-0.2584718
19641,0.12562291
19642,0.91661286
19643,-0.5807056
19644,0.26220238
19645,0.21016847
19646,0.47351378
19647,0.34340936
19648,0.021917842
19649,0.4774441
19650,0.49033073
19651,0.36651483
19652,0.22069366
19653,-0.11840177
19654,-0.6177519
19655,0.37693134
19656,0.0027559355
19657,-0.58819675
19658,-0.8396028
19659,-0.083111316
19660,-0.24689479
19661,-0.93516594
19662,0.29626063
19663,-2.1460044
19664,0.11408374
19665,-3.2658396
19666,0.09771988
19667,0.06917458
19668,0.37750107
19669,0.28358707
19670,0.2914287
19671,-3.0072489
19672,0.47203907
19673,0.04346287
19674,0.42513323
19675,0.025293063
19676,0.33801392
19677,0.2895007
19678,0.3052105
19679,0.46574143
19680,0.16998608
19681,0.5385327
19682,0.39678016
19683,0.47560677
19684,0.9555525
19685,0.33645236
19686,0.25864413
19687,0.48617816
19688,0.4024322
19689,0.5279587
19690,0.5187874
19691,0.60252565
19692,0.027088586
19693,-0.09000258
19694,0.44240052
19695,-0.056594253
19696,0.4405789
19697,-0.040928867
19698,-0.38683715
19699,0.4405789
19700,-0.4775507
19701,0.31378394
19702,-0.2323403
19703,0.35824105
19704,-0.0066241706
19705,0.22077873
19706,-0.5828437
19707,0.22875996
19708,0.03360512
19709,0.33040372
19710,0.29979107
19711,0.1819092
19712,-0.86747015
19713,0.6161208
19714,-1.3056749
19715,0.6484758
19716,-0.27207634
19717,0.4067643
19718,-0.000625378
19719,0.3558615
19720,0.04038415
19721,0.23020284
19722,0.00686864
19723,0.27004936
19724,0.054050613
19725,0.2736713
19726,0.04038415
19727,0.356409
19728,0.020751286
19729,0.38317454
19730,0.37401316
19731,0.14788906
19732,0.27389303
19733,0.3968083
19734,-0.007841812
19735,0.46673492
19736,0.28995076
19737,0.27185625
19738,0.2501275
19739,0.23558752
19740,0.18592113
19741,0.4820333
19742,0.17982082
19743,0.22281685
19744,0.47988933
19745,0.24650092
19746,0.25841922
19747,0.2521702
19748,-0.6800815
19749,0.2306212
19750,0.2121769
19751,0.3390595
19752,0.34264323
19753,0.19265163
19754,0.38547868
19755,-0.2401762
19756,0.24686502
19757,0.2266725
19758,0.17982082
19759,0.26775077
19760,0.52230644
19761,0.22505425
19762,0.16334644
19763,0.30195087
19764,0.2694168
19765,0.0083833765
19766,0.11651177
19767,0.11821671
19768,-0.11495025
19769,0.4021759
19770,-0.41026616
19771,0.20071499
19772,0.3390595
19773,0.18033092
19774,0.1446604
19775,-0.5608826
19776,0.42115742
19777,0.13270639
19778,-6.226195
19779,-0.059711866
19780,0.42005157
19781,0.16634482
19782,0.2149227
19783,0.2749002
19784,0.33731592
19785,0.27185625
19786,0.27389303
19787,0.26594186
19788,0.3123693
19789,0.27389303
19790,0.52998453
19791,0.19724365
19792,0.38659024
19793,0.30000862
19794,-2.4629858
19795,0.19316696
19796,-0.38356942
19797,-1.4264171
19798,0.039685246
19799,0.25721413
19800,0.3843925
19801,1.2090377
19802,-0.21260221
19803,0.18301861
19804,0.28919283
19805,1.1631169
19806,0.1103917
19807,0.25721413
19808,0.049065966
19809,0.90212995
19810,0.15873219
19811,0.19061555
19812,0.29872438
19813,-1.2951909
19814,0.26459655
19815,0.21662405
19816,0.26784432
19817,1.1459961
19818,-0.11274925
19819,0.27743635
19820,0.36301848
19821,-2.2221966
19822,0.14414743
19823,0.27743635
19824,-0.7922511
19825,0.30000862
19826,-18.518805
19827,0.16475257
19828,0.045098007
19829,0.43307176
19830,0.24951966
19831,0.40340766
19832,-0.2879584
19833,0.878098
19834,-2.34011
19835,0.27595812
19836,-0.06259423
19837,0.42281306
19838,-0.01008646
19839,-0.2760993
19840,0.26356137
19841,0.40765232
19842,0.5189348
19843,0.5639173
19844,0.15856351
19845,0.40414178
19846,-0.007936197
19847,0.116576836
19848,0.12537882
19849,-0.17152885
19850,-0.32234967
19851,-1.381837
19852,0.32523957
19853,0.6091525
19854,0.35524693
19855,0.6252095
19856,0.58212966
19857,0.34352574
19858,0.1435319
19859,0.21955074
19860,0.4459527
19861,0.368588
19862,0.41075808
19863,0.31113002
19864,0.46754587
19865,0.11651177
19866,0.53590226
19867,-0.36303103
19868,0.519976
19869,0.13236691
19870,-0.10515025
19871,0.6689271
19872,0.19724365
19873,0.39187232
19874,0.25864413
19875,-0.2089205
19876,0.34981054
19877,0.1868548
19878,0.18213756
19879,0.11005219
19880,0.21122041
19881,0.47304448
19882,0.26023275
19883,-0.17648554
19884,-0.15113313
19885,0.46028033
19886,0.040546812
19887,-0.42307264
19888,0.1430256
19889,-0.4258671
19890,0.12076428
19891,0.37983555
19892,-0.10126006
19893,0.2345901
19894,0.3087442
19895,0.44626054
19896,0.09913721
19897,0.33055446
19898,-1.6172229
19899,0.36568713
19900,0.23020284
19901,0.202605
19902,-0.042201404
19903,0.5416617
19904,0.46515802
19905,0.17982082
19906,0.26031464
19907,-0.047628213
19908,0.27096778
19909,0.2216392
19910,0.16488996
19911,0.30587134
19912,0.3752773
19913,-0.14799428
19914,0.30880585
19915,0.13039534
19916,0.25967368
19917,0.14491643
19918,0.20564492
19919,0.6192691
19920,0.44376838
19921,0.52267826
19922,-0.119449966
19923,0.41767514
19924,0.08273287
19925,-0.092472024
19926,0.34648472
19927,0.08084449
19928,-0.054799907
19929,0.24972992
19930,-0.0153678395
19931,-0.08495813
19932,0.26054472
19933,0.4795042
19934,0.8341508
19935,0.22875996
19936,0.19375268
19937,0.012268024
19938,0.32053134
19939,0.24824217
19940,0.18282422
19941,-0.3121472
19942,-0.43469033
19943,-0.31648082
19944,0.12895314
19945,0.31682113
19946,-0.7271827
19947,0.26594186
19948,0.13361076
19949,0.807005
19950,0.33710518
19951,0.15640938
19952,0.3254868
19953,0.28975767
19954,0.27389303
19955,0.37559858
19956,0.42115742
19957,0.27680302
19958,0.19445574
19959,0.2931082
19960,0.39830545
19961,0.32278806
19962,0.2608053
19963,-0.012886858
19964,0.07492812
19965,-0.33528423
19966,0.2565189
19967,0.17519231
19968,-0.03674269
19969,-0.14660229
19970,-0.33261478
19971,0.33040372
19972,0.44103584
19973,0.8297537
19974,0.29665178
19975,0.2862104
19976,-0.08435918
19977,0.36605227
19978,0.17601345
19979,0.15488537
19980,-0.06525195
19981,0.12824759
19982,0.077025026
19983,0.16641541
19984,-0.5589731
19985,-0.055567272
19986,-0.011034128
19987,-0.8241737
19988,0.07045599
19989,0.2623315
19990,-0.03925999
19991,0.17271574
19992,0.18199052
19993,0.4457813
19994,-0.45663872
19995,-0.17797391
19996,0.29493394
19997,0.79589576
19998,0.17345804
19999,0.24249245
20000,0.2561741
20001,-0.418177
20002,-0.13558081
20003,0.6114954
20004,0.23915617
20005,-0.43719986
20006,0.61608
20007,0.3743307
20008,0.20821941
20009,-0.024031598
20010,0.116132624
20011,0.15789747
20012,0.29465392
20013,0.30887023
20014,0.42513323
20015,0.26245037
20016,0.036402978
20017,0.5768495
20018,0.1858516
20019,0.00686864
20020,0.34725037
20021,0.17872457
20022,-0.16802254
20023,0.34259126
20024,0.018615905
20025,0.27090243
20026,0.12591201
20027,0.6665575
20028,0.5120796
20029,0.32222357
20030,0.21530776
20031,0.11178912
20032,0.48346233
20033,0.28804147
20034,0.015124275
20035,0.37508702
20036,-0.36696154
20037,0.38369992
20038,-0.0031534573
20039,0.33380574
20040,0.5385327
20041,0.34028608
20042,-0.10950718
20043,0.2021864
20044,0.26071346
20045,0.29150632
20046,1.0498471
20047,0.2815597
20048,0.07862109
20049,0.2619579
20050,-0.09514133
20051,0.33703992
20052,0.010257143
20053,0.41883042
20054,-0.04372754
20055,0.109535694
20056,0.52528214
20057,0.19478185
20058,0.67233247
20059,0.32481936
20060,0.5802012
20061,0.3367912
20062,0.23724453
20063,0.17111215
20064,0.5830376
20065,0.22078165
20066,0.19903521
20067,0.23197615
20068,0.40052772
20069,0.18370715
20070,0.361617
20071,0.39860305
20072,0.25790673
20073,0.09450902
20074,0.36538845
20075,0.5021427
20076,0.2694168
20077,0.5077358
20078,0.034585208
20079,0.34578025
20080,0.43916097
20081,0.22657508
20082,0.29394817
20083,0.34058458
20084,0.066251665
20085,0.0959355
20086,0.30232164
20087,-0.03828946
20088,0.25712514
20089,0.2896324
20090,0.59775
20091,-1.1255624
20092,-0.3483054
20093,0.37834132
20094,0.44889286
20095,0.35063565
20096,0.5972398
20097,0.08117837
20098,0.3383844
20099,0.12797186
20100,0.34264323
20101,0.31379086
20102,-1.5755895
20103,0.16648947
20104,0.29608288
20105,0.14207642
20106,-0.09082898
20107,0.35494193
20108,-0.26551852
20109,0.08207842
20110,-3.049152
20111,0.34005773
20112,0.27846342
20113,0.5515429
20114,0.2777568
20115,-0.04641018
20116,0.42834064
20117,0.03819674
20118,0.086253785
20119,0.5021427
20120,0.26673225
20121,0.2965887
20122,0.32669643
20123,0.88748235
20124,0.33424285
20125,0.3139156
20126,0.65681654
20127,0.45469862
20128,-0.10828862
20129,0.22507428
20130,0.064699166
20131,0.39247793
20132,0.23117243
20133,-0.9820471
20134,0.4368666
20135,0.057625856
20136,0.2425672
20137,0.45596698
20138,-1.120869
20139,0.29714882
20140,0.10878855
20141,0.35522425
20142,0.6327147
20143,0.41926074
20144,0.17849435
20145,0.27986908
20146,0.5131931
20147,-0.08495813
20148,0.34781653
20149,-0.4960613
20150,0.06921926
20151,0.40856236
20152,0.45566335
20153,0.68172824
20154,0.1381374
20155,0.45580894
20156,-0.15255378
20157,0.05573845
20158,0.46748507
20159,-0.96970826
20160,0.33131665
20161,-0.000424203
20162,0.33637932
20163,0.28844562
20164,0.24955955
20165,0.128948
20166,0.32404706
20167,0.36710298
20168,-0.04804155
20169,-1.1499119
20170,-0.14983915
20171,0.054924875
20172,0.10440031
20173,0.20970328
20174,0.13173124
20175,0.31840372
20176,0.04542285
20177,-0.05454359
20178,-0.03628826
20179,-0.101943694
20180,0.48131505
20181,0.1835791
20182,0.38824162
20183,0.05166358
20184,-0.1631137
20185,0.8838702
20186,0.3993963
20187,0.26023275
20188,0.14790073
20189,0.24623308
20190,0.36101612
20191,0.38508257
20192,0.2694168
20193,0.17982082
20194,0.2528207
20195,0.2780541
20196,0.029547986
20197,-0.6429644
20198,-0.3088371
20199,0.26669
20200,0.22730911
20201,0.41830984
20202,0.31384355
20203,0.41717163
20204,0.55729115
20205,0.18522993
20206,0.207029
20207,0.2846727
20208,0.13875449
20209,0.38905898
20210,0.43360525
20211,0.17581198
20212,-0.051351953
20213,0.04488632
20214,0.28770918
20215,0.06627328
20216,-0.5229485
20217,0.36586455
20218,0.52708274
20219,0.42021763
20220,0.26459655
20221,0.53663754
20222,-0.55052793
20223,0.17210062
20224,0.4523528
20225,0.114500694
20226,0.2425672
20227,0.18499124
20228,0.11776472
20229,0.24234368
20230,0.30329654
20231,0.33406144
20232,0.2867704
20233,0.17098187
20234,-0.20705087
20235,0.070541844
20236,0.5517387
20237,0.14735314
20238,0.3568003
20239,0.19724365
20240,0.16475257
20241,0.16334644
20242,0.29823944
20243,0.27704027
20244,0.23117243
20245,0.30153552
20246,0.089890026
20247,0.25728646
20248,0.1459911
20249,0.22078165
20250,0.15882923
20251,0.08117837
20252,0.13844371
20253,0.042223793
20254,0.15425593
20255,-0.009906493
20256,0.19868264
20257,0.2623315
20258,0.15346503
20259,0.16967279
20260,0.19576411
20261,0.3248844
20262,0.30638462
20263,0.45783496
20264,0.15094426
20265,0.36417598
20266,0.45192268
20267,0.33958846
20268,0.13929276
20269,0.3408126
20270,0.55465114
20271,0.08117837
20272,0.089328445
20273,0.3547284
20274,0.28238627
20275,0.2694168
20276,0.08284331
20277,0.19767825
20278,-0.6531381
20279,0.2831826
20280,0.25841922
20281,-0.074255414
20282,-0.7247026
20283,-0.32507765
20284,-1.3073676
20285,-1.7118254
20286,-0.1766408
20287,0.1790273
20288,-0.1324737
20289,0.33958846
20290,0.30232164
20291,0.39677933
20292,-1.4215128
20293,0.025601495
20294,0.1389689
20295,0.3361729
20296,0.36784145
20297,0.07090864
20298,0.022755262
20299,0.28772482
20300,-0.0014299676
20301,-0.5047987
20302,0.11658616
20303,-0.12102277
20304,0.20619912
20305,0.10506378
20306,0.09135313
20307,0.02614154
20308,0.34596807
20309,0.009331693
20310,0.37281254
20311,0.43692255
20312,-0.72935176
20313,0.29967088
20314,0.20489311
20315,-0.25988072
20316,-2.9803426
20317,0.048809506
20318,0.042089246
20319,0.33191916
20320,0.02705925
20321,0.25072956
20322,0.13885626
20323,0.32206944
20324,0.26652545
20325,0.32932422
20326,0.116101526
20327,0.019738883
20328,0.116101526
20329,-0.06503491
20330,0.25415492
20331,0.105540276
20332,-0.146574
20333,0.3078251
20334,0.013118392
20335,0.34999987
20336,0.37030476
20337,0.17208761
20338,0.41793033
20339,0.027984373
20340,-0.1935919
20341,0.10083078
20342,0.30329654
20343,-0.14105384
20344,0.3904683
20345,0.07336452
20346,0.36605227
20347,0.23554836
20348,0.29391876
20349,0.36159426
20350,0.049233563
20351,-0.07717115
20352,0.16407155
20353,0.27948543
20354,0.22738764
20355,-0.021524832
20356,-0.016850222
20357,0.2929492
20358,0.49337858
20359,0.5487455
20360,0.27636865
20361,0.36707953
20362,-0.0018489747
20363,-0.07189527
20364,0.18934205
20365,-0.40021214
20366,0.058742087
20367,-0.1351967
20368,0.12599948
20369,0.47536924
20370,0.48480466
20371,0.24427539
20372,-0.10816714
20373,0.3675034
20374,-0.024581164
20375,0.41971177
20376,0.46466526
20377,-0.1979538
20378,0.26857033
20379,0.48487532
20380,-0.02238362
20381,0.46631524
20382,0.74126107
20383,0.2266725
20384,0.29941058
20385,-0.24448754
20386,-0.3469631
20387,-0.041211504
20388,0.08833148
20389,0.37205502
20390,0.36750206
20391,0.44790444
20392,0.07961059
20393,0.32182097
20394,0.38659024
20395,-0.035450235
20396,-0.05815044
20397,0.25829896
20398,-0.12086345
20399,-0.7550139
20400,0.31384355
20401,0.13094915
20402,0.29942164
20403,0.28772482
20404,-0.7761933
20405,0.4417002
20406,-0.77249634
20407,0.3009774
20408,0.47386026
20409,0.37269258
20410,0.060762923
20411,-0.40931454
20412,0.2071075
20413,0.31075156
20414,-0.05454359
20415,0.27602646
20416,0.02955898
20417,0.10071797
20418,-2.3927693
20419,0.24792857
20420,0.27846342
20421,0.41572732
20422,0.14255221
20423,0.15107217
20424,1.2674223
20425,0.19570068
20426,-0.93728626
20427,0.11807251
20428,0.33645236
20429,0.6853561
20430,0.36597776
20431,0.10071797
20432,0.86444527
20433,0.33686215
20434,0.022217646
20435,-0.088712536
20436,-0.5533881
20437,0.30078188
20438,0.1831128
20439,0.1647929
20440,0.5456295
20441,0.035728667
20442,0.46631524
20443,-1.124376
20444,-0.41089037
20445,-0.045669477
20446,-0.6012862
20447,0.17156436
20448,0.28972673
20449,0.28611454
20450,0.4179438
20451,0.38659024
20452,0.23081274
20453,0.10903807
20454,0.09965874
20455,0.859634
20456,0.40813258
20457,0.2535388
20458,0.12999818
20459,0.4541337
20460,0.24583153
20461,0.4903291
20462,0.2607492
20463,0.513966
20464,0.38824162
20465,0.490015
20466,0.005941672
20467,0.41669735
20468,0.07229779
20469,0.27421704
20470,0.20330589
20471,0.30232164
20472,0.3752773
20473,0.2292609
20474,0.2478733
20475,0.30600756
20476,0.43052942
20477,0.63266736
20478,0.46263784
20479,0.38680628
20480,0.122521244
20481,0.037428275
20482,-0.10710375
20483,-0.05518441
20484,0.2400888
20485,-0.031406697
20486,-0.03524871
20487,0.15590447
20488,0.32354912
20489,0.08532467
20490,-0.06529913
20491,0.050068486
20492,0.6194433
20493,0.2024852
20494,-0.043226425
20495,0.28186685
20496,0.4810449
20497,0.357295
20498,0.34306407
20499,0.24242884
20500,0.31802693
20501,0.22304441
20502,0.33110675
20503,0.19724365
20504,-0.29881677
20505,0.38039926
20506,0.2757881
20507,0.31136
20508,-0.26236907
20509,0.34161726
20510,0.17251943
20511,0.2510098
20512,0.519862
20513,-0.02710599
20514,-0.18424003
20515,0.32551253
20516,0.55487144
20517,0.15288123
20518,-0.058913626
20519,0.33662644
20520,0.16475257
20521,-2.8968322
20522,0.1748679
20523,0.2670773
20524,0.32358074
20525,0.10569538
20526,-0.38356942
20527,0.30329654
20528,0.09143006
20529,0.053896297
20530,0.46049085
20531,0.37368092
20532,0.1193878
20533,0.40647092
20534,-0.09939734
20535,0.35202098
20536,0.17486152
20537,0.3248844
20538,0.16499972
20539,-0.026184164
20540,0.2216392
20541,0.5199078
20542,0.16000502
20543,0.4035915
20544,0.2831683
20545,0.21016847
20546,0.40753052
20547,0.4217476
20548,0.42422688
20549,0.20696573
20550,0.7772123
20551,0.33333427
20552,0.1992578
20553,0.085988216
20554,-0.28436482
20555,-0.46111012
20556,0.49380195
20557,0.15209906
20558,0.8112449
20559,0.3235734
20560,0.2432094
20561,0.4098211
20562,0.45865333
20563,0.07331346
20564,0.5844358
20565,0.070414
20566,0.2659518
20567,0.34280738
20568,0.8624821
20569,0.49154946
20570,0.004051783
20571,0.3383844
20572,0.44889614
20573,-0.02710599
20574,0.35639623
20575,0.6064481
20576,0.20696573
20577,0.12315407
20578,0.36185393
20579,0.23559773
20580,0.38630268
20581,0.27715737
20582,0.2889788
20583,0.20288487
20584,0.009624222
20585,0.4217476
20586,-0.59599787
20587,0.16648947
20588,-0.27219167
20589,-0.09529148
20590,0.20143907
20591,0.25194797
20592,0.56630206
20593,0.29323155
20594,0.52276784
20595,-0.6853968
20596,0.036402978
20597,0.33406144
20598,0.60812074
20599,0.4405441
20600,0.020751286
20601,0.23262405
20602,0.22304441
20603,0.53238434
20604,-0.1639002
20605,0.42513323
20606,0.189944
20607,0.38317454
20608,0.11651177
20609,0.18905038
20610,0.34700158
20611,-0.2549643
20612,0.2613126
20613,-0.5179463
20614,0.39921215
20615,0.459193
20616,0.28059834
20617,0.4810449
20618,-0.030159727
20619,0.2623315
20620,0.042254068
20621,0.3248844
20622,-0.25153464
20623,0.23267715
20624,-0.14459063
20625,0.096636355
20626,0.056542203
20627,-0.5479814
20628,0.22670248
20629,0.36296836
20630,0.012268024
20631,0.13974416
20632,-0.00066669146
20633,0.42376268
20634,0.37587863
20635,-0.021306507
20636,-0.013495898
20637,0.24207155
20638,0.19794467
20639,0.20673163
20640,0.11610347
20641,0.07251774
20642,0.40374905
20643,0.49211073
20644,0.11651177
20645,0.2266725
20646,0.20461278
20647,0.11286617
20648,0.12145446
20649,0.63938934
20650,-0.38905442
20651,0.2865066
20652,0.46544507
20653,0.17982082
20654,0.08203601
20655,0.53590226
20656,0.3188941
