index,p0q0
0,-1
1,1
2,1
3,0
4,-1
5,0
6,0
7,0
8,-1
9,0
10,0
11,0
12,-1
13,-1
14,-1
15,0
16,-1
17,0
18,-1
19,0
20,-1
21,0
22,-1
23,0
24,0
25,-1
26,0
27,0
28,-1
29,-1
30,0
31,0
32,-1
33,0
34,0
35,0
36,-1
37,-1
38,-1
39,0
40,-1
41,0
42,-1
43,0
44,0
45,-1
46,0
47,-1
48,0
49,-1
50,0
51,-1
52,0
53,-1
54,0
55,-1
56,-1
57,-1
58,-1
59,-1
60,-1
61,-1
62,-1
63,-1
64,-1
65,-1
66,-1
67,0
68,-1
69,-1
70,-1
71,-1
72,-1
73,-1
74,0
75,-1
76,-1
77,0
78,1
79,-1
80,0
81,-1
82,0
83,-2
84,0
85,-1
86,0
87,-1
88,-1
89,-1
90,0
91,-1
92,-1
93,-1
94,0
95,-1
96,-1
97,-1
98,0
99,-1
100,0
101,-1
102,0
103,0
104,0
105,0
106,0
107,0
108,-1
109,-1
110,0
111,0
112,-1
113,-1
114,0
115,0
116,-1
117,0
118,0
119,0
120,-1
121,-1
122,-1
123,0
124,0
125,1
126,0
127,0
128,0
129,0
130,0
131,0
132,0
133,0
134,0
135,0
136,0
137,0
138,0
139,0
140,0
141,0
142,0
143,0
144,-1
145,2
146,0
147,-1
148,2
149,0
150,-1
151,2
152,0
153,-1
154,1
155,0
156,-1
157,1
158,0
159,-1
160,2
161,0
162,-1
163,1
164,0
165,-1
166,2
167,0
168,-2
169,2
170,0
171,-1
172,1
173,0
174,-1
175,2
176,0
177,-1
178,1
179,0
180,-1
181,0
182,0
183,0
184,-1
185,2
186,0
187,-1
188,1
189,0
190,-1
191,1
192,0
193,-1
194,2
195,-1
196,-1
197,-1
198,-1
199,-1
200,0
201,-1
202,-1
203,-1
204,-2
205,-1
206,-1
207,-1
208,-1
209,-1
210,-1
211,-1
212,-1
213,0
214,0
215,0
216,-2
217,2
218,0
219,1
220,-1
221,3
222,0
223,0
224,-1
225,2
226,0
227,0
228,-2
229,2
230,1
231,0
232,-1
233,3
234,0
235,1
236,-1
237,2
238,1
239,1
240,-1
241,2
242,-1
243,0
244,-1
245,2
246,1
247,1
248,-1
249,0
250,0
251,0
252,-1
253,2
254,0
255,0
256,-1
257,2
258,1
259,1
260,-1
261,2
262,1
263,0
264,0
265,0
266,-1
267,0
268,-2
269,0
270,-2
271,0
272,-2
273,0
274,0
275,0
276,-1
277,0
278,0
279,0
280,-1
281,0
282,0
283,0
284,-1
285,0
286,0
287,0
288,0
289,0
290,1
291,0
292,-1
293,0
294,-1
295,0
296,-1
297,0
298,0
299,-1
300,0
301,-1
302,0
303,-1
304,0
305,-1
306,0
307,-2
308,0
309,-2
310,0
311,-1
312,0
313,-1
314,0
315,1
316,1
317,1
318,0
319,0
320,1
321,1
322,0
323,0
324,1
325,0
326,0
327,0
328,1
329,0
330,0
331,-2
332,-2
333,0
334,-2
335,2
336,-1
337,0
338,-1
339,3
340,0
341,0
342,0
343,3
344,-2
345,-1
346,0
347,2
348,-2
349,-1
350,-1
351,3
352,-1
353,0
354,-2
355,3
356,-1
357,0
358,-1
359,3
360,-1
361,0
362,-2
363,3
364,-2
365,0
366,0
367,2
368,-1
369,0
370,0
371,-1
372,3
373,-1
374,0
375,-1
376,2
377,-2
378,-1
379,0
380,0
381,0
382,0
383,0
384,-1
385,0
386,0
387,0
388,-1
389,0
390,-2
391,0
392,0
393,0
394,-1
395,0
396,-1
397,0
398,-2
399,0
400,-1
401,-1
402,-2
403,0
404,-1
405,-1
406,0
407,0
408,0
409,-1
410,-2
411,1
412,-1
413,0
414,-1
415,0
416,0
417,-1
418,0
419,0
420,-1
421,0
422,-1
423,1
424,0
425,-1
426,1
427,0
428,0
429,1
430,1
431,0
432,2
433,1
434,0
435,0
436,1
437,0
438,0
439,1
440,1
441,0
442,0
443,0
444,1
445,0
446,-1
447,-1
448,1
449,-1
450,-1
451,1
452,-2
453,-1
454,0
455,-1
456,-1
457,1
458,-1
459,-2
460,1
461,0
462,-1
463,1
464,-2
465,-1
466,0
467,0
468,1
469,1
470,0
471,0
472,0
473,0
474,0
475,0
476,0
477,0
478,0
479,0
480,0
481,0
482,0
483,0
484,0
485,0
486,0
487,0
488,0
489,0
490,0
491,0
492,0
493,1
494,0
495,-1
496,0
497,-1
498,0
499,0
500,-1
501,0
502,0
503,-1
504,0
505,0
506,0
507,0
508,0
509,0
510,0
511,0
512,0
513,0
514,-2
515,0
516,0
517,-1
518,0
519,0
520,-1
521,0
522,0
523,-1
524,0
525,0
526,-1
527,0
528,0
529,0
530,0
531,1
532,0
533,0
534,0
535,0
536,0
537,0
538,0
539,0
540,0
541,0
542,0
543,-1
544,0
545,-1
546,0
547,0
548,0
549,0
550,0
551,-1
552,-1
553,0
554,0
555,0
556,-1
557,0
558,0
559,-1
560,0
561,-1
562,0
563,-1
564,0
565,-1
566,0
567,-1
568,-1
569,0
570,0
571,-1
572,0
573,-1
574,0
575,-1
576,-1
577,0
578,0
579,-1
580,-1
581,0
582,0
583,0
584,0
585,0
586,0
587,0
588,-1
589,-1
590,0
591,0
592,0
593,0
594,0
595,0
596,-1
597,0
598,-1
599,0
600,0
601,-1
602,-1
603,-1
604,0
605,-1
606,0
607,-1
608,0
609,-1
610,0
611,-1
612,0
613,-1
614,-1
615,0
616,0
617,0
618,0
619,0
620,0
621,-1
622,0
623,0
624,0
625,0
626,0
627,0
628,-1
629,0
630,0
631,-1
632,0
633,-1
634,0
635,-1
636,0
637,-1
638,0
639,-1
640,0
641,-1
642,0
643,-2
644,0
645,-1
646,-1
647,-1
648,0
649,-1
650,0
651,0
652,0
653,-1
654,0
655,-2
656,-1
657,-1
658,-1
659,-1
660,0
661,-1
662,0
663,-1
664,-1
665,-1
666,0
667,-1
668,-1
669,-1
670,-1
671,-1
672,-1
673,0
674,-1
675,0
676,-1
677,0
678,-1
679,-1
680,-1
681,0
682,-1
683,-1
684,-1
685,1
686,-1
687,0
688,-1
689,0
690,-1
691,0
692,-1
693,0
694,-2
695,-1
696,-2
697,-1
698,-1
699,0
700,-1
701,-1
702,-1
703,0
704,-2
705,-1
706,-2
707,-1
708,-1
709,-1
710,-1
711,-1
712,-1
713,-1
714,-1
715,0
716,-2
717,-1
718,-1
719,0
720,-1
721,0
722,0
723,0
724,-1
725,-1
726,-1
727,0
728,-1
729,-1
730,-1
731,0
732,-1
733,-1
734,-1
735,0
736,-1
737,0
738,0
739,0
740,0
741,0
742,0
743,0
744,0
745,0
746,0
747,0
748,0
749,0
750,0
751,0
752,0
753,0
754,0
755,0
756,0
757,0
758,0
759,0
760,0
761,0
762,0
763,0
764,0
765,0
766,0
767,0
768,0
769,0
770,0
771,0
772,0
773,0
774,0
775,0
776,0
777,0
778,0
779,0
780,0
781,0
782,0
783,0
784,0
785,0
786,0
787,0
788,0
789,0
790,0
791,0
792,-1
793,0
794,0
795,0
796,0
797,0
798,0
799,0
800,0
801,0
802,0
803,0
804,0
805,0
806,0
807,0
808,0
809,0
810,0
811,0
812,0
813,0
814,-1
815,1
816,0
817,-1
818,2
819,0
820,-2
821,1
822,0
823,-1
824,2
825,0
826,0
827,-1
828,1
829,0
830,-1
831,1
832,0
833,-1
834,1
835,0
836,-1
837,1
838,0
839,-1
840,1
841,0
842,-1
843,1
844,0
845,0
846,1
847,0
848,0
849,-1
850,1
851,0
852,0
853,-1
854,1
855,0
856,0
857,-2
858,1
859,0
860,1
861,-1
862,1
863,0
864,0
865,-1
866,1
867,0
868,0
869,-2
870,1
871,0
872,0
873,-1
874,1
875,0
876,-1
877,1
878,0
879,-1
880,1
881,0
882,-1
883,1
884,0
885,-1
886,1
887,0
888,1
889,1
890,0
891,1
892,1
893,0
894,0
895,0
896,0
897,0
898,0
899,0
900,0
901,0
902,1
903,1
904,1
905,0
906,0
907,-1
908,2
909,1
910,0
911,-1
912,2
913,0
914,0
915,-1
916,2
917,1
918,0
919,-1
920,2
921,0
922,0
923,-2
924,2
925,1
926,0
927,-1
928,-1
929,0
930,0
931,-1
932,2
933,0
934,1
935,-2
936,2
937,0
938,1
939,-1
940,2
941,0
942,0
943,-1
944,2
945,0
946,0
947,-1
948,2
949,1
950,0
951,-2
952,2
953,0
954,1
955,-1
956,2
957,0
958,0
959,-1
960,2
961,1
962,0
963,-1
964,3
965,0
966,0
967,-2
968,2
969,1
970,1
971,-2
972,2
973,1
974,1
975,-1
976,2
977,1
978,0
979,-1
980,2
981,0
982,0
983,-1
984,3
985,1
986,0
987,-2
988,2
989,0
990,0
991,-1
992,2
993,1
994,1
995,0
996,0
997,0
998,1
999,0
1000,-1
1001,1
1002,-1
1003,0
1004,0
1005,0
1006,0
1007,0
1008,0
1009,0
1010,1
1011,1
1012,1
1013,-1
1014,0
1015,1
1016,0
1017,-1
1018,1
1019,1
1020,0
1021,-1
1022,1
1023,1
1024,0
1025,-1
1026,1
1027,1
1028,0
1029,-1
1030,0
1031,1
1032,0
1033,0
1034,1
1035,1
1036,1
1037,-1
1038,0
1039,-1
1040,1
1041,1
1042,0
1043,0
1044,1
1045,0
1046,-1
1047,0
1048,2
1049,0
1050,0
1051,1
1052,1
1053,0
1054,0
1055,1
1056,1
1057,0
1058,0
1059,1
1060,0
1061,-1
1062,1
1063,1
1064,0
1065,-1
1066,0
1067,1
1068,0
1069,-1
1070,0
1071,1
1072,0
1073,-1
1074,0
1075,1
1076,0
1077,-1
1078,0
1079,1
1080,0
1081,-1
1082,0
1083,-1
1084,3
1085,-2
1086,0
1087,0
1088,3
1089,-1
1090,0
1091,-1
1092,2
1093,-2
1094,0
1095,-1
1096,2
1097,-1
1098,0
1099,0
1100,2
1101,-2
1102,0
1103,-1
1104,2
1105,-1
1106,-1
1107,3
1108,-2
1109,0
1110,-1
1111,3
1112,-1
1113,-2
1114,-1
1115,0
1116,-1
1117,2
1118,-2
1119,0
1120,0
1121,2
1122,-2
1123,0
1124,-2
1125,3
1126,-2
1127,0
1128,-2
1129,2
1130,-2
1131,0
1132,-1
1133,3
1134,-2
1135,0
1136,-1
1137,2
1138,-2
1139,0
1140,0
1141,-1
1142,2
1143,0
1144,0
1145,-1
1146,2
1147,-2
1148,0
1149,-1
1150,3
1151,-2
1152,0
1153,-1
1154,1
1155,0
1156,-1
1157,1
1158,0
1159,0
1160,1
1161,0
1162,0
1163,1
1164,0
1165,-1
1166,1
1167,0
1168,0
1169,0
1170,0
1171,1
1172,1
1173,1
1174,-1
1175,0
1176,-1
1177,0
1178,0
1179,0
1180,-1
1181,0
1182,1
1183,-1
1184,-1
1185,-1
1186,-1
1187,-1
1188,-1
1189,-1
1190,0
1191,-1
1192,0
1193,-1
1194,-1
1195,0
1196,0
1197,-1
1198,0
1199,0
1200,0
1201,-1
1202,0
1203,-1
1204,0
1205,-1
1206,-1
1207,0
1208,-1
1209,-1
1210,0
1211,0
1212,-1
1213,-1
1214,0
1215,-1
1216,0
1217,0
1218,0
1219,0
1220,0
1221,0
1222,-1
1223,0
1224,0
1225,-1
1226,-1
1227,0
1228,-1
1229,0
1230,0
1231,0
1232,-1
1233,0
1234,0
1235,0
1236,0
1237,-1
1238,0
1239,0
1240,0
1241,0
1242,1
1243,0
1244,-1
1245,0
1246,0
1247,-1
1248,0
1249,0
1250,1
1251,0
1252,0
1253,-1
1254,0
1255,0
1256,-1
1257,-1
1258,0
1259,-1
1260,0
1261,-1
1262,0
1263,-1
1264,0
1265,0
1266,0
1267,-1
1268,0
1269,0
1270,-1
1271,-1
1272,-1
1273,0
1274,-1
1275,-1
1276,-1
1277,-1
1278,-1
1279,0
1280,0
1281,-1
1282,0
1283,0
1284,0
1285,-1
1286,0
1287,0
1288,-2
1289,0
1290,-1
1291,1
1292,-2
1293,0
1294,-1
1295,0
1296,-1
1297,0
1298,-1
1299,0
1300,-1
1301,-1
1302,0
1303,-1
1304,-1
1305,0
1306,-1
1307,-1
1308,-1
1309,-1
1310,0
1311,-1
1312,-1
1313,-1
1314,0
1315,-1
1316,-1
1317,-1
1318,0
1319,-1
1320,0
1321,-1
1322,0
1323,-1
1324,0
1325,-1
1326,0
1327,-2
1328,-1
1329,-1
1330,0
1331,-1
1332,-1
1333,-1
1334,0
1335,-1
1336,0
1337,-1
1338,0
1339,-1
1340,0
1341,0
1342,0
1343,0
1344,0
1345,0
1346,0
1347,0
1348,-1
1349,0
1350,0
1351,0
1352,-1
1353,-1
1354,0
1355,-1
1356,-1
1357,-1
1358,0
1359,-1
1360,-1
1361,0
1362,0
1363,0
1364,0
1365,0
1366,-1
1367,0
1368,0
1369,0
1370,0
1371,0
1372,0
1373,0
1374,0
1375,0
1376,0
1377,-1
1378,0
1379,0
1380,-1
1381,2
1382,0
1383,-1
1384,1
1385,-1
1386,-1
1387,0
1388,-1
1389,1
1390,0
1391,-1
1392,1
1393,0
1394,-1
1395,1
1396,0
1397,-1
1398,1
1399,0
1400,-2
1401,1
1402,0
1403,-1
1404,1
1405,0
1406,-2
1407,2
1408,0
1409,-1
1410,1
1411,0
1412,-2
1413,1
1414,0
1415,-1
1416,2
1417,0
1418,-2
1419,2
1420,0
1421,-2
1422,1
1423,0
1424,-1
1425,1
1426,1
1427,-1
1428,1
1429,0
1430,-1
1431,2
1432,-1
1433,-1
1434,0
1435,-1
1436,-1
1437,-1
1438,-1
1439,-1
1440,0
1441,-1
1442,0
1443,-1
1444,-1
1445,-1
1446,-1
1447,-1
1448,-1
1449,-1
1450,0
1451,1
1452,0
1453,2
1454,0
1455,0
1456,-1
1457,2
1458,0
1459,0
1460,-1
1461,3
1462,0
1463,0
1464,-1
1465,2
1466,0
1467,1
1468,-2
1469,2
1470,1
1471,-2
1472,0
1473,0
1474,0
1475,-1
1476,2
1477,0
1478,0
1479,-1
1480,2
1481,1
1482,0
1483,-1
1484,2
1485,1
1486,0
1487,-1
1488,2
1489,1
1490,-2
1491,0
1492,0
1493,0
1494,0
1495,0
1496,0
1497,0
1498,0
1499,-1
1500,0
1501,-1
1502,0
1503,0
1504,0
1505,-1
1506,0
1507,0
1508,0
1509,-1
1510,0
1511,0
1512,0
1513,-2
1514,0
1515,0
1516,0
1517,-1
1518,0
1519,0
1520,0
1521,1
1522,0
1523,1
1524,0
1525,0
1526,-1
1527,0
1528,1
1529,-1
1530,0
1531,-1
1532,1
1533,0
1534,-1
1535,0
1536,-1
1537,0
1538,-1
1539,0
1540,-1
1541,0
1542,-1
1543,0
1544,-1
1545,0
1546,-1
1547,0
1548,0
1549,0
1550,1
1551,0
1552,0
1553,0
1554,1
1555,0
1556,-1
1557,0
1558,1
1559,1
1560,0
1561,0
1562,0
1563,0
1564,3
1565,-2
1566,0
1567,0
1568,3
1569,-2
1570,0
1571,-1
1572,3
1573,-1
1574,0
1575,-1
1576,3
1577,-1
1578,0
1579,-2
1580,2
1581,-2
1582,0
1583,0
1584,3
1585,0
1586,0
1587,3
1588,-1
1589,0
1590,-1
1591,-2
1592,3
1593,-1
1594,0
1595,0
1596,3
1597,-2
1598,0
1599,0
1600,3
1601,-1
1602,0
1603,0
1604,0
1605,0
1606,0
1607,-2
1608,3
1609,-1
1610,-1
1611,0
1612,0
1613,-1
1614,0
1615,-1
1616,0
1617,0
1618,0
1619,0
1620,0
1621,0
1622,1
1623,-1
1624,0
1625,-2
1626,1
1627,-1
1628,0
1629,-2
1630,1
1631,-1
1632,0
1633,0
1634,0
1635,0
1636,0
1637,-1
1638,0
1639,0
1640,-1
1641,-2
1642,0
1643,0
1644,0
1645,-1
1646,0
1647,-1
1648,0
1649,-2
1650,0
1651,0
1652,-1
1653,-1
1654,0
1655,0
1656,0
1657,-1
1658,1
1659,0
1660,0
1661,1
1662,0
1663,0
1664,1
1665,0
1666,-1
1667,1
1668,0
1669,0
1670,1
1671,0
1672,0
1673,0
1674,1
1675,0
1676,1
1677,1
1678,1
1679,-1
1680,-1
1681,-1
1682,0
1683,0
1684,-1
1685,1
1686,-1
1687,-1
1688,-2
1689,-1
1690,-1
1691,-1
1692,1
1693,-1
1694,-1
1695,1
1696,-1
1697,-1
1698,1
1699,-1
1700,-1
1701,0
1702,0
1703,0
1704,1
1705,0
1706,0
1707,0
1708,0
1709,0
1710,0
1711,0
1712,0
1713,0
1714,0
1715,-1
1716,0
1717,0
1718,0
1719,0
1720,0
1721,0
1722,0
1723,0
1724,0
1725,0
1726,0
1727,0
1728,0
1729,0
1730,0
1731,0
1732,-1
1733,0
1734,-1
1735,0
1736,0
1737,-1
1738,0
1739,0
1740,-2
1741,0
1742,0
1743,0
1744,0
1745,0
1746,0
1747,0
1748,0
1749,0
1750,0
1751,3
1752,-1
1753,0
1754,0
1755,0
1756,0
1757,0
1758,0
1759,-1
1760,0
1761,0
1762,0
1763,0
1764,-1
1765,0
1766,0
1767,0
1768,0
1769,-1
1770,0
1771,0
1772,-1
1773,0
1774,0
1775,0
1776,0
1777,0
1778,0
1779,0
1780,0
1781,1
1782,0
1783,0
1784,1
1785,0
1786,0
1787,-1
1788,0
1789,0
1790,0
1791,0
1792,0
1793,0
1794,0
1795,0
1796,0
1797,0
1798,-1
1799,0
1800,0
1801,0
1802,-1
1803,0
1804,0
1805,0
1806,-1
1807,0
1808,0
1809,0
1810,-1
1811,0
1812,0
1813,0
1814,-1
1815,-1
1816,-1
1817,0
1818,-1
1819,-1
1820,-1
1821,0
1822,0
1823,0
1824,0
1825,0
1826,0
1827,0
1828,0
1829,0
1830,0
1831,0
1832,0
1833,0
1834,0
1835,0
1836,0
1837,0
1838,-1
1839,0
1840,-1
1841,0
1842,-1
1843,0
1844,-1
1845,0
1846,-1
1847,0
1848,0
1849,0
1850,-1
1851,0
1852,-1
1853,0
1854,-1
1855,0
1856,0
1857,0
1858,-1
1859,-1
1860,-1
1861,0
1862,0
1863,0
1864,0
1865,0
1866,0
1867,0
1868,0
1869,0
1870,0
1871,0
1872,0
1873,0
1874,0
1875,0
1876,-1
1877,0
1878,-1
1879,0
1880,-1
1881,0
1882,-1
1883,0
1884,-1
1885,0
1886,-1
1887,0
1888,-1
1889,-1
1890,0
1891,0
1892,-1
1893,0
1894,0
1895,-1
1896,0
1897,-1
1898,-1
1899,0
1900,-1
1901,-1
1902,0
1903,0
1904,0
1905,0
1906,-1
1907,0
1908,0
1909,0
1910,0
1911,0
1912,-1
1913,0
1914,-1
1915,0
1916,-1
1917,0
1918,0
1919,0
1920,-1
1921,1
1922,0
1923,-1
1924,0
1925,-1
1926,0
1927,-1
1928,-1
1929,-1
1930,0
1931,-1
1932,-1
1933,-1
1934,0
1935,-1
1936,-1
1937,-1
1938,0
1939,-1
1940,0
1941,-1
1942,0
1943,-1
1944,0
1945,-1
1946,0
1947,-2
1948,-1
1949,-2
1950,-1
1951,-2
1952,-1
1953,-1
1954,0
1955,-1
1956,-1
1957,1
1958,-1
1959,-1
1960,-2
1961,0
1962,-1
1963,0
1964,-1
1965,-1
1966,-1
1967,-1
1968,-1
1969,0
1970,-1
1971,0
1972,-1
1973,0
1974,-1
1975,0
1976,-1
1977,0
1978,-1
1979,-1
1980,-1
1981,0
1982,-1
1983,0
1984,-1
1985,0
1986,-1
1987,-1
1988,-1
1989,0
1990,-1
1991,0
1992,0
1993,0
1994,0
1995,0
1996,0
1997,0
1998,0
1999,0
2000,0
2001,0
2002,0
2003,0
2004,0
2005,0
2006,0
2007,0
2008,0
2009,0
2010,0
2011,0
2012,0
2013,0
2014,0
2015,0
2016,0
2017,0
2018,0
2019,0
2020,-1
2021,0
2022,0
2023,0
2024,0
2025,0
2026,0
2027,0
2028,0
2029,0
2030,0
2031,0
2032,0
2033,0
2034,0
2035,0
2036,0
2037,0
2038,0
2039,0
2040,0
2041,0
2042,0
2043,0
2044,0
2045,0
2046,0
2047,0
2048,0
2049,0
2050,0
2051,0
2052,0
2053,0
2054,0
2055,0
2056,0
2057,0
2058,0
2059,0
2060,0
2061,0
2062,0
2063,0
2064,0
2065,0
2066,0
2067,-1
2068,1
2069,0
2070,-2
2071,2
2072,0
2073,-2
2074,1
2075,0
2076,-1
2077,1
2078,0
2079,-1
2080,1
2081,0
2082,-1
2083,1
2084,0
2085,-1
2086,2
2087,0
2088,-1
2089,1
2090,0
2091,-1
2092,2
2093,0
2094,-1
2095,1
2096,0
2097,-1
2098,1
2099,0
2100,0
2101,-1
2102,1
2103,0
2104,1
2105,-1
2106,1
2107,0
2108,0
2109,-2
2110,1
2111,0
2112,0
2113,-1
2114,1
2115,0
2116,0
2117,-2
2118,1
2119,0
2120,0
2121,-1
2122,1
2123,0
2124,0
2125,-1
2126,1
2127,0
2128,0
2129,-1
2130,1
2131,1
2132,0
2133,-1
2134,1
2135,0
2136,0
2137,0
2138,-1
2139,2
2140,0
2141,-1
2142,1
2143,0
2144,-1
2145,1
2146,0
2147,-1
2148,1
2149,0
2150,1
2151,0
2152,1
2153,0
2154,1
2155,0
2156,0
2157,0
2158,1
2159,0
2160,0
2161,0
2162,0
2163,1
2164,0
2165,0
2166,0
2167,0
2168,0
2169,0
2170,1
2171,1
2172,1
2173,0
2174,1
2175,1
2176,-1
2177,0
2178,0
2179,0
2180,2
2181,1
2182,1
2183,0
2184,1
2185,0
2186,-1
2187,2
2188,1
2189,3
2190,-1
2191,1
2192,-1
2193,2
2194,0
2195,0
2196,-2
2197,2
2198,1
2199,1
2200,-1
2201,2
2202,0
2203,0
2204,-2
2205,2
2206,1
2207,0
2208,-1
2209,2
2210,1
2211,1
2212,-1
2213,3
2214,1
2215,1
2216,-1
2217,2
2218,0
2219,1
2220,-1
2221,2
2222,0
2223,0
2224,-1
2225,2
2226,0
2227,0
2228,-2
2229,2
2230,0
2231,0
2232,-1
2233,2
2234,1
2235,0
2236,-2
2237,2
2238,0
2239,1
2240,-2
2241,2
2242,0
2243,1
2244,-1
2245,2
2246,0
2247,0
2248,-2
2249,2
2250,1
2251,1
2252,-1
2253,2
2254,1
2255,0
2256,-2
2257,2
2258,0
2259,1
2260,0
2261,1
2262,0
2263,0
2264,0
2265,-2
2266,1
2267,-1
2268,0
2269,0
2270,0
2271,0
2272,1
2273,0
2274,-1
2275,1
2276,1
2277,0
2278,0
2279,0
2280,0
2281,0
2282,-1
2283,0
2284,1
2285,0
2286,-1
2287,0
2288,1
2289,0
2290,-1
2291,0
2292,1
2293,0
2294,-1
2295,0
2296,1
2297,0
2298,-1
2299,0
2300,1
2301,1
2302,-1
2303,1
2304,1
2305,1
2306,-1
2307,1
2308,1
2309,-1
2310,0
2311,1
2312,0
2313,0
2314,1
2315,0
2316,-1
2317,0
2318,1
2319,0
2320,-1
2321,1
2322,1
2323,0
2324,-1
2325,0
2326,1
2327,0
2328,-1
2329,0
2330,1
2331,0
2332,-1
2333,0
2334,1
2335,0
2336,0
2337,0
2338,1
2339,0
2340,-1
2341,0
2342,1
2343,1
2344,0
2345,0
2346,1
2347,1
2348,0
2349,3
2350,-2
2351,0
2352,-1
2353,3
2354,-2
2355,-1
2356,2
2357,-2
2358,0
2359,-1
2360,2
2361,-2
2362,-1
2363,-2
2364,2
2365,-2
2366,0
2367,-1
2368,3
2369,-1
2370,-2
2371,3
2372,-2
2373,0
2374,-1
2375,3
2376,-1
2377,-1
2378,-1
2379,-1
2380,-1
2381,3
2382,-2
2383,0
2384,-1
2385,2
2386,-1
2387,0
2388,0
2389,3
2390,-1
2391,0
2392,-1
2393,2
2394,0
2395,0
2396,-1
2397,2
2398,-2
2399,0
2400,-1
2401,2
2402,-2
2403,0
2404,0
2405,2
2406,-1
2407,-2
2408,0
2409,0
2410,0
2411,0
2412,-1
2413,2
2414,-1
2415,0
2416,-1
2417,2
2418,-1
2419,0
2420,1
2421,0
2422,0
2423,1
2424,1
2425,-1
2426,1
2427,0
2428,-1
2429,1
2430,0
2431,-1
2432,0
2433,0
2434,0
2435,1
2436,0
2437,-1
2438,0
2439,0
2440,-1
2441,0
2442,0
2443,0
2444,1
2445,0
2446,-1
2447,0
2448,0
2449,0
2450,-1
2451,-1
2452,0
2453,0
2454,0
2455,0
2456,0
2457,0
2458,-1
2459,-1
2460,0
2461,-1
2462,-1
2463,0
2464,-1
2465,-1
2466,0
2467,-1
2468,0
2469,0
2470,-1
2471,-1
2472,0
2473,0
2474,0
2475,0
2476,0
2477,0
2478,0
2479,0
2480,-1
2481,0
2482,0
2483,0
2484,0
2485,-1
2486,0
2487,0
2488,-1
2489,-1
2490,0
2491,0
2492,-1
2493,-1
2494,0
2495,-1
2496,0
2497,0
2498,-1
2499,-1
2500,0
2501,0
2502,-1
2503,-1
2504,0
2505,0
2506,0
2507,0
2508,0
2509,0
2510,0
2511,0
2512,0
2513,0
2514,0
2515,0
2516,0
2517,0
2518,-1
2519,0
2520,0
2521,-1
2522,0
2523,0
2524,-1
2525,0
2526,1
2527,1
2528,1
2529,-1
2530,0
2531,-1
2532,0
2533,-1
2534,0
2535,-1
2536,0
2537,-1
2538,0
2539,0
2540,0
2541,-1
2542,0
2543,0
2544,0
2545,0
2546,0
2547,0
2548,0
2549,-1
2550,-1
2551,0
2552,0
2553,-1
2554,-1
2555,0
2556,0
2557,-1
2558,0
2559,-1
2560,0
2561,-1
2562,0
2563,-1
2564,0
2565,0
2566,-2
2567,0
2568,-1
2569,0
2570,-1
2571,0
2572,-1
2573,0
2574,-1
2575,-1
2576,-1
2577,-1
2578,-1
2579,-1
2580,-1
2581,0
2582,-1
2583,-1
2584,0
2585,-1
2586,-1
2587,-1
2588,-1
2589,0
2590,-1
2591,-1
2592,-1
2593,0
2594,-1
2595,-1
2596,-1
2597,0
2598,-2
2599,-1
2600,-1
2601,0
2602,-1
2603,0
2604,-1
2605,0
2606,-1
2607,-1
2608,-1
2609,0
2610,-1
2611,0
2612,-1
2613,0
2614,-1
2615,0
2616,0
2617,-1
2618,-1
2619,0
2620,0
2621,0
2622,0
2623,0
2624,0
2625,-1
2626,-1
2627,-1
2628,0
2629,-1
2630,-1
2631,-1
2632,0
2633,-1
2634,-1
2635,-1
2636,0
2637,-1
2638,0
2639,0
2640,0
2641,0
2642,0
2643,0
2644,0
2645,0
2646,0
2647,0
2648,0
2649,0
2650,0
2651,0
2652,0
2653,0
2654,0
2655,0
2656,0
2657,0
2658,0
2659,0
2660,0
2661,0
2662,-1
2663,2
2664,0
2665,-1
2666,1
2667,0
2668,-1
2669,1
2670,0
2671,-1
2672,1
2673,0
2674,-1
2675,1
2676,0
2677,-1
2678,1
2679,0
2680,-1
2681,2
2682,0
2683,-1
2684,1
2685,0
2686,-1
2687,1
2688,0
2689,-1
2690,1
2691,0
2692,-2
2693,1
2694,0
2695,-1
2696,1
2697,0
2698,-1
2699,1
2700,0
2701,-1
2702,1
2703,0
2704,-1
2705,1
2706,0
2707,-1
2708,0
2709,-1
2710,1
2711,0
2712,-1
2713,-1
2714,-1
2715,-1
2716,-1
2717,-1
2718,-1
2719,-1
2720,-1
2721,-1
2722,-1
2723,-1
2724,0
2725,-1
2726,-1
2727,-1
2728,-1
2729,-1
2730,-1
2731,0
2732,0
2733,0
2734,-1
2735,2
2736,1
2737,0
2738,-1
2739,2
2740,1
2741,0
2742,-1
2743,2
2744,0
2745,0
2746,-1
2747,3
2748,0
2749,1
2750,-2
2751,2
2752,0
2753,1
2754,-1
2755,2
2756,1
2757,1
2758,-1
2759,2
2760,1
2761,1
2762,-1
2763,2
2764,0
2765,0
2766,-1
2767,2
2768,1
2769,0
2770,-1
2771,3
2772,1
2773,0
2774,-1
2775,2
2776,1
2777,1
2778,-1
2779,2
2780,1
2781,0
2782,0
2783,0
2784,0
2785,0
2786,-1
2787,0
2788,-1
2789,0
2790,-1
2791,0
2792,0
2793,0
2794,-1
2795,0
2796,0
2797,0
2798,-1
2799,0
2800,0
2801,0
2802,-1
2803,0
2804,0
2805,0
2806,-1
2807,0
2808,0
2809,0
2810,1
2811,0
2812,1
2813,1
2814,0
2815,0
2816,-1
2817,0
2818,-1
2819,0
2820,0
2821,-1
2822,0
2823,0
2824,0
2825,-1
2826,0
2827,-1
2828,0
2829,-1
2830,0
2831,-2
2832,0
2833,-2
2834,0
2835,1
2836,-1
2837,0
2838,0
2839,1
2840,0
2841,0
2842,0
2843,1
2844,0
2845,-1
2846,0
2847,1
2848,0
2849,-1
2850,0
2851,1
2852,0
2853,-1
2854,-1
2855,-1
2856,0
2857,0
2858,3
2859,-1
2860,0
2861,-1
2862,3
2863,-2
2864,-1
2865,3
2866,-2
2867,0
2868,-2
2869,3
2870,-1
2871,0
2872,-1
2873,3
2874,-1
2875,0
2876,-1
2877,3
2878,-1
2879,0
2880,-1
2881,2
2882,-2
2883,0
2884,-1
2885,2
2886,-2
2887,0
2888,-1
2889,2
2890,-1
2891,0
2892,-1
2893,2
2894,-1
2895,0
2896,-1
2897,2
2898,-2
2899,-1
2900,-1
2901,0
2902,0
2903,0
2904,-1
2905,0
2906,0
2907,0
2908,1
2909,-1
2910,-1
2911,-2
2912,1
2913,-1
2914,0
2915,0
2916,0
2917,-1
2918,-2
2919,0
2920,0
2921,-1
2922,-2
2923,0
2924,0
2925,-1
2926,-2
2927,0
2928,0
2929,0
2930,-1
2931,1
2932,-1
2933,0
2934,-1
2935,1
2936,0
2937,0
2938,-1
2939,0
2940,-1
2941,0
2942,-1
2943,-1
2944,0
2945,0
2946,-1
2947,1
2948,0
2949,0
2950,0
2951,0
2952,-1
2953,1
2954,0
2955,-1
2956,1
2957,1
2958,0
2959,1
2960,0
2961,0
2962,0
2963,1
2964,0
2965,0
2966,1
2967,1
2968,0
2969,-1
2970,-1
2971,1
2972,-1
2973,-1
2974,1
2975,0
2976,-1
2977,0
2978,-2
2979,0
2980,-1
2981,-1
2982,1
2983,-1
2984,-1
2985,0
2986,-2
2987,-1
2988,1
2989,0
2990,-1
2991,1
2992,0
2993,0
2994,1
2995,0
2996,0
2997,0
2998,0
2999,0
3000,0
3001,0
3002,0
3003,0
3004,0
3005,0
3006,0
3007,0
3008,0
3009,0
3010,0
3011,0
3012,0
3013,0
3014,0
3015,0
3016,0
3017,0
3018,0
3019,0
3020,0
3021,1
3022,0
3023,-1
3024,0
3025,-1
3026,0
3027,0
3028,-1
3029,0
3030,0
3031,-1
3032,0
3033,0
3034,0
3035,0
3036,0
3037,0
3038,0
3039,0
3040,0
3041,0
3042,0
3043,0
3044,0
3045,0
3046,0
3047,0
3048,-1
3049,0
3050,0
3051,0
3052,0
3053,-1
3054,0
3055,0
3056,-1
3057,0
3058,1
3059,0
3060,-1
3061,0
3062,0
3063,0
3064,0
3065,0
3066,0
3067,0
3068,0
3069,0
3070,0
3071,0
3072,1
3073,0
3074,0
3075,-1
3076,-1
3077,-1
3078,0
3079,-1
3080,0
3081,0
3082,0
3083,-1
3084,-1
3085,0
3086,0
3087,-1
3088,0
3089,0
3090,0
3091,-1
3092,0
3093,0
3094,-1
3095,0
3096,0
3097,-1
3098,0
3099,-1
3100,0
3101,-1
3102,0
3103,0
3104,0
3105,-1
3106,-1
3107,-1
3108,0
3109,0
3110,-1
3111,-1
3112,0
3113,0
3114,0
3115,0
3116,0
3117,0
3118,-1
3119,0
3120,0
3121,0
3122,0
3123,-1
3124,-1
3125,0
3126,0
3127,0
3128,-1
3129,0
3130,0
3131,0
3132,0
3133,0
3134,0
3135,-1
3136,-1
3137,0
3138,0
3139,-1
3140,-1
3141,0
3142,-1
3143,-1
3144,0
3145,0
3146,0
3147,0
3148,-1
3149,0
3150,0
3151,0
3152,0
3153,0
3154,0
3155,-1
3156,0
3157,0
3158,0
3159,1
3160,-1
3161,0
3162,-1
3163,0
3164,-1
3165,0
3166,-1
3167,0
3168,-1
3169,0
3170,-1
3171,-1
3172,0
3173,0
3174,0
3175,-1
3176,-1
3177,-1
3178,0
3179,-1
3180,-1
3181,0
3182,0
3183,-1
3184,0
3185,-1
3186,0
3187,0
3188,0
3189,-1
3190,0
3191,-1
3192,-1
3193,-1
3194,0
3195,-1
3196,0
3197,-1
3198,0
3199,-1
3200,-1
3201,0
3202,-1
3203,-1
3204,-1
3205,0
3206,-1
3207,0
3208,0
3209,0
3210,-1
3211,-1
3212,0
3213,-1
3214,0
3215,-1
3216,0
3217,-1
3218,0
3219,-1
3220,0
3221,-1
3222,0
3223,-1
3224,0
3225,-2
3226,-1
3227,-1
3228,-1
3229,-1
3230,-1
3231,-2
3232,-1
3233,-2
3234,0
3235,-1
3236,0
3237,-2
3238,0
3239,-1
3240,0
3241,-2
3242,-1
3243,-1
3244,-1
3245,-2
3246,-1
3247,-1
3248,0
3249,-1
3250,1
3251,0
3252,0
3253,-1
3254,-1
3255,-1
3256,0
3257,-1
3258,-1
3259,-1
3260,0
3261,-1
3262,-1
3263,-1
3264,0
3265,-1
3266,0
3267,0
3268,0
3269,0
3270,0
3271,0
3272,0
3273,0
3274,0
3275,0
3276,0
3277,0
3278,0
3279,0
3280,0
3281,0
3282,0
3283,0
3284,0
3285,0
3286,0
3287,0
3288,-1
3289,0
3290,0
3291,0
3292,0
3293,0
3294,0
3295,0
3296,0
3297,0
3298,0
3299,0
3300,0
3301,0
3302,0
3303,0
3304,0
3305,0
3306,0
3307,0
3308,0
3309,0
3310,0
3311,0
3312,0
3313,0
3314,0
3315,0
3316,-1
3317,0
3318,0
3319,0
3320,0
3321,0
3322,0
3323,-1
3324,0
3325,0
3326,0
3327,0
3328,0
3329,0
3330,0
3331,0
3332,0
3333,0
3334,0
3335,0
3336,0
3337,0
3338,0
3339,0
3340,2
3341,0
3342,0
3343,0
3344,-2
3345,1
3346,0
3347,-2
3348,0
3349,0
3350,-1
3351,1
3352,1
3353,0
3354,-1
3355,0
3356,0
3357,0
3358,0
3359,-1
3360,1
3361,0
3362,-1
3363,1
3364,0
3365,-1
3366,1
3367,0
3368,-1
3369,1
3370,0
3371,-1
3372,1
3373,0
3374,0
3375,-1
3376,1
3377,0
3378,1
3379,-1
3380,1
3381,0
3382,0
3383,-1
3384,1
3385,0
3386,0
3387,-2
3388,1
3389,1
3390,0
3391,-1
3392,1
3393,0
3394,0
3395,-1
3396,1
3397,0
3398,-1
3399,1
3400,0
3401,0
3402,-2
3403,1
3404,0
3405,0
3406,-1
3407,1
3408,0
3409,0
3410,-1
3411,2
3412,0
3413,-1
3414,2
3415,0
3416,-1
3417,1
3418,0
3419,-1
3420,0
3421,0
3422,-1
3423,2
3424,0
3425,-1
3426,1
3427,1
3428,0
3429,0
3430,0
3431,0
3432,0
3433,0
3434,1
3435,0
3436,0
3437,0
3438,1
3439,0
3440,0
3441,0
3442,0
3443,0
3444,1
3445,0
3446,-1
3447,-1
3448,1
3449,1
3450,1
3451,1
3452,1
3453,-1
3454,2
3455,1
3456,0
3457,-1
3458,2
3459,1
3460,1
3461,-1
3462,2
3463,0
3464,0
3465,-1
3466,2
3467,1
3468,0
3469,-1
3470,2
3471,1
3472,0
3473,0
3474,0
3475,0
3476,-1
3477,2
3478,1
3479,0
3480,-2
3481,2
3482,1
3483,0
3484,-2
3485,2
3486,1
3487,0
3488,-1
3489,3
3490,0
3491,1
3492,-1
3493,2
3494,0
3495,0
3496,-2
3497,2
3498,1
3499,-1
3500,2
3501,1
3502,0
3503,-2
3504,2
3505,1
3506,0
3507,-2
3508,2
3509,1
3510,1
3511,-1
3512,2
3513,0
3514,1
3515,-1
3516,2
3517,1
3518,0
3519,-2
3520,2
3521,1
3522,1
3523,-1
3524,2
3525,0
3526,0
3527,-2
3528,2
3529,1
3530,1
3531,0
3532,1
3533,0
3534,1
3535,0
3536,-1
3537,0
3538,-2
3539,0
3540,-1
3541,0
3542,0
3543,1
3544,0
3545,-1
3546,1
3547,1
3548,0
3549,-1
3550,0
3551,0
3552,0
3553,0
3554,1
3555,1
3556,0
3557,0
3558,1
3559,0
3560,-1
3561,0
3562,1
3563,1
3564,0
3565,1
3566,0
3567,-1
3568,1
3569,1
3570,0
3571,-1
3572,1
3573,1
3574,1
3575,0
3576,1
3577,1
3578,1
3579,-1
3580,0
3581,1
3582,-1
3583,0
3584,0
3585,0
3586,-1
3587,0
3588,1
3589,0
3590,-1
3591,0
3592,1
3593,0
3594,0
3595,1
3596,0
3597,1
3598,0
3599,0
3600,1
3601,0
3602,0
3603,0
3604,1
3605,-1
3606,1
3607,1
3608,0
3609,0
3610,0
3611,1
3612,0
3613,-1
3614,1
3615,1
3616,0
3617,0
3618,0
3619,-2
3620,3
3621,-2
3622,0
3623,-1
3624,3
3625,-1
3626,0
3627,-1
3628,2
3629,-1
3630,0
3631,0
3632,2
3633,-2
3634,0
3635,0
3636,0
3637,0
3638,0
3639,-1
3640,2
3641,-2
3642,-1
3643,2
3644,-1
3645,-1
3646,2
3647,-1
3648,-1
3649,-1
3650,0
3651,-1
3652,3
3653,-2
3654,0
3655,-1
3656,3
3657,-1
3658,0
3659,0
3660,2
3661,-2
3662,-1
3663,-1
3664,3
3665,-2
3666,-1
3667,-1
3668,3
3669,-2
3670,0
3671,-1
3672,3
3673,-2
3674,0
3675,-2
3676,3
3677,-2
3678,0
3679,0
3680,3
3681,-2
3682,0
3683,0
3684,-1
3685,3
3686,-2
3687,0
3688,-1
3689,2
3690,-1
3691,-1
3692,1
3693,0
3694,0
3695,1
3696,0
3697,-1
3698,0
3699,0
3700,0
3701,0
3702,1
3703,0
3704,0
3705,0
3706,0
3707,0
3708,0
3709,-1
3710,1
3711,0
3712,-1
3713,0
3714,0
3715,-1
3716,0
3717,0
3718,-1
3719,-1
3720,0
3721,0
3722,0
3723,0
3724,0
3725,0
3726,0
3727,-1
3728,-1
3729,0
3730,0
3731,-1
3732,0
3733,0
3734,0
3735,0
3736,0
3737,-1
3738,0
3739,0
3740,-1
3741,-1
3742,-1
3743,-1
3744,-1
3745,-1
3746,-1
3747,0
3748,0
3749,-1
3750,-1
3751,0
3752,0
3753,-1
3754,0
3755,0
3756,0
3757,-1
3758,-1
3759,0
3760,-1
3761,-1
3762,0
3763,-1
3764,0
3765,0
3766,0
3767,-1
3768,0
3769,-1
3770,-1
3771,-1
3772,-1
3773,0
3774,0
3775,0
3776,0
3777,0
3778,0
3779,0
3780,-1
3781,0
3782,-1
3783,0
3784,0
3785,-1
3786,0
3787,0
3788,0
3789,1
3790,1
3791,1
3792,0
3793,-1
3794,-1
3795,0
3796,-1
3797,0
3798,0
3799,0
3800,-1
3801,0
3802,-1
3803,0
3804,1
3805,0
3806,0
3807,-1
3808,-1
3809,-1
3810,0
3811,-1
3812,-1
3813,-1
3814,0
3815,-1
3816,-1
3817,-1
3818,0
3819,0
3820,0
3821,0
3822,0
3823,-1
3824,0
3825,0
3826,0
3827,0
3828,-1
3829,0
3830,-1
3831,0
3832,-1
3833,0
3834,-1
3835,0
3836,-1
3837,0
3838,-1
3839,0
3840,-1
3841,-1
3842,-1
3843,-1
3844,-1
3845,-1
3846,-1
3847,-1
3848,-1
3849,0
3850,-1
3851,-1
3852,-1
3853,0
3854,-1
3855,-1
3856,-1
3857,0
3858,-1
3859,-1
3860,-1
3861,0
3862,-2
3863,-1
3864,-1
3865,0
3866,-1
3867,-1
3868,-2
3869,0
3870,-1
3871,-1
3872,-1
3873,0
3874,-1
3875,-1
3876,0
3877,0
3878,0
3879,0
3880,0
3881,0
3882,-1
3883,-1
3884,-1
3885,0
3886,-1
3887,0
3888,-1
3889,0
3890,0
3891,-1
3892,-1
3893,0
3894,-1
3895,-1
3896,0
3897,0
3898,0
3899,0
3900,0
3901,-1
3902,0
3903,0
3904,0
3905,0
3906,0
3907,0
3908,0
3909,0
3910,0
3911,0
3912,0
3913,0
3914,0
3915,0
3916,0
3917,0
3918,0
3919,-1
3920,0
3921,-2
3922,1
3923,0
3924,-1
3925,1
3926,0
3927,-1
3928,0
3929,0
3930,-1
3931,1
3932,1
3933,0
3934,0
3935,0
3936,-2
3937,1
3938,0
3939,-1
3940,0
3941,0
3942,-1
3943,2
3944,0
3945,-2
3946,1
3947,0
3948,-1
3949,1
3950,0
3951,-1
3952,1
3953,0
3954,-2
3955,2
3956,0
3957,-1
3958,1
3959,-1
3960,-1
3961,-1
3962,-1
3963,-1
3964,-1
3965,-2
3966,-1
3967,0
3968,-1
3969,-1
3970,-1
3971,-2
3972,-1
3973,0
3974,-1
3975,-1
3976,0
3977,0
3978,2
3979,0
3980,0
3981,-1
3982,2
3983,0
3984,1
3985,0
3986,0
3987,-1
3988,2
3989,0
3990,0
3991,-1
3992,2
3993,0
3994,0
3995,-1
3996,2
3997,1
3998,0
3999,-1
4000,2
4001,1
4002,1
4003,-1
4004,2
4005,1
4006,1
4007,-1
4008,2
4009,0
4010,3
4011,-1
4012,1
4013,-1
4014,0
4015,0
4016,0
4017,-1
4018,2
4019,1
4020,0
4021,-1
4022,0
4023,-1
4024,0
4025,0
4026,0
4027,-2
4028,0
4029,-1
4030,0
4031,0
4032,0
4033,-1
4034,0
4035,0
4036,0
4037,-1
4038,0
4039,0
4040,0
4041,-1
4042,0
4043,0
4044,0
4045,-2
4046,0
4047,0
4048,0
4049,0
4050,1
4051,1
4052,0
4053,0
4054,-1
4055,0
4056,-1
4057,0
4058,0
4059,-1
4060,0
4061,-2
4062,0
4063,-1
4064,0
4065,-1
4066,0
4067,-2
4068,0
4069,-1
4070,0
4071,0
4072,1
4073,0
4074,0
4075,0
4076,2
4077,1
4078,0
4079,1
4080,0
4081,0
4082,1
4083,1
4084,0
4085,-1
4086,0
4087,-1
4088,0
4089,0
4090,3
4091,-2
4092,1
4093,-1
4094,-1
4095,-2
4096,3
4097,-1
4098,0
4099,-2
4100,3
4101,-1
4102,-1
4103,0
4104,3
4105,-2
4106,0
4107,-1
4108,3
4109,-1
4110,0
4111,0
4112,3
4113,-2
4114,0
4115,-2
4116,3
4117,-1
4118,0
4119,-1
4120,3
4121,-2
4122,0
4123,-1
4124,3
4125,-1
4126,0
4127,-1
4128,3
4129,-1
4130,-1
4131,0
4132,0
4133,0
4134,2
4135,1
4136,0
4137,-2
4138,0
4139,0
4140,0
4141,-1
4142,0
4143,0
4144,0
4145,-1
4146,0
4147,0
4148,0
4149,-1
4150,0
4151,-1
4152,0
4153,0
4154,0
4155,-2
4156,0
4157,0
4158,0
4159,-2
4160,1
4161,1
4162,0
4163,0
4164,-1
4165,-1
4166,-1
4167,-1
4168,1
4169,1
4170,0
4171,1
4172,0
4173,1
4174,0
4175,-1
4176,1
4177,0
4178,0
4179,1
4180,0
4181,0
4182,0
4183,1
4184,-1
4185,0
4186,0
4187,1
4188,0
4189,-1
4190,1
4191,-1
4192,-1
4193,1
4194,-2
4195,-1
4196,-1
4197,-1
4198,1
4199,-1
4200,0
4201,0
4202,-1
4203,1
4204,0
4205,-1
4206,0
4207,-2
4208,1
4209,0
4210,1
4211,1
4212,-1
4213,0
4214,0
4215,0
4216,0
4217,0
4218,0
4219,0
4220,0
4221,0
4222,0
4223,0
4224,0
4225,0
4226,0
4227,0
4228,0
4229,0
4230,0
4231,0
4232,0
4233,0
4234,1
4235,0
4236,-1
4237,0
4238,-1
4239,0
4240,0
4241,-1
4242,0
4243,0
4244,-1
4245,0
4246,0
4247,0
4248,0
4249,0
4250,0
4251,0
4252,0
4253,0
4254,0
4255,0
4256,-1
4257,0
4258,0
4259,1
4260,0
4261,-1
4262,0
4263,0
4264,-1
4265,0
4266,0
4267,-1
4268,0
4269,0
4270,-1
4271,0
4272,0
4273,0
4274,0
4275,0
4276,0
4277,0
4278,0
4279,0
4280,1
4281,0
4282,0
4283,1
4284,0
4285,0
4286,-1
4287,0
4288,0
4289,0
4290,0
4291,0
4292,0
4293,0
4294,-1
4295,0
4296,0
4297,0
4298,-1
4299,0
4300,0
4301,0
4302,-1
4303,-1
4304,0
4305,0
4306,0
4307,0
4308,0
4309,0
4310,-1
4311,0
4312,0
4313,0
4314,-1
4315,0
4316,0
4317,0
4318,-1
4319,-1
4320,0
4321,0
4322,0
4323,0
4324,0
4325,0
4326,0
4327,0
4328,0
4329,0
4330,0
4331,0
4332,0
4333,0
4334,0
4335,0
4336,0
4337,-1
4338,0
4339,0
4340,-1
4341,0
4342,-1
4343,-1
4344,0
4345,-1
4346,-1
4347,2
4348,2
4349,-1
4350,0
4351,-2
4352,0
4353,-1
4354,0
4355,0
4356,-1
4357,0
4358,-2
4359,0
4360,-1
4361,-1
4362,0
4363,0
4364,-1
4365,0
4366,-1
4367,-1
4368,0
4369,-1
4370,-2
4371,0
4372,0
4373,-1
4374,0
4375,-1
4376,0
4377,-1
4378,1
4379,-1
4380,-1
4381,-1
4382,0
4383,-1
4384,-1
4385,-1
4386,0
4387,-1
4388,-1
4389,-1
4390,0
4391,-1
4392,-1
4393,-1
4394,0
4395,-1
4396,-1
4397,-1
4398,0
4399,-1
4400,-1
4401,-1
4402,0
4403,-1
4404,0
4405,-1
4406,-1
4407,0
4408,-1
4409,-1
4410,-1
4411,-1
4412,-1
4413,0
4414,-1
4415,0
4416,-2
4417,-1
4418,-2
4419,-1
4420,-1
4421,-1
4422,-1
4423,0
4424,1
4425,-1
4426,-1
4427,-1
4428,-1
4429,1
4430,-1
4431,-1
4432,-1
4433,0
4434,-1
4435,-1
4436,-1
4437,0
4438,-1
4439,-1
4440,-1
4441,0
4442,-1
4443,-1
4444,-1
4445,0
4446,-1
4447,0
4448,0
4449,0
4450,0
4451,0
4452,0
4453,0
4454,1
4455,0
4456,0
4457,0
4458,0
4459,0
4460,1
4461,0
4462,0
4463,0
4464,0
4465,0
4466,0
4467,0
4468,0
4469,0
4470,0
4471,0
4472,0
4473,0
4474,0
4475,0
4476,0
4477,0
4478,0
4479,0
4480,0
4481,0
4482,0
4483,0
4484,0
4485,0
4486,0
4487,0
4488,0
4489,0
4490,0
4491,-2
4492,-1
4493,0
4494,0
4495,0
4496,-1
4497,-1
4498,0
4499,-1
4500,0
4501,0
4502,-1
4503,0
4504,0
4505,-1
4506,1
4507,0
4508,-1
4509,1
4510,0
4511,-1
4512,2
4513,0
4514,-1
4515,2
4516,0
4517,-1
4518,2
4519,0
4520,-1
4521,2
4522,0
4523,-1
4524,2
4525,0
4526,-2
4527,1
4528,0
4529,0
4530,-1
4531,1
4532,0
4533,0
4534,-1
4535,1
4536,0
4537,0
4538,-2
4539,1
4540,0
4541,0
4542,-1
4543,1
4544,0
4545,0
4546,-1
4547,1
4548,0
4549,0
4550,-1
4551,1
4552,0
4553,0
4554,-1
4555,2
4556,0
4557,-1
4558,2
4559,0
4560,-1
4561,2
4562,-1
4563,0
4564,0
4565,1
4566,0
4567,1
4568,0
4569,1
4570,0
4571,0
4572,-1
4573,0
4574,0
4575,0
4576,0
4577,-1
4578,0
4579,0
4580,0
4581,0
4582,1
4583,2
4584,1
4585,1
4586,0
4587,-1
4588,2
4589,1
4590,1
4591,-1
4592,2
4593,1
4594,0
4595,-2
4596,2
4597,1
4598,0
4599,-2
4600,2
4601,1
4602,0
4603,-1
4604,2
4605,1
4606,0
4607,-1
4608,2
4609,0
4610,0
4611,-2
4612,2
4613,0
4614,1
4615,-1
4616,2
4617,1
4618,0
4619,-1
4620,2
4621,0
4622,0
4623,-1
4624,2
4625,0
4626,-2
4627,1
4628,-1
4629,0
4630,-1
4631,2
4632,1
4633,-2
4634,2
4635,1
4636,-1
4637,2
4638,1
4639,0
4640,-1
4641,2
4642,0
4643,0
4644,-2
4645,2
4646,1
4647,0
4648,0
4649,1
4650,0
4651,0
4652,-1
4653,0
4654,0
4655,0
4656,-1
4657,0
4658,0
4659,0
4660,0
4661,-1
4662,1
4663,1
4664,0
4665,-1
4666,0
4667,1
4668,0
4669,0
4670,1
4671,1
4672,1
4673,0
4674,0
4675,1
4676,0
4677,0
4678,1
4679,1
4680,0
4681,-1
4682,0
4683,1
4684,0
4685,0
4686,1
4687,1
4688,0
4689,-1
4690,1
4691,1
4692,0
4693,-1
4694,1
4695,1
4696,0
4697,0
4698,1
4699,0
4700,-1
4701,1
4702,1
4703,0
4704,-1
4705,1
4706,1
4707,1
4708,-1
4709,0
4710,1
4711,0
4712,-1
4713,0
4714,1
4715,0
4716,-1
4717,0
4718,0
4719,0
4720,0
4721,1
4722,1
4723,0
4724,-1
4725,0
4726,1
4727,0
4728,-1
4729,0
4730,-1
4731,0
4732,0
4733,0
4734,0
4735,-1
4736,3
4737,-1
4738,0
4739,-1
4740,2
4741,-1
4742,0
4743,-1
4744,2
4745,-1
4746,0
4747,-1
4748,2
4749,-2
4750,0
4751,-1
4752,3
4753,-2
4754,0
4755,-1
4756,3
4757,-1
4758,-2
4759,2
4760,-2
4761,0
4762,0
4763,-2
4764,0
4765,-1
4766,3
4767,-1
4768,0
4769,-2
4770,2
4771,-1
4772,0
4773,0
4774,3
4775,0
4776,-2
4777,3
4778,0
4779,-2
4780,3
4781,0
4782,0
4783,2
4784,-1
4785,1
4786,0
4787,0
4788,1
4789,0
4790,-1
4791,0
4792,1
4793,-1
4794,1
4795,0
4796,-1
4797,1
4798,0
4799,-1
4800,1
4801,0
4802,0
4803,0
4804,1
4805,0
4806,-1
4807,-1
4808,0
4809,-1
4810,-1
4811,-1
4812,-1
4813,-1
4814,0
4815,0
4816,-1
4817,0
4818,0
4819,0
4820,-1
4821,-1
4822,-1
4823,0
4824,0
4825,-1
4826,0
4827,1
4828,-1
4829,0
4830,-1
4831,0
4832,0
4833,0
4834,0
4835,0
4836,0
4837,0
4838,0
4839,-1
4840,0
4841,-1
4842,0
4843,0
4844,0
4845,0
4846,0
4847,0
4848,0
4849,-1
4850,0
4851,0
4852,0
4853,0
4854,0
4855,0
4856,0
4857,-1
4858,1
4859,0
4860,0
4861,1
4862,0
4863,0
4864,0
4865,0
4866,1
4867,1
4868,-1
4869,0
4870,0
4871,0
4872,-1
4873,0
4874,0
4875,0
4876,0
4877,0
4878,-1
4879,-1
4880,0
4881,1
4882,-1
4883,0
4884,0
4885,1
4886,0
4887,-1
4888,0
4889,0
4890,-1
4891,0
4892,0
4893,0
4894,0
4895,0
4896,0
4897,0
4898,-1
4899,0
4900,0
4901,0
4902,0
4903,-1
4904,0
4905,-1
4906,0
4907,-1
4908,-1
4909,-1
4910,0
4911,-1
4912,-1
4913,0
4914,-1
4915,-1
4916,-1
4917,-1
4918,-1
4919,-1
4920,-1
4921,0
4922,-2
4923,0
4924,-1
4925,0
4926,-1
4927,0
4928,-1
4929,0
4930,-1
4931,0
4932,-1
4933,1
4934,-1
4935,0
4936,-1
4937,0
4938,-1
4939,0
4940,-1
4941,0
4942,-1
4943,0
4944,-1
4945,0
4946,-1
4947,0
4948,0
4949,0
4950,-1
4951,0
4952,-1
4953,0
4954,-1
4955,0
4956,-1
4957,0
4958,0
4959,0
4960,0
4961,0
4962,0
4963,-1
4964,0
4965,0
4966,0
4967,0
4968,0
4969,0
4970,0
4971,0
4972,0
4973,0
4974,0
4975,-1
4976,0
4977,-2
4978,2
4979,0
4980,-2
4981,2
4982,0
4983,-2
4984,1
4985,0
4986,-1
4987,1
4988,0
4989,-2
4990,2
4991,0
4992,-1
4993,1
4994,1
4995,0
4996,-1
4997,1
4998,0
4999,-2
5000,1
5001,0
5002,-2
5003,1
5004,1
5005,-1
5006,1
5007,0
5008,-1
5009,1
5010,0
5011,0
5012,-1
5013,1
5014,0
5015,-1
5016,2
5017,-1
5018,-1
5019,-1
5020,-1
5021,-1
5022,-1
5023,-2
5024,-1
5025,-1
5026,-1
5027,0
5028,0
5029,-2
5030,0
5031,-1
5032,0
5033,0
5034,3
5035,-1
5036,0
5037,-1
5038,2
5039,0
5040,0
5041,-1
5042,2
5043,1
5044,0
5045,-1
5046,2
5047,0
5048,0
5049,-1
5050,2
5051,0
5052,0
5053,-1
5054,2
5055,1
5056,1
5057,-1
5058,2
5059,0
5060,0
5061,-2
5062,2
5063,1
5064,0
5065,-1
5066,1
5067,0
5068,1
5069,-1
5070,0
5071,-1
5072,0
5073,0
5074,0
5075,-1
5076,0
5077,0
5078,0
5079,-1
5080,0
5081,0
5082,0
5083,0
5084,-1
5085,1
5086,-2
5087,0
5088,-1
5089,0
5090,-1
5091,0
5092,-1
5093,0
5094,-1
5095,0
5096,-2
5097,0
5098,0
5099,1
5100,0
5101,0
5102,0
5103,1
5104,0
5105,-1
5106,0
5107,1
5108,1
5109,0
5110,0
5111,-1
5112,2
5113,-1
5114,0
5115,2
5116,1
5117,-1
5118,2
5119,-1
5120,-1
5121,-1
5122,3
5123,-2
5124,0
5125,-1
5126,3
5127,-2
5128,0
5129,-1
5130,3
5131,-2
5132,0
5133,0
5134,-1
5135,2
5136,-2
5137,0
5138,-2
5139,3
5140,-2
5141,0
5142,-2
5143,3
5144,-1
5145,0
5146,-1
5147,2
5148,-1
5149,-1
5150,-1
5151,0
5152,-1
5153,0
5154,-2
5155,0
5156,-1
5157,-1
5158,0
5159,1
5160,-1
5161,0
5162,0
5163,1
5164,0
5165,-1
5166,-2
5167,0
5168,0
5169,0
5170,-1
5171,0
5172,0
5173,0
5174,-1
5175,1
5176,-1
5177,0
5178,0
5179,-1
5180,0
5181,1
5182,0
5183,0
5184,0
5185,0
5186,0
5187,1
5188,0
5189,0
5190,1
5191,0
5192,0
5193,0
5194,1
5195,-1
5196,0
5197,-1
5198,0
5199,0
5200,-1
5201,0
5202,0
5203,-1
5204,1
5205,0
5206,-1
5207,0
5208,-1
5209,1
5210,-1
5211,-1
5212,1
5213,0
5214,-1
5215,0
5216,-1
5217,0
5218,1
5219,0
5220,-1
5221,0
5222,0
5223,0
5224,0
5225,0
5226,0
5227,0
5228,0
5229,0
5230,0
5231,0
5232,0
5233,0
5234,0
5235,0
5236,0
5237,0
5238,0
5239,0
5240,-1
5241,0
5242,0
5243,0
5244,0
5245,-2
5246,0
5247,0
5248,-1
5249,0
5250,0
5251,0
5252,0
5253,0
5254,1
5255,0
5256,0
5257,0
5258,-1
5259,0
5260,0
5261,-1
5262,0
5263,0
5264,0
5265,-1
5266,0
5267,0
5268,-1
5269,0
5270,0
5271,-1
5272,0
5273,0
5274,0
5275,0
5276,0
5277,0
5278,0
5279,1
5280,0
5281,1
5282,-1
5283,0
5284,0
5285,0
5286,-1
5287,0
5288,0
5289,0
5290,-1
5291,0
5292,0
5293,0
5294,-1
5295,-1
5296,-1
5297,0
5298,-1
5299,0
5300,0
5301,0
5302,-1
5303,0
5304,0
5305,0
5306,0
5307,0
5308,0
5309,-1
5310,-1
5311,0
5312,0
5313,-1
5314,0
5315,0
5316,0
5317,0
5318,0
5319,0
5320,-1
5321,0
5322,-1
5323,-1
5324,-1
5325,0
5326,-1
5327,-1
5328,-1
5329,0
5330,0
5331,0
5332,0
5333,0
5334,0
5335,0
5336,0
5337,0
5338,0
5339,0
5340,0
5341,-1
5342,0
5343,-1
5344,0
5345,-1
5346,0
5347,0
5348,-1
5349,0
5350,-1
5351,0
5352,-1
5353,0
5354,1
5355,0
5356,-2
5357,0
5358,0
5359,-1
5360,0
5361,-1
5362,0
5363,-1
5364,0
5365,-1
5366,0
5367,-1
5368,0
5369,-1
5370,0
5371,-1
5372,0
5373,-1
5374,0
5375,-1
5376,-1
5377,-1
5378,-1
5379,0
5380,-1
5381,-1
5382,-1
5383,-1
5384,-2
5385,-1
5386,-1
5387,0
5388,-2
5389,-1
5390,0
5391,-2
5392,-1
5393,-1
5394,-1
5395,-1
5396,0
5397,-1
5398,-1
5399,-1
5400,0
5401,-1
5402,0
5403,-1
5404,-1
5405,-1
5406,0
5407,-1
5408,-1
5409,-1
5410,0
5411,-1
5412,-1
5413,-1
5414,0
5415,-1
5416,0
5417,-1
5418,1
5419,-1
5420,0
5421,0
5422,0
5423,0
5424,0
5425,0
5426,0
5427,0
5428,0
5429,0
5430,0
5431,0
5432,0
5433,0
5434,0
5435,0
5436,0
5437,0
5438,0
5439,0
5440,0
5441,0
5442,0
5443,0
5444,0
5445,0
5446,0
5447,0
5448,0
5449,-1
5450,0
5451,0
5452,0
5453,0
5454,0
5455,0
5456,0
5457,0
5458,0
5459,0
5460,0
5461,0
5462,0
5463,0
5464,0
5465,0
5466,0
5467,0
5468,0
5469,0
5470,0
5471,0
5472,0
5473,0
5474,0
5475,0
5476,0
5477,0
5478,-1
5479,1
5480,0
5481,-1
5482,1
5483,0
5484,-1
5485,2
5486,0
5487,-1
5488,1
5489,0
5490,-1
5491,1
5492,0
5493,-1
5494,2
5495,0
5496,-1
5497,1
5498,0
5499,-1
5500,1
5501,0
5502,0
5503,-1
5504,1
5505,0
5506,0
5507,-1
5508,1
5509,0
5510,0
5511,-1
5512,1
5513,0
5514,0
5515,-1
5516,1
5517,0
5518,0
5519,-2
5520,1
5521,0
5522,0
5523,-2
5524,1
5525,0
5526,0
5527,-1
5528,1
5529,0
5530,-1
5531,2
5532,0
5533,-1
5534,1
5535,0
5536,1
5537,0
5538,-1
5539,0
5540,0
5541,0
5542,0
5543,0
5544,0
5545,0
5546,1
5547,0
5548,0
5549,0
5550,1
5551,1
5552,0
5553,-2
5554,2
5555,0
5556,0
5557,-1
5558,2
5559,1
5560,0
5561,-1
5562,2
5563,1
5564,0
5565,-1
5566,1
5567,1
5568,1
5569,-1
5570,2
5571,0
5572,0
5573,-1
5574,2
5575,0
5576,0
5577,-2
5578,2
5579,0
5580,1
5581,-1
5582,2
5583,1
5584,1
5585,-2
5586,2
5587,0
5588,0
5589,-1
5590,2
5591,0
5592,0
5593,-1
5594,2
5595,0
5596,1
5597,-1
5598,2
5599,0
5600,0
5601,-1
5602,2
5603,1
5604,0
5605,-1
5606,0
5607,-1
5608,2
5609,1
5610,0
5611,-2
5612,2
5613,0
5614,0
5615,-2
5616,3
5617,0
5618,1
5619,0
5620,1
5621,0
5622,0
5623,1
5624,-1
5625,0
5626,0
5627,1
5628,0
5629,-1
5630,1
5631,1
5632,0
5633,-1
5634,1
5635,1
5636,1
5637,-1
5638,0
5639,1
5640,0
5641,-1
5642,0
5643,1
5644,0
5645,-1
5646,1
5647,0
5648,0
5649,-1
5650,0
5651,1
5652,0
5653,-1
5654,1
5655,1
5656,0
5657,0
5658,0
5659,1
5660,1
5661,-1
5662,0
5663,1
5664,0
5665,0
5666,1
5667,1
5668,-1
5669,0
5670,1
5671,0
5672,-1
5673,0
5674,1
5675,1
5676,-1
5677,1
5678,1
5679,0
5680,-1
5681,0
5682,-1
5683,2
5684,-2
5685,0
5686,-1
5687,3
5688,-1
5689,0
5690,-1
5691,3
5692,-1
5693,0
5694,-2
5695,2
5696,-1
5697,-1
5698,-1
5699,2
5700,-2
5701,-1
5702,3
5703,-1
5704,-1
5705,0
5706,0
5707,0
5708,-1
5709,2
5710,-2
5711,0
5712,-1
5713,2
5714,-2
5715,-1
5716,2
5717,1
5718,0
5719,-1
5720,3
5721,-2
5722,0
5723,-2
5724,2
5725,-2
5726,0
5727,-1
5728,2
5729,-1
5730,0
5731,-2
5732,2
5733,-1
5734,0
5735,-1
5736,2
5737,-2
5738,0
5739,-2
5740,3
5741,-2
5742,-1
5743,1
5744,0
5745,-1
5746,1
5747,0
5748,0
5749,-1
5750,1
5751,1
5752,-1
5753,1
5754,1
5755,-1
5756,1
5757,0
5758,0
5759,0
5760,0
5761,1
5762,0
5763,0
5764,-1
5765,0
5766,0
5767,0
5768,0
5769,-1
5770,0
5771,-1
5772,0
5773,0
5774,-1
5775,0
5776,-1
5777,0
5778,-1
5779,-1
5780,0
5781,-1
5782,-1
5783,0
5784,0
5785,0
5786,0
5787,0
5788,-1
5789,-1
5790,-1
5791,-1
5792,-1
5793,-1
5794,0
5795,-1
5796,-1
5797,-1
5798,0
5799,0
5800,0
5801,-1
5802,0
5803,0
5804,-1
5805,0
5806,0
5807,0
5808,-1
5809,0
5810,1
5811,1
5812,-1
5813,-1
5814,-1
5815,0
5816,-1
5817,0
5818,-1
5819,0
5820,-1
5821,0
5822,0
5823,0
5824,-1
5825,0
5826,0
5827,0
5828,0
5829,0
5830,-1
5831,0
5832,-1
5833,0
5834,0
5835,0
5836,0
5837,0
5838,0
5839,0
5840,-2
5841,0
5842,-1
5843,0
5844,-1
5845,0
5846,-1
5847,0
5848,-1
5849,-1
5850,-1
5851,-1
5852,-1
5853,-1
5854,-1
5855,-1
5856,-1
5857,-1
5858,-1
5859,-1
5860,0
5861,-1
5862,-1
5863,-1
5864,0
5865,-2
5866,-1
5867,-1
5868,0
5869,-1
5870,0
5871,-1
5872,0
5873,-2
5874,-1
5875,-1
5876,0
5877,-1
5878,-1
5879,-1
5880,0
5881,-1
5882,-1
5883,-1
5884,0
5885,-1
5886,-1
5887,-2
5888,0
5889,-1
5890,-1
5891,-1
5892,0
5893,0
5894,0
5895,0
5896,-1
5897,-1
5898,-1
5899,0
5900,-1
5901,0
5902,0
5903,0
5904,-1
5905,0
5906,-1
5907,-1
5908,0
5909,0
5910,0
5911,0
5912,0
5913,0
5914,0
5915,0
5916,0
5917,0
5918,0
5919,0
5920,0
5921,0
5922,0
5923,0
5924,0
5925,0
5926,0
5927,0
5928,0
5929,0
5930,-1
5931,0
5932,-1
5933,1
5934,0
5935,-1
5936,1
5937,0
5938,-1
5939,1
5940,1
5941,-1
5942,0
5943,-1
5944,1
5945,0
5946,-1
5947,1
5948,0
5949,-1
5950,1
5951,0
5952,-2
5953,2
5954,0
5955,-1
5956,2
5957,0
5958,-1
5959,1
5960,0
5961,-2
5962,0
5963,-1
5964,2
5965,1
5966,-1
5967,1
5968,0
5969,-1
5970,1
5971,0
5972,-1
5973,1
5974,0
5975,-1
5976,2
5977,0
5978,-1
5979,1
5980,-1
5981,-1
5982,0
5983,-1
5984,-1
5985,-1
5986,-1
5987,-1
5988,0
5989,-1
5990,0
5991,-1
5992,-1
5993,0
5994,-1
5995,-2
5996,-1
5997,0
5998,0
5999,0
6000,-1
6001,2
6002,0
6003,0
6004,-1
6005,2
6006,0
6007,0
6008,-1
6009,2
6010,1
6011,0
6012,-1
6013,2
6014,1
6015,1
6016,-1
6017,2
6018,1
6019,0
6020,2
6021,1
6022,0
6023,-1
6024,2
6025,1
6026,1
6027,-2
6028,0
6029,-1
6030,0
6031,0
6032,0
6033,-2
6034,0
6035,-1
6036,0
6037,0
6038,0
6039,-2
6040,0
6041,0
6042,0
6043,-1
6044,0
6045,0
6046,0
6047,-1
6048,0
6049,0
6050,0
6051,-2
6052,0
6053,0
6054,0
6055,0
6056,1
6057,0
6058,-1
6059,0
6060,-1
6061,0
6062,0
6063,-1
6064,0
6065,-1
6066,0
6067,-1
6068,0
6069,-1
6070,0
6071,-2
6072,0
6073,1
6074,-1
6075,0
6076,-1
6077,0
6078,1
6079,1
6080,0
6081,-1
6082,0
6083,1
6084,0
6085,-1
6086,1
6087,1
6088,0
6089,-1
6090,0
6091,1
6092,0
6093,-1
6094,0
6095,-1
6096,0
6097,-1
6098,3
6099,-1
6100,0
6101,-1
6102,3
6103,-1
6104,0
6105,0
6106,2
6107,-2
6108,0
6109,-2
6110,3
6111,-1
6112,0
6113,-1
6114,3
6115,-2
6116,0
6117,-2
6118,3
6119,0
6120,-1
6121,3
6122,-1
6123,0
6124,1
6125,0
6126,-2
6127,2
6128,-2
6129,0
6130,-2
6131,3
6132,-1
6133,-1
6134,-1
6135,3
6136,-1
6137,-1
6138,0
6139,0
6140,-1
6141,0
6142,0
6143,0
6144,-1
6145,0
6146,0
6147,0
6148,-1
6149,0
6150,-1
6151,-1
6152,0
6153,1
6154,0
6155,0
6156,0
6157,0
6158,0
6159,-1
6160,-1
6161,1
6162,-1
6163,-1
6164,-1
6165,0
6166,0
6167,0
6168,-1
6169,0
6170,-1
6171,-1
6172,-2
6173,0
6174,0
6175,0
6176,-1
6177,-1
6178,0
6179,0
6180,2
6181,0
6182,-1
6183,1
6184,0
6185,0
6186,0
6187,1
6188,-1
6189,0
6190,0
6191,0
6192,1
6193,-1
6194,0
6195,0
6196,1
6197,0
6198,0
6199,-2
6200,0
6201,0
6202,0
6203,-1
6204,-1
6205,1
6206,0
6207,-1
6208,1
6209,0
6210,-1
6211,1
6212,1
6213,-2
6214,0
6215,0
6216,0
6217,0
6218,0
6219,0
6220,0
6221,0
6222,0
6223,0
6224,0
6225,0
6226,0
6227,0
6228,0
6229,0
6230,0
6231,0
6232,0
6233,0
6234,0
6235,0
6236,0
6237,0
6238,0
6239,0
6240,0
6241,-1
6242,0
6243,-1
6244,0
6245,0
6246,-1
6247,0
6248,0
6249,-1
6250,0
6251,0
6252,0
6253,0
6254,0
6255,0
6256,0
6257,0
6258,0
6259,0
6260,0
6261,0
6262,0
6263,0
6264,0
6265,0
6266,0
6267,-1
6268,0
6269,0
6270,-1
6271,0
6272,0
6273,-1
6274,0
6275,0
6276,-1
6277,0
6278,0
6279,-1
6280,0
6281,0
6282,0
6283,0
6284,0
6285,0
6286,0
6287,1
6288,0
6289,0
6290,0
6291,0
6292,0
6293,0
6294,0
6295,0
6296,0
6297,-1
6298,0
6299,-1
6300,0
6301,-1
6302,0
6303,0
6304,0
6305,-1
6306,0
6307,-1
6308,0
6309,0
6310,-1
6311,0
6312,-1
6313,-1
6314,0
6315,0
6316,-1
6317,0
6318,0
6319,0
6320,-1
6321,0
6322,0
6323,0
6324,-1
6325,0
6326,-1
6327,0
6328,-1
6329,0
6330,0
6331,0
6332,0
6333,0
6334,0
6335,0
6336,0
6337,0
6338,0
6339,0
6340,0
6341,0
6342,0
6343,0
6344,0
6345,0
6346,-1
6347,-1
6348,0
6349,-1
6350,-1
6351,0
6352,-1
6353,0
6354,0
6355,0
6356,-1
6357,0
6358,0
6359,0
6360,-1
6361,0
6362,0
6363,0
6364,-1
6365,-1
6366,-1
6367,0
6368,-1
6369,-1
6370,0
6371,0
6372,0
6373,0
6374,0
6375,0
6376,0
6377,0
6378,0
6379,0
6380,0
6381,0
6382,-1
6383,0
6384,0
6385,0
6386,-1
6387,0
6388,-2
6389,0
6390,-1
6391,0
6392,-1
6393,0
6394,-1
6395,0
6396,-2
6397,0
6398,-1
6399,0
6400,-1
6401,0
6402,0
6403,-1
6404,-1
6405,0
6406,0
6407,-1
6408,0
6409,-1
6410,0
6411,0
6412,0
6413,-1
6414,0
6415,-1
6416,-1
6417,1
6418,-2
6419,0
6420,-1
6421,0
6422,-1
6423,-1
6424,-1
6425,0
6426,-1
6427,-1
6428,-1
6429,0
6430,-1
6431,-1
6432,-1
6433,0
6434,-1
6435,-1
6436,-1
6437,0
6438,-1
6439,-1
6440,-1
6441,0
6442,-1
6443,-1
6444,-1
6445,0
6446,-1
6447,-1
6448,-1
6449,0
6450,-1
6451,-1
6452,-1
6453,-1
6454,-1
6455,0
6456,-1
6457,-1
6458,-1
6459,0
6460,0
6461,-1
6462,-1
6463,-1
6464,-1
6465,-1
6466,0
6467,-1
6468,-1
6469,-1
6470,-1
6471,1
6472,-1
6473,-1
6474,-1
6475,-1
6476,-1
6477,1
6478,1
6479,0
6480,-1
6481,0
6482,-1
6483,0
6484,-1
6485,0
6486,-1
6487,0
6488,0
6489,0
6490,0
6491,0
6492,-1
6493,0
6494,0
6495,0
6496,0
6497,0
6498,0
6499,0
6500,0
6501,0
6502,0
6503,0
6504,0
6505,0
6506,0
6507,0
6508,0
6509,0
6510,0
6511,0
6512,0
6513,0
6514,0
6515,0
6516,0
6517,0
6518,0
6519,0
6520,0
6521,0
6522,0
6523,0
6524,0
6525,0
6526,0
6527,0
6528,0
6529,0
6530,0
6531,0
6532,0
6533,0
6534,0
6535,0
6536,0
6537,0
6538,0
6539,-1
6540,0
6541,0
6542,0
6543,0
6544,0
6545,0
6546,-1
6547,0
6548,0
6549,0
6550,-1
6551,0
6552,0
6553,0
6554,0
6555,0
6556,0
6557,0
6558,0
6559,0
6560,0
6561,0
6562,0
6563,0
6564,0
6565,0
6566,0
6567,0
6568,0
6569,0
6570,0
6571,-1
6572,2
6573,0
6574,-1
6575,2
6576,0
6577,-1
6578,1
6579,0
6580,-1
6581,2
6582,0
6583,-1
6584,1
6585,0
6586,-1
6587,1
6588,0
6589,-1
6590,1
6591,0
6592,-1
6593,2
6594,0
6595,-1
6596,2
6597,0
6598,-1
6599,1
6600,0
6601,-1
6602,1
6603,0
6604,0
6605,-1
6606,1
6607,0
6608,0
6609,-1
6610,1
6611,0
6612,0
6613,-1
6614,1
6615,0
6616,0
6617,-2
6618,1
6619,0
6620,0
6621,-1
6622,1
6623,0
6624,0
6625,-1
6626,0
6627,0
6628,0
6629,-1
6630,1
6631,0
6632,-1
6633,-1
6634,1
6635,0
6636,0
6637,-1
6638,2
6639,0
6640,0
6641,-2
6642,2
6643,0
6644,-1
6645,1
6646,0
6647,-1
6648,2
6649,0
6650,-1
6651,1
6652,0
6653,-1
6654,2
6655,0
6656,0
6657,0
6658,-1
6659,-1
6660,0
6661,0
6662,0
6663,1
6664,0
6665,-1
6666,0
6667,0
6668,-1
6669,0
6670,0
6671,0
6672,0
6673,-1
6674,1
6675,0
6676,2
6677,1
6678,0
6679,0
6680,-1
6681,2
6682,1
6683,0
6684,-2
6685,2
6686,0
6687,0
6688,-2
6689,2
6690,1
6691,0
6692,-2
6693,2
6694,0
6695,0
6696,-2
6697,2
6698,1
6699,0
6700,-1
6701,2
6702,0
6703,0
6704,-2
6705,2
6706,1
6707,1
6708,0
6709,1
6710,-1
6711,2
6712,0
6713,0
6714,-1
6715,2
6716,0
6717,0
6718,-1
6719,2
6720,1
6721,1
6722,-1
6723,3
6724,0
6725,0
6726,-2
6727,2
6728,0
6729,1
6730,-1
6731,2
6732,0
6733,-1
6734,0
6735,0
6736,0
6737,-1
6738,2
6739,0
6740,0
6741,-1
6742,2
6743,1
6744,0
6745,-1
6746,2
6747,1
6748,0
6749,-1
6750,2
6751,1
6752,0
6753,0
6754,2
6755,0
6756,1
6757,-2
6758,2
6759,1
6760,0
6761,0
6762,1
6763,0
6764,1
6765,0
6766,0
6767,0
6768,0
6769,0
6770,-1
6771,0
6772,0
6773,1
6774,0
6775,0
6776,1
6777,1
6778,0
6779,-1
6780,0
6781,1
6782,1
6783,0
6784,1
6785,1
6786,0
6787,-1
6788,0
6789,1
6790,0
6791,-1
6792,0
6793,1
6794,0
6795,-1
6796,0
6797,1
6798,0
6799,0
6800,1
6801,1
6802,0
6803,-1
6804,0
6805,1
6806,1
6807,-1
6808,1
6809,1
6810,-1
6811,1
6812,1
6813,-1
6814,0
6815,1
6816,-1
6817,1
6818,1
6819,0
6820,0
6821,1
6822,-1
6823,0
6824,-1
6825,0
6826,1
6827,0
6828,0
6829,0
6830,1
6831,-1
6832,1
6833,1
6834,1
6835,-1
6836,1
6837,1
6838,0
6839,-1
6840,0
6841,1
6842,0
6843,-1
6844,0
6845,-2
6846,3
6847,-1
6848,0
6849,-2
6850,3
6851,1
6852,0
6853,-1
6854,3
6855,0
6856,-1
6857,2
6858,-1
6859,0
6860,-2
6861,3
6862,-1
6863,-1
6864,3
6865,-2
6866,-1
6867,2
6868,-1
6869,0
6870,-1
6871,0
6872,0
6873,2
6874,-1
6875,0
6876,-2
6877,3
6878,-1
6879,0
6880,-1
6881,3
6882,-2
6883,0
6884,-2
6885,2
6886,-2
6887,0
6888,0
6889,3
6890,-1
6891,0
6892,-1
6893,2
6894,-1
6895,0
6896,0
6897,3
6898,-1
6899,0
6900,0
6901,3
6902,-2
6903,0
6904,0
6905,2
6906,-1
6907,0
6908,0
6909,2
6910,-2
6911,1
6912,0
6913,1
6914,-1
6915,0
6916,0
6917,0
6918,0
6919,0
6920,0
6921,0
6922,0
6923,0
6924,0
6925,0
6926,0
6927,1
6928,0
6929,0
6930,0
6931,0
6932,0
6933,0
6934,0
6935,-1
6936,0
6937,0
6938,0
6939,0
6940,0
6941,0
6942,0
6943,-1
6944,0
6945,-1
6946,-1
6947,0
6948,0
6949,-1
6950,0
6951,0
6952,0
6953,0
6954,0
6955,0
6956,-1
6957,0
6958,-1
6959,0
6960,0
6961,0
6962,-1
6963,-2
6964,0
6965,-1
6966,-1
6967,-1
6968,0
6969,-1
6970,-1
6971,-1
6972,0
6973,0
6974,0
6975,-1
6976,0
6977,0
6978,-1
6979,0
6980,0
6981,-1
6982,0
6983,0
6984,0
6985,-1
6986,0
6987,0
6988,-1
6989,0
6990,0
6991,-1
6992,-1
6993,0
6994,0
6995,-1
6996,0
6997,0
6998,-1
6999,0
7000,0
7001,0
7002,0
7003,0
7004,0
7005,0
7006,0
7007,0
7008,0
7009,0
7010,0
7011,-2
7012,0
7013,-1
7014,0
7015,0
7016,1
7017,0
7018,0
7019,-1
7020,0
7021,0
7022,0
7023,-1
7024,0
7025,-1
7026,0
7027,-1
7028,0
7029,-1
7030,0
7031,-1
7032,-1
7033,-1
7034,0
7035,-1
7036,-1
7037,0
7038,0
7039,-1
7040,-1
7041,0
7042,0
7043,0
7044,0
7045,0
7046,0
7047,-1
7048,-1
7049,0
7050,0
7051,-1
7052,0
7053,0
7054,0
7055,0
7056,-1
7057,0
7058,-1
7059,0
7060,-1
7061,0
7062,-1
7063,-1
7064,-1
7065,-1
7066,-1
7067,0
7068,-1
7069,-1
7070,-1
7071,-1
7072,-1
7073,-1
7074,-1
7075,1
7076,-2
7077,-1
7078,-1
7079,0
7080,-2
7081,-1
7082,-1
7083,0
7084,-2
7085,0
7086,-1
7087,1
7088,-1
7089,-1
7090,-1
7091,0
7092,-1
7093,-1
7094,-1
7095,0
7096,-1
7097,0
7098,-1
7099,0
7100,0
7101,0
7102,0
7103,-1
7104,0
7105,0
7106,0
7107,-1
7108,-1
7109,-1
7110,0
7111,-1
7112,-1
7113,0
7114,0
7115,-1
7116,-1
7117,-1
7118,0
7119,0
7120,0
7121,0
7122,0
7123,0
7124,0
7125,0
7126,0
7127,0
7128,0
7129,0
7130,0
7131,0
7132,0
7133,0
7134,0
7135,0
7136,0
7137,0
7138,0
7139,0
7140,-1
7141,0
7142,-2
7143,1
7144,0
7145,-1
7146,1
7147,0
7148,-1
7149,1
7150,0
7151,-2
7152,2
7153,0
7154,-2
7155,2
7156,0
7157,-1
7158,2
7159,0
7160,-2
7161,1
7162,0
7163,-1
7164,1
7165,0
7166,-1
7167,2
7168,1
7169,-1
7170,1
7171,0
7172,-2
7173,2
7174,0
7175,-1
7176,1
7177,1
7178,-2
7179,1
7180,0
7181,-1
7182,1
7183,-1
7184,-1
7185,-1
7186,-2
7187,0
7188,0
7189,0
7190,0
7191,0
7192,-1
7193,0
7194,0
7195,0
7196,2
7197,0
7198,0
7199,-1
7200,2
7201,0
7202,1
7203,-1
7204,2
7205,1
7206,1
7207,-1
7208,2
7209,0
7210,1
7211,-1
7212,2
7213,0
7214,0
7215,-2
7216,2
7217,1
7218,0
7219,-1
7220,2
7221,1
7222,1
7223,-1
7224,2
7225,1
7226,0
7227,0
7228,0
7229,-1
7230,0
7231,-1
7232,0
7233,-1
7234,0
7235,-2
7236,0
7237,0
7238,0
7239,-2
7240,0
7241,0
7242,0
7243,-1
7244,0
7245,0
7246,0
7247,-1
7248,0
7249,0
7250,0
7251,1
7252,1
7253,0
7254,0
7255,-1
7256,0
7257,-1
7258,0
7259,0
7260,0
7261,-1
7262,0
7263,-3
7264,1
7265,-2
7266,0
7267,-1
7268,0
7269,-1
7270,0
7271,-1
7272,0
7273,1
7274,1
7275,0
7276,0
7277,0
7278,1
7279,0
7280,-1
7281,1
7282,1
7283,1
7284,0
7285,0
7286,0
7287,-1
7288,0
7289,-1
7290,2
7291,-2
7292,0
7293,-1
7294,3
7295,-2
7296,0
7297,-1
7298,2
7299,-2
7300,0
7301,-1
7302,3
7303,-2
7304,-1
7305,-1
7306,3
7307,-2
7308,0
7309,-1
7310,3
7311,-1
7312,-1
7313,2
7314,-1
7315,0
7316,0
7317,3
7318,-2
7319,0
7320,-1
7321,3
7322,0
7323,0
7324,-1
7325,3
7326,-2
7327,0
7328,-1
7329,3
7330,-2
7331,0
7332,-1
7333,2
7334,-1
7335,0
7336,0
7337,0
7338,-1
7339,0
7340,0
7341,-1
7342,0
7343,-2
7344,0
7345,-1
7346,0
7347,-1
7348,0
7349,0
7350,-1
7351,0
7352,0
7353,0
7354,0
7355,-2
7356,0
7357,-1
7358,0
7359,-1
7360,0
7361,-2
7362,-1
7363,-2
7364,0
7365,-2
7366,0
7367,1
7368,-1
7369,0
7370,-1
7371,0
7372,0
7373,-1
7374,-1
7375,-1
7376,0
7377,0
7378,0
7379,-1
7380,0
7381,0
7382,0
7383,1
7384,0
7385,1
7386,1
7387,0
7388,0
7389,0
7390,1
7391,0
7392,0
7393,1
7394,1
7395,-1
7396,-1
7397,-1
7398,0
7399,-1
7400,-1
7401,0
7402,-1
7403,1
7404,0
7405,0
7406,-1
7407,1
7408,0
7409,1
7410,0
7411,0
7412,0
7413,0
7414,0
7415,0
7416,0
7417,0
7418,0
7419,0
7420,0
7421,0
7422,-1
7423,-1
7424,0
7425,0
7426,0
7427,0
7428,0
7429,0
7430,0
7431,0
7432,1
7433,0
7434,0
7435,-1
7436,0
7437,0
7438,-2
7439,0
7440,0
7441,-1
7442,0
7443,0
7444,0
7445,0
7446,0
7447,0
7448,0
7449,0
7450,0
7451,0
7452,-1
7453,0
7454,0
7455,-1
7456,0
7457,0
7458,-1
7459,0
7460,0
7461,-1
7462,0
7463,0
7464,-1
7465,0
7466,0
7467,-1
7468,0
7469,0
7470,0
7471,0
7472,1
7473,0
7474,0
7475,0
7476,0
7477,1
7478,0
7479,0
7480,-1
7481,0
7482,0
7483,0
7484,-1
7485,-1
7486,0
7487,0
7488,-1
7489,0
7490,0
7491,0
7492,0
7493,0
7494,-1
7495,0
7496,-1
7497,-1
7498,0
7499,0
7500,-1
7501,0
7502,0
7503,0
7504,-1
7505,0
7506,0
7507,0
7508,0
7509,0
7510,-1
7511,0
7512,0
7513,1
7514,0
7515,0
7516,0
7517,0
7518,0
7519,0
7520,0
7521,0
7522,0
7523,-1
7524,0
7525,0
7526,0
7527,0
7528,-1
7529,0
7530,0
7531,-1
7532,0
7533,-1
7534,0
7535,-1
7536,0
7537,0
7538,0
7539,0
7540,0
7541,-1
7542,0
7543,0
7544,0
7545,0
7546,0
7547,-1
7548,0
7549,0
7550,0
7551,0
7552,0
7553,0
7554,-1
7555,0
7556,0
7557,-1
7558,0
7559,-1
7560,0
7561,-1
7562,0
7563,-1
7564,0
7565,-1
7566,0
7567,-1
7568,0
7569,-1
7570,0
7571,0
7572,0
7573,0
7574,-1
7575,-1
7576,0
7577,0
7578,-1
7579,1
7580,-1
7581,-1
7582,0
7583,-1
7584,-1
7585,-1
7586,0
7587,-1
7588,-1
7589,-1
7590,0
7591,-1
7592,-1
7593,-1
7594,0
7595,-1
7596,-1
7597,-1
7598,0
7599,-1
7600,-1
7601,-1
7602,0
7603,-1
7604,-1
7605,-1
7606,0
7607,-1
7608,-1
7609,-1
7610,0
7611,-1
7612,-1
7613,-1
7614,-1
7615,-2
7616,0
7617,1
7618,-1
7619,-1
7620,-1
7621,0
7622,-1
7623,-1
7624,-1
7625,-1
7626,-1
7627,-1
7628,-1
7629,-1
7630,-1
7631,-1
7632,-1
7633,-1
7634,-1
7635,-1
7636,-1
7637,0
7638,-1
7639,-1
7640,-1
7641,0
7642,-1
7643,0
7644,-1
7645,0
7646,0
7647,0
7648,0
7649,0
7650,0
7651,0
7652,0
7653,0
7654,0
7655,0
7656,0
7657,0
7658,0
7659,0
7660,0
7661,0
7662,0
7663,0
7664,0
7665,0
7666,0
7667,0
7668,0
7669,0
7670,0
7671,0
7672,0
7673,0
7674,0
7675,0
7676,0
7677,0
7678,0
7679,0
7680,0
7681,0
7682,-1
7683,0
7684,0
7685,0
7686,0
7687,0
7688,0
7689,0
7690,0
7691,0
7692,0
7693,-1
7694,0
7695,0
7696,0
7697,-1
7698,0
7699,0
7700,0
7701,0
7702,0
7703,0
7704,0
7705,0
7706,0
7707,0
7708,0
7709,0
7710,-1
7711,0
7712,0
7713,0
7714,0
7715,-1
7716,2
7717,0
7718,-1
7719,1
7720,0
7721,-1
7722,2
7723,0
7724,-2
7725,1
7726,0
7727,-2
7728,1
7729,0
7730,-1
7731,1
7732,0
7733,-1
7734,2
7735,0
7736,-2
7737,3
7738,0
7739,-1
7740,0
7741,0
7742,-1
7743,0
7744,0
7745,-1
7746,1
7747,0
7748,0
7749,-1
7750,1
7751,0
7752,0
7753,-2
7754,1
7755,0
7756,0
7757,-1
7758,1
7759,0
7760,-1
7761,2
7762,0
7763,-1
7764,1
7765,0
7766,-1
7767,1
7768,0
7769,-2
7770,2
7771,0
7772,-1
7773,1
7774,1
7775,0
7776,0
7777,0
7778,0
7779,1
7780,0
7781,1
7782,0
7783,0
7784,0
7785,1
7786,1
7787,0
7788,0
7789,1
7790,1
7791,1
7792,1
7793,-1
7794,2
7795,1
7796,0
7797,-2
7798,2
7799,1
7800,0
7801,-2
7802,2
7803,1
7804,0
7805,-1
7806,2
7807,1
7808,0
7809,-2
7810,2
7811,1
7812,0
7813,-1
7814,2
7815,1
7816,0
7817,-1
7818,1
7819,1
7820,0
7821,-1
7822,2
7823,0
7824,1
7825,-2
7826,2
7827,0
7828,1
7829,-1
7830,3
7831,1
7832,0
7833,0
7834,0
7835,-1
7836,0
7837,0
7838,1
7839,-1
7840,2
7841,0
7842,0
7843,-1
7844,2
7845,1
7846,0
7847,-1
7848,2
7849,1
7850,0
7851,-1
7852,2
7853,1
7854,0
7855,-1
7856,2
7857,0
7858,0
7859,0
7860,0
7861,0
7862,-1
7863,0
7864,-1
7865,1
7866,0
7867,1
7868,0
7869,-1
7870,1
7871,1
7872,0
7873,-1
7874,1
7875,1
7876,0
7877,-1
7878,1
7879,1
7880,0
7881,-1
7882,1
7883,1
7884,0
7885,-1
7886,1
7887,1
7888,0
7889,1
7890,1
7891,-1
7892,0
7893,1
7894,0
7895,0
7896,1
7897,1
7898,0
7899,1
7900,1
7901,1
7902,-1
7903,0
7904,1
7905,0
7906,0
7907,1
7908,1
7909,0
7910,0
7911,1
7912,1
7913,0
7914,-1
7915,0
7916,-2
7917,2
7918,-1
7919,-1
7920,0
7921,0
7922,0
7923,0
7924,-2
7925,2
7926,-2
7927,0
7928,0
7929,3
7930,-1
7931,0
7932,-1
7933,2
7934,-2
7935,0
7936,-1
7937,2
7938,-2
7939,-1
7940,-1
7941,-1
7942,-2
7943,3
7944,-2
7945,0
7946,0
7947,3
7948,-2
7949,0
7950,0
7951,-1
7952,0
7953,-1
7954,2
7955,-1
7956,0
7957,-1
7958,2
7959,-1
7960,1
7961,-1
7962,0
7963,-1
7964,2
7965,-2
7966,-1
7967,1
7968,0
7969,-1
7970,0
7971,0
7972,-1
7973,1
7974,0
7975,0
7976,1
7977,0
7978,0
7979,1
7980,0
7981,-1
7982,1
7983,0
7984,0
7985,1
7986,0
7987,-1
7988,1
7989,0
7990,0
7991,-1
7992,-1
7993,0
7994,-1
7995,0
7996,0
7997,0
7998,0
7999,-1
8000,-1
8001,-1
8002,0
8003,0
8004,-1
8005,-1
8006,-1
8007,0
8008,-1
8009,-1
8010,0
8011,0
8012,-1
8013,0
8014,0
8015,-1
8016,0
8017,0
8018,0
8019,0
8020,0
8021,0
8022,0
8023,-1
8024,0
8025,0
8026,0
8027,0
8028,0
8029,0
8030,0
8031,0
8032,0
8033,0
8034,0
8035,0
8036,-1
8037,0
8038,0
8039,0
8040,1
8041,0
8042,0
8043,0
8044,1
8045,1
8046,1
8047,1
8048,0
8049,0
8050,0
8051,0
8052,0
8053,-1
8054,0
8055,0
8056,0
8057,-1
8058,-1
8059,-1
8060,0
8061,-1
8062,0
8063,0
8064,0
8065,-1
8066,-1
8067,-1
8068,0
8069,-1
8070,-1
8071,-1
8072,1
8073,-1
8074,0
8075,0
8076,0
8077,-1
8078,-1
8079,0
8080,0
8081,-1
8082,0
8083,-1
8084,0
8085,-1
8086,0
8087,-1
8088,0
8089,0
8090,-1
8091,0
8092,-1
8093,0
8094,-1
8095,0
8096,-1
8097,0
8098,-1
8099,0
8100,-1
8101,-1
8102,-1
8103,-1
8104,0
8105,-1
8106,-1
8107,-1
8108,0
8109,-1
8110,0
8111,-1
8112,0
8113,-1
8114,-1
8115,-1
8116,0
8117,-1
8118,-1
8119,-1
8120,0
8121,-1
8122,-1
8123,-1
8124,0
8125,-1
8126,-1
8127,-1
8128,0
8129,-1
8130,-1
8131,-1
8132,0
8133,-1
8134,-1
8135,-1
8136,0
8137,-1
8138,-1
8139,-1
8140,0
8141,-1
8142,-1
8143,-1
8144,0
8145,0
8146,0
8147,0
8148,-1
8149,0
8150,0
8151,0
8152,-1
8153,0
8154,0
8155,0
8156,0
8157,-1
8158,0
8159,-1
8160,-1
8161,0
8162,0
8163,0
8164,0
8165,0
8166,0
8167,0
8168,0
8169,0
8170,0
8171,0
8172,0
8173,0
8174,0
8175,0
8176,0
8177,-1
8178,0
8179,0
8180,0
8181,0
8182,0
8183,0
8184,-1
8185,1
8186,0
8187,-1
8188,1
8189,0
8190,-2
8191,1
8192,0
8193,-1
8194,1
8195,0
8196,-1
8197,2
8198,0
8199,-1
8200,1
8201,0
8202,-1
8203,2
8204,0
8205,-1
8206,1
8207,0
8208,-1
8209,1
8210,0
8211,-1
8212,1
8213,0
8214,-1
8215,2
8216,0
8217,-1
8218,1
8219,0
8220,-1
8221,1
8222,0
8223,-1
8224,1
8225,0
8226,-1
8227,1
8228,-1
8229,-1
8230,-1
8231,-1
8232,-1
8233,-1
8234,-1
8235,-1
8236,-1
8237,-1
8238,0
8239,-1
8240,-1
8241,0
8242,0
8243,-1
8244,0
8245,0
8246,0
8247,1
8248,2
8249,1
8250,0
8251,-2
8252,2
8253,0
8254,1
8255,0
8256,1
8257,0
8258,-1
8259,2
8260,0
8261,0
8262,-1
8263,2
8264,0
8265,1
8266,-1
8267,2
8268,1
8269,0
8270,-1
8271,2
8272,1
8273,0
8274,-1
8275,2
8276,1
8277,1
8278,-1
8279,2
8280,1
8281,0
8282,-1
8283,2
8284,1
8285,0
8286,-1
8287,2
8288,1
8289,0
8290,-1
8291,0
8292,-2
8293,0
8294,-1
8295,0
8296,-1
8297,0
8298,-1
8299,0
8300,0
8301,-1
8302,0
8303,0
8304,0
8305,-1
8306,0
8307,0
8308,0
8309,-1
8310,0
8311,0
8312,0
8313,-1
8314,0
8315,0
8316,0
8317,1
8318,0
8319,0
8320,0
8321,0
8322,-1
8323,0
8324,-1
8325,0
8326,0
8327,-1
8328,0
8329,-2
8330,0
8331,-1
8332,0
8333,-2
8334,0
8335,-1
8336,0
8337,-1
8338,0
8339,-1
8340,0
8341,1
8342,1
8343,2
8344,1
8345,1
8346,0
8347,1
8348,1
8349,-1
8350,1
8351,1
8352,1
8353,0
8354,0
8355,1
8356,1
8357,-1
8358,-1
8359,0
8360,-2
8361,2
8362,-1
8363,0
8364,0
8365,3
8366,-1
8367,0
8368,0
8369,2
8370,-1
8371,0
8372,-2
8373,3
8374,-1
8375,-2
8376,2
8377,-1
8378,0
8379,-2
8380,3
8381,-1
8382,0
8383,0
8384,2
8385,-1
8386,0
8387,-1
8388,2
8389,-2
8390,0
8391,-1
8392,3
8393,-1
8394,0
8395,-1
8396,3
8397,-2
8398,-1
8399,-1
8400,3
8401,-2
8402,0
8403,-1
8404,2
8405,0
8406,0
8407,0
8408,-1
8409,0
8410,0
8411,0
8412,-2
8413,0
8414,-1
8415,0
8416,-1
8417,1
8418,-1
8419,0
8420,0
8421,1
8422,0
8423,-1
8424,-1
8425,0
8426,-1
8427,0
8428,-1
8429,1
8430,-1
8431,0
8432,-1
8433,0
8434,0
8435,1
8436,-1
8437,1
8438,0
8439,0
8440,-1
8441,-1
8442,0
8443,0
8444,-1
8445,0
8446,0
8447,-1
8448,1
8449,1
8450,-1
8451,1
8452,1
8453,0
8454,0
8455,1
8456,0
8457,1
8458,0
8459,0
8460,-1
8461,1
8462,-1
8463,0
8464,0
8465,1
8466,1
8467,0
8468,-1
8469,0
8470,-2
8471,-1
8472,1
8473,0
8474,-2
8475,1
8476,0
8477,-1
8478,1
8479,-2
8480,-1
8481,1
8482,-1
8483,-1
8484,1
8485,-1
8486,-1
8487,0
8488,0
8489,-1
8490,0
8491,0
8492,1
8493,0
8494,0
8495,0
8496,0
8497,0
8498,0
8499,0
8500,0
8501,0
8502,0
8503,0
8504,0
8505,0
8506,0
8507,0
8508,0
8509,1
8510,0
8511,0
8512,0
8513,0
8514,0
8515,0
8516,0
8517,0
8518,0
8519,0
8520,-1
8521,0
8522,-1
8523,0
8524,0
8525,-1
8526,0
8527,0
8528,-1
8529,0
8530,0
8531,0
8532,0
8533,0
8534,0
8535,0
8536,0
8537,0
8538,0
8539,0
8540,0
8541,0
8542,0
8543,0
8544,0
8545,0
8546,-1
8547,0
8548,0
8549,-1
8550,0
8551,0
8552,-1
8553,0
8554,0
8555,-1
8556,0
8557,0
8558,-1
8559,0
8560,0
8561,-1
8562,0
8563,0
8564,0
8565,0
8566,1
8567,0
8568,0
8569,0
8570,0
8571,0
8572,0
8573,0
8574,0
8575,-1
8576,0
8577,0
8578,0
8579,-1
8580,0
8581,0
8582,0
8583,0
8584,0
8585,-1
8586,-1
8587,0
8588,0
8589,0
8590,0
8591,-1
8592,-1
8593,0
8594,0
8595,0
8596,-1
8597,0
8598,-1
8599,0
8600,-1
8601,-1
8602,0
8603,0
8604,-1
8605,0
8606,0
8607,0
8608,-1
8609,0
8610,0
8611,0
8612,0
8613,0
8614,0
8615,0
8616,0
8617,0
8618,0
8619,0
8620,0
8621,0
8622,0
8623,0
8624,0
8625,0
8626,0
8627,0
8628,-1
8629,0
8630,0
8631,0
8632,0
8633,0
8634,-1
8635,0
8636,-1
8637,-1
8638,0
8639,0
8640,0
8641,-1
8642,0
8643,0
8644,-1
8645,-1
8646,0
8647,0
8648,-1
8649,0
8650,0
8651,0
8652,0
8653,0
8654,0
8655,-1
8656,0
8657,0
8658,-1
8659,0
8660,-1
8661,0
8662,-1
8663,0
8664,-1
8665,0
8666,-1
8667,0
8668,-2
8669,0
8670,-1
8671,0
8672,-1
8673,0
8674,-1
8675,0
8676,0
8677,-1
8678,-1
8679,-1
8680,-1
8681,0
8682,0
8683,-1
8684,0
8685,0
8686,0
8687,0
8688,0
8689,0
8690,0
8691,0
8692,-2
8693,0
8694,-1
8695,0
8696,-1
8697,-1
8698,-1
8699,0
8700,-1
8701,-1
8702,-1
8703,0
8704,-1
8705,0
8706,-1
8707,0
8708,-1
8709,0
8710,-1
8711,0
8712,-1
8713,-1
8714,-1
8715,0
8716,-1
8717,-1
8718,-1
8719,0
8720,-1
8721,-1
8722,-1
8723,0
8724,-1
8725,0
8726,-1
8727,-1
8728,-1
8729,0
8730,-1
8731,-1
8732,0
8733,-1
8734,-1
8735,-1
8736,-1
8737,-1
8738,-1
8739,-1
8740,-1
8741,-1
8742,0
8743,-1
8744,-1
8745,-1
8746,-1
8747,-1
8748,1
8749,-1
8750,-1
8751,-1
8752,0
8753,-1
8754,-1
8755,-1
8756,0
8757,-1
8758,-1
8759,-1
8760,0
8761,-1
8762,-1
8763,-1
8764,0
8765,-1
8766,0
8767,0
8768,0
8769,0
8770,0
8771,0
8772,0
8773,0
8774,0
8775,0
8776,0
8777,0
8778,0
8779,0
8780,0
8781,0
8782,0
8783,0
8784,0
8785,0
8786,-1
8787,-1
8788,0
8789,0
8790,0
8791,0
8792,0
8793,0
8794,0
8795,0
8796,0
8797,0
8798,0
8799,0
8800,0
8801,0
8802,0
8803,0
8804,0
8805,0
8806,0
8807,0
8808,0
8809,0
8810,0
8811,0
8812,0
8813,0
8814,0
8815,0
8816,0
8817,0
8818,0
8819,0
8820,0
8821,0
8822,0
8823,0
8824,0
8825,0
8826,0
8827,0
8828,0
8829,0
8830,0
8831,0
8832,0
8833,0
8834,0
8835,0
8836,0
8837,0
8838,0
8839,0
8840,0
8841,0
8842,0
8843,0
8844,0
8845,0
8846,-1
8847,1
8848,0
8849,-1
8850,1
8851,0
8852,-1
8853,2
8854,0
8855,-1
8856,1
8857,0
8858,-1
8859,1
8860,0
8861,-1
8862,2
8863,0
8864,-1
8865,1
8866,0
8867,-1
8868,2
8869,0
8870,-1
8871,1
8872,0
8873,0
8874,-1
8875,1
8876,0
8877,0
8878,-1
8879,1
8880,0
8881,0
8882,-1
8883,1
8884,0
8885,0
8886,-1
8887,1
8888,0
8889,0
8890,-1
8891,1
8892,0
8893,0
8894,-1
8895,1
8896,0
8897,0
8898,-2
8899,1
8900,0
8901,0
8902,-1
8903,1
8904,0
8905,0
8906,-1
8907,1
8908,0
8909,-2
8910,1
8911,0
8912,-1
8913,1
8914,0
8915,-1
8916,1
8917,0
8918,0
8919,0
8920,0
8921,1
8922,1
8923,0
8924,0
8925,0
8926,0
8927,0
8928,0
8929,0
8930,1
8931,0
8932,0
8933,1
8934,0
8935,0
8936,1
8937,1
8938,0
8939,1
8940,0
8941,-1
8942,1
8943,0
8944,-1
8945,2
8946,1
8947,0
8948,-1
8949,3
8950,1
8951,0
8952,-1
8953,2
8954,1
8955,0
8956,-2
8957,2
8958,1
8959,-1
8960,0
8961,0
8962,0
8963,-1
8964,2
8965,1
8966,0
8967,-1
8968,2
8969,0
8970,0
8971,-1
8972,2
8973,0
8974,0
8975,-2
8976,2
8977,0
8978,1
8979,-1
8980,2
8981,0
8982,0
8983,-1
8984,2
8985,0
8986,1
8987,-1
8988,2
8989,0
8990,1
8991,-2
8992,2
8993,1
8994,0
8995,-1
8996,3
8997,0
8998,0
8999,-1
9000,2
9001,1
9002,1
9003,-1
9004,2
9005,0
9006,0
9007,-1
9008,2
9009,1
9010,0
9011,-2
9012,3
9013,1
9014,1
9015,-1
9016,2
9017,0
9018,0
9019,-2
9020,2
9021,0
9022,1
9023,0
9024,0
9025,0
9026,0
9027,0
9028,-1
9029,0
9030,0
9031,0
9032,0
9033,0
9034,1
9035,1
9036,1
9037,-1
9038,1
9039,1
9040,0
9041,0
9042,0
9043,0
9044,0
9045,-1
9046,1
9047,1
9048,0
9049,-1
9050,1
9051,1
9052,1
9053,-1
9054,0
9055,1
9056,0
9057,-1
9058,0
9059,1
9060,0
9061,0
9062,0
9063,1
9064,0
9065,-1
9066,0
9067,1
9068,0
9069,-1
9070,1
9071,1
9072,0
9073,-1
9074,1
9075,1
9076,1
9077,-1
9078,0
9079,1
9080,1
9081,-1
9082,0
9083,1
9084,0
9085,0
9086,1
9087,0
9088,-1
9089,1
9090,1
9091,1
9092,0
9093,1
9094,1
9095,0
9096,0
9097,0
9098,1
9099,0
9100,0
9101,0
9102,1
9103,0
9104,0
9105,0
9106,1
9107,0
9108,-1
9109,0
9110,-2
9111,3
9112,0
9113,0
9114,-1
9115,2
9116,-1
9117,0
9118,-2
9119,2
9120,0
9121,-1
9122,2
9123,-1
9124,0
9125,-1
9126,2
9127,-1
9128,0
9129,-1
9130,2
9131,-1
9132,-1
9133,3
9134,-2
9135,-2
9136,3
9137,-1
9138,-1
9139,2
9140,-1
9141,0
9142,-1
9143,2
9144,-1
9145,0
9146,-1
9147,3
9148,-2
9149,0
9150,-2
9151,3
9152,-2
9153,0
9154,-1
9155,2
9156,-1
9157,0
9158,0
9159,3
9160,-2
9161,0
9162,-1
9163,2
9164,-2
9165,0
9166,-1
9167,2
9168,-1
9169,0
9170,-1
9171,2
9172,-1
9173,0
9174,-1
9175,2
9176,-2
9177,0
9178,-1
9179,3
9180,-2
9181,-1
9182,0
9183,0
9184,0
9185,1
9186,0
9187,-1
9188,0
9189,0
9190,0
9191,0
9192,0
9193,-1
9194,1
9195,0
9196,0
9197,1
9198,0
9199,0
9200,1
9201,1
9202,0
9203,-1
9204,0
9205,-1
9206,-1
9207,0
9208,0
9209,0
9210,-1
9211,-1
9212,0
9213,0
9214,-1
9215,0
9216,-1
9217,0
9218,0
9219,-1
9220,-1
9221,0
9222,0
9223,0
9224,0
9225,0
9226,-1
9227,0
9228,-1
9229,-1
9230,0
9231,0
9232,0
9233,-1
9234,0
9235,0
9236,0
9237,0
9238,0
9239,-1
9240,0
9241,0
9242,0
9243,0
9244,0
9245,0
9246,-1
9247,0
9248,-1
9249,-1
9250,0
9251,0
9252,-1
9253,-1
9254,0
9255,-1
9256,-1
9257,0
9258,0
9259,0
9260,0
9261,-2
9262,0
9263,0
9264,-1
9265,0
9266,0
9267,0
9268,-1
9269,0
9270,0
9271,-1
9272,0
9273,0
9274,0
9275,1
9276,1
9277,0
9278,1
9279,0
9280,0
9281,-1
9282,0
9283,-1
9284,0
9285,0
9286,0
9287,-1
9288,0
9289,-1
9290,0
9291,-1
9292,-1
9293,0
9294,0
9295,-1
9296,-1
9297,-1
9298,0
9299,-1
9300,0
9301,-1
9302,0
9303,1
9304,1
9305,0
9306,0
9307,1
9308,0
9309,0
9310,0
9311,0
9312,0
9313,0
9314,0
9315,0
9316,0
9317,0
9318,-2
9319,0
9320,-1
9321,0
9322,-1
9323,0
9324,-1
9325,0
9326,-2
9327,-1
9328,-1
9329,-1
9330,-1
9331,-1
9332,0
9333,0
9334,-1
9335,0
9336,-1
9337,-1
9338,-1
9339,0
9340,-1
9341,-1
9342,-1
9343,0
9344,-1
9345,-1
9346,-1
9347,0
9348,-1
9349,-1
9350,-1
9351,-1
9352,-1
9353,-1
9354,0
9355,-1
9356,-1
9357,-1
9358,0
9359,-1
9360,-1
9361,-1
9362,0
9363,-1
9364,-1
9365,-1
9366,0
9367,0
9368,0
9369,0
9370,0
9371,-1
9372,0
9373,0
9374,0
9375,-1
9376,-1
9377,-1
9378,0
9379,0
9380,0
9381,0
9382,0
9383,-1
9384,-1
9385,0
9386,0
9387,0
9388,0
9389,0
9390,0
9391,0
9392,0
9393,0
9394,0
9395,-2
9396,0
9397,-1
9398,0
9399,-2
9400,0
9401,-1
9402,0
9403,0
9404,0
9405,0
9406,0
9407,0
9408,0
9409,0
9410,0
9411,0
9412,0
9413,0
9414,0
9415,0
9416,-1
9417,1
9418,0
9419,-2
9420,1
9421,0
9422,-1
9423,1
9424,0
9425,-1
9426,1
9427,0
9428,-2
9429,1
9430,0
9431,-1
9432,1
9433,0
9434,-1
9435,1
9436,0
9437,-1
9438,1
9439,0
9440,-1
9441,1
9442,0
9443,-1
9444,2
9445,0
9446,-1
9447,1
9448,-1
9449,-1
9450,1
9451,-1
9452,-1
9453,-1
9454,-1
9455,-1
9456,0
9457,-2
9458,-1
9459,0
9460,-1
9461,-1
9462,-1
9463,-1
9464,0
9465,0
9466,0
9467,0
9468,-1
9469,2
9470,1
9471,0
9472,-1
9473,2
9474,0
9475,0
9476,-2
9477,2
9478,1
9479,1
9480,-1
9481,2
9482,1
9483,0
9484,-2
9485,2
9486,1
9487,0
9488,-1
9489,2
9490,1
9491,1
9492,-1
9493,2
9494,1
9495,-1
9496,2
9497,0
9498,-1
9499,2
9500,0
9501,0
9502,-1
9503,2
9504,1
9505,0
9506,-1
9507,2
9508,1
9509,0
9510,-1
9511,2
9512,1
9513,0
9514,-1
9515,0
9516,-1
9517,0
9518,-2
9519,0
9520,-2
9521,0
9522,0
9523,0
9524,0
9525,0
9526,-1
9527,0
9528,0
9529,0
9530,-1
9531,0
9532,0
9533,0
9534,-1
9535,0
9536,0
9537,0
9538,-2
9539,0
9540,0
9541,0
9542,0
9543,0
9544,0
9545,0
9546,-1
9547,0
9548,1
9549,0
9550,-1
9551,0
9552,1
9553,-2
9554,0
9555,-2
9556,0
9557,-1
9558,0
9559,-1
9560,0
9561,-1
9562,0
9563,1
9564,0
9565,-1
9566,0
9567,0
9568,1
9569,0
9570,-1
9571,1
9572,1
9573,0
9574,0
9575,0
9576,-1
9577,1
9578,0
9579,1
9580,0
9581,-1
9582,-2
9583,-2
9584,0
9585,-1
9586,3
9587,-1
9588,0
9589,0
9590,3
9591,-2
9592,0
9593,-1
9594,3
9595,-1
9596,0
9597,-2
9598,3
9599,-1
9600,0
9601,-1
9602,3
9603,-2
9604,0
9605,-2
9606,3
9607,-2
9608,0
9609,-1
9610,2
9611,-1
9612,0
9613,-2
9614,3
9615,-1
9616,0
9617,-1
9618,2
9619,-1
9620,0
9621,-1
9622,2
9623,-2
9624,0
9625,-2
9626,2
9627,-1
9628,0
9629,0
9630,3
9631,-2
9632,-1
9633,0
9634,-1
9635,0
9636,0
9637,-1
9638,0
9639,0
9640,0
9641,-1
9642,1
9643,0
9644,0
9645,-1
9646,0
9647,-1
9648,0
9649,-2
9650,1
9651,-1
9652,0
9653,-1
9654,0
9655,-1
9656,0
9657,-1
9658,0
9659,0
9660,-2
9661,1
9662,-1
9663,0
9664,-1
9665,-1
9666,0
9667,-1
9668,0
9669,1
9670,0
9671,-1
9672,0
9673,0
9674,0
9675,1
9676,0
9677,-1
9678,1
9679,0
9680,1
9681,1
9682,-1
9683,2
9684,0
9685,0
9686,0
9687,1
9688,0
9689,0
9690,1
9691,1
9692,0
9693,0
9694,-2
9695,1
9696,0
9697,-1
9698,0
9699,-1
9700,1
9701,-1
9702,-1
9703,1
9704,-1
9705,-1
9706,-1
9707,0
9708,-1
9709,0
9710,0
9711,-1
9712,1
9713,0
9714,0
9715,1
9716,0
9717,0
9718,-1
9719,0
9720,0
9721,0
9722,0
9723,0
9724,0
9725,0
9726,-1
9727,-1
9728,0
9729,0
9730,0
9731,0
9732,0
9733,0
9734,0
9735,0
9736,1
9737,-1
9738,0
9739,1
9740,0
9741,0
9742,0
9743,0
9744,0
9745,0
9746,0
9747,0
9748,0
9749,0
9750,0
9751,0
9752,0
9753,0
9754,0
9755,0
9756,0
9757,0
9758,0
9759,0
9760,0
9761,0
9762,0
9763,0
9764,1
9765,0
9766,0
9767,-1
9768,0
9769,0
9770,-1
9771,0
9772,0
9773,-1
9774,0
9775,0
9776,1
9777,0
9778,0
9779,0
9780,0
9781,0
9782,0
9783,0
9784,1
9785,0
9786,1
9787,0
9788,1
9789,0
9790,1
9791,-1
9792,-1
9793,0
9794,0
9795,-1
9796,-1
9797,0
9798,0
9799,-1
9800,0
9801,-1
9802,0
9803,0
9804,0
9805,0
9806,0
9807,-1
9808,0
9809,0
9810,0
9811,-1
9812,-1
9813,0
9814,0
9815,-1
9816,0
9817,0
9818,0
9819,0
9820,-1
9821,0
9822,0
9823,-1
9824,-1
9825,0
9826,0
9827,-1
9828,0
9829,0
9830,0
9831,0
9832,0
9833,0
9834,0
9835,0
9836,0
9837,0
9838,0
9839,0
9840,0
9841,0
9842,0
9843,0
9844,0
9845,0
9846,-1
9847,0
9848,0
9849,0
9850,-1
9851,0
9852,0
9853,0
9854,-1
9855,-1
9856,0
9857,0
9858,-1
9859,0
9860,0
9861,0
9862,-1
9863,-1
9864,0
9865,0
9866,0
9867,0
9868,0
9869,0
9870,-1
9871,0
9872,-1
9873,0
9874,0
9875,0
9876,0
9877,-1
9878,0
9879,0
9880,-1
9881,1
9882,-1
9883,0
9884,-1
9885,0
9886,-1
9887,0
9888,-1
9889,0
9890,-2
9891,0
9892,-1
9893,-1
9894,0
9895,0
9896,0
9897,-1
9898,0
9899,0
9900,-1
9901,0
9902,-1
9903,-1
9904,0
9905,0
9906,-1
9907,0
9908,0
9909,-1
9910,-1
9911,0
9912,-1
9913,0
9914,0
9915,-1
9916,0
9917,-1
9918,1
9919,-1
9920,-1
9921,-1
9922,-1
9923,-1
9924,-1
9925,0
9926,-1
9927,-1
9928,-1
9929,0
9930,-1
9931,-1
9932,-1
9933,0
9934,-1
9935,0
9936,-1
9937,0
9938,-1
9939,0
9940,-1
9941,0
9942,-1
9943,0
9944,-1
9945,0
9946,-1
9947,-1
9948,-1
9949,-1
9950,-1
9951,-1
9952,-1
9953,-1
9954,-1
9955,-1
9956,1
9957,-1
9958,-1
9959,-1
9960,-1
9961,-1
9962,-1
9963,-1
9964,-1
9965,-2
9966,-1
9967,-1
9968,-1
9969,-1
9970,-1
9971,-1
9972,-1
9973,-1
9974,-1
9975,-1
9976,-1
9977,-1
9978,-1
9979,0
9980,0
9981,0
9982,-1
9983,-1
9984,-1
9985,0
9986,0
9987,0
9988,0
9989,0
9990,0
9991,0
9992,0
9993,0
9994,0
9995,0
9996,0
9997,0
9998,0
9999,0
10000,0
10001,0
10002,0
10003,0
10004,0
10005,0
10006,0
10007,0
10008,0
10009,0
10010,0
10011,0
10012,0
10013,0
10014,0
10015,0
10016,0
10017,0
10018,0
10019,0
10020,0
10021,0
10022,0
10023,0
10024,0
10025,0
10026,0
10027,0
10028,0
10029,0
10030,0
10031,0
10032,0
10033,0
10034,0
10035,0
10036,0
10037,0
10038,0
10039,0
10040,0
10041,0
10042,0
10043,0
10044,0
10045,0
10046,0
10047,0
10048,0
10049,0
10050,0
10051,0
10052,0
10053,0
10054,0
10055,0
10056,0
10057,0
10058,0
10059,0
10060,0
10061,0
10062,0
10063,0
10064,-1
10065,0
10066,0
10067,-2
10068,2
10069,0
10070,-2
10071,1
10072,0
10073,-1
10074,1
10075,0
10076,-1
10077,1
10078,0
10079,-1
10080,1
10081,0
10082,-1
10083,2
10084,0
10085,-1
10086,2
10087,0
10088,-1
10089,1
10090,0
10091,-1
10092,1
10093,0
10094,0
10095,-1
10096,1
10097,0
10098,0
10099,-2
10100,1
10101,0
10102,0
10103,-2
10104,1
10105,0
10106,0
10107,-1
10108,1
10109,0
10110,0
10111,-2
10112,1
10113,0
10114,1
10115,0
10116,1
10117,0
10118,-1
10119,1
10120,0
10121,0
10122,-1
10123,1
10124,0
10125,0
10126,-1
10127,2
10128,0
10129,-1
10130,1
10131,0
10132,-2
10133,2
10134,0
10135,-1
10136,1
10137,0
10138,1
10139,0
10140,1
10141,0
10142,1
10143,0
10144,0
10145,0
10146,1
10147,0
10148,1
10149,0
10150,1
10151,0
10152,1
10153,0
10154,0
10155,0
10156,0
10157,0
10158,1
10159,1
10160,1
10161,1
10162,1
10163,0
10164,-1
10165,2
10166,1
10167,0
10168,-2
10169,2
10170,0
10171,0
10172,-1
10173,2
10174,0
10175,0
10176,-1
10177,2
10178,1
10179,0
10180,-2
10181,2
10182,1
10183,0
10184,-2
10185,2
10186,1
10187,0
10188,-1
10189,2
10190,1
10191,0
10192,-2
10193,2
10194,1
10195,0
10196,-2
10197,2
10198,1
10199,1
10200,-1
10201,2
10202,1
10203,0
10204,-2
10205,2
10206,0
10207,1
10208,2
10209,0
10210,0
10211,-2
10212,2
10213,0
10214,0
10215,-1
10216,2
10217,0
10218,0
10219,-1
10220,2
10221,1
10222,0
10223,-2
10224,2
10225,1
10226,0
10227,-2
10228,2
10229,0
10230,0
10231,-1
10232,2
10233,1
10234,0
10235,-1
10236,2
10237,1
10238,-1
10239,-1
10240,2
10241,1
10242,0
10243,-2
10244,2
10245,1
10246,0
10247,-2
10248,2
10249,0
10250,1
10251,0
10252,1
10253,0
10254,1
10255,0
10256,-2
10257,0
10258,-1
10259,0
10260,-2
10261,0
10262,1
10263,1
10264,0
10265,0
10266,1
10267,1
10268,0
10269,0
10270,0
10271,1
10272,0
10273,-1
10274,1
10275,1
10276,1
10277,-1
10278,0
10279,-1
10280,0
10281,0
10282,-1
10283,1
10284,0
10285,-1
10286,1
10287,1
10288,1
10289,0
10290,-1
10291,1
10292,1
10293,0
10294,-1
10295,0
10296,-1
10297,0
10298,1
10299,1
10300,-1
10301,-1
10302,-1
10303,0
10304,1
10305,-1
10306,0
10307,1
10308,0
10309,-1
10310,0
10311,-1
10312,1
10313,1
10314,1
10315,0
10316,-1
10317,0
10318,0
10319,0
10320,0
10321,-1
10322,0
10323,0
10324,1
10325,0
10326,-2
10327,3
10328,-1
10329,0
10330,0
10331,3
10332,-2
10333,0
10334,-2
10335,2
10336,-2
10337,0
10338,-1
10339,2
10340,-1
10341,0
10342,-1
10343,3
10344,-1
10345,0
10346,-1
10347,2
10348,-1
10349,0
10350,-1
10351,2
10352,-1
10353,-1
10354,2
10355,-1
10356,-1
10357,-2
10358,-1
10359,0
10360,-2
10361,2
10362,-2
10363,0
10364,0
10365,2
10366,0
10367,0
10368,-2
10369,3
10370,-1
10371,0
10372,-1
10373,2
10374,-2
10375,0
10376,-2
10377,2
10378,-1
10379,-1
10380,0
10381,2
10382,-1
10383,0
10384,-1
10385,2
10386,-2
10387,0
10388,0
10389,2
10390,-2
10391,0
10392,-1
10393,2
10394,-1
10395,0
10396,0
10397,2
10398,-2
10399,-1
10400,1
10401,0
10402,-1
10403,1
10404,1
10405,0
10406,1
10407,0
10408,-1
10409,0
10410,0
10411,-1
10412,1
10413,0
10414,-1
10415,1
10416,0
10417,-1
10418,1
10419,1
10420,-1
10421,0
10422,-1
10423,0
10424,0
10425,0
10426,-1
10427,-1
10428,0
10429,0
10430,-1
10431,0
10432,0
10433,0
10434,-1
10435,-1
10436,0
10437,-1
10438,-1
10439,-1
10440,-1
10441,0
10442,-1
10443,-1
10444,0
10445,-1
10446,-1
10447,0
10448,-1
10449,-1
10450,-1
10451,0
10452,-1
10453,0
10454,-1
10455,0
10456,0
10457,0
10458,0
10459,0
10460,0
10461,0
10462,0
10463,0
10464,-1
10465,0
10466,0
10467,0
10468,0
10469,0
10470,0
10471,-1
10472,0
10473,-1
10474,-1
10475,0
10476,0
10477,0
10478,0
10479,0
10480,0
10481,0
10482,0
10483,0
10484,0
10485,0
10486,0
10487,0
10488,1
10489,0
10490,-1
10491,1
10492,0
10493,0
10494,1
10495,0
10496,0
10497,0
10498,1
10499,-1
10500,0
10501,-1
10502,0
10503,-1
10504,0
10505,-1
10506,0
10507,-1
10508,-1
10509,-1
10510,0
10511,-1
10512,0
10513,-1
10514,0
10515,-1
10516,0
10517,0
10518,0
10519,1
10520,-1
10521,1
10522,0
10523,0
10524,0
10525,0
10526,-1
10527,0
10528,-1
10529,0
10530,-1
10531,-1
10532,0
10533,0
10534,-1
10535,0
10536,0
10537,0
10538,0
10539,-1
10540,0
10541,-1
10542,0
10543,0
10544,-1
10545,-1
10546,0
10547,-2
10548,0
10549,0
10550,-1
10551,-1
10552,0
10553,0
10554,-1
10555,-1
10556,0
10557,-1
10558,0
10559,0
10560,-1
10561,1
10562,0
10563,-1
10564,-1
10565,-1
10566,0
10567,-1
10568,0
10569,-1
10570,0
10571,0
10572,0
10573,1
10574,-1
10575,-1
10576,-1
10577,0
10578,-1
10579,1
10580,-1
10581,0
10582,-1
10583,-1
10584,0
10585,0
10586,0
10587,-1
10588,0
10589,0
10590,1
10591,1
10592,0
10593,-1
10594,1
10595,0
10596,0
10597,-1
10598,-1
10599,1
10600,-1
10601,0
10602,-1
10603,0
10604,0
10605,0
10606,0
10607,0
10608,0
10609,0
10610,-1
10611,0
10612,1
10613,0
10614,0
10615,-1
10616,0
10617,-1
10618,0
10619,0
10620,0
10621,0
10622,0
10623,0
10624,0
10625,0
10626,-1
10627,2
10628,0
10629,0
10630,0
10631,0
10632,-1
10633,2
10634,0
10635,0
10636,0
10637,0
10638,-2
10639,1
10640,0
10641,-1
10642,2
10643,0
10644,0
10645,1
10646,0
10647,0
10648,0
10649,0
10650,0
10651,1
10652,0
10653,0
10654,0
10655,0
10656,-1
10657,1
10658,0
10659,0
10660,0
10661,0
10662,0
10663,0
10664,0
10665,-1
10666,2
10667,0
10668,-1
10669,0
10670,0
10671,-1
10672,0
10673,0
10674,-1
10675,-1
10676,-1
10677,-1
10678,-1
10679,-2
10680,-1
10681,-1
10682,0
10683,0
10684,0
10685,0
10686,2
10687,-1
10688,0
10689,-1
10690,0
10691,-1
10692,2
10693,0
10694,1
10695,0
10696,0
10697,-1
10698,1
10699,0
10700,0
10701,-1
10702,2
10703,1
10704,-2
10705,3
10706,0
10707,-1
10708,0
10709,0
10710,0
10711,-2
10712,2
10713,1
10714,0
10715,-1
10716,2
10717,1
10718,0
10719,-1
10720,2
10721,1
10722,-1
10723,1
10724,0
10725,-1
10726,1
10727,-1
10728,0
10729,-2
10730,-2
10731,-1
10732,3
10733,-2
10734,-1
10735,0
10736,0
10737,0
10738,0
10739,0
10740,1
10741,-1
10742,1
10743,0
10744,0
10745,0
10746,0
10747,1
10748,0
10749,0
10750,1
10751,-1
10752,0
10753,0
10754,-1
10755,0
10756,-1
10757,0
10758,-1
10759,0
10760,0
10761,1
10762,1
10763,0
10764,0
10765,0
10766,-2
10767,0
10768,-1
10769,0
10770,0
10771,0
10772,1
10773,1
10774,0
10775,-1
10776,0
10777,-1
10778,0
10779,0
10780,1
10781,1
10782,0
10783,1
10784,1
10785,0
10786,0
10787,-2
10788,-2
10789,0
10790,0
10791,3
10792,-1
10793,0
10794,0
10795,3
10796,-1
10797,0
10798,0
10799,0
10800,0
10801,0
10802,0
10803,0
10804,0
10805,-1
10806,0
10807,0
10808,0
10809,-1
10810,1
10811,-3
10812,0
10813,-2
10814,3
10815,-1
10816,0
10817,-1
10818,3
10819,-1
10820,0
10821,-2
10822,2
10823,0
10824,0
10825,-3
10826,1
10827,0
10828,0
10829,0
10830,0
10831,-1
10832,0
10833,-1
10834,0
10835,0
10836,0
10837,-1
10838,0
10839,0
10840,0
10841,0
10842,-1
10843,0
10844,-1
10845,0
10846,-1
10847,0
10848,0
10849,-1
10850,0
10851,0
10852,0
10853,0
10854,-1
10855,0
10856,0
10857,0
10858,-2
10859,0
10860,0
10861,-1
10862,0
10863,0
10864,1
10865,1
10866,0
10867,-1
10868,0
10869,-1
10870,-1
10871,-1
10872,1
10873,0
10874,-1
10875,0
10876,0
10877,-1
10878,1
10879,0
10880,0
10881,1
10882,-1
10883,0
10884,0
10885,1
10886,0
10887,-1
10888,0
10889,0
10890,-1
10891,0
10892,0
10893,-1
10894,-1
10895,-1
10896,-1
10897,-1
10898,1
10899,-1
10900,-1
10901,1
10902,-1
10903,-1
10904,0
10905,-1
10906,-1
10907,-1
10908,-1
10909,1
10910,0
10911,1
10912,0
10913,-1
10914,0
10915,1
10916,0
10917,0
10918,0
10919,0
10920,0
10921,-1
10922,-2
10923,0
10924,0
10925,-1
10926,0
10927,-1
10928,-1
10929,1
10930,-1
10931,0
10932,0
10933,0
10934,0
10935,0
10936,0
10937,0
10938,-1
10939,0
10940,-1
10941,0
10942,0
10943,1
10944,0
10945,0
10946,0
10947,0
10948,0
10949,1
10950,-2
10951,1
10952,0
10953,0
10954,0
10955,-1
10956,0
10957,0
10958,-1
10959,0
10960,0
10961,-1
10962,0
10963,0
10964,-1
10965,0
10966,0
10967,-1
10968,0
10969,0
10970,-1
10971,0
10972,0
10973,0
10974,0
10975,0
10976,0
10977,1
10978,0
10979,0
10980,0
10981,0
10982,0
10983,0
10984,0
10985,-1
10986,-1
10987,0
10988,0
10989,-1
10990,0
10991,0
10992,0
10993,-1
10994,0
10995,0
10996,-1
10997,-1
10998,0
10999,0
11000,-1
11001,0
11002,0
11003,0
11004,1
11005,0
11006,0
11007,0
11008,1
11009,-1
11010,0
11011,-1
11012,0
11013,0
11014,0
11015,0
11016,0
11017,0
11018,-1
11019,0
11020,-2
11021,0
11022,0
11023,0
11024,0
11025,0
11026,0
11027,0
11028,-1
11029,0
11030,0
11031,-1
11032,0
11033,0
11034,0
11035,0
11036,-1
11037,1
11038,0
11039,-3
11040,0
11041,-1
11042,0
11043,1
11044,0
11045,0
11046,1
11047,0
11048,0
11049,0
11050,-1
11051,-1
11052,0
11053,-2
11054,0
11055,-2
11056,0
11057,0
11058,0
11059,-1
11060,0
11061,-2
11062,-1
11063,0
11064,1
11065,1
11066,0
11067,-1
11068,0
11069,-1
11070,1
11071,0
11072,0
11073,0
11074,-1
11075,0
11076,0
11077,0
11078,-1
11079,1
11080,0
11081,0
11082,0
11083,-1
11084,0
11085,1
11086,-1
11087,0
11088,0
11089,-1
11090,-1
11091,0
11092,-1
11093,0
11094,-1
11095,0
11096,0
11097,0
11098,0
11099,0
11100,1
11101,-1
11102,-1
11103,0
11104,-1
11105,0
11106,-1
11107,1
11108,0
11109,0
11110,0
11111,-1
11112,-1
11113,-2
11114,0
11115,-1
11116,-1
11117,0
11118,-2
11119,0
11120,0
11121,-2
11122,1
11123,-1
11124,0
11125,-2
11126,-1
11127,-1
11128,0
11129,-1
11130,-1
11131,-1
11132,0
11133,-1
11134,-1
11135,-1
11136,-1
11137,-1
11138,0
11139,0
11140,0
11141,1
11142,-1
11143,0
11144,-1
11145,0
11146,-1
11147,-1
11148,-1
11149,0
11150,-1
11151,-1
11152,-1
11153,0
11154,-1
11155,0
11156,0
11157,0
11158,0
11159,-2
11160,0
11161,-1
11162,0
11163,0
11164,0
11165,0
11166,-1
11167,0
11168,0
11169,0
11170,0
11171,0
11172,0
11173,-1
11174,-1
11175,-3
11176,0
11177,0
11178,-1
11179,0
11180,0
11181,0
11182,0
11183,-2
11184,0
11185,-1
11186,0
11187,0
11188,0
11189,0
11190,0
11191,0
11192,0
11193,0
11194,0
11195,0
11196,0
11197,0
11198,0
11199,0
11200,0
11201,-1
11202,-1
11203,1
11204,0
11205,-1
11206,0
11207,0
11208,0
11209,0
11210,0
11211,0
11212,0
11213,0
11214,-1
11215,0
11216,0
11217,0
11218,0
11219,-2
11220,0
11221,0
11222,-1
11223,0
11224,0
11225,0
11226,0
11227,0
11228,0
11229,-1
11230,0
11231,0
11232,-1
11233,1
11234,0
11235,-1
11236,1
11237,0
11238,-1
11239,1
11240,1
11241,0
11242,0
11243,0
11244,-1
11245,0
11246,0
11247,-1
11248,2
11249,0
11250,-1
11251,2
11252,0
11253,0
11254,0
11255,-1
11256,1
11257,0
11258,-1
11259,1
11260,0
11261,0
11262,1
11263,-1
11264,1
11265,0
11266,-1
11267,1
11268,0
11269,-1
11270,1
11271,-1
11272,0
11273,0
11274,0
11275,-1
11276,1
11277,0
11278,0
11279,-1
11280,1
11281,0
11282,-1
11283,1
11284,0
11285,0
11286,-1
11287,1
11288,0
11289,-1
11290,1
11291,0
11292,-1
11293,1
11294,0
11295,0
11296,0
11297,0
11298,0
11299,0
11300,0
11301,0
11302,1
11303,0
11304,0
11305,1
11306,0
11307,1
11308,0
11309,1
11310,0
11311,0
11312,0
11313,1
11314,0
11315,1
11316,0
11317,1
11318,1
11319,1
11320,0
11321,1
11322,0
11323,-1
11324,0
11325,-1
11326,0
11327,0
11328,0
11329,-1
11330,2
11331,1
11332,0
11333,-1
11334,0
11335,0
11336,0
11337,0
11338,0
11339,-1
11340,2
11341,1
11342,1
11343,-1
11344,2
11345,0
11346,-1
11347,0
11348,0
11349,1
11350,-1
11351,2
11352,1
11353,-1
11354,0
11355,-1
11356,-1
11357,3
11358,-2
11359,0
11360,-1
11361,2
11362,0
11363,-1
11364,0
11365,0
11366,0
11367,0
11368,0
11369,0
11370,-2
11371,2
11372,0
11373,-1
11374,0
11375,-1
11376,0
11377,2
11378,-2
11379,0
11380,-2
11381,0
11382,1
11383,0
11384,0
11385,0
11386,-1
11387,2
11388,1
11389,1
11390,1
11391,0
11392,1
11393,0
11394,0
11395,1
11396,-1
11397,0
11398,-2
11399,1
11400,1
11401,1
11402,0
11403,0
11404,-1
11405,0
11406,1
11407,0
11408,0
11409,1
11410,1
11411,0
11412,0
11413,1
11414,0
11415,0
11416,-1
11417,0
11418,1
11419,0
11420,0
11421,0
11422,1
11423,0
11424,-1
11425,0
11426,0
11427,1
11428,0
11429,0
11430,0
11431,0
11432,0
11433,-1
11434,1
11435,-1
11436,1
11437,1
11438,1
11439,1
11440,1
11441,0
11442,0
11443,1
11444,-1
11445,1
11446,1
11447,0
11448,0
11449,-1
11450,1
11451,1
11452,0
11453,-1
11454,1
11455,1
11456,0
11457,-1
11458,1
11459,0
11460,0
11461,0
11462,1
11463,0
11464,-1
11465,1
11466,-1
11467,1
11468,0
11469,-2
11470,3
11471,-2
11472,0
11473,0
11474,0
11475,0
11476,0
11477,-1
11478,2
11479,-1
11480,0
11481,0
11482,0
11483,0
11484,0
11485,0
11486,0
11487,0
11488,0
11489,0
11490,-2
11491,1
11492,-1
11493,0
11494,1
11495,-1
11496,0
11497,0
11498,0
11499,-1
11500,1
11501,0
11502,1
11503,0
11504,0
11505,0
11506,0
11507,0
11508,0
11509,0
11510,0
11511,0
11512,0
11513,0
11514,0
11515,0
11516,-2
11517,3
11518,-1
11519,0
11520,0
11521,0
11522,0
11523,-1
11524,0
11525,0
11526,1
11527,0
11528,-1
11529,2
11530,0
11531,0
11532,0
11533,0
11534,1
11535,0
11536,-1
11537,0
11538,0
11539,0
11540,-1
11541,2
11542,-1
11543,0
11544,1
11545,0
11546,-1
11547,-1
11548,1
11549,-2
11550,-1
11551,0
11552,-1
11553,1
11554,0
11555,-1
11556,-1
11557,0
11558,0
11559,1
11560,1
11561,0
11562,1
11563,0
11564,0
11565,1
11566,0
11567,0
11568,1
11569,0
11570,0
11571,0
11572,0
11573,-1
11574,0
11575,0
11576,-1
11577,0
11578,0
11579,-1
11580,0
11581,0
11582,-1
11583,0
11584,-1
11585,-1
11586,0
11587,-1
11588,-1
11589,-1
11590,-1
11591,0
11592,-1
11593,-1
11594,0
11595,0
11596,0
11597,0
11598,-1
11599,1
11600,0
11601,-1
11602,-1
11603,-1
11604,0
11605,0
11606,1
11607,0
11608,0
11609,0
11610,-1
11611,-1
11612,0
11613,0
11614,-1
11615,0
11616,0
11617,0
11618,1
11619,0
11620,-1
11621,-1
11622,0
11623,0
11624,0
11625,0
11626,0
11627,1
11628,0
11629,0
11630,0
11631,0
11632,-1
11633,0
11634,0
11635,-1
11636,0
11637,-1
11638,0
11639,-1
11640,0
11641,0
11642,0
11643,0
11644,-1
11645,0
11646,-1
11647,0
11648,-1
11649,-1
11650,0
11651,0
11652,0
11653,-1
11654,0
11655,0
11656,0
11657,0
11658,0
11659,-1
11660,0
11661,0
11662,0
11663,0
11664,0
11665,0
11666,0
11667,0
11668,0
11669,-1
11670,-1
11671,0
11672,0
11673,-1
11674,0
11675,0
11676,0
11677,-1
11678,-1
11679,0
11680,0
11681,0
11682,1
11683,0
11684,0
11685,0
11686,-2
11687,0
11688,0
11689,-1
11690,0
11691,-1
11692,0
11693,0
11694,1
11695,-1
11696,0
11697,-1
11698,-1
11699,0
11700,0
11701,0
11702,0
11703,0
11704,-1
11705,-1
11706,1
11707,0
11708,0
11709,0
11710,0
11711,1
11712,1
11713,0
11714,0
11715,-1
11716,1
11717,-1
11718,1
11719,-2
11720,-1
11721,0
11722,0
11723,-1
11724,1
11725,-1
11726,0
11727,0
11728,1
11729,0
11730,1
11731,-1
11732,1
11733,-1
11734,1
11735,1
11736,0
11737,0
11738,1
11739,0
11740,0
11741,0
11742,0
11743,0
11744,0
11745,1
11746,0
11747,0
11748,0
11749,1
11750,0
11751,1
11752,0
11753,-1
11754,-9
11755,0
11756,0
11757,1
11758,0
11759,0
11760,-1
11761,0
11762,0
11763,0
11764,0
11765,-1
11766,0
11767,0
11768,0
11769,-1
11770,2
11771,1
11772,1
11773,0
11774,0
11775,0
11776,0
11777,-1
11778,0
11779,0
11780,0
11781,0
11782,0
11783,-1
11784,1
11785,0
11786,0
11787,0
11788,-1
11789,-1
11790,0
11791,1
11792,1
11793,0
11794,1
11795,0
11796,0
11797,-1
11798,1
11799,0
11800,-1
11801,0
11802,0
11803,1
11804,0
11805,0
11806,0
11807,-1
11808,0
11809,0
11810,0
11811,0
11812,-1
11813,1
11814,0
11815,0
11816,0
11817,1
11818,3
11819,0
11820,-1
11821,0
11822,0
11823,0
11824,1
11825,0
11826,-1
11827,2
11828,0
11829,0
11830,1
11831,0
11832,0
11833,0
11834,-2
11835,0
11836,0
11837,0
11838,0
11839,0
11840,1
11841,0
11842,0
11843,-1
11844,-1
11845,-1
11846,-1
11847,1
11848,0
11849,0
11850,-1
11851,0
11852,0
11853,0
11854,-1
11855,-1
11856,0
11857,0
11858,-1
11859,0
11860,-1
11861,0
11862,0
11863,0
11864,0
11865,1
11866,0
11867,0
11868,0
11869,-1
11870,0
11871,-1
11872,0
11873,-1
11874,0
11875,0
11876,0
11877,-1
11878,1
11879,0
11880,1
11881,0
11882,1
11883,-1
11884,0
11885,0
11886,0
11887,0
11888,0
11889,1
11890,0
11891,0
11892,-1
11893,-1
11894,0
11895,0
11896,1
11897,0
11898,1
11899,1
11900,2
11901,0
11902,1
11903,2
11904,0
11905,2
11906,0
11907,1
11908,0
11909,0
11910,0
11911,1
11912,0
11913,0
11914,0
11915,0
11916,0
11917,-1
11918,-1
11919,0
11920,0
11921,-1
11922,0
11923,-1
11924,0
11925,0
11926,0
11927,-1
11928,-1
11929,1
11930,0
11931,0
11932,0
11933,-1
11934,1
11935,0
11936,0
11937,-1
11938,0
11939,-1
11940,0
11941,0
11942,0
11943,0
11944,0
11945,0
11946,0
11947,0
11948,0
11949,-1
11950,0
11951,1
11952,0
11953,0
11954,-1
11955,0
11956,-1
11957,0
11958,-1
11959,0
11960,0
11961,0
11962,0
11963,0
11964,-2
11965,0
11966,0
11967,0
11968,0
11969,0
11970,-1
11971,0
11972,0
11973,-2
11974,0
11975,0
11976,0
11977,-1
11978,0
11979,0
11980,-1
11981,-1
11982,0
11983,-2
11984,0
11985,1
11986,0
11987,0
11988,-1
11989,0
11990,0
11991,-1
11992,0
11993,-1
11994,-1
11995,-1
11996,0
11997,-1
11998,0
11999,0
12000,0
12001,-1
12002,0
12003,-1
12004,1
12005,0
12006,-1
12007,0
12008,0
12009,-1
12010,0
12011,0
12012,1
12013,0
12014,0
12015,0
12016,-1
12017,0
12018,0
12019,-2
12020,0
12021,0
12022,1
12023,-1
12024,1
12025,-1
12026,0
12027,-2
12028,0
12029,0
12030,-1
12031,0
12032,0
12033,0
12034,1
12035,2
12036,0
12037,1
12038,0
12039,0
12040,0
12041,0
12042,0
12043,1
12044,1
12045,0
12046,-2
12047,0
12048,0
12049,0
12050,1
12051,0
12052,1
12053,2
12054,1
12055,0
12056,-1
12057,-1
12058,0
12059,0
12060,0
12061,0
12062,0
12063,0
12064,0
12065,0
12066,0
12067,0
12068,2
12069,1
12070,0
12071,0
12072,1
12073,0
12074,0
12075,0
12076,0
12077,0
12078,0
12079,-1
12080,0
12081,1
12082,0
12083,-1
12084,-1
12085,1
12086,-1
12087,2
12088,-1
12089,1
12090,-1
12091,0
12092,0
12093,1
12094,-1
12095,0
12096,0
12097,0
12098,0
12099,0
12100,0
12101,0
12102,1
12103,0
12104,1
12105,-1
12106,0
12107,0
12108,0
12109,-1
12110,0
12111,-1
12112,0
12113,-1
12114,0
12115,-1
12116,0
12117,0
12118,0
12119,1
12120,0
12121,2
12122,-1
12123,0
12124,0
12125,1
12126,-1
12127,2
12128,0
12129,0
12130,0
12131,0
12132,0
12133,1
12134,1
12135,0
12136,1
12137,0
12138,-1
12139,1
12140,-1
12141,-1
12142,0
12143,-1
12144,0
12145,-1
12146,1
12147,-1
12148,-1
12149,1
12150,1
12151,0
12152,0
12153,1
12154,1
12155,0
12156,1
12157,1
12158,-1
12159,0
12160,0
12161,-1
12162,-1
12163,0
12164,0
12165,-1
12166,0
12167,-1
12168,-1
12169,0
12170,-1
12171,0
12172,-1
12173,-1
12174,0
12175,0
12176,0
12177,0
12178,0
12179,0
12180,1
12181,0
12182,0
12183,1
12184,0
12185,-1
12186,0
12187,0
12188,0
12189,1
12190,0
12191,-1
12192,-1
12193,0
12194,-1
12195,0
12196,0
12197,1
12198,0
12199,0
12200,0
12201,0
12202,-1
12203,-1
12204,-1
12205,-2
12206,0
12207,0
12208,2
12209,1
12210,0
12211,1
12212,-1
12213,2
12214,1
12215,-1
12216,0
12217,1
12218,0
12219,-1
12220,0
12221,0
12222,0
12223,2
12224,0
12225,0
12226,1
12227,2
12228,-1
12229,0
12230,0
12231,0
12232,1
12233,-1
12234,0
12235,-1
12236,0
12237,0
12238,-1
12239,-2
12240,0
12241,0
12242,0
12243,1
12244,1
12245,-1
12246,0
12247,-1
12248,0
12249,0
12250,-1
12251,1
12252,-1
12253,1
12254,0
12255,-1
12256,0
12257,0
12258,0
12259,0
12260,0
12261,-1
12262,-1
12263,-1
12264,1
12265,1
12266,0
12267,0
12268,0
12269,0
12270,0
12271,1
12272,0
12273,-1
12274,-1
12275,-1
12276,0
12277,-1
12278,0
12279,0
12280,-1
12281,0
12282,0
12283,1
12284,0
12285,0
12286,-1
12287,0
12288,-1
12289,-2
12290,-1
12291,-1
12292,0
12293,0
12294,0
12295,0
12296,0
12297,-2
12298,0
12299,0
12300,-1
12301,0
12302,1
12303,1
12304,1
12305,-1
12306,0
12307,0
12308,0
12309,-1
12310,-1
12311,-1
12312,0
12313,0
12314,1
12315,0
12316,0
12317,-1
12318,0
12319,0
12320,-1
12321,1
12322,0
12323,-1
12324,0
12325,0
12326,0
12327,-1
12328,0
12329,0
12330,0
12331,0
12332,0
12333,-2
12334,0
12335,-1
12336,0
12337,-1
12338,0
12339,-1
12340,0
12341,-1
12342,-1
12343,-1
12344,-1
12345,-1
12346,0
12347,0
12348,-1
12349,0
12350,-2
12351,-1
12352,1
12353,0
12354,0
12355,-1
12356,-1
12357,-1
12358,-1
12359,0
12360,0
12361,-2
12362,0
12363,0
12364,0
12365,-1
12366,0
12367,0
12368,0
12369,-1
12370,0
12371,0
12372,0
12373,0
12374,0
12375,0
12376,-1
12377,-1
12378,0
12379,0
12380,-2
12381,0
12382,-1
12383,0
12384,0
12385,0
12386,0
12387,0
12388,0
12389,0
12390,0
12391,0
12392,0
12393,0
12394,0
12395,0
12396,-1
12397,0
12398,-1
12399,0
12400,0
12401,-1
12402,2
12403,0
12404,-1
12405,1
12406,0
12407,-1
12408,1
12409,-1
12410,0
12411,0
12412,0
12413,-2
12414,2
12415,0
12416,0
12417,0
12418,0
12419,-1
12420,2
12421,0
12422,0
12423,0
12424,0
12425,-1
12426,1
12427,0
12428,-1
12429,1
12430,0
12431,-1
12432,1
12433,0
12434,0
12435,-1
12436,1
12437,0
12438,-1
12439,1
12440,0
12441,-1
12442,1
12443,-1
12444,-1
12445,-1
12446,-1
12447,-1
12448,0
12449,0
12450,-1
12451,0
12452,0
12453,0
12454,2
12455,-1
12456,0
12457,-2
12458,2
12459,1
12460,1
12461,-1
12462,2
12463,0
12464,1
12465,-1
12466,0
12467,0
12468,-1
12469,2
12470,1
12471,1
12472,-1
12473,2
12474,1
12475,0
12476,-1
12477,2
12478,1
12479,0
12480,-1
12481,2
12482,0
12483,0
12484,-2
12485,0
12486,-2
12487,0
12488,-1
12489,0
12490,0
12491,0
12492,-1
12493,3
12494,-1
12495,-1
12496,0
12497,0
12498,0
12499,-1
12500,0
12501,0
12502,0
12503,0
12504,0
12505,0
12506,-2
12507,0
12508,0
12509,0
12510,0
12511,-1
12512,1
12513,0
12514,0
12515,1
12516,0
12517,1
12518,1
12519,0
12520,0
12521,0
12522,-1
12523,0
12524,-1
12525,0
12526,-1
12527,1
12528,-1
12529,1
12530,0
12531,0
12532,-1
12533,3
12534,0
12535,-1
12536,-3
12537,1
12538,0
12539,0
12540,0
12541,0
12542,-1
12543,3
12544,-2
12545,-1
12546,0
12547,0
12548,-1
12549,-1
12550,0
12551,0
12552,0
12553,3
12554,-1
12555,0
12556,-1
12557,2
12558,-1
12559,-1
12560,2
12561,-1
12562,0
12563,-1
12564,3
12565,-1
12566,0
12567,-1
12568,2
12569,-1
12570,-1
12571,1
12572,-3
12573,0
12574,1
12575,0
12576,0
12577,0
12578,0
12579,-1
12580,0
12581,0
12582,-1
12583,0
12584,0
12585,0
12586,0
12587,-1
12588,0
12589,-1
12590,0
12591,0
12592,0
12593,-2
12594,0
12595,0
12596,-1
12597,0
12598,0
12599,-1
12600,1
12601,1
12602,0
12603,0
12604,-1
12605,2
12606,-1
12607,0
12608,0
12609,0
12610,0
12611,0
12612,0
12613,1
12614,0
12615,0
12616,0
12617,0
12618,0
12619,0
12620,-2
12621,0
12622,-1
12623,0
12624,0
12625,0
12626,0
12627,0
12628,0
12629,0
12630,1
12631,0
12632,0
12633,0
12634,0
12635,0
12636,-1
12637,0
12638,0
12639,2
12640,-2
12641,0
12642,0
12643,0
12644,0
12645,-1
12646,0
12647,0
12648,0
12649,-1
12650,0
12651,0
12652,0
12653,-1
12654,0
12655,0
12656,-1
12657,0
12658,0
12659,0
12660,0
12661,1
12662,0
12663,-1
12664,0
12665,-1
12666,0
12667,0
12668,0
12669,0
12670,0
12671,0
12672,0
12673,-1
12674,1
12675,0
12676,-1
12677,-1
12678,0
12679,0
12680,-1
12681,1
12682,0
12683,-1
12684,0
12685,0
12686,0
12687,-2
12688,-1
12689,-1
12690,0
12691,-1
12692,0
12693,-1
12694,0
12695,0
12696,0
12697,0
12698,-2
12699,-1
12700,0
12701,-1
12702,0
12703,0
12704,0
12705,1
12706,0
12707,1
12708,0
12709,-1
12710,0
12711,-1
12712,0
12713,0
12714,-1
12715,-1
12716,0
12717,-1
12718,-1
12719,-1
12720,-1
12721,-1
12722,-1
12723,0
12724,0
12725,-1
12726,-1
12727,-1
12728,-1
12729,-1
12730,0
12731,-1
12732,-1
12733,-1
12734,-1
12735,-1
12736,-1
12737,-1
12738,-1
12739,-1
12740,0
12741,0
12742,-1
12743,-1
12744,-1
12745,0
12746,-1
12747,-1
12748,0
12749,-1
12750,-2
12751,0
12752,-1
12753,-1
12754,0
12755,0
12756,0
12757,0
12758,-1
12759,0
12760,-1
12761,-1
12762,-1
12763,0
12764,-1
12765,0
12766,-2
12767,0
12768,-1
12769,0
12770,0
12771,0
12772,0
12773,0
12774,0
12775,0
12776,0
12777,0
12778,0
12779,0
12780,0
12781,0
12782,0
12783,0
12784,-1
12785,0
12786,0
12787,-1
12788,-1
12789,0
12790,-1
12791,0
12792,0
12793,0
12794,0
12795,0
12796,-2
12797,0
12798,0
12799,-2
12800,0
12801,0
12802,0
12803,0
12804,-1
12805,0
12806,0
12807,0
12808,0
12809,0
12810,0
12811,1
12812,0
12813,0
12814,-1
12815,0
12816,0
12817,0
12818,0
12819,0
12820,0
12821,0
12822,-2
12823,0
12824,-1
12825,0
12826,-1
12827,0
12828,0
12829,0
12830,0
12831,0
12832,0
12833,0
12834,-2
12835,0
12836,0
12837,-1
12838,0
12839,-1
12840,2
12841,0
12842,-1
12843,2
12844,0
12845,1
12846,0
12847,-1
12848,1
12849,0
12850,-1
12851,1
12852,0
12853,-1
12854,0
12855,0
12856,-2
12857,1
12858,0
12859,-1
12860,2
12861,0
12862,-2
12863,1
12864,1
12865,-1
12866,1
12867,0
12868,0
12869,-1
12870,1
12871,0
12872,-1
12873,1
12874,0
12875,-1
12876,1
12877,0
12878,0
12879,0
12880,0
12881,0
12882,-1
12883,0
12884,-1
12885,0
12886,0
12887,0
12888,-1
12889,1
12890,0
12891,0
12892,0
12893,1
12894,0
12895,1
12896,-1
12897,0
12898,0
12899,-1
12900,0
12901,0
12902,0
12903,1
12904,0
12905,-2
12906,1
12907,-1
12908,0
12909,0
12910,0
12911,-2
12912,2
12913,1
12914,-1
12915,0
12916,0
12917,-1
12918,-1
12919,0
12920,-1
12921,2
12922,0
12923,0
12924,-2
12925,2
12926,0
12927,0
12928,-1
12929,0
12930,0
12931,-1
12932,2
12933,1
12934,0
12935,-1
12936,2
12937,1
12938,0
12939,-1
12940,2
12941,0
12942,1
12943,0
12944,0
12945,-1
12946,1
12947,-1
12948,1
12949,-1
12950,1
12951,0
12952,0
12953,-1
12954,1
12955,-1
12956,1
12957,-1
12958,0
12959,-1
12960,0
12961,-1
12962,-1
12963,-1
12964,0
12965,-1
12966,1
12967,-1
12968,-1
12969,1
12970,-1
12971,1
12972,-1
12973,1
12974,-1
12975,1
12976,-1
12977,0
12978,0
12979,-1
12980,3
12981,-2
12982,0
12983,-1
12984,1
12985,0
12986,1
12987,0
12988,0
12989,-1
12990,0
12991,0
12992,-1
12993,2
12994,-1
12995,0
12996,0
12997,0
12998,0
12999,0
13000,0
13001,0
13002,0
13003,0
13004,0
13005,-2
13006,0
13007,1
13008,-1
13009,2
13010,-1
13011,0
13012,-2
13013,-1
13014,0
13015,-1
13016,3
13017,-2
13018,0
13019,-1
13020,1
13021,0
13022,0
13023,0
13024,3
13025,-1
13026,0
13027,0
13028,3
13029,-2
13030,0
13031,-2
13032,2
13033,0
13034,-1
13035,3
13036,0
13037,0
13038,0
13039,0
13040,0
13041,0
13042,-1
13043,2
13044,-1
13045,0
13046,0
13047,2
13048,-2
13049,0
13050,0
13051,3
13052,-2
13053,-1
13054,-1
13055,0
13056,-1
13057,1
13058,0
13059,0
13060,1
13061,0
13062,-1
13063,0
13064,0
13065,-1
13066,-1
13067,0
13068,-1
13069,1
13070,0
13071,0
13072,-1
13073,0
13074,-1
13075,-1
13076,0
13077,-1
13078,1
13079,0
13080,0
13081,1
13082,0
13083,-1
13084,-1
13085,-1
13086,0
13087,0
13088,-1
13089,-1
13090,0
13091,-1
13092,1
13093,1
13094,0
13095,0
13096,-1
13097,0
13098,0
13099,-2
13100,0
13101,0
13102,-1
13103,0
13104,-1
13105,0
13106,0
13107,0
13108,0
13109,0
13110,0
13111,-1
13112,-1
13113,-1
13114,-1
13115,-1
13116,0
13117,-2
13118,-1
13119,0
13120,0
13121,-1
13122,1
13123,-1
13124,-1
13125,-1
13126,-1
13127,-1
13128,1
13129,-1
13130,0
13131,-1
13132,0
13133,-1
13134,0
13135,0
13136,0
13137,0
13138,0
13139,-1
13140,0
13141,0
13142,0
13143,-2
13144,0
13145,-1
13146,0
13147,0
13148,0
13149,0
13150,1
13151,0
13152,0
13153,-1
13154,-1
13155,0
13156,0
13157,0
13158,0
13159,0
13160,-2
13161,0
13162,0
13163,0
13164,0
13165,0
13166,0
13167,0
13168,-1
13169,0
13170,1
13171,0
13172,0
13173,0
13174,0
13175,0
13176,1
13177,0
13178,0
13179,0
13180,0
13181,1
13182,0
13183,-1
13184,2
13185,0
13186,1
13187,1
13188,-1
13189,0
13190,1
13191,0
13192,0
13193,1
13194,0
13195,0
13196,0
13197,-1
13198,-1
13199,0
13200,1
13201,-1
13202,0
13203,0
13204,-1
13205,0
13206,-1
13207,1
13208,0
13209,0
13210,-1
13211,-1
13212,-1
13213,0
13214,0
13215,0
13216,0
13217,0
13218,0
13219,1
13220,0
13221,-1
13222,1
13223,2
13224,0
13225,0
13226,-1
13227,0
13228,0
13229,0
13230,-2
13231,0
13232,-1
13233,0
13234,-1
13235,0
13236,-1
13237,0
13238,0
13239,0
13240,0
13241,0
13242,1
13243,0
13244,-1
13245,0
13246,1
13247,0
13248,0
13249,0
13250,0
13251,0
13252,0
13253,1
13254,0
13255,0
13256,0
13257,0
13258,0
13259,1
13260,0
13261,-1
13262,0
13263,0
13264,0
13265,-1
13266,0
13267,-1
13268,0
13269,-1
13270,-1
13271,0
13272,-1
13273,0
13274,-1
13275,0
13276,0
13277,0
13278,0
13279,1
13280,-1
13281,-1
13282,0
13283,0
13284,0
13285,-1
13286,0
13287,-1
13288,-1
13289,0
13290,-1
13291,-1
13292,0
13293,0
13294,0
13295,0
13296,0
13297,-1
13298,0
13299,-1
13300,-1
13301,-1
13302,0
13303,-1
13304,-1
13305,0
13306,-1
13307,2
13308,1
13309,1
13310,2
13311,0
13312,2
13313,0
13314,-1
13315,0
13316,0
13317,1
13318,1
13319,0
13320,0
13321,0
13322,0
13323,2
13324,-2
13325,0
13326,0
13327,0
13328,0
13329,0
13330,0
13331,-1
13332,0
13333,0
13334,-1
13335,0
13336,-1
13337,0
13338,0
13339,0
13340,-1
13341,0
13342,0
13343,-1
13344,0
13345,0
13346,0
13347,0
13348,0
13349,1
13350,0
13351,2
13352,0
13353,-2
13354,0
13355,-1
13356,0
13357,2
13358,1
13359,0
13360,-2
13361,0
13362,1
13363,0
13364,0
13365,0
13366,1
13367,1
13368,0
13369,0
13370,0
13371,0
13372,0
13373,0
13374,0
13375,0
13376,1
13377,0
13378,0
13379,0
13380,0
13381,0
13382,0
13383,-1
13384,-1
13385,-1
13386,0
13387,0
13388,-2
13389,-1
13390,-1
13391,0
13392,-1
13393,-2
13394,-1
13395,0
13396,0
13397,-1
13398,0
13399,-1
13400,-1
13401,-1
13402,-2
13403,-2
13404,0
13405,0
13406,0
13407,-1
13408,0
13409,-1
13410,-3
13411,0
13412,-1
13413,-2
13414,2
13415,0
13416,0
13417,-2
13418,0
13419,-2
13420,0
13421,0
13422,1
13423,0
13424,2
13425,0
13426,0
13427,0
13428,-1
13429,0
13430,1
13431,0
13432,0
13433,0
13434,2
13435,1
13436,0
13437,0
13438,1
13439,0
13440,1
13441,0
13442,-1
13443,-4
13444,0
13445,-1
13446,0
13447,0
13448,2
13449,0
13450,1
13451,-1
13452,1
13453,-1
13454,0
13455,0
13456,1
13457,0
13458,1
13459,-1
13460,-1
13461,0
13462,0
13463,0
13464,-1
13465,0
13466,-2
13467,0
13468,0
13469,-2
13470,-1
13471,-6
13472,0
13473,-11
13474,0
13475,1
13476,-2
13477,0
13478,-1
13479,-1
13480,0
13481,0
13482,-1
13483,0
13484,-1
13485,0
13486,-2
13487,0
13488,0
13489,-1
13490,0
13491,0
13492,-1
13493,-1
13494,0
13495,-1
13496,-1
13497,0
13498,0
13499,0
13500,0
13501,0
13502,0
13503,0
13504,0
13505,0
13506,0
13507,0
13508,-1
13509,0
13510,-1
13511,0
13512,-1
13513,-1
13514,-1
13515,-1
13516,-1
13517,0
13518,-2
13519,0
13520,1
13521,1
13522,0
13523,1
13524,1
13525,0
13526,0
13527,0
13528,0
13529,0
13530,0
13531,-1
13532,0
13533,0
13534,0
13535,-1
13536,0
13537,-1
13538,0
13539,0
13540,1
13541,1
13542,-1
13543,0
13544,-1
13545,-1
13546,0
13547,0
13548,1
13549,0
13550,1
13551,-1
13552,0
13553,0
13554,0
13555,-1
13556,0
13557,0
13558,0
13559,0
13560,0
13561,0
13562,0
13563,-1
13564,-1
13565,0
13566,0
13567,0
13568,0
13569,0
13570,0
13571,1
13572,0
13573,-1
13574,0
13575,0
13576,2
13577,0
13578,0
13579,0
13580,-1
13581,-1
13582,0
13583,0
13584,-1
13585,0
13586,1
13587,-1
13588,0
13589,0
13590,0
13591,-1
13592,0
13593,-1
13594,-1
13595,0
13596,1
13597,1
13598,1
13599,1
13600,-2
13601,-1
13602,0
13603,1
13604,1
13605,-2
13606,0
13607,0
13608,0
13609,-1
13610,0
13611,0
13612,0
13613,1
13614,-1
13615,1
13616,1
13617,0
13618,-1
13619,1
13620,0
13621,0
13622,0
13623,0
13624,0
13625,1
13626,0
13627,0
13628,1
13629,0
13630,1
13631,0
13632,0
13633,0
13634,1
13635,0
13636,0
13637,1
13638,0
13639,-1
13640,0
13641,1
13642,0
13643,0
13644,-1
13645,1
13646,1
13647,-1
13648,-1
13649,1
13650,0
13651,0
13652,1
13653,0
13654,1
13655,0
13656,1
13657,-1
13658,0
13659,-1
13660,-1
13661,0
13662,1
13663,3
13664,-1
13665,2
13666,1
13667,0
13668,0
13669,-1
13670,1
13671,0
13672,1
13673,0
13674,0
13675,1
13676,1
13677,1
13678,0
13679,0
13680,0
13681,0
13682,0
13683,0
13684,0
13685,0
13686,1
13687,0
13688,0
13689,-1
13690,0
13691,0
13692,-1
13693,-1
13694,0
13695,-1
13696,0
13697,-1
13698,0
13699,0
13700,-2
13701,1
13702,0
13703,0
13704,0
13705,-1
13706,-1
13707,0
13708,0
13709,0
13710,0
13711,-1
13712,0
13713,0
13714,0
13715,-1
13716,0
13717,0
13718,0
13719,-1
13720,0
13721,0
13722,0
13723,0
13724,0
13725,0
13726,-2
13727,1
13728,0
13729,0
13730,2
13731,1
13732,0
13733,-1
13734,0
13735,-1
13736,-1
13737,1
13738,0
13739,0
13740,0
13741,0
13742,-1
13743,-1
13744,-1
13745,0
13746,0
13747,1
13748,0
13749,-1
13750,0
13751,0
13752,0
13753,0
13754,1
13755,1
13756,0
13757,-1
13758,0
13759,0
13760,0
13761,0
13762,1
13763,0
13764,0
13765,0
13766,0
13767,0
13768,0
13769,-1
13770,-2
13771,0
13772,0
13773,0
13774,1
13775,0
13776,-1
13777,0
13778,0
13779,0
13780,0
13781,0
13782,1
13783,0
13784,0
13785,1
13786,-1
13787,0
13788,0
13789,0
13790,0
13791,0
13792,-1
13793,-1
13794,-1
13795,0
13796,0
13797,0
13798,0
13799,-1
13800,0
13801,0
13802,0
13803,0
13804,1
13805,0
13806,1
13807,0
13808,0
13809,0
13810,-1
13811,0
13812,0
13813,0
13814,0
13815,0
13816,0
13817,0
13818,0
13819,0
13820,-1
13821,-1
13822,-2
13823,-2
13824,0
13825,0
13826,0
13827,0
13828,0
13829,0
13830,0
13831,-1
13832,0
13833,-1
13834,0
13835,1
13836,-1
13837,-1
13838,0
13839,1
13840,0
13841,0
13842,0
13843,0
13844,0
13845,0
13846,0
13847,-1
13848,-1
13849,2
13850,0
13851,-2
13852,0
13853,0
13854,0
13855,0
13856,-1
13857,0
13858,0
13859,0
13860,-1
13861,0
13862,-1
13863,0
13864,0
13865,0
13866,0
13867,-1
13868,0
13869,0
13870,0
13871,1
13872,0
13873,0
13874,0
13875,0
13876,0
13877,0
13878,1
13879,0
13880,0
13881,2
13882,1
13883,0
13884,0
13885,0
13886,1
13887,0
13888,2
13889,0
13890,0
13891,0
13892,0
13893,1
13894,0
13895,2
13896,1
13897,0
13898,0
13899,1
13900,1
13901,-1
13902,0
13903,-2
13904,0
13905,0
13906,0
13907,1
13908,-1
13909,0
13910,0
13911,1
13912,0
13913,0
13914,1
13915,1
13916,-1
13917,1
13918,1
13919,0
13920,0
13921,-1
13922,-1
13923,0
13924,-1
13925,0
13926,1
13927,0
13928,0
13929,0
13930,-1
13931,0
13932,0
13933,0
13934,0
13935,0
13936,0
13937,1
13938,0
13939,0
13940,1
13941,0
13942,0
13943,0
13944,1
13945,0
13946,0
13947,-1
13948,0
13949,-1
13950,-1
13951,-1
13952,0
13953,0
13954,-1
13955,0
13956,-1
13957,0
13958,-1
13959,0
13960,0
13961,0
13962,-1
13963,1
13964,-1
13965,0
13966,1
13967,0
13968,0
13969,0
13970,-1
13971,1
13972,0
13973,-1
13974,0
13975,-1
13976,-1
13977,0
13978,-1
13979,0
13980,0
13981,0
13982,0
13983,-1
13984,0
13985,-1
13986,0
13987,-2
13988,0
13989,-1
13990,0
13991,-1
13992,0
13993,-1
13994,0
13995,-1
13996,0
13997,-1
13998,-1
13999,-1
14000,0
14001,-1
14002,0
14003,-1
14004,-1
14005,0
14006,0
14007,0
14008,-1
14009,-1
14010,0
14011,-1
14012,0
14013,0
14014,0
14015,0
14016,-1
14017,-1
14018,-1
14019,0
14020,0
14021,-1
14022,-1
14023,0
14024,0
14025,0
14026,0
14027,0
14028,0
14029,-1
14030,0
14031,0
14032,1
14033,-1
14034,0
14035,-1
14036,0
14037,-1
14038,0
14039,-1
14040,0
14041,-1
14042,0
14043,0
14044,-1
14045,-1
14046,0
14047,0
14048,0
14049,0
14050,0
14051,0
14052,0
14053,0
14054,-1
14055,-1
14056,-1
14057,-1
14058,-1
14059,-1
14060,0
14061,-1
14062,-1
14063,1
14064,0
14065,-1
14066,-1
14067,0
14068,0
14069,-1
14070,0
14071,0
14072,-1
14073,0
14074,0
14075,-1
14076,0
14077,0
14078,0
14079,-1
14080,2
14081,1
14082,1
14083,-1
14084,0
14085,-2
14086,0
14087,0
14088,1
14089,-1
14090,2
14091,0
14092,-1
14093,3
14094,1
14095,-1
14096,0
14097,0
14098,-1
14099,2
14100,0
14101,0
14102,-1
14103,0
14104,-1
14105,0
14106,-1
14107,-1
14108,1
14109,-1
14110,0
14111,-1
14112,1
14113,0
14114,-1
14115,0
14116,0
14117,0
14118,0
14119,-1
14120,0
14121,-1
14122,-2
14123,1
14124,-2
14125,-1
14126,1
14127,0
14128,0
14129,0
14130,-1
14131,0
14132,-3
14133,1
14134,1
14135,0
14136,2
14137,0
14138,0
14139,-1
14140,0
14141,-1
14142,0
14143,-1
14144,0
14145,0
14146,0
14147,0
14148,0
14149,0
14150,-1
14151,0
14152,-1
14153,0
14154,-1
14155,0
14156,0
14157,-1
14158,0
14159,0
14160,0
14161,0
14162,0
14163,0
14164,-1
14165,-1
14166,0
14167,-2
14168,0
14169,-1
14170,0
14171,0
14172,0
14173,0
14174,-3
14175,0
14176,-1
14177,2
14178,-2
14179,0
14180,0
14181,-2
14182,0
14183,-2
14184,-2
14185,3
14186,0
14187,0
14188,-2
14189,3
14190,-1
14191,0
14192,-1
14193,2
14194,1
14195,-1
14196,0
14197,-2
14198,1
14199,-1
14200,0
14201,0
14202,0
14203,1
14204,-2
14205,0
14206,1
14207,0
14208,0
14209,-1
14210,1
14211,0
14212,0
14213,-1
14214,0
14215,-1
14216,0
14217,0
14218,0
14219,0
14220,0
14221,-1
14222,1
14223,-1
14224,1
14225,-1
14226,0
14227,0
14228,0
14229,-1
14230,0
14231,-1
14232,0
14233,0
14234,0
14235,-2
14236,0
14237,1
14238,0
14239,0
14240,-2
14241,0
14242,0
14243,0
14244,0
14245,0
14246,0
14247,0
14248,-1
14249,0
14250,0
14251,0
14252,0
14253,0
14254,0
14255,-1
14256,1
14257,-1
14258,-1
14259,0
14260,-1
14261,0
14262,0
14263,1
14264,0
14265,0
14266,0
14267,-1
14268,2
14269,-2
14270,0
14271,0
14272,0
14273,0
14274,0
14275,0
14276,0
14277,0
14278,-1
14279,0
14280,0
14281,1
14282,0
14283,0
14284,0
14285,-2
14286,1
14287,0
14288,0
14289,0
14290,0
14291,-1
14292,0
14293,0
14294,0
14295,0
14296,1
14297,0
14298,1
14299,0
14300,1
14301,-1
14302,1
14303,-1
14304,0
14305,0
14306,0
14307,0
14308,-1
14309,0
14310,1
14311,0
14312,0
14313,0
14314,0
14315,0
14316,0
14317,0
14318,0
14319,-1
14320,-1
14321,-2
14322,0
14323,0
14324,0
14325,0
14326,0
14327,0
14328,0
14329,0
14330,-1
14331,0
14332,0
14333,-1
14334,-1
14335,-1
14336,0
14337,0
14338,0
14339,0
14340,-1
14341,0
14342,0
14343,-1
14344,0
14345,-1
14346,0
14347,-2
14348,0
14349,0
14350,0
14351,0
14352,0
14353,-1
14354,-1
14355,0
14356,0
14357,0
14358,-1
14359,0
14360,0
14361,-1
14362,0
14363,-2
14364,0
14365,0
14366,-1
14367,0
14368,0
14369,-1
14370,0
14371,0
14372,-1
14373,0
14374,-1
14375,0
14376,-2
14377,1
14378,0
14379,0
14380,0
14381,0
14382,-1
14383,0
14384,-1
14385,0
14386,-1
14387,0
14388,-1
14389,0
14390,0
14391,-1
14392,0
14393,-1
14394,0
14395,-1
14396,-1
14397,0
14398,0
14399,-1
14400,0
14401,0
14402,0
14403,0
14404,0
14405,0
14406,0
14407,-1
14408,0
14409,0
14410,-1
14411,0
14412,0
14413,1
14414,0
14415,0
14416,-1
14417,0
14418,-1
14419,0
14420,-1
14421,-1
14422,0
14423,0
14424,0
14425,-1
14426,-1
14427,-1
14428,-1
14429,-1
14430,-1
14431,-1
14432,-1
14433,0
14434,-1
14435,0
14436,0
14437,0
14438,0
14439,-1
14440,0
14441,0
14442,0
14443,1
14444,0
14445,1
14446,0
14447,-1
14448,0
14449,-1
14450,0
14451,0
14452,-1
14453,-1
14454,-1
14455,0
14456,-1
14457,0
14458,0
14459,0
14460,0
14461,0
14462,0
14463,0
14464,0
14465,-1
14466,-2
14467,0
14468,-1
14469,0
14470,1
14471,0
14472,0
14473,0
14474,0
14475,0
14476,0
14477,0
14478,0
14479,0
14480,1
14481,0
14482,0
14483,-1
14484,-2
14485,1
14486,-1
14487,0
14488,0
14489,0
14490,0
14491,0
14492,0
14493,0
14494,-1
14495,0
14496,1
14497,-2
14498,0
14499,0
14500,0
14501,0
14502,0
14503,0
14504,-2
14505,0
14506,0
14507,0
14508,0
14509,0
14510,0
14511,1
14512,0
14513,0
14514,-1
14515,0
14516,0
14517,-1
14518,0
14519,-1
14520,1
14521,-1
14522,0
14523,0
14524,0
14525,0
14526,0
14527,-1
14528,-1
14529,0
14530,-2
14531,-1
14532,-1
14533,-2
14534,-1
14535,-1
14536,-1
14537,-1
14538,-1
14539,-1
14540,0
14541,0
14542,-2
14543,-1
14544,-1
14545,0
14546,-1
14547,1
14548,1
14549,0
14550,1
14551,0
14552,-1
14553,0
14554,0
14555,0
14556,0
14557,0
14558,1
14559,0
14560,-1
14561,0
14562,0
14563,0
14564,0
14565,0
14566,-1
14567,0
14568,0
14569,-1
14570,2
14571,0
14572,0
14573,-1
14574,2
14575,0
14576,1
14577,-1
14578,2
14579,1
14580,0
14581,-1
14582,0
14583,0
14584,0
14585,0
14586,0
14587,1
14588,-1
14589,2
14590,0
14591,0
14592,0
14593,0
14594,-1
14595,0
14596,0
14597,0
14598,-1
14599,1
14600,-1
14601,0
14602,0
14603,1
14604,0
14605,1
14606,0
14607,0
14608,0
14609,0
14610,0
14611,0
14612,0
14613,0
14614,1
14615,0
14616,1
14617,0
14618,-1
14619,0
14620,0
14621,0
14622,-1
14623,1
14624,-2
14625,-2
14626,-1
14627,0
14628,0
14629,0
14630,-2
14631,-2
14632,0
14633,-1
14634,0
14635,-1
14636,0
14637,-1
14638,0
14639,-1
14640,0
14641,-1
14642,-1
14643,0
14644,0
14645,-1
14646,0
14647,0
14648,-1
14649,1
14650,-1
14651,1
14652,-1
14653,1
14654,-1
14655,0
14656,-1
14657,-1
14658,-1
14659,0
14660,0
14661,0
14662,0
14663,0
14664,0
14665,1
14666,1
14667,0
14668,1
14669,0
14670,0
14671,-1
14672,0
14673,0
14674,0
14675,0
14676,0
14677,0
14678,0
14679,0
14680,-1
14681,0
14682,-1
14683,0
14684,0
14685,-1
14686,-1
14687,0
14688,-1
14689,-1
14690,1
14691,0
14692,0
14693,0
14694,0
14695,-2
14696,0
14697,0
14698,0
14699,0
14700,1
14701,1
14702,0
14703,-1
14704,3
14705,-1
14706,0
14707,1
14708,-2
14709,1
14710,0
14711,-1
14712,0
14713,0
14714,0
14715,-3
14716,0
14717,1
14718,-1
14719,-1
14720,3
14721,-1
14722,0
14723,2
14724,0
14725,-1
14726,2
14727,0
14728,0
14729,1
14730,-2
14731,-1
14732,1
14733,-3
14734,0
14735,1
14736,0
14737,-1
14738,2
14739,-1
14740,0
14741,-1
14742,3
14743,-1
14744,1
14745,0
14746,0
14747,0
14748,0
14749,1
14750,-1
14751,0
14752,0
14753,0
14754,0
14755,0
14756,0
14757,0
14758,-2
14759,3
14760,0
14761,1
14762,0
14763,0
14764,0
14765,0
14766,0
14767,0
14768,0
14769,0
14770,0
14771,0
14772,0
14773,1
14774,0
14775,0
14776,0
14777,1
14778,1
14779,1
14780,0
14781,0
14782,0
14783,0
14784,0
14785,0
14786,0
14787,0
14788,0
14789,1
14790,0
14791,1
14792,-1
14793,1
14794,0
14795,1
14796,0
14797,1
14798,1
14799,0
14800,0
14801,0
14802,0
14803,0
14804,0
14805,-1
14806,0
14807,-1
14808,1
14809,0
14810,0
14811,-1
14812,0
14813,0
14814,0
14815,1
14816,-1
14817,-1
14818,0
14819,-1
14820,0
14821,1
14822,0
14823,0
14824,0
14825,-1
14826,0
14827,0
14828,0
14829,0
14830,-2
14831,0
14832,0
14833,-1
14834,-1
14835,-1
14836,0
14837,-1
14838,-1
14839,-1
14840,0
14841,0
14842,0
14843,1
14844,1
14845,1
14846,-1
14847,1
14848,0
14849,0
14850,0
14851,0
14852,0
14853,-1
14854,0
14855,0
14856,0
14857,0
14858,1
14859,0
14860,-1
14861,0
14862,0
14863,1
14864,-1
14865,0
14866,0
14867,1
14868,-1
14869,0
14870,1
14871,-1
14872,-1
14873,0
14874,0
14875,0
14876,0
14877,1
14878,-1
14879,0
14880,-2
14881,0
14882,0
14883,0
14884,0
14885,0
14886,0
14887,0
14888,0
14889,0
14890,0
14891,-1
14892,-1
14893,-1
14894,0
14895,0
14896,0
14897,0
14898,0
14899,0
14900,0
14901,0
14902,0
14903,-1
14904,-1
14905,3
14906,-2
14907,0
14908,1
14909,0
14910,0
14911,0
14912,0
14913,0
14914,-1
14915,0
14916,-1
14917,-1
14918,3
14919,-1
14920,1
14921,-1
14922,2
14923,0
14924,0
14925,-1
14926,0
14927,-1
14928,2
14929,0
14930,0
14931,0
14932,0
14933,0
14934,0
14935,-1
14936,0
14937,-1
14938,0
14939,0
14940,-2
14941,0
14942,-1
14943,0
14944,0
14945,-1
14946,-1
14947,-1
14948,0
14949,-1
14950,0
14951,0
14952,0
14953,1
14954,0
14955,0
14956,0
14957,0
14958,1
14959,0
14960,0
14961,1
14962,0
14963,-1
14964,0
14965,0
14966,0
14967,0
14968,0
14969,-1
14970,0
14971,-1
14972,0
14973,0
14974,-2
14975,1
14976,1
14977,0
14978,-1
14979,-1
14980,-1
14981,1
14982,0
14983,0
14984,0
14985,-2
14986,0
14987,-1
14988,0
14989,0
14990,1
14991,0
14992,-1
14993,-1
14994,-1
14995,0
14996,0
14997,2
14998,0
14999,0
15000,1
15001,0
15002,0
15003,-3
15004,0
15005,1
15006,0
15007,0
15008,-2
15009,1
15010,0
15011,0
15012,2
15013,0
15014,-1
15015,1
15016,2
15017,0
15018,1
15019,0
15020,0
15021,0
15022,1
15023,0
15024,0
15025,-1
15026,2
15027,-1
15028,1
15029,0
15030,-1
15031,0
15032,2
15033,0
15034,1
15035,0
15036,0
15037,1
15038,0
15039,-1
15040,-2
15041,-1
15042,2
15043,-1
15044,-1
15045,-1
15046,0
15047,-1
15048,1
15049,0
15050,0
15051,1
15052,-1
15053,-1
15054,0
15055,0
15056,-1
15057,-1
15058,1
15059,1
15060,0
15061,0
15062,0
15063,0
15064,-1
15065,-1
15066,0
15067,0
15068,-2
15069,-2
15070,0
15071,1
15072,0
15073,0
15074,0
15075,0
15076,0
15077,1
15078,0
15079,-1
15080,0
15081,-1
15082,-1
15083,1
15084,0
15085,-1
15086,3
15087,3
15088,0
15089,0
15090,0
15091,-2
15092,1
15093,0
15094,0
15095,1
15096,0
15097,0
15098,1
15099,0
15100,0
15101,1
15102,0
15103,0
15104,0
15105,-1
15106,1
15107,0
15108,0
15109,0
15110,0
15111,0
15112,0
15113,0
15114,0
15115,0
15116,1
15117,1
15118,0
15119,0
15120,0
15121,0
15122,0
15123,0
15124,-1
15125,0
15126,0
15127,0
15128,1
15129,0
15130,0
15131,1
15132,0
15133,0
15134,-1
15135,0
15136,0
15137,1
15138,0
15139,-1
15140,0
15141,0
15142,0
15143,0
15144,0
15145,-1
15146,0
15147,-1
15148,-1
15149,0
15150,0
15151,0
15152,-2
15153,0
15154,-1
15155,0
15156,0
15157,0
15158,0
15159,-1
15160,-1
15161,0
15162,-1
15163,0
15164,-1
15165,0
15166,0
15167,0
15168,-1
15169,-1
15170,0
15171,0
15172,0
15173,0
15174,0
15175,-1
15176,0
15177,-1
15178,0
15179,-1
15180,0
15181,0
15182,-1
15183,0
15184,0
15185,0
15186,0
15187,0
15188,-1
15189,1
15190,0
15191,0
15192,0
15193,-1
15194,0
15195,-1
15196,0
15197,-1
15198,-1
15199,-1
15200,0
15201,0
15202,0
15203,0
15204,0
15205,1
15206,0
15207,0
15208,-1
15209,-1
15210,0
15211,0
15212,0
15213,0
15214,0
15215,-1
15216,0
15217,0
15218,-1
15219,0
15220,-1
15221,0
15222,0
15223,-1
15224,0
15225,-1
15226,0
15227,0
15228,0
15229,-1
15230,-1
15231,0
15232,0
15233,0
15234,0
15235,1
15236,0
15237,0
15238,0
15239,0
15240,0
15241,0
15242,0
15243,0
15244,1
15245,-2
15246,0
15247,0
15248,0
15249,0
15250,1
15251,1
15252,1
15253,1
15254,1
15255,1
15256,0
15257,1
15258,0
15259,1
15260,0
15261,0
15262,1
15263,-1
15264,0
15265,0
15266,-1
15267,0
15268,1
15269,1
15270,0
15271,0
15272,0
15273,-1
15274,0
15275,0
15276,0
15277,-2
15278,-1
15279,0
15280,-1
15281,2
15282,0
15283,0
15284,0
15285,0
15286,0
15287,0
15288,0
15289,-1
15290,-2
15291,0
15292,0
15293,-1
15294,0
15295,0
15296,0
15297,-1
15298,0
15299,0
15300,0
15301,0
15302,0
15303,0
15304,1
15305,0
15306,1
15307,0
15308,0
15309,0
15310,0
15311,1
15312,0
15313,-1
15314,0
15315,0
15316,0
15317,0
15318,0
15319,0
15320,0
15321,1
15322,0
15323,0
15324,1
15325,-1
15326,0
15327,0
15328,0
15329,0
15330,-1
15331,0
15332,-1
15333,0
15334,0
15335,0
15336,0
15337,0
15338,0
15339,-1
15340,0
15341,0
15342,0
15343,0
15344,0
15345,1
15346,0
15347,0
15348,0
15349,1
15350,0
15351,-2
15352,0
15353,0
15354,0
15355,0
15356,0
15357,0
15358,0
15359,1
15360,0
15361,0
15362,1
15363,0
15364,-1
15365,0
15366,0
15367,-1
15368,0
15369,0
15370,-1
15371,1
15372,-1
15373,-1
15374,1
15375,-1
15376,0
15377,0
15378,0
15379,3
15380,0
15381,0
15382,-1
15383,0
15384,-1
15385,0
15386,-1
15387,-1
15388,-1
15389,1
15390,-1
15391,0
15392,0
15393,1
15394,1
15395,0
15396,-1
15397,1
15398,-1
15399,0
15400,-1
15401,0
15402,0
15403,-1
15404,0
15405,0
15406,0
15407,-1
15408,2
15409,1
15410,0
15411,0
15412,0
15413,0
15414,-2
15415,0
15416,1
15417,1
15418,0
15419,1
15420,0
15421,1
15422,1
15423,0
15424,1
15425,0
15426,0
15427,0
15428,-1
15429,0
15430,0
15431,0
15432,-1
15433,1
15434,-1
15435,0
15436,0
15437,-1
15438,0
15439,-1
15440,0
15441,-1
15442,0
15443,-1
15444,1
15445,-2
15446,-1
15447,0
15448,-1
15449,0
15450,0
15451,0
15452,0
15453,-1
15454,0
15455,0
15456,-1
15457,0
15458,-1
15459,-1
15460,0
15461,-1
15462,0
15463,-1
15464,0
15465,-1
15466,1
15467,0
15468,0
15469,1
15470,0
15471,-1
15472,1
15473,1
15474,0
15475,0
15476,0
15477,-1
15478,0
15479,-1
15480,0
15481,-1
15482,0
15483,1
15484,1
15485,0
15486,-1
15487,1
15488,1
15489,1
15490,-1
15491,0
15492,0
15493,0
15494,0
15495,0
15496,0
15497,-1
15498,0
15499,1
15500,0
15501,1
15502,0
15503,0
15504,0
15505,-1
15506,0
15507,-1
15508,0
15509,0
15510,0
15511,-2
15512,0
15513,0
15514,-2
15515,0
15516,0
15517,0
15518,0
15519,0
15520,0
15521,0
15522,-2
15523,0
15524,1
15525,-1
15526,0
15527,0
15528,0
15529,0
15530,-1
15531,0
15532,0
15533,0
15534,-2
15535,0
15536,0
15537,-1
15538,0
15539,-1
15540,1
15541,-1
15542,1
15543,0
15544,0
15545,-1
15546,2
15547,1
15548,-1
15549,-1
15550,1
15551,-1
15552,0
15553,0
15554,-1
15555,0
15556,0
15557,0
15558,0
15559,0
15560,1
15561,0
15562,1
15563,0
15564,0
15565,0
15566,0
15567,2
15568,0
15569,0
15570,-1
15571,-2
15572,0
15573,0
15574,0
15575,0
15576,0
15577,-1
15578,0
15579,0
15580,1
15581,-1
15582,-1
15583,-1
15584,1
15585,1
15586,0
15587,0
15588,0
15589,-1
15590,0
15591,-1
15592,0
15593,0
15594,1
15595,-1
15596,0
15597,0
15598,-1
15599,0
15600,0
15601,0
15602,0
15603,-1
15604,0
15605,-1
15606,0
15607,0
15608,0
15609,-1
15610,1
15611,0
15612,0
15613,0
15614,0
15615,0
15616,0
15617,0
15618,0
15619,0
15620,-1
15621,0
15622,0
15623,-1
15624,0
15625,-1
15626,0
15627,-1
15628,-1
15629,-1
15630,0
15631,-1
15632,0
15633,-1
15634,0
15635,-1
15636,-1
15637,0
15638,-1
15639,0
15640,-1
15641,0
15642,-1
15643,0
15644,-1
15645,0
15646,-1
15647,0
15648,0
15649,0
15650,-1
15651,0
15652,-1
15653,0
15654,-1
15655,0
15656,0
15657,-1
15658,0
15659,0
15660,-1
15661,0
15662,0
15663,-1
15664,-1
15665,-1
15666,0
15667,-1
15668,0
15669,-1
15670,0
15671,0
15672,-1
15673,-1
15674,-1
15675,0
15676,-2
15677,-1
15678,-1
15679,0
15680,-1
15681,-1
15682,-1
15683,0
15684,0
15685,0
15686,0
15687,0
15688,0
15689,1
15690,-1
15691,0
15692,-1
15693,0
15694,0
15695,-1
15696,0
15697,0
15698,0
15699,-1
15700,0
15701,0
15702,0
15703,-1
15704,0
15705,0
15706,0
15707,-1
15708,1
15709,-1
15710,0
15711,0
15712,1
15713,-1
15714,0
15715,-1
15716,0
15717,0
15718,-1
15719,0
15720,0
15721,-2
15722,0
15723,-1
15724,0
15725,0
15726,0
15727,0
15728,0
15729,-1
15730,0
15731,0
15732,0
15733,0
15734,-1
15735,0
15736,-2
15737,-1
15738,0
15739,-1
15740,-1
15741,0
15742,0
15743,0
15744,0
15745,0
15746,0
15747,0
15748,-1
15749,0
15750,2
15751,1
15752,0
15753,-1
15754,2
15755,0
15756,3
15757,-1
15758,0
15759,0
15760,-1
15761,0
15762,0
15763,0
15764,0
15765,0
15766,1
15767,-1
15768,0
15769,1
15770,0
15771,1
15772,-1
15773,0
15774,-1
15775,0
15776,0
15777,-1
15778,1
15779,-1
15780,0
15781,-1
15782,1
15783,-1
15784,0
15785,-1
15786,0
15787,-1
15788,2
15789,-2
15790,-1
15791,1
15792,-1
15793,1
15794,-1
15795,-1
15796,0
15797,0
15798,0
15799,-2
15800,-1
15801,0
15802,-1
15803,0
15804,-1
15805,1
15806,-1
15807,1
15808,0
15809,0
15810,0
15811,0
15812,0
15813,-1
15814,1
15815,-2
15816,-1
15817,1
15818,-2
15819,1
15820,-1
15821,0
15822,0
15823,0
15824,0
15825,0
15826,0
15827,0
15828,0
15829,0
15830,0
15831,0
15832,0
15833,-1
15834,0
15835,0
15836,-1
15837,0
15838,0
15839,0
15840,0
15841,1
15842,1
15843,1
15844,0
15845,-2
15846,0
15847,-2
15848,0
15849,-1
15850,0
15851,0
15852,0
15853,1
15854,0
15855,1
15856,0
15857,0
15858,0
15859,0
15860,0
15861,1
15862,1
15863,0
15864,1
15865,0
15866,0
15867,0
15868,1
15869,0
15870,0
15871,0
15872,0
15873,-1
15874,2
15875,-1
15876,0
15877,0
15878,-1
15879,0
15880,0
15881,-1
15882,1
15883,1
15884,-2
15885,0
15886,0
15887,0
15888,-1
15889,0
15890,0
15891,1
15892,-2
15893,0
15894,0
15895,0
15896,0
15897,0
15898,0
15899,0
15900,-2
15901,-1
15902,1
15903,1
15904,0
15905,0
15906,0
15907,3
15908,-1
15909,0
15910,0
15911,0
15912,-1
15913,1
15914,-2
15915,0
15916,-1
15917,1
15918,0
15919,0
15920,-1
15921,0
15922,0
15923,-1
15924,0
15925,-1
15926,-1
15927,-1
15928,-1
15929,-2
15930,-1
15931,-1
15932,-1
15933,-2
15934,-1
15935,-2
15936,1
15937,-2
15938,0
15939,0
15940,-3
15941,-1
15942,0
15943,0
15944,0
15945,0
15946,0
15947,0
15948,0
15949,0
15950,0
15951,0
15952,0
15953,0
15954,-2
15955,0
15956,-1
15957,0
15958,1
15959,-1
15960,-2
15961,0
15962,0
15963,0
15964,0
15965,0
15966,0
15967,-1
15968,0
15969,0
15970,-1
15971,0
15972,3
15973,-1
15974,0
15975,0
15976,0
15977,0
15978,0
15979,0
15980,0
15981,0
15982,0
15983,0
15984,0
15985,0
15986,0
15987,0
15988,-1
15989,0
15990,0
15991,0
15992,0
15993,0
15994,0
15995,-1
15996,0
15997,0
15998,-1
15999,0
16000,0
16001,0
16002,0
16003,-1
16004,0
16005,0
16006,0
16007,0
16008,0
16009,0
16010,0
16011,0
16012,0
16013,0
16014,0
16015,1
16016,0
16017,1
16018,0
16019,-1
16020,0
16021,0
16022,0
16023,0
16024,0
16025,-1
16026,0
16027,-1
16028,0
16029,0
16030,0
16031,-1
16032,0
16033,0
16034,0
16035,-1
16036,-1
16037,0
16038,0
16039,-1
16040,0
16041,0
16042,0
16043,-1
16044,0
16045,-1
16046,0
16047,0
16048,0
16049,0
16050,0
16051,0
16052,0
16053,-1
16054,0
16055,-1
16056,0
16057,1
16058,0
16059,0
16060,-1
16061,-1
16062,0
16063,0
16064,0
16065,-1
16066,0
16067,0
16068,0
16069,0
16070,0
16071,0
16072,0
16073,0
16074,0
16075,0
16076,0
16077,0
16078,0
16079,1
16080,0
16081,1
16082,0
16083,0
16084,0
16085,0
16086,-1
16087,0
16088,-1
16089,0
16090,0
16091,-1
16092,0
16093,-1
16094,0
16095,0
16096,0
16097,-1
16098,0
16099,0
16100,-1
16101,0
16102,-1
16103,1
16104,-1
16105,0
16106,-2
16107,0
16108,0
16109,0
16110,-1
16111,0
16112,-1
16113,-1
16114,0
16115,-1
16116,0
16117,-1
16118,-1
16119,0
16120,-1
16121,0
16122,0
16123,0
16124,-1
16125,-1
16126,-1
16127,0
16128,-1
16129,0
16130,0
16131,1
16132,1
16133,0
16134,0
16135,0
16136,1
16137,0
16138,-1
16139,-1
16140,-1
16141,-1
16142,0
16143,0
16144,-1
16145,0
16146,0
16147,0
16148,0
16149,-1
16150,0
16151,-1
16152,0
16153,-1
16154,0
16155,-1
16156,-1
16157,-1
16158,0
16159,-1
16160,-1
16161,-1
16162,0
16163,1
16164,-1
16165,0
16166,0
16167,0
16168,0
16169,-1
16170,0
16171,1
16172,0
16173,1
16174,0
16175,0
16176,0
16177,0
16178,-1
16179,-1
16180,-1
16181,0
16182,0
16183,1
16184,1
16185,1
16186,1
16187,0
16188,0
16189,1
16190,1
16191,1
16192,1
16193,1
16194,1
16195,0
16196,1
16197,0
16198,1
16199,0
16200,-1
16201,1
16202,-2
16203,1
16204,-1
16205,0
16206,0
16207,-1
16208,-1
16209,-1
16210,0
16211,-1
16212,0
16213,0
16214,1
16215,-1
16216,0
16217,1
16218,0
16219,0
16220,0
16221,1
16222,-2
16223,0
16224,0
16225,-1
16226,-2
16227,-1
16228,0
16229,0
16230,0
16231,-1
16232,-1
16233,0
16234,-1
16235,-1
16236,0
16237,0
16238,-1
16239,-1
16240,0
16241,1
16242,-1
16243,0
16244,0
16245,0
16246,0
16247,0
16248,0
16249,0
16250,0
16251,0
16252,0
16253,-2
16254,0
16255,0
16256,-2
16257,0
16258,0
16259,0
16260,0
16261,0
16262,0
16263,0
16264,0
16265,0
16266,-2
16267,0
16268,-1
16269,0
16270,-2
16271,0
16272,0
16273,-2
16274,0
16275,0
16276,0
16277,0
16278,0
16279,0
16280,0
16281,0
16282,0
16283,0
16284,0
16285,0
16286,0
16287,-1
16288,0
16289,0
16290,-1
16291,-1
16292,-1
16293,1
16294,0
16295,-2
16296,1
16297,-2
16298,-2
16299,0
16300,-1
16301,-2
16302,0
16303,-1
16304,-1
16305,1
16306,-1
16307,-1
16308,1
16309,-1
16310,1
16311,0
16312,-2
16313,-1
16314,0
16315,0
16316,-1
16317,1
16318,1
16319,0
16320,-1
16321,0
16322,-1
16323,0
16324,1
16325,1
16326,0
16327,0
16328,1
16329,0
16330,-1
16331,2
16332,0
16333,0
16334,-1
16335,-1
16336,0
16337,-1
16338,2
16339,1
16340,0
16341,2
16342,-1
16343,0
16344,1
16345,-1
16346,0
16347,-1
16348,0
16349,0
16350,-1
16351,2
16352,0
16353,0
16354,0
16355,-1
16356,0
16357,0
16358,-2
16359,0
16360,0
16361,0
16362,-1
16363,2
16364,0
16365,-1
16366,3
16367,0
16368,-1
16369,0
16370,0
16371,0
16372,0
16373,0
16374,0
16375,-1
16376,2
16377,0
16378,2
16379,-1
16380,0
16381,-1
16382,0
16383,0
16384,-1
16385,2
16386,1
16387,-1
16388,0
16389,0
16390,-1
16391,0
16392,0
16393,0
16394,0
16395,0
16396,0
16397,0
16398,0
16399,1
16400,0
16401,0
16402,0
16403,-1
16404,0
16405,-1
16406,-1
16407,1
16408,-2
16409,-2
16410,-1
16411,1
16412,-1
16413,1
16414,0
16415,-1
16416,0
16417,0
16418,0
16419,-1
16420,0
16421,-1
16422,0
16423,-1
16424,0
16425,-1
16426,1
16427,-1
16428,0
16429,-1
16430,0
16431,-1
16432,0
16433,0
16434,0
16435,0
16436,0
16437,1
16438,1
16439,1
16440,1
16441,0
16442,0
16443,1
16444,0
16445,0
16446,-1
16447,0
16448,0
16449,1
16450,1
16451,0
16452,-1
16453,1
16454,0
16455,0
16456,0
16457,1
16458,1
16459,0
16460,0
16461,1
16462,1
16463,-1
16464,1
16465,1
16466,1
16467,-1
16468,0
16469,1
16470,0
16471,-1
16472,1
16473,0
16474,1
16475,0
16476,-1
16477,0
16478,0
16479,0
16480,1
16481,0
16482,0
16483,1
16484,0
16485,0
16486,0
16487,0
16488,1
16489,0
16490,1
16491,0
16492,0
16493,1
16494,0
16495,0
16496,-1
16497,1
16498,-1
16499,1
16500,0
16501,-1
16502,1
16503,0
16504,1
16505,0
16506,-2
16507,1
16508,0
16509,0
16510,-2
16511,3
16512,0
16513,0
16514,0
16515,-1
16516,-1
16517,3
16518,-1
16519,0
16520,0
16521,-2
16522,0
16523,0
16524,0
16525,0
16526,1
16527,0
16528,0
16529,0
16530,1
16531,0
16532,0
16533,0
16534,0
16535,1
16536,0
16537,-1
16538,0
16539,0
16540,1
16541,0
16542,-1
16543,3
16544,0
16545,1
16546,-2
16547,0
16548,0
16549,-2
16550,1
16551,0
16552,0
16553,0
16554,0
16555,0
16556,0
16557,0
16558,0
16559,0
16560,0
16561,0
16562,0
16563,0
16564,0
16565,0
16566,0
16567,0
16568,0
16569,0
16570,0
16571,0
16572,0
16573,0
16574,0
16575,1
16576,1
16577,0
16578,1
16579,0
16580,-1
16581,1
16582,0
16583,0
16584,0
16585,0
16586,0
16587,-1
16588,0
16589,0
16590,0
16591,0
16592,-1
16593,0
16594,0
16595,0
16596,0
16597,-1
16598,-1
16599,0
16600,0
16601,1
16602,0
16603,0
16604,0
16605,0
16606,0
16607,0
16608,-1
16609,-1
16610,0
16611,0
16612,0
16613,0
16614,0
16615,0
16616,-1
16617,0
16618,0
16619,0
16620,-1
16621,0
16622,-1
16623,-1
16624,-1
16625,-2
16626,0
16627,-2
16628,-1
16629,0
16630,0
16631,-1
16632,0
16633,-1
16634,0
16635,-1
16636,0
16637,-1
16638,0
16639,0
16640,-1
16641,0
16642,0
16643,0
16644,-1
16645,0
16646,-1
16647,-1
16648,-1
16649,0
16650,-1
16651,-1
16652,0
16653,-1
16654,0
16655,0
16656,-1
16657,0
16658,0
16659,0
16660,-1
16661,-1
16662,0
16663,-1
16664,0
16665,-1
16666,-1
16667,0
16668,-1
16669,0
16670,0
16671,-1
16672,0
16673,0
16674,-1
16675,0
16676,0
16677,0
16678,0
16679,0
16680,1
16681,-1
16682,0
16683,-1
16684,1
16685,0
16686,-1
16687,1
16688,-1
16689,0
16690,0
16691,0
16692,0
16693,0
16694,0
16695,0
16696,1
16697,0
16698,0
16699,0
16700,0
16701,0
16702,0
16703,0
16704,1
16705,-1
16706,-1
16707,0
16708,0
16709,-1
16710,-1
16711,0
16712,0
16713,-1
16714,-1
16715,0
16716,-1
16717,0
16718,0
16719,-2
16720,0
16721,1
16722,1
16723,-1
16724,3
16725,-1
16726,0
16727,0
16728,-1
16729,0
16730,0
16731,0
16732,0
16733,1
16734,0
16735,-1
16736,2
16737,-1
16738,0
16739,-1
16740,0
16741,0
16742,0
16743,-1
16744,2
16745,1
16746,0
16747,-1
16748,-2
16749,0
16750,0
16751,-2
16752,0
16753,0
16754,0
16755,0
16756,-2
16757,0
16758,-1
16759,1
16760,0
16761,-1
16762,1
16763,1
16764,1
16765,0
16766,0
16767,0
16768,0
16769,0
16770,-1
16771,1
16772,-2
16773,0
16774,2
16775,-1
16776,0
16777,0
16778,0
16779,0
16780,-1
16781,0
16782,0
16783,1
16784,-1
16785,0
16786,-1
16787,0
16788,0
16789,0
16790,-2
16791,0
16792,0
16793,-1
16794,-1
16795,-1
16796,0
16797,0
16798,0
16799,-2
16800,1
16801,0
16802,-1
16803,1
16804,-1
16805,1
16806,-1
16807,0
16808,-3
16809,-1
16810,-1
16811,0
16812,0
16813,1
16814,-1
16815,0
16816,0
16817,0
16818,0
16819,1
16820,1
16821,1
16822,0
16823,0
16824,-2
16825,1
16826,0
16827,1
16828,-3
16829,0
16830,1
16831,0
16832,-1
16833,0
16834,1
16835,0
16836,0
16837,0
16838,-1
16839,1
16840,0
16841,0
16842,0
16843,0
16844,0
16845,0
16846,1
16847,0
16848,0
16849,-2
16850,0
16851,-1
16852,1
16853,0
16854,-1
16855,3
16856,-1
16857,0
16858,2
16859,-1
16860,-2
16861,2
16862,-1
16863,-1
16864,0
16865,0
16866,0
16867,1
16868,3
16869,1
16870,0
16871,0
16872,0
16873,1
16874,0
16875,-2
16876,1
16877,0
16878,0
16879,1
16880,1
16881,0
16882,0
16883,0
16884,0
16885,-1
16886,0
16887,0
16888,-2
16889,0
16890,0
16891,0
16892,-1
16893,1
16894,-1
16895,-1
16896,0
16897,1
16898,-1
16899,0
16900,0
16901,0
16902,0
16903,-1
16904,1
16905,0
16906,0
16907,1
16908,-1
16909,1
16910,2
16911,0
16912,3
16913,-1
16914,0
16915,0
16916,0
16917,0
16918,3
16919,-1
16920,0
16921,0
16922,0
16923,0
16924,-1
16925,0
16926,-1
16927,0
16928,1
16929,1
16930,0
16931,0
16932,0
16933,0
16934,0
16935,0
16936,1
16937,-2
16938,0
16939,1
16940,1
16941,-1
16942,-2
16943,0
16944,0
16945,-1
16946,-1
16947,0
16948,0
16949,-1
16950,1
16951,0
16952,0
16953,0
16954,-2
16955,-1
16956,0
16957,0
16958,0
16959,0
16960,1
16961,0
16962,0
16963,-1
16964,0
16965,-2
16966,0
16967,1
16968,-1
16969,0
16970,1
16971,0
16972,-1
16973,0
16974,0
16975,0
16976,0
16977,0
16978,0
16979,0
16980,0
16981,0
16982,-1
16983,0
16984,0
16985,0
16986,0
16987,0
16988,-1
16989,0
16990,0
16991,0
16992,0
16993,-1
16994,0
16995,-1
16996,0
16997,0
16998,-1
16999,-1
17000,0
17001,-1
17002,0
17003,-1
17004,0
17005,0
17006,0
17007,-1
17008,-1
17009,-1
17010,-2
17011,0
17012,-1
17013,0
17014,0
17015,-1
17016,0
17017,-1
17018,0
17019,-1
17020,0
17021,0
17022,0
17023,0
17024,-1
17025,0
17026,-1
17027,0
17028,-1
17029,0
17030,-1
17031,0
17032,0
17033,0
17034,0
17035,1
17036,-1
17037,1
17038,0
17039,0
17040,0
17041,0
17042,0
17043,0
17044,0
17045,0
17046,-1
17047,0
17048,-1
17049,0
17050,0
17051,-1
17052,-1
17053,-1
17054,-2
17055,-1
17056,-1
17057,-1
17058,0
17059,0
17060,1
17061,0
17062,1
17063,0
17064,0
17065,-2
17066,0
17067,-1
17068,0
17069,0
17070,-1
17071,0
17072,-2
17073,0
17074,0
17075,0
17076,0
17077,-1
17078,0
17079,-1
17080,0
17081,0
17082,-1
17083,-1
17084,-2
17085,0
17086,-1
17087,0
17088,-2
17089,-1
17090,0
17091,-1
17092,-2
17093,0
17094,0
17095,1
17096,0
17097,0
17098,0
17099,1
17100,0
17101,0
17102,1
17103,0
17104,-1
17105,0
17106,-2
17107,0
17108,0
17109,0
17110,0
17111,0
17112,0
17113,1
17114,0
17115,-1
17116,-2
17117,0
17118,0
17119,-1
17120,-2
17121,0
17122,0
17123,0
17124,0
17125,0
17126,-1
17127,0
17128,-1
17129,0
17130,-1
17131,0
17132,0
17133,0
17134,0
17135,-2
17136,0
17137,0
17138,0
17139,0
17140,-1
17141,1
17142,0
17143,-1
17144,0
17145,-1
17146,-1
17147,0
17148,0
17149,0
17150,-2
17151,0
17152,1
17153,0
17154,1
17155,0
17156,0
17157,0
17158,0
17159,1
17160,0
17161,0
17162,1
17163,0
17164,-1
17165,2
17166,0
17167,-1
17168,0
17169,0
17170,0
17171,3
17172,0
17173,0
17174,1
17175,0
17176,0
17177,-1
17178,2
17179,-1
17180,0
17181,0
17182,-1
17183,0
17184,0
17185,0
17186,-1
17187,0
17188,0
17189,-2
17190,0
17191,0
17192,0
17193,-1
17194,0
17195,1
17196,-2
17197,2
17198,1
17199,1
17200,-3
17201,0
17202,-3
17203,1
17204,-1
17205,-2
17206,0
17207,-1
17208,0
17209,-1
17210,0
17211,0
17212,0
17213,0
17214,0
17215,0
17216,0
17217,0
17218,1
17219,0
17220,0
17221,0
17222,1
17223,0
17224,-1
17225,-1
17226,0
17227,-1
17228,0
17229,-1
17230,0
17231,-1
17232,0
17233,0
17234,-1
17235,-1
17236,1
17237,-1
17238,0
17239,-1
17240,1
17241,-1
17242,-1
17243,-1
17244,0
17245,-1
17246,-1
17247,0
17248,-1
17249,0
17250,0
17251,0
17252,-1
17253,0
17254,0
17255,-1
17256,0
17257,0
17258,0
17259,-1
17260,0
17261,0
17262,0
17263,0
17264,0
17265,-1
17266,0
17267,-1
17268,0
17269,0
17270,0
17271,1
17272,0
17273,-1
17274,1
17275,-1
17276,0
17277,-1
17278,1
17279,-1
17280,0
17281,0
17282,0
17283,0
17284,0
17285,0
17286,1
17287,-3
17288,1
17289,0
17290,0
17291,2
17292,0
17293,0
17294,-1
17295,2
17296,-1
17297,0
17298,1
17299,1
17300,0
17301,-1
17302,1
17303,0
17304,0
17305,0
17306,0
17307,0
17308,-1
17309,0
17310,0
17311,1
17312,0
17313,0
17314,-3
17315,1
17316,3
17317,0
17318,1
17319,0
17320,0
17321,-2
17322,1
17323,0
17324,0
17325,1
17326,1
17327,1
17328,-1
17329,0
17330,-1
17331,3
17332,-1
17333,0
17334,0
17335,0
17336,0
17337,-1
17338,-2
17339,0
17340,-1
17341,-2
17342,0
17343,1
17344,0
17345,0
17346,0
17347,0
17348,0
17349,0
17350,1
17351,1
17352,-1
17353,0
17354,0
17355,0
17356,1
17357,1
17358,-1
17359,0
17360,-1
17361,0
17362,-1
17363,0
17364,0
17365,0
17366,0
17367,-1
17368,0
17369,-2
17370,0
17371,-1
17372,0
17373,-1
17374,-1
17375,-1
17376,-1
17377,-1
17378,-1
17379,-1
17380,0
17381,-1
17382,0
17383,-1
17384,0
17385,0
17386,0
17387,-1
17388,0
17389,-1
17390,0
17391,0
17392,1
17393,0
17394,0
17395,0
17396,0
17397,0
17398,0
17399,-2
17400,0
17401,0
17402,-1
17403,-1
17404,-1
17405,1
17406,-2
17407,2
17408,0
17409,0
17410,-1
17411,2
17412,0
17413,-1
17414,0
17415,0
17416,0
17417,-1
17418,0
17419,-1
17420,1
17421,-1
17422,0
17423,-2
17424,0
17425,-1
17426,1
17427,-1
17428,1
17429,0
17430,0
17431,-1
17432,0
17433,-1
17434,0
17435,-2
17436,0
17437,1
17438,1
17439,0
17440,-1
17441,-1
17442,0
17443,-1
17444,3
17445,-1
17446,0
17447,-2
17448,0
17449,0
17450,2
17451,-1
17452,0
17453,-1
17454,3
17455,-2
17456,0
17457,-2
17458,3
17459,-1
17460,-1
17461,0
17462,0
17463,0
17464,-1
17465,0
17466,0
17467,0
17468,-1
17469,0
17470,0
17471,0
17472,-1
17473,0
17474,0
17475,0
17476,0
17477,0
17478,-1
17479,0
17480,0
17481,2
17482,-2
17483,0
17484,0
17485,0
17486,0
17487,0
17488,0
17489,-1
17490,0
17491,-1
17492,0
17493,0
17494,1
17495,-1
17496,0
17497,0
17498,0
17499,-1
17500,0
17501,0
17502,0
17503,0
17504,0
17505,-1
17506,0
17507,0
17508,0
17509,-1
17510,-1
17511,-1
17512,0
17513,-1
17514,0
17515,0
17516,0
17517,0
17518,0
17519,-1
17520,0
17521,0
17522,-1
17523,0
17524,-1
17525,0
17526,-1
17527,0
17528,-1
17529,0
17530,-1
17531,0
17532,0
17533,0
17534,-1
17535,0
17536,-2
17537,0
17538,-1
17539,0
17540,-1
17541,-1
17542,0
17543,-1
17544,0
17545,-1
17546,0
17547,-1
17548,0
17549,-1
17550,0
17551,-1
17552,-1
17553,-1
17554,0
17555,-1
17556,0
17557,-1
17558,0
17559,0
17560,0
17561,0
17562,-1
17563,-1
17564,-1
17565,0
17566,0
17567,0
17568,0
17569,0
17570,0
17571,0
17572,0
17573,0
17574,0
17575,0
17576,0
17577,0
17578,0
17579,0
17580,0
17581,0
17582,0
17583,0
17584,0
17585,0
17586,0
17587,0
17588,0
17589,0
17590,0
17591,0
17592,0
17593,0
17594,0
17595,0
17596,-1
17597,0
17598,1
17599,-1
17600,-1
17601,0
17602,-1
17603,1
17604,-1
17605,0
17606,1
17607,-1
17608,-1
17609,1
17610,-1
17611,-1
17612,1
17613,1
17614,0
17615,-1
17616,2
17617,1
17618,0
17619,-2
17620,2
17621,0
17622,2
17623,-1
17624,1
17625,-1
17626,2
17627,0
17628,0
17629,-1
17630,2
17631,1
17632,0
17633,-1
17634,2
17635,0
17636,0
17637,-1
17638,2
17639,0
17640,0
17641,-2
17642,2
17643,1
17644,0
17645,0
17646,0
17647,0
17648,0
17649,0
17650,0
17651,-1
17652,-1
17653,1
17654,-2
17655,1
17656,-1
17657,0
17658,-1
17659,1
17660,-1
17661,1
17662,-1
17663,0
17664,-1
17665,1
17666,-1
17667,0
17668,-1
17669,1
17670,-1
17671,0
17672,-1
17673,1
17674,-1
17675,0
17676,0
17677,1
17678,0
17679,-1
17680,0
17681,1
17682,0
17683,-1
17684,0
17685,1
17686,0
17687,-1
17688,1
17689,0
17690,0
17691,-1
17692,0
17693,1
17694,1
17695,-1
17696,0
17697,1
17698,0
17699,-1
17700,0
17701,0
17702,-1
17703,1
17704,1
17705,0
17706,0
17707,1
17708,0
17709,-1
17710,0
17711,1
17712,0
17713,-1
17714,0
17715,-1
17716,2
17717,-1
17718,0
17719,0
17720,2
17721,-1
17722,0
17723,-1
17724,3
17725,-2
17726,0
17727,-1
17728,3
17729,-2
17730,0
17731,0
17732,3
17733,-1
17734,0
17735,-1
17736,3
17737,-1
17738,0
17739,-1
17740,2
17741,-2
17742,0
17743,0
17744,0
17745,0
17746,0
17747,-1
17748,0
17749,1
17750,0
17751,1
17752,1
17753,-1
17754,0
17755,0
17756,0
17757,-1
17758,0
17759,-1
17760,0
17761,-1
17762,-1
17763,0
17764,0
17765,-1
17766,0
17767,-1
17768,0
17769,-1
17770,-1
17771,0
17772,0
17773,0
17774,-1
17775,0
17776,0
17777,-1
17778,0
17779,0
17780,0
17781,0
17782,0
17783,0
17784,0
17785,-1
17786,-1
17787,0
17788,0
17789,-1
17790,0
17791,-1
17792,0
17793,-1
17794,0
17795,-1
17796,0
17797,-1
17798,0
17799,-1
17800,0
17801,-1
17802,0
17803,-1
17804,0
17805,-1
17806,0
17807,-1
17808,0
17809,-1
17810,0
17811,0
17812,0
17813,-1
17814,0
17815,-1
17816,0
17817,-1
17818,0
17819,0
17820,-1
17821,0
17822,-1
17823,0
17824,-1
17825,0
17826,0
17827,-1
17828,0
17829,0
17830,0
17831,0
17832,-1
17833,-1
17834,-1
17835,-2
17836,-1
17837,-1
17838,-1
17839,-1
17840,-1
17841,-1
17842,-1
17843,-1
17844,0
17845,-1
17846,-1
17847,-1
17848,0
17849,-1
17850,0
17851,-1
17852,0
17853,-1
17854,-1
17855,-1
17856,0
17857,-2
17858,0
17859,0
17860,0
17861,-1
17862,-1
17863,-1
17864,0
17865,-1
17866,-1
17867,-1
17868,0
17869,-1
17870,-1
17871,-1
17872,0
17873,-1
17874,-1
17875,-1
17876,0
17877,-1
17878,0
17879,-1
17880,0
17881,0
17882,0
17883,0
17884,0
17885,0
17886,0
17887,-1
17888,0
17889,0
17890,0
17891,-1
17892,0
17893,-1
17894,0
17895,0
17896,0
17897,-1
17898,0
17899,0
17900,-1
17901,-1
17902,0
17903,-1
17904,0
17905,0
17906,0
17907,0
17908,0
17909,0
17910,-1
17911,0
17912,0
17913,0
17914,0
17915,0
17916,0
17917,0
17918,0
17919,0
17920,0
17921,0
17922,-1
17923,-1
17924,0
17925,0
17926,0
17927,0
17928,-1
17929,0
17930,-1
17931,-1
17932,0
17933,-1
17934,1
17935,0
17936,-1
17937,0
17938,0
17939,-1
17940,-1
17941,0
17942,0
17943,0
17944,-1
17945,2
17946,1
17947,1
17948,-1
17949,2
17950,0
17951,0
17952,-1
17953,2
17954,0
17955,0
17956,-1
17957,2
17958,0
17959,1
17960,-1
17961,2
17962,0
17963,0
17964,-1
17965,2
17966,0
17967,0
17968,-1
17969,2
17970,0
17971,1
17972,-1
17973,2
17974,1
17975,0
17976,0
17977,-1
17978,1
17979,1
17980,-1
17981,0
17982,-1
17983,1
17984,-1
17985,-1
17986,1
17987,-1
17988,1
17989,-1
17990,1
17991,-1
17992,0
17993,0
17994,0
17995,-1
17996,0
17997,-1
17998,1
17999,0
18000,0
18001,0
18002,-2
18003,-2
18004,0
18005,-1
18006,-2
18007,-1
18008,1
18009,-2
18010,1
18011,-1
18012,1
18013,0
18014,0
18015,0
18016,-1
18017,1
18018,-2
18019,1
18020,-2
18021,0
18022,0
18023,0
18024,0
18025,0
18026,0
18027,0
18028,-2
18029,-2
18030,0
18031,1
18032,1
18033,1
18034,0
18035,0
18036,-1
18037,1
18038,-1
18039,0
18040,1
18041,1
18042,0
18043,-1
18044,0
18045,-1
18046,0
18047,-1
18048,1
18049,-1
18050,0
18051,-2
18052,0
18053,-1
18054,0
18055,-1
18056,0
18057,0
18058,1
18059,0
18060,-1
18061,0
18062,1
18063,0
18064,-1
18065,0
18066,2
18067,0
18068,-1
18069,0
18070,1
18071,0
18072,1
18073,0
18074,1
18075,0
18076,-1
18077,-1
18078,0
18079,-1
18080,3
18081,-2
18082,0
18083,0
18084,2
18085,-2
18086,0
18087,0
18088,2
18089,-1
18090,0
18091,-2
18092,2
18093,-2
18094,0
18095,0
18096,2
18097,-1
18098,0
18099,-1
18100,3
18101,-1
18102,0
18103,-1
18104,3
18105,-2
18106,0
18107,-1
18108,3
18109,-1
18110,0
18111,-2
18112,3
18113,-1
18114,0
18115,-1
18116,3
18117,0
18118,0
18119,2
18120,-1
18121,0
18122,0
18123,3
18124,0
18125,-1
18126,0
18127,0
18128,0
18129,-1
18130,0
18131,0
18132,0
18133,-2
18134,0
18135,0
18136,0
18137,1
18138,0
18139,0
18140,0
18141,1
18142,0
18143,0
18144,-1
18145,0
18146,-1
18147,-1
18148,0
18149,-1
18150,-1
18151,0
18152,0
18153,-1
18154,0
18155,0
18156,-1
18157,0
18158,0
18159,-1
18160,0
18161,-2
18162,1
18163,0
18164,-1
18165,1
18166,0
18167,0
18168,0
18169,0
18170,0
18171,0
18172,0
18173,0
18174,0
18175,0
18176,0
18177,0
18178,0
18179,0
18180,0
18181,0
18182,0
18183,0
18184,0
18185,0
18186,0
18187,0
18188,1
18189,0
18190,0
18191,1
18192,0
18193,-1
18194,0
18195,-1
18196,0
18197,0
18198,0
18199,0
18200,0
18201,0
18202,-1
18203,0
18204,0
18205,0
18206,0
18207,0
18208,0
18209,0
18210,0
18211,0
18212,0
18213,0
18214,0
18215,0
18216,0
18217,0
18218,0
18219,0
18220,0
18221,-1
18222,0
18223,0
18224,-2
18225,0
18226,0
18227,-1
18228,0
18229,0
18230,-1
18231,0
18232,0
18233,-1
18234,0
18235,0
18236,-1
18237,0
18238,0
18239,0
18240,0
18241,0
18242,0
18243,0
18244,0
18245,0
18246,0
18247,1
18248,0
18249,0
18250,-1
18251,0
18252,0
18253,0
18254,0
18255,0
18256,-1
18257,-1
18258,0
18259,1
18260,-1
18261,0
18262,-1
18263,-1
18264,0
18265,0
18266,0
18267,0
18268,0
18269,0
18270,0
18271,-1
18272,-1
18273,0
18274,0
18275,0
18276,0
18277,0
18278,-1
18279,0
18280,0
18281,0
18282,0
18283,0
18284,0
18285,0
18286,0
18287,-1
18288,-1
18289,0
18290,0
18291,-1
18292,0
18293,0
18294,-1
18295,-1
18296,-1
18297,0
18298,0
18299,0
18300,-1
18301,0
18302,-1
18303,0
18304,-1
18305,0
18306,0
18307,0
18308,0
18309,0
18310,0
18311,0
18312,0
18313,0
18314,0
18315,0
18316,0
18317,-1
18318,0
18319,0
18320,-1
18321,0
18322,0
18323,0
18324,0
18325,0
18326,0
18327,0
18328,0
18329,-1
18330,0
18331,-1
18332,0
18333,-1
18334,0
18335,-1
18336,0
18337,-1
18338,0
18339,-2
18340,0
18341,-1
18342,0
18343,-1
18344,1
18345,-1
18346,0
18347,-1
18348,0
18349,-2
18350,0
18351,-1
18352,0
18353,-1
18354,0
18355,-1
18356,0
18357,-1
18358,0
18359,-1
18360,0
18361,0
18362,-1
18363,0
18364,-1
18365,0
18366,-1
18367,0
18368,-1
18369,0
18370,-1
18371,0
18372,-1
18373,0
18374,-1
18375,-1
18376,-1
18377,-2
18378,-1
18379,-1
18380,0
18381,-1
18382,0
18383,-1
18384,0
18385,-1
18386,0
18387,-1
18388,0
18389,-1
18390,-1
18391,-1
18392,0
18393,-1
18394,-1
18395,-1
18396,0
18397,0
18398,0
18399,0
18400,0
18401,0
18402,0
18403,-1
18404,0
18405,-1
18406,0
18407,-1
18408,0
18409,-1
18410,-1
18411,-1
18412,0
18413,-1
18414,-1
18415,-1
18416,0
18417,-2
18418,0
18419,-1
18420,0
18421,-1
18422,0
18423,-1
18424,0
18425,-1
18426,-1
18427,-1
18428,0
18429,-1
18430,0
18431,-1
18432,1
18433,-1
18434,-1
18435,-1
18436,0
18437,-1
18438,-1
18439,-1
18440,0
18441,0
18442,1
18443,0
18444,1
18445,1
18446,0
18447,1
18448,1
18449,1
18450,0
18451,1
18452,1
18453,0
18454,-1
18455,0
18456,-2
18457,-1
18458,-1
18459,0
18460,-1
18461,-1
18462,-1
18463,0
18464,-1
18465,-1
18466,-1
18467,0
18468,-1
18469,0
18470,-1
18471,0
18472,-1
18473,-1
18474,0
18475,0
18476,0
18477,0
18478,0
18479,0
18480,0
18481,0
18482,0
18483,0
18484,0
18485,0
18486,0
18487,0
18488,0
18489,0
18490,0
18491,0
18492,0
18493,0
18494,0
18495,0
18496,0
18497,0
18498,0
18499,0
18500,0
18501,0
18502,0
18503,0
18504,0
18505,0
18506,0
18507,0
18508,0
18509,0
18510,0
18511,0
18512,0
18513,0
18514,0
18515,0
18516,0
18517,0
18518,0
18519,0
18520,0
18521,0
18522,0
18523,0
18524,0
18525,0
18526,0
18527,0
18528,0
18529,0
18530,0
18531,0
18532,0
18533,0
18534,0
18535,0
18536,0
18537,0
18538,0
18539,0
18540,0
18541,0
18542,0
18543,0
18544,0
18545,0
18546,0
18547,0
18548,-1
18549,-2
18550,-1
18551,0
18552,-1
18553,0
18554,-1
18555,-1
18556,0
18557,-1
18558,0
18559,-2
18560,1
18561,-1
18562,0
18563,1
18564,-1
18565,-1
18566,1
18567,-1
18568,0
18569,1
18570,-1
18571,0
18572,1
18573,-2
18574,0
18575,1
18576,1
18577,1
18578,1
18579,0
18580,0
18581,-1
18582,2
18583,1
18584,0
18585,-2
18586,2
18587,0
18588,0
18589,-1
18590,2
18591,0
18592,0
18593,-1
18594,2
18595,1
18596,0
18597,-1
18598,2
18599,1
18600,0
18601,-2
18602,2
18603,1
18604,0
18605,-2
18606,2
18607,0
18608,-1
18609,0
18610,0
18611,-1
18612,0
18613,-1
18614,2
18615,0
18616,0
18617,-1
18618,2
18619,0
18620,0
18621,-1
18622,2
18623,0
18624,0
18625,-1
18626,2
18627,0
18628,0
18629,-1
18630,2
18631,0
18632,0
18633,-1
18634,2
18635,1
18636,2
18637,-2
18638,0
18639,-3
18640,-1
18641,0
18642,0
18643,0
18644,-2
18645,2
18646,1
18647,0
18648,-1
18649,2
18650,0
18651,0
18652,0
18653,0
18654,0
18655,0
18656,0
18657,0
18658,0
18659,0
18660,0
18661,0
18662,0
18663,-1
18664,1
18665,-1
18666,1
18667,-1
18668,-2
18669,1
18670,-1
18671,0
18672,-1
18673,-1
18674,0
18675,-2
18676,0
18677,-1
18678,0
18679,-1
18680,0
18681,-1
18682,0
18683,-1
18684,0
18685,-1
18686,1
18687,-1
18688,1
18689,-1
18690,0
18691,-1
18692,1
18693,-1
18694,1
18695,-1
18696,1
18697,-1
18698,1
18699,-1
18700,0
18701,-1
18702,0
18703,-1
18704,0
18705,-1
18706,0
18707,-1
18708,0
18709,0
18710,1
18711,0
18712,-1
18713,0
18714,0
18715,1
18716,0
18717,0
18718,1
18719,1
18720,0
18721,0
18722,1
18723,0
18724,-1
18725,1
18726,1
18727,0
18728,0
18729,0
18730,1
18731,1
18732,-1
18733,1
18734,1
18735,0
18736,-1
18737,0
18738,1
18739,0
18740,-1
18741,1
18742,1
18743,0
18744,-1
18745,0
18746,0
18747,1
18748,0
18749,0
18750,1
18751,1
18752,-1
18753,1
18754,1
18755,-1
18756,0
18757,0
18758,0
18759,-1
18760,1
18761,1
18762,1
18763,-1
18764,0
18765,1
18766,0
18767,-1
18768,0
18769,0
18770,0
18771,-1
18772,0
18773,1
18774,0
18775,1
18776,0
18777,1
18778,0
18779,0
18780,1
18781,0
18782,0
18783,0
18784,1
18785,0
18786,0
18787,0
18788,0
18789,3
18790,-1
18791,0
18792,-1
18793,3
18794,-1
18795,-1
18796,3
18797,-1
18798,0
18799,-1
18800,3
18801,-1
18802,0
18803,-1
18804,2
18805,-1
18806,0
18807,-1
18808,2
18809,-1
18810,0
18811,-2
18812,2
18813,-2
18814,0
18815,-1
18816,3
18817,-1
18818,0
18819,-1
18820,-1
18821,0
18822,0
18823,2
18824,-1
18825,0
18826,-1
18827,2
18828,-2
18829,0
18830,0
18831,3
18832,-2
18833,0
18834,0
18835,3
18836,-2
18837,0
18838,-2
18839,3
18840,-2
18841,0
18842,-2
18843,3
18844,-2
18845,0
18846,-1
18847,2
18848,-1
18849,0
18850,-1
18851,3
18852,-1
18853,0
18854,-1
18855,2
18856,-2
18857,0
18858,-1
18859,3
18860,-1
18861,0
18862,0
18863,0
18864,0
18865,0
18866,0
18867,0
18868,0
18869,0
18870,0
18871,0
18872,-1
18873,1
18874,0
18875,-1
18876,0
18877,1
18878,0
18879,0
18880,1
18881,0
18882,0
18883,-1
18884,-1
18885,0
18886,0
18887,0
18888,-1
18889,1
18890,-1
18891,-1
18892,0
18893,-1
18894,0
18895,0
18896,0
18897,-1
18898,0
18899,0
18900,0
18901,0
18902,0
18903,0
18904,0
18905,0
18906,-1
18907,0
18908,0
18909,-1
18910,0
18911,-1
18912,0
18913,-1
18914,0
18915,-1
18916,0
18917,-1
18918,0
18919,-2
18920,0
18921,-2
18922,0
18923,0
18924,0
18925,-1
18926,0
18927,-1
18928,0
18929,0
18930,-1
18931,0
18932,-1
18933,0
18934,0
18935,0
18936,-1
18937,0
18938,-1
18939,0
18940,-1
18941,0
18942,0
18943,0
18944,0
18945,-2
18946,0
18947,0
18948,0
18949,0
18950,1
18951,-1
18952,-1
18953,0
18954,0
18955,0
18956,0
18957,0
18958,0
18959,1
18960,0
18961,-1
18962,0
18963,0
18964,-1
18965,0
18966,-1
18967,-1
18968,0
18969,0
18970,0
18971,1
18972,0
18973,0
18974,0
18975,0
18976,0
18977,0
18978,-1
18979,-1
18980,-1
18981,0
18982,-1
18983,-1
18984,-1
18985,1
18986,0
18987,0
18988,0
18989,0
18990,0
18991,0
18992,0
18993,0
18994,0
18995,0
18996,0
18997,-1
18998,0
18999,-1
19000,0
19001,0
19002,0
19003,-1
19004,0
19005,0
19006,-1
19007,0
19008,-1
19009,0
19010,0
19011,-1
19012,0
19013,0
19014,0
19015,0
19016,0
19017,0
19018,0
19019,0
19020,0
19021,-1
19022,0
19023,-1
19024,0
19025,0
19026,0
19027,0
19028,-2
19029,0
19030,-1
19031,-1
19032,0
19033,0
19034,-1
19035,-1
19036,0
19037,0
19038,0
19039,0
19040,0
19041,0
19042,-1
19043,0
19044,0
19045,-1
19046,1
19047,-1
19048,0
19049,2
19050,-1
19051,0
19052,-1
19053,2
19054,0
19055,0
19056,2
19057,-2
19058,0
19059,-1
19060,0
19061,0
19062,-1
19063,2
19064,1
19065,-1
19066,0
19067,0
19068,0
19069,-1
19070,2
19071,1
19072,-1
19073,0
19074,0
19075,1
19076,-1
19077,0
19078,-1
19079,0
19080,-1
19081,0
19082,0
19083,0
19084,-1
19085,0
19086,0
19087,3
19088,-2
19089,0
19090,-2
19091,0
19092,0
19093,0
19094,0
19095,-2
19096,0
19097,0
19098,0
19099,0
19100,-2
19101,-1
19102,-1
19103,1
19104,-1
19105,1
19106,1
19107,0
19108,0
19109,0
19110,0
19111,-1
19112,0
19113,0
19114,0
19115,-1
19116,2
19117,1
19118,-1
19119,-1
19120,-1
19121,2
19122,0
19123,0
19124,-1
19125,1
19126,0
19127,0
19128,-1
19129,0
19130,0
19131,-1
19132,1
19133,-1
19134,0
19135,0
19136,-1
19137,0
19138,-2
19139,0
19140,-2
19141,0
19142,-2
19143,0
19144,-2
19145,0
19146,1
19147,-1
19148,0
19149,-1
19150,0
19151,0
19152,-2
19153,1
19154,0
19155,-1
19156,0
19157,1
19158,1
19159,1
19160,1
19161,0
19162,-1
19163,0
19164,1
19165,1
19166,-1
19167,-1
19168,-1
19169,-1
19170,3
19171,0
19172,0
19173,-1
19174,3
19175,-1
19176,-1
19177,1
19178,-2
19179,1
19180,0
19181,0
19182,0
19183,0
19184,0
19185,-2
19186,0
19187,0
19188,-1
19189,3
19190,-1
19191,0
19192,0
19193,0
19194,0
19195,0
19196,-1
19197,1
19198,0
19199,0
19200,-1
19201,2
19202,-1
19203,0
19204,0
19205,-3
19206,0
19207,-1
19208,2
19209,-1
19210,0
19211,-1
19212,2
19213,-2
19214,-2
19215,0
19216,0
19217,0
19218,-1
19219,0
19220,0
19221,0
19222,-1
19223,0
19224,-2
19225,1
19226,-1
19227,2
19228,0
19229,1
19230,-1
19231,2
19232,0
19233,0
19234,-1
19235,1
19236,-1
19237,0
19238,0
19239,-1
19240,1
19241,0
19242,-1
19243,0
19244,0
19245,-1
19246,1
19247,0
19248,-1
19249,1
19250,-1
19251,1
19252,0
19253,-1
19254,0
19255,-1
19256,0
19257,0
19258,-1
19259,1
19260,-2
19261,0
19262,-1
19263,-2
19264,-1
19265,0
19266,-1
19267,0
19268,-1
19269,-2
19270,0
19271,-1
19272,0
19273,0
19274,-1
19275,0
19276,-1
19277,0
19278,-1
19279,0
19280,0
19281,-1
19282,0
19283,0
19284,0
19285,0
19286,0
19287,-1
19288,3
19289,-1
19290,0
19291,0
19292,0
19293,0
19294,-1
19295,0
19296,0
19297,0
19298,0
19299,-1
19300,0
19301,0
19302,-1
19303,0
19304,0
19305,-1
19306,0
19307,0
19308,1
19309,0
19310,0
19311,-1
19312,0
19313,0
19314,0
19315,0
19316,0
19317,0
19318,0
19319,0
19320,0
19321,0
19322,0
19323,1
19324,-1
19325,-1
19326,0
19327,0
19328,0
19329,-1
19330,-1
19331,0
19332,0
19333,-1
19334,-1
19335,0
19336,0
19337,-1
19338,0
19339,0
19340,0
19341,1
19342,0
19343,0
19344,-1
19345,0
19346,0
19347,0
19348,0
19349,-1
19350,0
19351,0
19352,-1
19353,0
19354,0
19355,0
19356,0
19357,0
19358,-1
19359,0
19360,0
19361,-2
19362,0
19363,-2
19364,0
19365,1
19366,0
19367,0
19368,-1
19369,-1
19370,0
19371,0
19372,1
19373,0
19374,-1
19375,0
19376,0
19377,0
19378,0
19379,0
19380,0
19381,0
19382,0
19383,1
19384,0
19385,0
19386,0
19387,0
19388,0
19389,0
19390,0
19391,-1
19392,0
19393,-1
19394,1
19395,0
19396,0
19397,-1
19398,0
19399,-1
19400,0
19401,0
19402,0
19403,0
19404,-2
19405,1
19406,-1
19407,0
19408,-1
19409,0
19410,-1
19411,-1
19412,0
19413,0
19414,0
19415,0
19416,-2
19417,0
19418,-1
19419,0
19420,-1
19421,-2
19422,0
19423,-2
19424,0
19425,0
19426,-1
19427,0
19428,0
19429,-1
19430,0
19431,-1
19432,0
19433,-1
19434,0
19435,0
19436,0
19437,0
19438,0
19439,0
19440,0
19441,-2
19442,0
19443,0
19444,-1
19445,0
19446,-1
19447,-1
19448,-1
19449,-1
19450,0
19451,-1
19452,0
19453,0
19454,0
19455,0
19456,1
19457,-1
19458,0
19459,0
19460,-1
19461,0
19462,-1
19463,0
19464,-1
19465,0
19466,-1
19467,0
19468,0
19469,0
19470,0
19471,-1
19472,1
19473,1
19474,1
19475,0
19476,-1
19477,0
19478,0
19479,1
19480,0
19481,1
19482,1
19483,0
19484,0
19485,1
19486,1
19487,1
19488,1
19489,-1
19490,1
19491,0
19492,0
19493,-2
19494,-1
19495,-1
19496,0
19497,-1
19498,0
19499,-1
19500,0
19501,-1
19502,0
19503,0
19504,0
19505,0
19506,-1
19507,-1
19508,0
19509,-1
19510,-1
19511,0
19512,-1
19513,-1
19514,0
19515,0
19516,-1
19517,0
19518,0
19519,0
19520,-1
19521,0
19522,0
19523,0
19524,-1
19525,1
19526,0
19527,0
19528,-1
19529,0
19530,-1
19531,0
19532,0
19533,0
19534,0
19535,0
19536,1
19537,0
19538,0
19539,0
19540,0
19541,0
19542,0
19543,0
19544,0
19545,0
19546,0
19547,0
19548,-1
19549,-1
19550,0
19551,0
19552,0
19553,0
19554,0
19555,0
19556,0
19557,-1
19558,0
19559,0
19560,-1
19561,1
19562,0
19563,0
19564,-2
19565,0
19566,0
19567,0
19568,0
19569,0
19570,0
19571,0
19572,-1
19573,0
19574,0
19575,0
19576,0
19577,0
19578,-1
19579,-1
19580,1
19581,0
19582,-1
19583,1
19584,0
19585,-1
19586,0
19587,0
19588,-1
19589,1
19590,0
19591,-1
19592,-2
19593,-1
19594,-1
19595,1
19596,1
19597,-1
19598,-1
19599,1
19600,-2
19601,0
19602,1
19603,0
19604,-1
19605,0
19606,-2
19607,1
19608,-1
19609,0
19610,1
19611,1
19612,1
19613,0
19614,0
19615,-1
19616,2
19617,0
19618,-1
19619,0
19620,-1
19621,-1
19622,2
19623,-2
19624,0
19625,-1
19626,2
19627,1
19628,0
19629,-1
19630,2
19631,1
19632,0
19633,-2
19634,0
19635,0
19636,0
19637,0
19638,-1
19639,0
19640,0
19641,-1
19642,3
19643,-2
19644,1
19645,-1
19646,2
19647,0
19648,0
19649,-1
19650,2
19651,0
19652,-1
19653,3
19654,-2
19655,0
19656,0
19657,0
19658,-2
19659,0
19660,0
19661,-1
19662,-1
19663,2
19664,-1
19665,2
19666,0
19667,0
19668,0
19669,0
19670,-1
19671,2
19672,1
19673,-1
19674,0
19675,0
19676,1
19677,0
19678,0
19679,1
19680,0
19681,0
19682,0
19683,1
19684,0
19685,0
19686,0
19687,1
19688,0
19689,0
19690,0
19691,0
19692,-1
19693,-1
19694,1
19695,-1
19696,0
19697,0
19698,-1
19699,0
19700,-1
19701,0
19702,-1
19703,0
19704,-1
19705,0
19706,-1
19707,0
19708,-1
19709,0
19710,0
19711,0
19712,-2
19713,1
19714,-2
19715,1
19716,-1
19717,1
19718,-1
19719,0
19720,-1
19721,0
19722,-1
19723,0
19724,-1
19725,0
19726,-1
19727,0
19728,-1
19729,0
19730,1
19731,0
19732,0
19733,0
19734,0
19735,1
19736,0
19737,0
19738,1
19739,0
19740,1
19741,1
19742,0
19743,1
19744,1
19745,1
19746,0
19747,0
19748,-1
19749,0
19750,1
19751,0
19752,0
19753,1
19754,0
19755,-1
19756,1
19757,1
19758,0
19759,1
19760,0
19761,0
19762,0
19763,0
19764,0
19765,-1
19766,0
19767,1
19768,-1
19769,1
19770,0
19771,1
19772,0
19773,-1
19774,0
19775,-1
19776,0
19777,0
19778,0
19779,1
19780,0
19781,1
19782,1
19783,0
19784,0
19785,0
19786,0
19787,0
19788,0
19789,0
19790,-1
19791,0
19792,-1
19793,3
19794,-2
19795,0
19796,-2
19797,3
19798,-1
19799,0
19800,-1
19801,3
19802,-2
19803,0
19804,-1
19805,3
19806,-1
19807,0
19808,-1
19809,3
19810,-1
19811,0
19812,0
19813,-2
19814,1
19815,0
19816,-1
19817,2
19818,-1
19819,0
19820,1
19821,-1
19822,1
19823,0
19824,-1
19825,3
19826,0
19827,0
19828,0
19829,0
19830,0
19831,0
19832,0
19833,3
19834,-2
19835,0
19836,-1
19837,3
19838,-1
19839,-2
19840,2
19841,0
19842,-2
19843,3
19844,-2
19845,0
19846,-1
19847,2
19848,-1
19849,-2
19850,0
19851,-3
19852,1
19853,0
19854,0
19855,1
19856,0
19857,0
19858,0
19859,0
19860,0
19861,1
19862,0
19863,0
19864,-1
19865,0
19866,0
19867,0
19868,0
19869,0
19870,-1
19871,0
19872,0
19873,0
19874,0
19875,-1
19876,0
19877,0
19878,0
19879,1
19880,0
19881,1
19882,0
19883,0
19884,0
19885,0
19886,0
19887,-1
19888,0
19889,-1
19890,0
19891,0
19892,-1
19893,0
19894,0
19895,0
19896,0
19897,-1
19898,0
19899,0
19900,0
19901,0
19902,-1
19903,1
19904,0
19905,0
19906,0
19907,-1
19908,0
19909,0
19910,-1
19911,0
19912,0
19913,0
19914,0
19915,0
19916,0
19917,0
19918,0
19919,0
19920,0
19921,0
19922,-1
19923,1
19924,0
19925,0
19926,0
19927,0
19928,-1
19929,0
19930,0
19931,-1
19932,-1
19933,0
19934,0
19935,0
19936,-1
19937,-1
19938,-1
19939,0
19940,-1
19941,-2
19942,0
19943,-2
19944,0
19945,0
19946,-1
19947,0
19948,0
19949,1
19950,0
19951,-1
19952,0
19953,-1
19954,0
19955,0
19956,0
19957,0
19958,0
19959,-1
19960,0
19961,-1
19962,0
19963,-1
19964,-1
19965,0
19966,0
19967,0
19968,-1
19969,0
19970,-2
19971,0
19972,0
19973,0
19974,0
19975,0
19976,0
19977,0
19978,-1
19979,-1
19980,-1
19981,-1
19982,1
19983,-1
19984,-1
19985,-1
19986,-2
19987,-2
19988,0
19989,0
19990,-1
19991,0
19992,0
19993,1
19994,1
19995,0
19996,0
19997,3
19998,0
19999,0
20000,-1
20001,-1
20002,-1
20003,3
20004,-2
20005,0
20006,1
20007,0
20008,1
20009,0
20010,0
20011,0
20012,0
20013,1
20014,0
20015,0
20016,-1
20017,1
20018,-1
20019,-1
20020,0
20021,-1
20022,0
20023,0
20024,-1
20025,0
20026,-1
20027,1
20028,1
20029,0
20030,0
20031,-2
20032,1
20033,0
20034,-1
20035,0
20036,-2
20037,0
20038,-1
20039,0
20040,0
20041,0
20042,0
20043,0
20044,0
20045,0
20046,2
20047,0
20048,-2
20049,0
20050,-1
20051,1
20052,-1
20053,0
20054,0
20055,-1
20056,0
20057,-1
20058,1
20059,-2
20060,1
20061,0
20062,0
20063,-1
20064,1
20065,0
20066,0
20067,-1
20068,0
20069,-1
20070,0
20071,0
20072,0
20073,0
20074,0
20075,0
20076,0
20077,0
20078,-1
20079,0
20080,0
20081,0
20082,-1
20083,0
20084,-1
20085,-1
20086,0
20087,0
20088,1
20089,-1
20090,1
20091,-3
20092,0
20093,0
20094,0
20095,-1
20096,1
20097,-1
20098,0
20099,0
20100,0
20101,0
20102,-3
20103,0
20104,1
20105,0
20106,0
20107,0
20108,-1
20109,0
20110,2
20111,1
20112,0
20113,1
20114,0
20115,-1
20116,0
20117,0
20118,0
20119,0
20120,-1
20121,0
20122,0
20123,2
20124,1
20125,-1
20126,0
20127,0
20128,0
20129,0
20130,0
20131,0
20132,0
20133,-2
20134,1
20135,-1
20136,0
20137,1
20138,-3
20139,0
20140,-1
20141,-1
20142,1
20143,1
20144,0
20145,-1
20146,0
20147,-1
20148,0
20149,-1
20150,0
20151,1
20152,0
20153,-1
20154,-1
20155,1
20156,-1
20157,0
20158,0
20159,-2
20160,0
20161,-1
20162,1
20163,-1
20164,0
20165,2
20166,1
20167,2
20168,0
20169,-2
20170,-1
20171,0
20172,-1
20173,1
20174,0
20175,0
20176,0
20177,-1
20178,0
20179,0
20180,0
20181,0
20182,0
20183,0
20184,0
20185,3
20186,-1
20187,0
20188,0
20189,0
20190,1
20191,0
20192,0
20193,0
20194,0
20195,0
20196,0
20197,-1
20198,0
20199,1
20200,0
20201,0
20202,0
20203,0
20204,0
20205,1
20206,1
20207,0
20208,1
20209,1
20210,0
20211,0
20212,0
20213,0
20214,0
20215,0
20216,1
20217,0
20218,0
20219,0
20220,0
20221,1
20222,-1
20223,0
20224,0
20225,0
20226,0
20227,0
20228,0
20229,0
20230,0
20231,0
20232,-1
20233,-1
20234,-1
20235,0
20236,1
20237,0
20238,0
20239,-1
20240,0
20241,0
20242,0
20243,0
20244,0
20245,0
20246,0
20247,0
20248,0
20249,0
20250,0
20251,-1
20252,-1
20253,0
20254,0
20255,-1
20256,0
20257,0
20258,-1
20259,0
20260,0
20261,0
20262,0
20263,0
20264,0
20265,0
20266,0
20267,0
20268,-1
20269,0
20270,0
20271,-1
20272,0
20273,0
20274,0
20275,0
20276,-1
20277,0
20278,-1
20279,0
20280,0
20281,0
20282,0
20283,-1
20284,-1
20285,-2
20286,-1
20287,-1
20288,-1
20289,1
20290,0
20291,0
20292,-1
20293,0
20294,0
20295,0
20296,0
20297,0
20298,0
20299,0
20300,-1
20301,-1
20302,1
20303,-1
20304,0
20305,1
20306,0
20307,1
20308,1
20309,0
20310,0
20311,0
20312,0
20313,0
20314,0
20315,1
20316,1
20317,-1
20318,0
20319,0
20320,0
20321,0
20322,0
20323,0
20324,0
20325,0
20326,0
20327,-1
20328,0
20329,-2
20330,0
20331,0
20332,0
20333,0
20334,0
20335,0
20336,1
20337,0
20338,0
20339,0
20340,-1
20341,0
20342,0
20343,0
20344,1
20345,-1
20346,-1
20347,0
20348,0
20349,0
20350,-1
20351,-1
20352,0
20353,0
20354,0
20355,0
20356,0
20357,-1
20358,0
20359,0
20360,0
20361,0
20362,-1
20363,-1
20364,0
20365,-2
20366,0
20367,0
20368,0
20369,0
20370,1
20371,0
20372,-1
20373,0
20374,0
20375,0
20376,0
20377,-1
20378,0
20379,1
20380,0
20381,0
20382,0
20383,1
20384,0
20385,0
20386,-1
20387,0
20388,0
20389,0
20390,1
20391,0
20392,0
20393,1
20394,0
20395,0
20396,-1
20397,0
20398,0
20399,-1
20400,0
20401,-1
20402,-1
20403,0
20404,1
20405,-1
20406,-1
20407,1
20408,0
20409,1
20410,-1
20411,-1
20412,0
20413,0
20414,0
20415,0
20416,-2
20417,-1
20418,3
20419,0
20420,0
20421,-1
20422,0
20423,0
20424,3
20425,0
20426,1
20427,0
20428,0
20429,1
20430,1
20431,-1
20432,1
20433,1
20434,0
20435,3
20436,0
20437,1
20438,0
20439,-1
20440,1
20441,0
20442,0
20443,-2
20444,1
20445,-1
20446,-1
20447,0
20448,0
20449,1
20450,0
20451,0
20452,0
20453,-1
20454,1
20455,-1
20456,1
20457,0
20458,0
20459,0
20460,0
20461,0
20462,0
20463,1
20464,1
20465,0
20466,0
20467,0
20468,-1
20469,0
20470,0
20471,0
20472,0
20473,0
20474,-1
20475,0
20476,0
20477,0
20478,0
20479,1
20480,-1
20481,0
20482,-1
20483,0
20484,0
20485,0
20486,0
20487,-1
20488,1
20489,0
20490,0
20491,-1
20492,0
20493,1
20494,0
20495,0
20496,1
20497,1
20498,1
20499,0
20500,0
20501,0
20502,0
20503,0
20504,-1
20505,0
20506,0
20507,1
20508,0
20509,0
20510,1
20511,0
20512,0
20513,-1
20514,1
20515,-1
20516,1
20517,0
20518,-1
20519,1
20520,-1
20521,-1
20522,0
20523,0
20524,1
20525,0
20526,-2
20527,0
20528,0
20529,0
20530,0
20531,0
20532,0
20533,0
20534,-2
20535,0
20536,1
20537,0
20538,1
20539,-1
20540,0
20541,1
20542,0
20543,0
20544,0
20545,0
20546,-1
20547,0
20548,1
20549,0
20550,0
20551,0
20552,1
20553,0
20554,0
20555,-2
20556,1
20557,-1
20558,2
20559,1
20560,0
20561,0
20562,-1
20563,0
20564,0
20565,0
20566,0
20567,-1
20568,2
20569,1
20570,-1
20571,0
20572,2
20573,-1
20574,0
20575,2
20576,0
20577,0
20578,3
20579,0
20580,1
20581,0
20582,1
20583,0
20584,-1
20585,0
20586,-2
20587,0
20588,0
20589,0
20590,-1
20591,0
20592,1
20593,0
20594,1
20595,-1
20596,-1
20597,0
20598,0
20599,1
20600,-1
20601,0
20602,-1
20603,1
20604,-1
20605,1
20606,0
20607,1
20608,0
20609,-1
20610,0
20611,-1
20612,0
20613,-1
20614,0
20615,-1
20616,0
20617,-1
20618,-1
20619,0
20620,-1
20621,0
20622,-1
20623,0
20624,0
20625,-1
20626,0
20627,0
20628,0
20629,0
20630,-1
20631,0
20632,-1
20633,0
20634,0
20635,-1
20636,-1
20637,1
20638,0
20639,0
20640,-1
20641,0
20642,1
20643,1
20644,0
20645,1
20646,-1
20647,0
20648,1
20649,1
20650,-1
20651,0
20652,0
20653,0
20654,-1
20655,0
20656,0
