Unnamed: 0,p0q0
0,-1.2766728
1,0.5075603
2,0.67219234
3,0.23395789
4,-0.73666227
5,-0.45487756
6,-0.49278262
7,0.017166406
8,-0.6826543
9,-0.53812563
10,-0.43877944
11,-0.06356835
12,-0.5939714
13,-0.6204303
14,-1.177769
15,0.09529958
16,-0.608636
17,-0.43683827
18,-0.77450156
19,0.07813948
20,-0.5233028
21,-0.43683827
22,-0.71879023
23,0.034158424
24,-0.3757891
25,-0.6650257
26,-0.51378524
27,-0.18922643
28,-0.63235915
29,-0.9377064
30,-0.52893037
31,0.006589885
32,-0.73666227
33,-0.17026472
34,-0.40957195
35,0.07813948
36,-0.6410181
37,-0.6790903
38,-0.50860214
39,0.077863604
40,-0.8643114
41,-0.515062
42,-0.718193
43,0.08106737
44,0.030785842
45,-1.3304658
46,0.00038958524
47,-1.5354944
48,0.42082876
49,-1.3850094
50,0.06607329
51,-1.2602296
52,-0.09029053
53,-1.3922908
54,0.23795584
55,-1.05209
56,-0.6904901
57,-1.2948573
58,-1.1236984
59,-1.0385429
60,-0.7567298
61,-1.2070482
62,-0.8344777
63,-1.2276065
64,-1.2734786
65,-0.9948537
66,-1.0001385
67,-0.03200589
68,-1.323568
69,-0.78858024
70,-0.84494656
71,-1.323568
72,-0.8344777
73,-1.3728197
74,-0.063861184
75,-1.3769349
76,-0.9012534
77,-1.9360522
78,-0.4780474
79,-1.2734786
80,-0.41465107
81,-0.97957855
82,-0.013589544
83,-2.4395392
84,-0.59049857
85,-1.3596932
86,0.060150925
87,-1.4749912
88,-1.0657197
89,-0.69023466
90,0.082840815
91,-0.91764057
92,-1.1182272
93,-1.1413424
94,-0.16747817
95,-1.1829184
96,-0.8283393
97,-1.1377052
98,-0.020663457
99,-1.4329162
100,-0.71853626
101,-0.97448087
102,-0.07917207
103,-0.019541968
104,-0.05348589
105,0.047159348
106,-0.1098663
107,0.09295701
108,-0.90844107
109,-0.6790903
110,-0.54812396
111,-0.053993236
112,-0.8643114
113,-0.6595861
114,-0.58022964
115,-0.19326583
116,-0.8255303
117,-0.4878541
118,-0.4435178
119,0.14187747
120,-0.64316404
121,-0.6595861
122,-0.4304645
123,-0.19832481
124,-0.5295688
125,0.1394244
126,-0.004217608
127,0.17781055
128,-0.11804143
129,0.06766168
130,-0.010734546
131,0.020871818
132,-0.3182508
133,0.17505379
134,0.117410496
135,-0.27613544
136,0.15443224
137,-0.12524243
138,-0.0020828142
139,-0.34127414
140,0.047159348
141,-0.13654713
142,-0.15493305
143,-0.044197425
144,-1.1021497
145,1.4429314
146,0.06982964
147,-1.479098
148,1.5048972
149,0.00038958524
150,-1.209659
151,1.3367921
152,-0.011800949
153,-1.2146848
154,0.9228052
155,0.06211481
156,-2.1584551
157,1.048279
158,0.18720207
159,-1.3593647
160,1.4675181
161,-0.055410948
162,-1.1312448
163,1.2720257
164,-0.07588788
165,-1.542736
166,1.6843705
167,-0.055410948
168,-1.5782642
169,2.0361903
170,0.021870142
171,-2.196283
172,1.084345
173,-0.07588788
174,-1.2539494
175,1.9732734
176,0.15556191
177,-1.1377084
178,1.545973
179,0.41492057
180,-1.5592785
181,0.55084205
182,0.2012244
183,-0.07588788
184,-1.3725264
185,1.9277747
186,-0.09029053
187,-1.2848392
188,0.9835967
189,-0.16943038
190,-1.25238
191,0.8634838
192,-0.06090161
193,-1.5097452
194,1.5528511
195,-1.2070482
196,-0.8040283
197,-0.902906
198,-1.2734786
199,-1.0674663
200,-0.51613426
201,-1.6277813
202,-1.1687694
203,-0.59002906
204,-1.969356
205,-1.4827795
206,-0.9195873
207,-1.5095005
208,-0.86027795
209,-0.95294374
210,-5.451564
211,-0.85311806
212,-0.9877088
213,0.44232976
214,0.52884394
215,0.39236102
216,-1.9628975
217,2.0071552
218,0.54384786
219,0.9566601
220,-1.5353005
221,2.5274508
222,0.20184241
223,0.3671086
224,-1.214396
225,2.1126492
226,0.26840165
227,0.29355446
228,-1.9296808
229,2.2682774
230,0.62993634
231,0.29355446
232,-1.1780756
233,2.4329138
234,0.25441644
235,0.31738904
236,-1.448108
237,2.3331635
238,0.5260968
239,0.6224567
240,-1.323398
241,2.2773728
242,-0.20123185
243,0.4646229
244,-1.1661623
245,2.350613
246,0.53681576
247,0.6294963
248,-1.4115621
249,-0.069940925
250,0.5350001
251,0.3552852
252,-1.1268653
253,2.4042578
254,0.30355147
255,0.09069796
256,-1.2538495
257,2.294763
258,0.13303483
259,0.18066251
260,-0.72220314
261,2.3279674
262,0.68038416
263,0.062400445
264,-0.3645913
265,0.56899846
266,-0.7576262
267,0.24775356
268,-1.7690402
269,0.4689189
270,-1.7418736
271,0.33835414
272,-1.5372705
273,-0.3110181
274,-0.025336374
275,-0.18191884
276,-1.6423205
277,-0.1702869
278,0.22096317
279,-0.23861825
280,-1.3906244
281,-0.19826214
282,0.038236562
283,-0.44477442
284,-1.61816
285,-0.2509853
286,-0.21756338
287,-0.050478317
288,0.43091458
289,0.18816523
290,0.5874101
291,0.089656964
292,-1.2965101
293,0.3295443
294,-1.1539352
295,0.17487766
296,-0.92716664
297,0.28100115
298,0.24020903
299,-1.440337
300,0.29314482
301,-1.493817
302,0.42521703
303,-1.035576
304,0.29314482
305,-0.92730814
306,0.00758383
307,-3.3213449
308,0.2570128
309,-2.2161705
310,0.36483783
311,-1.1907363
312,0.17859618
313,-1.1740856
314,0.27337414
315,0.30668908
316,1.0031334
317,0.4859541
318,-0.36773407
319,0.43810612
320,0.76389825
321,0.4977771
322,-0.28879714
323,0.40326828
324,0.73381513
325,0.26451334
326,-0.36773407
327,0.38173032
328,1.3477795
329,0.3543344
330,-0.28879714
331,-1.9831829
332,-2.011566
333,-0.2840574
334,-1.8603536
335,2.3380017
336,-1.3627017
337,0.06961245
338,-1.6028497
339,2.6994436
340,0.3346897
341,-0.30194864
342,-0.44812876
343,2.5725164
344,-2.2362053
345,-0.43558043
346,-0.5181537
347,1.8030118
348,-2.140164
349,-0.36232919
350,-0.6737699
351,2.450418
352,-1.3596221
353,-0.152
354,-2.1235404
355,2.6340191
356,-1.1909969
357,-0.2025667
358,-0.46611294
359,2.471071
360,-1.4635211
361,-0.434337
362,-1.8094326
363,2.6430275
364,-1.5426378
365,-0.3189611
366,-0.4678075
367,1.8030118
368,-1.3241808
369,-0.29961517
370,-0.16243742
371,-1.134015
372,2.6741815
373,-1.2294171
374,-0.38610175
375,-1.3585447
376,2.5230956
377,-1.6455005
378,-0.89778113
379,-0.33610076
380,-0.5162241
381,-0.6025232
382,-0.24545366
383,0.29279783
384,-0.6275875
385,-0.19571927
386,-0.47144613
387,0.21749131
388,-0.6164488
389,-0.24698626
390,-2.0339534
391,0.32155457
392,-0.78186166
393,-0.32497185
394,-0.6967062
395,0.32783127
396,-1.4538262
397,-0.5805759
398,-1.8022766
399,0.26316205
400,-0.78019345
401,-2.0279021
402,-1.4854288
403,0.26300013
404,-1.3609043
405,-0.5749282
406,-0.45235685
407,0.2833132
408,-0.9323891
409,-0.7975567
410,-2.4729705
411,0.7732523
412,-0.8465039
413,-0.1617631
414,-1.5458275
415,0.28864765
416,-0.5327856
417,-0.9052613
418,-0.3754708
419,-0.586088
420,-1.2372961
421,-0.37850282
422,-0.6557902
423,0.66416544
424,0.48373362
425,-0.92851865
426,0.6630433
427,0.25355914
428,-0.35217556
429,0.8168026
430,0.6404668
431,-2.5235276
432,1.0895548
433,0.6116293
434,0.09639741
435,0.1710888
436,1.001264
437,-0.4063943
438,0.0011567854
439,0.5846832
440,0.8917676
441,-0.06347795
442,0.0011567854
443,0.34966773
444,0.83170855
445,-0.23421675
446,-0.84859294
447,-0.69239634
448,0.63128895
449,-1.154308
450,-0.8779814
451,0.7221118
452,-2.2410882
453,-1.0913624
454,-0.83225536
455,-1.2610233
456,-1.3540275
457,0.66150707
458,-1.8760302
459,-1.5826064
460,0.5691931
461,-0.43631497
462,-1.3070791
463,0.58135366
464,-1.7986553
465,-1.739012
466,0.46460253
467,-0.008873098
468,0.81144077
469,0.86851805
470,-0.34333834
471,0.20243913
472,-0.23543042
473,-0.18720661
474,0.2580906
475,-0.06751309
476,-0.34333834
477,0.080079615
478,-0.17487371
479,-0.17321801
480,-0.013687323
481,-0.17056116
482,-0.36439174
483,0.08335639
484,-0.008106822
485,-0.018364634
486,0.1736941
487,-0.06051014
488,-0.25261226
489,0.047159348
490,-0.15397415
491,-0.34185353
492,-0.19877967
493,0.42795148
494,-0.22474141
495,-1.2192456
496,-0.5351378
497,-1.2587034
498,-0.257928
499,0.07354527
500,-1.34741
501,-0.28602874
502,0.09556048
503,-4.257438
504,-0.012864062
505,0.050071668
506,-0.26340964
507,0.045388717
508,-0.42183173
509,-0.31522048
510,-0.13374086
511,-1.1736116
512,-0.24846068
513,-0.0253736
514,-3.3272424
515,-0.06796644
516,0.16420786
517,-1.1741478
518,-0.24846068
519,0.13137145
520,-0.97748667
521,-0.3018732
522,0.12156841
523,-1.2771806
524,-0.7221936
525,0.07354527
526,-1.2239609
527,-0.32920483
528,0.16420786
529,-0.25404102
530,0.005330326
531,0.27534723
532,-0.2983676
533,-0.40546575
534,-0.0019199278
535,0.3776661
536,-0.10461549
537,-0.37842366
538,0.18608513
539,-0.07083173
540,0.5424903
541,0.27243775
542,0.45804343
543,-0.5580213
544,-0.53204966
545,-0.7156055
546,-0.009651164
547,-0.60884124
548,-0.51851034
549,-0.061846457
550,0.31510812
551,-0.73666227
552,-0.7516891
553,-0.3840175
554,-0.06356835
555,-0.504248
556,-0.60155356
557,-0.36321324
558,-0.086725004
559,-0.6410181
560,-0.40404877
561,-0.68096256
562,-0.15565623
563,-0.73666227
564,-0.18329121
565,-0.6553911
566,0.044125743
567,-0.74169666
568,-0.8015718
569,-0.40485123
570,-0.38008174
571,-1.6764336
572,-0.43616742
573,-0.90802205
574,0.025150595
575,-0.6034886
576,-0.8146713
577,-0.3049954
578,0.21808122
579,-0.6105368
580,-0.9421944
581,-0.58022964
582,-0.14414375
583,-0.3899574
584,0.15443224
585,-0.186776
586,-0.064848274
587,-0.072828464
588,-1.2433357
589,-0.2944211
590,0.01889062
591,-0.2695233
592,-0.05348589
593,-0.29496053
594,0.080079615
595,-0.111239955
596,-0.8001283
597,-0.53238976
598,-0.7487039
599,-0.29806858
600,-0.17296748
601,-0.60708916
602,-0.5842229
603,-0.68096256
604,0.17822956
605,-0.74169666
606,-0.56700385
607,-0.8398333
608,-0.24041866
609,-1.6764336
610,-0.45487756
611,-0.68096256
612,-0.06356835
613,-0.57662684
614,-0.70555955
615,-0.47586542
616,-0.06356835
617,-0.3645427
618,-0.013687323
619,-0.19051398
620,-0.019541968
621,-0.65437824
622,-0.53204966
623,-0.5232768
624,-0.19832481
625,-0.34333834
626,0.1216194
627,-0.4282427
628,-0.62604856
629,0.4962967
630,0.059389997
631,-0.6034886
632,0.13036717
633,-2.1283214
634,-0.070451744
635,-1.5083634
636,0.020947568
637,-1.3394928
638,0.12572104
639,-1.4350766
640,-0.09029053
641,-1.3976291
642,0.010537474
643,-1.644135
644,-0.103148185
645,-0.9333938
646,-0.28888416
647,-1.2324148
648,0.14217806
649,-0.7888635
650,-0.5008727
651,0.0478588
652,-0.30603322
653,-0.5842229
654,-1.108387
655,-1.7946756
656,-0.941846
657,-0.61315703
658,-0.6659539
659,-1.0179902
660,-0.86556065
661,-0.899609
662,0.08162508
663,-1.3414143
664,-0.8743986
665,-1.2777818
666,0.20655271
667,-1.4392023
668,-0.82299095
669,-1.1482946
670,-1.3209808
671,-0.8779792
672,-1.2422173
673,0.010902126
674,-1.0505372
675,-0.67662936
676,-1.1638621
677,-0.052131705
678,-1.2555417
679,-0.8870128
680,-1.6462168
681,0.0035408207
682,-1.2609104
683,-1.0210296
684,-1.5802509
685,0.20581603
686,-1.0025883
687,-0.6188934
688,-1.4653593
689,0.3618255
690,-1.3534342
691,-0.64258325
692,-1.0425042
693,0.010902126
694,-1.6055542
695,-0.5719655
696,-1.4789116
697,-1.0631344
698,-1.323568
699,-0.26298803
700,-1.3230382
701,-0.92949164
702,-1.2070482
703,-0.5309632
704,-2.100999
705,-0.8959354
706,-1.7306378
707,-1.2109497
708,-1.2555417
709,-1.0275197
710,-1.4477165
711,-1.1822994
712,-1.2530904
713,-1.3443408
714,-1.2757936
715,-0.6584882
716,-1.5973775
717,-0.83132917
718,-1.2536771
719,-1.2104328
720,-1.2734786
721,-0.71853626
722,-0.56609154
723,-0.91474724
724,-1.2882854
725,-0.9496474
726,-0.96061844
727,0.19397151
728,-1.2555417
729,-1.0470965
730,-1.2763528
731,0.072301745
732,-1.2712157
733,-0.64097214
734,-1.0654606
735,0.117153846
736,-1.4698465
737,-0.29727638
738,0.036628243
739,-0.17749722
740,-0.10476087
741,-0.2459499
742,-0.07048049
743,-0.31165448
744,0.037137058
745,-0.33445662
746,0.036628243
747,-0.21315902
748,-0.014408654
749,-0.37497762
750,-0.0044862507
751,-0.06253937
752,-0.43454966
753,-0.029931925
754,-0.20651656
755,-0.4919103
756,-0.25692454
757,0.12936687
758,0.2934294
759,-0.07163673
760,-0.30256677
761,0.20243913
762,-0.08500698
763,0.21431795
764,-0.20934282
765,0.0510888
766,0.039169956
767,-0.021755014
768,-0.37246993
769,0.047159348
770,-0.26802883
771,-0.4153867
772,-0.2459499
773,-0.0025716901
774,-0.11423753
775,-0.0037704501
776,-0.6581071
777,-0.2022155
778,-0.11406555
779,-0.40025476
780,-0.16549085
781,-0.036279596
782,-0.10445681
783,-0.28226808
784,0.047159348
785,-0.17487371
786,-0.08704044
787,-1.1993728
788,0.016637873
789,-0.08704044
790,-0.031179383
791,-0.11097057
792,-1.840125
793,-0.46990353
794,-0.047533277
795,-0.17749722
796,-0.18659274
797,-0.5503652
798,0.16097565
799,0.039173115
800,-0.09750924
801,-0.17321801
802,0.11323369
803,-0.06051014
804,-0.42125016
805,-0.39786053
806,-0.05162328
807,-0.081901535
808,-0.03959773
809,-0.14575195
810,0.05509374
811,-0.21298765
812,-0.11423753
813,-0.09245437
814,-1.3956224
815,1.431094
816,-0.09029053
817,-1.572917
818,1.4673239
819,-0.09029053
820,-1.7762504
821,1.272928
822,-0.013377188
823,-1.73217
824,1.3570584
825,-0.07588788
826,-0.18022405
827,-1.3752267
828,1.5461172
829,0.057618987
830,-1.5383818
831,1.3574378
832,-0.07588788
833,-1.2962356
834,1.0499749
835,-0.012589076
836,-1.483099
837,1.2425398
838,-0.443448
839,-1.25238
840,0.9747939
841,-0.060904015
842,-0.8492386
843,1.1134219
844,0.07118256
845,0.33810174
846,0.6215975
847,-0.17606962
848,-0.20474908
849,-1.2323676
850,0.66298884
851,0.08101691
852,-0.03619327
853,-1.2620312
854,0.8618888
855,0.030748297
856,0.40470415
857,-1.7069076
858,1.1302209
859,0.066281565
860,0.9537448
861,-1.3921032
862,1.317227
863,0.00880536
864,0.34731802
865,-1.6438907
866,1.0581623
867,0.37669685
868,-0.53178287
869,-1.9041252
870,0.80791456
871,-0.14119315
872,0.11714246
873,-1.5313002
874,1.1702782
875,-0.013377188
876,-1.25238
877,1.3976816
878,0.004213321
879,-1.1413403
880,1.6120036
881,0.19236967
882,-1.4221354
883,1.2526069
884,0.03211564
885,-1.2318466
886,1.1226666
887,-0.5090073
888,0.42926154
889,0.54854894
890,-0.44938517
891,0.72662276
892,-0.2824429
893,0.07057283
894,-0.22072837
895,0.19767465
896,0.1385444
897,-0.20968077
898,-0.6040451
899,-0.99521697
900,-0.29987788
901,-0.4289229
902,0.94420326
903,0.7764111
904,0.95501286
905,0.59080154
906,0.36994705
907,-1.085219
908,2.1010945
909,0.55282164
910,0.44232976
911,-1.3801059
912,2.4636352
913,-0.26909146
914,0.29355446
915,-1.1076878
916,2.304632
917,0.49354917
918,-0.015729371
919,-0.9631786
920,1.8119389
921,0.42286435
922,0.44070572
923,-1.5791067
924,2.015174
925,0.6796963
926,0.4119108
927,-1.5150385
928,-1.1199585
929,0.52464
930,0.42082876
931,-1.5280559
932,2.304632
933,0.48728645
934,0.74618936
935,-1.4905388
936,2.304632
937,-1.2752833
938,0.7568324
939,-1.364095
940,2.4107873
941,0.36573318
942,-0.009382975
943,-1.2394447
944,2.4011433
945,0.58412814
946,-0.03619327
947,-3.1584766
948,2.258473
949,0.39093065
950,0.07626427
951,-1.7047474
952,2.394199
953,-0.37316865
954,0.8955516
955,-0.5901903
956,2.4445815
957,-0.80494833
958,0.4476213
959,-1.3388202
960,2.4527388
961,0.66998094
962,-0.00803117
963,-1.5199584
964,2.5544617
965,0.23614743
966,0.030785842
967,-1.6074098
968,2.3843043
969,0.79349273
970,0.8934896
971,-1.4184642
972,1.78437
973,0.53664815
974,0.48578382
975,-1.2596914
976,2.3335116
977,0.67742985
978,-0.055410948
979,-0.8285913
980,2.1632202
981,0.41461265
982,-0.060904015
983,-1.1772447
984,2.5183587
985,0.55282164
986,0.3282018
987,-1.524819
988,2.2071955
989,-0.22344305
990,0.30516157
991,-1.337537
992,2.2747233
993,0.56864697
994,0.73805094
995,0.21909398
996,0.5318687
997,0.5335028
998,0.7474527
999,-0.3371375
1000,-0.74574083
1001,0.693722
1002,-0.86292696
1003,-0.065673746
1004,-0.19947746
1005,0.32511652
1006,0.41038895
1007,0.4815425
1008,0.5131177
1009,-0.35870945
1010,0.7408311
1011,0.83359385
1012,0.4977771
1013,-0.5937108
1014,0.2376311
1015,0.7664645
1016,0.44988927
1017,-0.5511043
1018,0.60228515
1019,0.7355137
1020,0.20949332
1021,-0.7892135
1022,0.70746446
1023,0.5197495
1024,0.20949332
1025,-0.5284114
1026,0.7536969
1027,0.73381513
1028,0.5044185
1029,-0.6581657
1030,0.46300557
1031,0.73123443
1032,0.06980255
1033,-0.45714334
1034,1.214367
1035,0.67603916
1036,0.6354828
1037,-0.60291284
1038,0.26644528
1039,-1.1393301
1040,0.89200556
1041,0.57534
1042,-0.38266546
1043,0.2323877
1044,0.88151914
1045,0.076332875
1046,-1.018859
1047,0.49244148
1048,1.3040785
1049,-0.43019363
1050,0.13828793
1051,1.0140222
1052,0.56757206
1053,-0.5805614
1054,0.44638944
1055,1.0605212
1056,0.5468055
1057,-0.63521945
1058,0.46300557
1059,0.81415904
1060,0.3459258
1061,-0.84455305
1062,0.726399
1063,0.81415904
1064,0.20949332
1065,-0.7968088
1066,0.001294313
1067,0.7208841
1068,0.32404235
1069,-0.73160994
1070,0.40385726
1071,0.81415904
1072,0.1468116
1073,-0.9009103
1074,0.1409758
1075,0.7208841
1076,0.21476862
1077,-0.85791564
1078,0.27018803
1079,0.70120984
1080,0.2999977
1081,-0.52229
1082,-0.07524808
1083,-1.317241
1084,2.6253908
1085,-1.9829671
1086,-0.14559795
1087,-0.37137222
1088,2.6873105
1089,-1.2745137
1090,-0.08627332
1091,-0.555692
1092,2.5115588
1093,-2.1555421
1094,-0.31856564
1095,-1.5731778
1096,2.453931
1097,-1.44563
1098,-0.2742113
1099,-0.6197805
1100,2.490491
1101,-1.8744545
1102,-0.66115797
1103,-1.2826468
1104,2.5230956
1105,-1.1648138
1106,-1.1208553
1107,2.6460218
1108,-1.5807068
1109,-0.10350285
1110,-1.2698042
1111,2.614449
1112,-1.3436852
1113,-1.5149591
1114,-1.3465228
1115,-0.40954512
1116,-1.380848
1117,2.3266613
1118,-2.0279105
1119,-0.4974732
1120,-0.4118582
1121,2.3152456
1122,-1.6258854
1123,-0.33172745
1124,-1.9017206
1125,2.60632
1126,-1.5312986
1127,-0.44854814
1128,-1.8164618
1129,2.6550136
1130,-2.1955895
1131,-0.29961517
1132,-1.1824803
1133,2.5035076
1134,-1.6935208
1135,-0.50590473
1136,-1.1696641
1137,2.4496748
1138,-2.0279105
1139,-0.066724665
1140,-0.20596021
1141,-1.5837204
1142,2.4721951
1143,-0.92717874
1144,-0.21959691
1145,-0.64828604
1146,2.506313
1147,-1.819701
1148,-0.16530341
1149,-1.0791543
1150,2.5741417
1151,-1.5644346
1152,-0.5455373
1153,-0.67916805
1154,0.7105443
1155,0.3543344
1156,-0.63925207
1157,0.9358502
1158,0.32404235
1159,-0.4942156
1160,0.9031827
1161,0.4744009
1162,-0.4133377
1163,0.3810831
1164,0.1674656
1165,-0.71877986
1166,0.83799624
1167,0.21218495
1168,-0.48699167
1169,0.44239688
1170,0.087811984
1171,0.8703297
1172,0.41070768
1173,0.60310566
1174,-0.82155234
1175,-0.40261585
1176,-0.6164488
1177,-0.42601523
1178,-0.48091698
1179,-0.54047436
1180,-0.80900294
1181,-0.30716738
1182,0.68796515
1183,-0.93462396
1184,-0.9387211
1185,-0.5742042
1186,-0.79388946
1187,-1.1408103
1188,-0.7675635
1189,-0.7271179
1190,-0.6962425
1191,-0.5609963
1192,0.1378834
1193,-0.3977241
1194,-1.2531753
1195,-0.35218808
1196,-17.07008
1197,-0.9950112
1198,-0.333256
1199,-0.60522836
1200,-0.51227576
1201,-0.56574076
1202,-0.6501909
1203,-0.6857871
1204,-0.36720067
1205,-0.5501609
1206,-1.0841984
1207,-0.3854785
1208,-1.7535079
1209,-0.63873756
1210,-0.26469788
1211,-0.46049565
1212,-1.1408103
1213,-0.6371414
1214,-0.11796809
1215,-0.57864726
1216,-0.57426375
1217,-0.333256
1218,-0.41979614
1219,-0.6962425
1220,-0.41948187
1221,-0.23455541
1222,-0.793745
1223,-0.37577596
1224,-0.12643683
1225,-0.67412573
1226,-0.80703616
1227,-0.41526705
1228,-0.49020815
1229,-0.71954817
1230,-0.2917343
1231,-0.042713914
1232,-1.2870258
1233,0.3098539
1234,-0.012420718
1235,0.32496667
1236,-0.033600066
1237,-1.5424802
1238,0.35243297
1239,-0.04509694
1240,0.06748355
1241,0.27958682
1242,0.4454453
1243,0.29579076
1244,-1.2191168
1245,0.32739383
1246,0.17810914
1247,-0.6732525
1248,0.2990736
1249,0.46389192
1250,0.4944994
1251,0.3664656
1252,0.14902624
1253,-0.62597
1254,-0.45487756
1255,-0.28259447
1256,-0.91862214
1257,-0.69948626
1258,-0.05635407
1259,-0.6661151
1260,-0.45487756
1261,-0.68096256
1262,-0.17296748
1263,-0.5622129
1264,-0.45487756
1265,-0.586526
1266,0.04738627
1267,-0.9148552
1268,-0.45487756
1269,-0.07706109
1270,-0.61315703
1271,-1.042644
1272,-1.2087265
1273,0.25262696
1274,-0.73666227
1275,-1.8846976
1276,-0.3138612
1277,-0.6105368
1278,-0.60155356
1279,-0.54812396
1280,0.049874797
1281,-0.61315703
1282,-0.52427423
1283,-0.64005816
1284,0.07813948
1285,-0.6105368
1286,-0.5416555
1287,0.06104618
1288,-2.3070571
1289,0.032484386
1290,-1.1354536
1291,0.5609891
1292,-1.8909994
1293,-0.05929908
1294,-1.6638137
1295,0.189588
1296,-1.1961523
1297,-0.54006594
1298,-1.2754163
1299,-0.6757736
1300,-1.2536771
1301,-1.3414143
1302,-0.9799377
1303,-0.84456867
1304,-1.2609104
1305,-0.71853626
1306,-0.8651732
1307,-1.4698465
1308,-1.8279705
1309,-1.0626968
1310,-0.097648725
1311,-1.3229461
1312,-0.9668544
1313,-1.2192191
1314,-2.5219855
1315,-1.2609104
1316,-0.7164457
1317,-1.2536771
1318,-0.95132834
1319,-1.2070482
1320,-0.24296838
1321,-0.964883
1322,-0.5147194
1323,-1.3083836
1324,-0.4493926
1325,-1.4873726
1326,-0.2140518
1327,-1.5315295
1328,-0.6316354
1329,-1.2842982
1330,-0.08467049
1331,-1.4698465
1332,-0.9669332
1333,-1.2749275
1334,0.1406073
1335,-1.0454475
1336,-0.5782584
1337,-1.280141
1338,-0.07917207
1339,-1.2861215
1340,-0.45793113
1341,0.29986325
1342,-0.21686432
1343,-0.18494669
1344,-0.1340994
1345,0.095313534
1346,-0.1863847
1347,0.11076073
1348,-0.73666227
1349,-0.46536404
1350,-0.2866173
1351,-0.17559595
1352,-1.4381937
1353,-0.8749525
1354,-0.54991424
1355,-0.6081053
1356,-0.7797692
1357,-0.76572794
1358,-0.04718897
1359,-0.5978381
1360,-0.62904364
1361,-0.138744
1362,-0.0758975
1363,-0.04958839
1364,-0.046296805
1365,-0.10957675
1366,-1.5623523
1367,-0.20934282
1368,0.080079615
1369,-0.076697774
1370,-0.31231555
1371,-0.3447525
1372,0.12936687
1373,-0.26802883
1374,-0.15397704
1375,0.03757423
1376,0.047159348
1377,-0.50887686
1378,-0.07163673
1379,0.07424334
1380,-1.4221354
1381,1.5362728
1382,-0.37412524
1383,-1.4213659
1384,1.1541013
1385,-1.0176849
1386,-1.610721
1387,-0.040141687
1388,-1.1377084
1389,1.2273182
1390,-0.008003636
1391,-1.2465444
1392,0.783993
1393,0.13036717
1394,-1.2146848
1395,1.1587925
1396,-0.095441535
1397,-1.5432462
1398,1.2046471
1399,0.29355446
1400,-1.9679828
1401,0.9560982
1402,-0.008003636
1403,-1.8282601
1404,1.3672539
1405,-0.050991688
1406,-1.9800025
1407,1.7362018
1408,-0.17499377
1409,-1.2522355
1410,1.325584
1411,0.05352416
1412,-1.4926984
1413,1.3246895
1414,0.4597988
1415,-2.497229
1416,2.4873896
1417,0.13344738
1418,-1.725319
1419,1.7664586
1420,-0.09245437
1421,-1.5104122
1422,1.1863514
1423,-0.03619327
1424,-1.2481279
1425,1.4466684
1426,0.5219638
1427,-1.5738991
1428,1.3340541
1429,-0.07879759
1430,-1.5383818
1431,1.7873563
1432,-1.259091
1433,-0.8789072
1434,-0.27051085
1435,-1.2031333
1436,-1.2305895
1437,-0.5919979
1438,-1.4278892
1439,-1.0275197
1440,-0.60834056
1441,-1.6705115
1442,-0.48203444
1443,-0.93632543
1444,-1.5396761
1445,-2.400213
1446,-1.0671077
1447,-1.4103816
1448,-1.6700457
1449,-0.48685354
1450,0.3958903
1451,0.51395345
1452,0.10655555
1453,1.9912155
1454,0.4469069
1455,0.13145196
1456,-1.3952218
1457,2.304632
1458,0.4891544
1459,-0.029047552
1460,-1.4614784
1461,2.576166
1462,0.3480587
1463,0.39086008
1464,-1.6202751
1465,2.2747233
1466,-0.26909146
1467,0.4630404
1468,-1.5207524
1469,1.9885975
1470,0.43522295
1471,-1.495221
1472,-0.11346372
1473,0.111391135
1474,-0.03619327
1475,-1.0485194
1476,1.8059456
1477,0.3333845
1478,0.40970948
1479,-1.323398
1480,2.08004
1481,0.60002637
1482,0.49221575
1483,-1.2538495
1484,2.3209357
1485,0.49407816
1486,0.40970948
1487,-1.2934377
1488,2.3776562
1489,0.5832331
1490,-1.2955512
1491,-0.32292342
1492,-0.047957957
1493,0.22494772
1494,-0.20773013
1495,-0.33348623
1496,0.45727128
1497,-0.24891384
1498,0.45727128
1499,-1.0684862
1500,-0.04657915
1501,-1.5046083
1502,-0.49849278
1503,-0.010419019
1504,-0.13943699
1505,-1.5533814
1506,-0.19826214
1507,-0.023065096
1508,-0.13943699
1509,-1.3182198
1510,-0.19826214
1511,0.026418252
1512,-0.36246002
1513,-1.7389007
1514,-0.21251899
1515,0.061489068
1516,-0.050478317
1517,-1.3182198
1518,-0.22526255
1519,0.025446026
1520,-0.08106131
1521,0.6781616
1522,0.1512025
1523,0.79356027
1524,0.45816243
1525,0.4805819
1526,-1.2382458
1527,0.29854584
1528,0.63479966
1529,-0.9207921
1530,0.2643082
1531,-1.0163825
1532,0.47993195
1533,0.38819808
1534,-1.6811262
1535,0.40032735
1536,-0.82016915
1537,0.3462269
1538,-1.1540792
1539,0.3991519
1540,-1.3611958
1541,0.49467877
1542,-1.1144919
1543,0.30027047
1544,-0.92716664
1545,0.18754287
1546,-0.9967872
1547,0.2784734
1548,0.28524175
1549,0.38894054
1550,0.9974776
1551,0.22622962
1552,-0.3535502
1553,0.10102913
1554,0.8414264
1555,0.28065586
1556,-0.8750582
1557,0.35989076
1558,0.92776525
1559,0.65091085
1560,0.19781427
1561,-0.48076347
1562,-0.26981428
1563,-0.44682425
1564,2.6391933
1565,-1.6455005
1566,-0.07524808
1567,-0.40612096
1568,2.4095905
1569,-1.4628648
1570,-0.21959691
1571,-1.5569715
1572,2.6340191
1573,-1.3227236
1574,-0.16944534
1575,-0.5893636
1576,2.5961459
1577,-1.2463826
1578,-0.4034801
1579,-1.9874204
1580,2.490491
1581,-1.5684042
1582,-0.18025093
1583,-0.6665064
1584,2.6741815
1585,0.26611835
1586,-0.043549374
1587,2.5589807
1588,-1.3740569
1589,-0.01419012
1590,-0.95819575
1591,-1.9256655
1592,2.4652753
1593,-1.2439283
1594,-0.16520476
1595,-0.43501443
1596,2.517335
1597,-2.2740073
1598,-0.21485259
1599,-0.91454184
1600,2.5549226
1601,-1.2719446
1602,-0.17573433
1603,-0.19381058
1604,0.016148226
1605,-0.24979728
1606,-0.33172745
1607,-1.9492254
1608,2.6472504
1609,-1.1648138
1610,-0.8312249
1611,-0.33610076
1612,-0.5565529
1613,-0.6857871
1614,-0.38648263
1615,-0.63611436
1616,-0.39236832
1617,-0.45904118
1618,0.37766713
1619,-0.4774643
1620,-0.45238557
1621,-0.39140913
1622,0.7560408
1623,-0.63516545
1624,-0.17338167
1625,-2.102851
1626,0.7149643
1627,-0.624716
1628,-0.37168527
1629,-1.3413398
1630,0.7438679
1631,-0.46912846
1632,-0.33023697
1633,-0.45154378
1634,0.22472116
1635,-0.4894051
1636,-0.53968483
1637,-0.75880045
1638,0.45416826
1639,-0.4177129
1640,-0.5055502
1641,-1.9279045
1642,0.11138724
1643,-0.48347208
1644,-0.45238557
1645,-0.73452467
1646,0.33724764
1647,-0.60306484
1648,-0.17338167
1649,-1.4186373
1650,0.37766713
1651,-0.5056298
1652,-0.9373997
1653,-0.6976648
1654,-0.34230638
1655,-0.4904753
1656,-0.38240206
1657,-0.9794932
1658,0.66416544
1659,0.3210019
1660,-0.80442554
1661,0.97441524
1662,0.49464485
1663,-0.5777348
1664,0.5204467
1665,0.3749543
1666,-0.5491901
1667,1.4160074
1668,0.32404235
1669,-0.08062187
1670,0.94699126
1671,-0.19831833
1672,0.25414148
1673,0.40967798
1674,0.18195206
1675,-0.3646303
1676,0.39514798
1677,0.3888229
1678,1.100866
1679,-0.89315134
1680,-0.8737181
1681,-1.3101819
1682,0.33886537
1683,0.048121992
1684,-0.8324456
1685,0.6617694
1686,-1.4591184
1687,-0.7301085
1688,-2.6160355
1689,-1.3367115
1690,-1.7373741
1691,-1.2119784
1692,0.6617694
1693,-1.8557858
1694,-1.3540275
1695,0.5868015
1696,-1.6876954
1697,-1.0529828
1698,0.5436765
1699,-1.5154706
1700,-0.82102764
1701,0.39762866
1702,-0.11390085
1703,0.33228543
1704,0.5816126
1705,-0.3284017
1706,0.06766168
1707,-0.26772532
1708,-0.2559487
1709,0.17629772
1710,-0.14293377
1711,-0.22746536
1712,0.0510888
1713,-0.34547392
1714,-0.07052711
1715,-1.254912
1716,-0.12341812
1717,0.095313534
1718,-0.06051014
1719,-0.29137683
1720,0.01889062
1721,-0.10200774
1722,-0.32799336
1723,0.080079615
1724,-0.08500698
1725,-0.24083434
1726,-0.45033333
1727,-0.043971952
1728,-0.098164394
1729,-0.04599628
1730,0.33905318
1731,-0.2321338
1732,-1.6384463
1733,0.07354527
1734,-1.3214062
1735,-0.24846068
1736,-0.18739636
1737,-1.4223164
1738,-0.22474141
1739,0.041863725
1740,-12.501926
1741,-0.4063388
1742,-0.20866208
1743,-0.23431595
1744,0.049883224
1745,-0.044946227
1746,0.18805623
1747,0.054444563
1748,0.0008832819
1749,-0.3990923
1750,0.02176968
1751,2.6073954
1752,-1.4882072
1753,-0.4063388
1754,0.17942475
1755,-0.26340964
1756,0.26850864
1757,-0.28602874
1758,-0.058038853
1759,-1.3307394
1760,-0.299937
1761,0.16013837
1762,0.014668893
1763,0.13891116
1764,-1.1741478
1765,-0.16645221
1766,0.047549475
1767,-0.3238331
1768,0.07354527
1769,-1.3703297
1770,-0.28602874
1771,0.12016402
1772,-0.9199177
1773,-0.09765208
1774,-0.07422473
1775,-0.39132297
1776,0.002234819
1777,0.0011567854
1778,-0.20678863
1779,0.23381089
1780,-0.08062187
1781,0.5926484
1782,-0.28602874
1783,0.06727879
1784,0.6043375
1785,-0.015886886
1786,0.35864297
1787,-0.73666227
1788,-0.43094203
1789,-0.20461503
1790,-0.04667118
1791,-0.25840676
1792,-0.51851034
1793,-0.004798306
1794,-0.49646783
1795,-0.45487756
1796,0.06698245
1797,0.18630627
1798,-0.61325425
1799,-0.56700385
1800,-0.36321324
1801,0.0751586
1802,-0.55672187
1803,-0.40404877
1804,-0.43877944
1805,-0.05028202
1806,-0.60708916
1807,-0.45487756
1808,-0.24225916
1809,0.089572616
1810,-0.6141828
1811,-0.51851034
1812,-0.068270974
1813,-0.19299483
1814,-0.8643114
1815,-0.69239634
1816,-0.5238266
1817,-0.11013212
1818,-0.608636
1819,-0.7969431
1820,-0.46528536
1821,-0.14148237
1822,-0.409153
1823,0.26674563
1824,-0.20711195
1825,-0.08815169
1826,-0.24891448
1827,0.036628243
1828,-0.18072532
1829,-0.13730866
1830,0.048771754
1831,0.09782932
1832,-0.12570736
1833,-0.08606236
1834,-0.5106345
1835,0.0007768711
1836,-0.1863847
1837,-0.019541968
1838,-0.63088477
1839,-0.46551213
1840,-0.69948626
1841,0.09529958
1842,-0.58829474
1843,-0.5158626
1844,-0.68096256
1845,0.0751586
1846,-0.5800885
1847,-0.5158626
1848,-0.04009079
1849,0.21808122
1850,-0.90844107
1851,-0.68563694
1852,-0.68096256
1853,0.40927702
1854,-0.6806284
1855,-0.45487756
1856,-0.58022964
1857,-0.02374201
1858,-0.6410181
1859,-0.5800387
1860,-0.61106133
1861,-0.06356835
1862,-0.15839514
1863,-0.05162328
1864,-0.07753054
1865,-0.11423753
1866,-0.47347254
1867,-0.53204966
1868,-0.5321543
1869,-0.17296748
1870,-0.4089796
1871,-0.001843116
1872,-0.103187785
1873,-0.42907786
1874,-0.3551047
1875,0.076031044
1876,-0.5939714
1877,0.05352416
1878,-1.5238546
1879,-0.3773843
1880,-1.385267
1881,-0.07588788
1882,-0.94587004
1883,0.29656708
1884,-1.7317988
1885,0.05352416
1886,-1.5096222
1887,-0.07588788
1888,-1.2168256
1889,-1.1707817
1890,-0.16015424
1891,-0.39855042
1892,-0.56674105
1893,0.117960155
1894,0.18574719
1895,-0.4275732
1896,0.032993805
1897,-0.57662684
1898,-1.0851775
1899,-0.56207377
1900,-0.5580213
1901,-0.70969313
1902,-0.56207377
1903,-0.42907786
1904,-0.5416555
1905,0.5338767
1906,-0.61325425
1907,-0.515062
1908,-0.106550574
1909,-0.21918908
1910,-0.5416555
1911,0.08299027
1912,-1.3054622
1913,-4.25832
1914,-1.0550126
1915,-0.6533448
1916,-1.4163729
1917,-0.35325113
1918,-0.9452805
1919,0.010691038
1920,-1.323568
1921,0.58011925
1922,0.17219794
1923,-1.2984021
1924,-0.1560194
1925,-1.3031985
1926,0.117153846
1927,-1.2282574
1928,-0.6904901
1929,-1.1174209
1930,0.083840296
1931,-1.2442795
1932,-0.80858094
1933,-1.2115196
1934,-1.0330715
1935,-1.2609104
1936,-0.116619416
1937,-1.2364794
1938,0.072301745
1939,-1.2442795
1940,-0.7267435
1941,-1.3705224
1942,-0.06345563
1943,-1.3769349
1944,-0.7700773
1945,-1.4438088
1946,-0.0648492
1947,-2.449689
1948,-1.2732472
1949,-1.4789116
1950,-1.6206268
1951,-1.7288331
1952,-0.71821636
1953,-1.3534342
1954,-0.6595118
1955,-1.4698465
1956,-0.9729715
1957,0.8029653
1958,-1.3534342
1959,-0.62754685
1960,-1.7908453
1961,-0.6584882
1962,-1.4756343
1963,-0.7203105
1964,-1.3230382
1965,-0.7426122
1966,-1.3054622
1967,-1.3833168
1968,-1.4329162
1969,-1.041254
1970,-1.3534342
1971,-0.5841643
1972,-1.2624689
1973,0.5048727
1974,-1.2609104
1975,-0.7645895
1976,-0.77000916
1977,0.60349846
1978,-1.2555417
1979,-1.0674663
1980,-1.1697266
1981,0.029213676
1982,-1.3534342
1983,-0.51681495
1984,-0.9453776
1985,0.20344129
1986,-1.0947479
1987,-1.1384901
1988,-1.1130784
1989,0.3009983
1990,-1.3074262
1991,-0.29727638
1992,0.16097565
1993,-0.19051398
1994,-0.010526876
1995,-0.45291215
1996,0.036628243
1997,-0.22233193
1998,0.2068065
1999,0.3046552
2000,0.34029934
2001,-0.9460628
2002,-0.3723752
2003,0.22192994
2004,-0.11720089
2005,-0.08606236
2006,-0.29727638
2007,0.0510888
2008,-0.16489772
2009,0.06415257
2010,-0.26750326
2011,-0.0044862507
2012,-0.186776
2013,-0.08606236
2014,-0.36439174
2015,0.16097565
2016,-0.103187785
2017,0.18266143
2018,-0.3284017
2019,-0.05162328
2020,-0.14326589
2021,-0.101038896
2022,-0.31453443
2023,-0.05162328
2024,-0.17056116
2025,-0.3634459
2026,-0.25809768
2027,0.16097565
2028,-0.07835294
2029,-0.28495526
2030,-0.047533277
2031,-0.29628715
2032,-0.008971016
2033,-0.2459499
2034,0.19767106
2035,-0.07163673
2036,-0.13246828
2037,0.12936687
2038,-0.1892158
2039,-0.16064104
2040,-0.18800902
2041,0.102958106
2042,-0.23071285
2043,-0.086718
2044,-0.27613544
2045,0.18123443
2046,-0.4114374
2047,-0.43462253
2048,0.0510888
2049,-0.07835294
2050,-0.36571082
2051,0.009013212
2052,-0.23323077
2053,-0.064848274
2054,-0.3284017
2055,-0.013687323
2056,-0.15365194
2057,-0.11423753
2058,-0.36175275
2059,-0.013687323
2060,-0.103187785
2061,-0.1899704
2062,-0.29496053
2063,-0.05162328
2064,-0.23315634
2065,-0.11423753
2066,0.021870142
2067,-1.493204
2068,1.496597
2069,-0.06090161
2070,-1.895506
2071,1.440224
2072,-0.09245437
2073,-1.408042
2074,1.5334791
2075,-0.03619327
2076,-2.1175594
2077,1.1060278
2078,-0.07588788
2079,-1.5706344
2080,1.2628702
2081,0.032484386
2082,-1.3850094
2083,1.4650252
2084,0.14955002
2085,-1.4137728
2086,1.5284319
2087,0.18030956
2088,-1.3456179
2089,1.0710045
2090,-0.20238529
2091,-1.283028
2092,1.8156507
2093,-0.07588788
2094,-1.5548717
2095,1.1330209
2096,0.021870142
2097,-1.1545936
2098,1.0775993
2099,0.26194277
2100,-0.05929908
2101,-1.8237494
2102,1.0581623
2103,-0.10087706
2104,0.66294473
2105,-1.5610567
2106,0.6954717
2107,0.035499837
2108,0.3282018
2109,-1.633406
2110,0.63701874
2111,0.07366551
2112,0.189588
2113,-1.3429297
2114,0.82220954
2115,0.055503234
2116,0.3552852
2117,-1.710401
2118,0.68549305
2119,0.14846292
2120,0.18916075
2121,-1.4922961
2122,1.1703719
2123,0.06533978
2124,0.021870142
2125,-1.3776448
2126,1.011805
2127,0.04795001
2128,0.059250575
2129,-1.3776448
2130,0.68549305
2131,0.73853016
2132,-0.14935452
2133,-0.9038931
2134,1.4889507
2135,-0.0022228619
2136,-1.2705836
2137,-0.07588788
2138,-0.9955563
2139,1.5065022
2140,-0.07588788
2141,-1.2168256
2142,1.2712668
2143,-0.07588788
2144,-1.2318466
2145,1.1868986
2146,-0.100669265
2147,-1.3811858
2148,0.6762729
2149,-0.5112494
2150,0.31922907
2151,-0.30580446
2152,0.9916926
2153,-0.33042845
2154,1.0237466
2155,-1.3709371
2156,0.35672852
2157,-0.46445087
2158,0.6035209
2159,-0.4919788
2160,-0.11289263
2161,0.27866337
2162,-0.42865074
2163,0.38003337
2164,-0.27182627
2165,0.0021420661
2166,0.056831565
2167,0.13350332
2168,-0.29907545
2169,-0.10042743
2170,0.71715635
2171,1.038161
2172,1.0297529
2173,0.4992377
2174,0.9977479
2175,0.54064703
2176,-1.2649581
2177,-0.199824
2178,-0.121966004
2179,-0.008003636
2180,2.3618975
2181,0.7366106
2182,0.9724637
2183,-0.21222284
2184,0.44118318
2185,0.23544706
2186,-1.4232898
2187,2.2134006
2188,0.6986653
2189,2.6134152
2190,-1.4600313
2191,0.51395345
2192,-1.3599958
2193,2.5013335
2194,0.37076572
2195,0.33290485
2196,-1.5249256
2197,2.2587142
2198,0.61580676
2199,0.61953104
2200,-1.4280604
2201,2.3736107
2202,0.35972735
2203,0.3259164
2204,-1.4624753
2205,1.6428461
2206,0.42772728
2207,0.44784245
2208,-1.0669317
2209,2.0207458
2210,0.67041
2211,0.6814184
2212,-1.5146779
2213,2.5495284
2214,0.62781835
2215,0.71304214
2216,-1.2596914
2217,2.3142676
2218,0.20184241
2219,0.45815182
2220,-1.8254906
2221,2.46442
2222,0.5157641
2223,0.3970393
2224,-1.2623498
2225,2.2875607
2226,0.20073496
2227,0.29355446
2228,-1.4839033
2229,1.9919218
2230,0.25613776
2231,0.23402447
2232,-1.4720807
2233,2.015174
2234,0.5681898
2235,0.2931996
2236,-1.5064787
2237,2.246406
2238,0.1414191
2239,0.51395345
2240,-1.2659444
2241,2.3647535
2242,-0.47790322
2243,0.49054188
2244,-1.1661623
2245,1.8955172
2246,0.42286435
2247,0.38608643
2248,-1.4839033
2249,2.3927104
2250,0.60715085
2251,0.55504155
2252,-1.768301
2253,2.2627883
2254,0.4867934
2255,0.2881444
2256,-1.5787597
2257,2.2133589
2258,0.44287965
2259,0.49313605
2260,-0.0006629683
2261,0.52560145
2262,0.5335028
2263,0.47283277
2264,-0.02724873
2265,-1.7241014
2266,0.8423968
2267,-0.81485903
2268,0.07152862
2269,-0.17739059
2270,0.313111
2271,0.3117393
2272,0.88151914
2273,0.47193864
2274,-0.85791564
2275,1.3777
2276,1.2525117
2277,0.48820007
2278,-0.24694496
2279,0.472891
2280,0.47527066
2281,0.2999977
2282,-0.89680386
2283,-0.5364685
2284,0.73381513
2285,0.3475663
2286,-0.75416696
2287,0.1828109
2288,0.9535975
2289,0.22622962
2290,-0.6311699
2291,0.40908793
2292,0.9442919
2293,0.37115228
2294,-0.446638
2295,0.58371
2296,0.56657827
2297,0.4744009
2298,-0.66161925
2299,0.46300557
2300,0.6038345
2301,0.60984063
2302,-0.577792
2303,1.2343216
2304,0.847416
2305,0.68806773
2306,-0.5922598
2307,1.0412068
2308,0.74103546
2309,-0.7258074
2310,0.30861285
2311,1.1017002
2312,-0.36470395
2313,0.31368738
2314,1.1189175
2315,0.41913402
2316,-0.93276304
2317,0.21724
2318,0.72724545
2319,0.270213
2320,-0.94582796
2321,0.73554754
2322,0.7208841
2323,0.3210019
2324,-0.80747354
2325,0.46300557
2326,0.81415904
2327,0.20949332
2328,-1.1455412
2329,0.40385726
2330,0.73123443
2331,0.21218495
2332,-0.52229
2333,0.46300557
2334,0.73381513
2335,0.20949332
2336,-0.83858436
2337,0.28540698
2338,0.64746475
2339,0.3210019
2340,-0.5431248
2341,0.15604153
2342,1.0924321
2343,0.558923
2344,-0.9504545
2345,0.27018803
2346,0.75643903
2347,0.6781616
2348,-0.8254966
2349,2.9743176
2350,-1.5619587
2351,-0.80154353
2352,-1.3262311
2353,2.6170578
2354,-2.2751102
2355,-0.64164376
2356,2.522537
2357,-1.5683186
2358,-0.396269
2359,-1.4201196
2360,2.522537
2361,-1.5485811
2362,-0.885412
2363,-1.8563224
2364,2.4960105
2365,-1.5411559
2366,-0.2792235
2367,-1.4062253
2368,2.5130317
2369,-1.3068599
2370,-1.5807216
2371,2.5364168
2372,-1.8279163
2373,-0.36167103
2374,-1.2273365
2375,2.5599854
2376,-1.3498507
2377,-1.4239371
2378,-1.4659612
2379,-0.6307199
2380,-2.4582684
2381,2.6882355
2382,-1.5639789
2383,-0.21913202
2384,-1.2574117
2385,2.4721951
2386,-1.1305285
2387,-0.22491048
2388,-0.45907867
2389,2.5613518
2390,-1.1924337
2391,-0.22753716
2392,-0.6052637
2393,2.4484391
2394,-0.046334103
2395,-0.26981428
2396,-1.2468561
2397,2.450642
2398,-2.2189748
2399,-0.29551432
2400,-1.347918
2401,2.5013466
2402,-1.7500851
2403,-0.3422869
2404,-0.44682425
2405,2.4645152
2406,-1.4722408
2407,-1.1413835
2408,-0.2389148
2409,0.077866815
2410,-0.050478317
2411,-0.40868115
2412,-1.4993124
2413,2.5024
2414,-1.193422
2415,-0.276715
2416,-1.517206
2417,2.4645152
2418,-1.3416815
2419,-0.5056298
2420,0.48428515
2421,0.22540684
2422,-0.5304846
2423,0.66099393
2424,0.53940076
2425,-0.71877986
2426,0.94380045
2427,0.49064288
2428,-0.64132077
2429,0.959078
2430,0.3475663
2431,-0.47247148
2432,0.36962596
2433,0.24936442
2434,-0.61805034
2435,0.9114112
2436,0.34093618
2437,-0.44961834
2438,0.44239688
2439,0.4954454
2440,-0.56400776
2441,0.22074184
2442,0.43091458
2443,-0.32873532
2444,0.8814336
2445,0.32352376
2446,-0.46264818
2447,-0.71954817
2448,-0.409637
2449,-0.51304877
2450,-0.5228273
2451,-0.7367292
2452,-0.31688866
2453,-0.49981076
2454,-0.4364934
2455,-0.725577
2456,-0.5609433
2457,-0.36863884
2458,-0.7788691
2459,-1.1147333
2460,-0.303809
2461,-0.7788691
2462,-0.9078679
2463,-0.3419718
2464,-0.5037903
2465,-1.0209055
2466,-0.36097667
2467,-6.2633495
2468,-0.71954817
2469,-0.36720067
2470,-1.5604409
2471,-0.6118986
2472,-0.3227536
2473,-0.4111126
2474,-0.71954817
2475,-0.3227536
2476,-0.48228246
2477,-0.48334867
2478,-0.31604654
2479,-0.41002414
2480,-0.66073865
2481,-0.3227536
2482,-0.2611969
2483,-0.5499777
2484,-0.34098896
2485,-0.95031345
2486,-0.66304135
2487,-0.3227536
2488,-0.52508926
2489,-0.8657591
2490,-0.3227536
2491,0.019860534
2492,-0.6897967
2493,-0.6688266
2494,-0.36949423
2495,-0.8327844
2496,-0.66304135
2497,-0.33850276
2498,-0.73611635
2499,-0.6037346
2500,-0.39848512
2501,-0.12941799
2502,-0.5593163
2503,-0.67074907
2504,-0.34098896
2505,-0.44595554
2506,-0.5190347
2507,-0.40320227
2508,-0.23961845
2509,0.39468378
2510,0.07354527
2511,0.25141767
2512,0.16013837
2513,0.28797027
2514,0.20832856
2515,0.44802323
2516,0.31854033
2517,0.28260997
2518,-1.3307394
2519,0.32496667
2520,0.16013837
2521,-0.9916923
2522,0.32496667
2523,-0.7342777
2524,-1.0953219
2525,0.02767768
2526,0.8332819
2527,0.6993825
2528,0.58229464
2529,-0.5842203
2530,-0.46551213
2531,-0.50339407
2532,-0.11013212
2533,-0.45638484
2534,-0.46864972
2535,-1.0992153
2536,-0.05635407
2537,-0.73666227
2538,-0.5008727
2539,-0.36321324
2540,-0.10375624
2541,-0.8643114
2542,-0.4878541
2543,-0.3988653
2544,-0.06356835
2545,0.10537548
2546,-0.45487756
2547,-0.36321324
2548,-0.06356835
2549,-0.8643114
2550,-2.1672952
2551,-0.49925995
2552,0.27515334
2553,-0.49141863
2554,-0.69239634
2555,-0.09454219
2556,0.20500782
2557,-0.8707984
2558,-0.369465
2559,-0.60761905
2560,-0.16229798
2561,-0.6105368
2562,-0.30104184
2563,-0.60761905
2564,0.017166406
2565,0.3970393
2566,-1.601093
2567,0.124938354
2568,-1.2282809
2569,0.33810174
2570,-1.6686413
2571,-0.0022228619
2572,-1.2487886
2573,0.051092975
2574,-1.3407845
2575,-0.9165548
2576,-1.1041023
2577,-1.2070482
2578,-0.8715971
2579,-0.7379217
2580,-1.1509877
2581,0.34078765
2582,-1.1986947
2583,-1.2070482
2584,-0.4830783
2585,-0.96611387
2586,-1.4903339
2587,-1.755288
2588,-1.0581632
2589,-0.47378856
2590,-1.097859
2591,-1.4414146
2592,-0.79258806
2593,-0.25718552
2594,-1.2530904
2595,-0.7616193
2596,-1.2422173
2597,-1.163038
2598,-1.7288331
2599,-0.8789072
2600,-1.0289943
2601,0.10996243
2602,-1.2984021
2603,-0.31499866
2604,-1.1475289
2605,-0.013311785
2606,-1.1541781
2607,-0.78707117
2608,-1.0010598
2609,-0.0058398354
2610,-1.3054622
2611,-0.5099167
2612,-1.1444391
2613,0.1416178
2614,-1.4817649
2615,-0.50806946
2616,0.46641418
2617,-1.3230382
2618,-0.6904901
2619,0.0634356
2620,-0.11423753
2621,0.30046415
2622,0.047159348
2623,-0.4023326
2624,0.49621105
2625,-0.5800885
2626,-0.6790903
2627,-0.46528536
2628,0.07922034
2629,-0.6826543
2630,-0.81123847
2631,-0.5238266
2632,-0.06356835
2633,-0.44749457
2634,-0.72503424
2635,-0.65389633
2636,-0.24041866
2637,-0.51902366
2638,-0.18507716
2639,-0.20552652
2640,0.23310077
2641,-0.26750326
2642,0.21069615
2643,0.06505565
2644,-0.13730866
2645,-0.27613544
2646,-0.013687323
2647,-0.06751309
2648,-0.08117989
2649,-0.13342634
2650,-0.45033333
2651,0.0017348375
2652,0.4614422
2653,-0.15189368
2654,0.0510888
2655,0.14060521
2656,0.09295701
2657,-0.80533063
2658,0.12936687
2659,0.19139932
2660,-0.15397704
2661,-0.012589076
2662,-1.5511104
2663,2.1867146
2664,-0.0022228619
2665,-1.4279019
2666,1.3078713
2667,-0.0022228619
2668,-1.2481279
2669,0.82115877
2670,0.036314856
2671,-1.2655865
2672,1.1198626
2673,-0.6999291
2674,-1.2146848
2675,0.72872704
2676,-0.06549563
2677,-1.383188
2678,1.2742152
2679,0.10993262
2680,-1.295231
2681,1.512238
2682,0.10993262
2683,-1.5083634
2684,0.7279209
2685,0.10993262
2686,-1.3593647
2687,0.8338295
2688,-0.03619327
2689,-1.4856304
2690,0.98523664
2691,0.2931996
2692,-1.6101148
2693,1.2561742
2694,-0.00803117
2695,-1.8257134
2696,1.2040898
2697,0.29355446
2698,-1.3397046
2699,1.3177768
2700,0.09715438
2701,-1.4337516
2702,0.97633606
2703,0.2906191
2704,-1.571336
2705,0.82234406
2706,-0.07811207
2707,-1.1816452
2708,0.12854008
2709,-1.5097452
2710,1.130011
2711,0.02059911
2712,-1.70007
2713,-1.2070482
2714,-1.2045919
2715,-0.75649726
2716,-1.3237842
2717,-1.1695856
2718,-6.203699
2719,-0.47621447
2720,-1.1437595
2721,-1.0995148
2722,-1.4199505
2723,-0.79619545
2724,-0.093159825
2725,-1.189227
2726,-1.1329687
2727,-0.9284513
2728,-1.1046201
2729,-1.03724
2730,-0.59046257
2731,0.8644416
2732,0.41133624
2733,0.37859505
2734,-1.4137304
2735,2.031052
2736,0.5386887
2737,0.39236102
2738,-4.9184318
2739,1.9160291
2740,0.7074863
2741,0.038983576
2742,-1.2141354
2743,2.3927104
2744,0.5135924
2745,0.3823231
2746,-1.6276351
2747,2.515954
2748,0.44843835
2749,0.5102033
2750,-1.4624753
2751,1.9921273
2752,0.38393888
2753,0.5843465
2754,-1.448108
2755,2.2908762
2756,0.8806264
2757,0.9829447
2758,-1.1661623
2759,2.253352
2760,0.66625905
2761,0.5426047
2762,-1.3599958
2763,1.9820771
2764,0.5011065
2765,0.29355446
2766,-1.1605688
2767,2.1800675
2768,0.57288516
2769,0.3970393
2770,-1.4576138
2771,2.61267
2772,0.53681576
2773,0.189715
2774,-0.83780986
2775,2.2773728
2776,0.53681576
2777,0.53398484
2778,-1.2030728
2779,2.3354874
2780,0.53681576
2781,0.28621426
2782,0.10688791
2783,0.20651846
2784,-0.3645913
2785,0.22494772
2786,-0.9615782
2787,0.2625528
2788,-1.0457551
2789,0.33835414
2790,-1.4550776
2791,-0.1702869
2792,0.06719721
2793,-0.1763383
2794,-1.4550776
2795,-0.1702869
2796,-0.09802559
2797,-0.020106386
2798,-1.2650723
2799,-0.19826214
2800,-0.28911445
2801,-0.40142813
2802,-1.635098
2803,0.22501346
2804,-0.066678494
2805,-0.3646853
2806,-1.4251931
2807,-0.1702869
2808,0.11285955
2809,0.19498539
2810,0.5852854
2811,0.49259913
2812,0.7536969
2813,0.95798266
2814,0.35885045
2815,0.3764023
2816,-1.183183
2817,0.22138233
2818,-1.1115662
2819,0.27351004
2820,0.52066505
2821,-1.2033199
2822,0.27337414
2823,0.27340728
2824,-0.3679426
2825,-1.0565598
2826,0.3018524
2827,-1.3860016
2828,0.37186268
2829,-1.988447
2830,0.25772226
2831,-3.6032076
2832,0.24878359
2833,-1.6575745
2834,0.32484677
2835,0.73582387
2836,-1.0525916
2837,0.28302148
2838,0.53254676
2839,0.81415904
2840,0.20949332
2841,-0.29862922
2842,0.27213448
2843,0.6739926
2844,0.20949332
2845,-0.5162957
2846,0.36124507
2847,0.7208841
2848,0.42115256
2849,-0.5435554
2850,0.22148119
2851,0.6450586
2852,0.3210019
2853,-0.50909734
2854,-1.30528
2855,-1.3929753
2856,0.09411373
2857,-0.4399682
2858,2.7561107
2859,-1.4867545
2860,-0.07005352
2861,-1.3221048
2862,2.5978255
2863,-1.4921972
2864,-1.380848
2865,2.6906273
2866,-1.5710987
2867,-0.6723231
2868,-2.030152
2869,2.694232
2870,-1.5070478
2871,-0.44120088
2872,-1.3704269
2873,2.6340191
2874,-1.3416815
2875,0.14262672
2876,-1.6183966
2877,2.5020256
2878,-1.1722192
2879,-0.31856564
2880,-1.3350148
2881,2.0933397
2882,-1.4572383
2883,-0.2840574
2884,-1.4188236
2885,2.46041
2886,-1.8243942
2887,0.37722626
2888,-1.6131413
2889,2.450642
2890,-1.2051189
2891,-0.15298858
2892,-1.044655
2893,2.3266737
2894,-1.3954517
2895,-0.28644332
2896,-1.30528
2897,2.522537
2898,-1.6687671
2899,-0.7397725
2900,-0.6953711
2901,-0.33610076
2902,-0.18463442
2903,-0.56474656
2904,-0.72805476
2905,-0.5162241
2906,-0.3710491
2907,-0.44991437
2908,0.6235973
2909,-0.7781186
2910,-0.7544614
2911,-2.031474
2912,0.87885
2913,-0.702852
2914,-0.45904118
2915,0.2891939
2916,-0.7700832
2917,-0.7304867
2918,-1.6902775
2919,0.51512426
2920,-0.23721135
2921,-1.7727543
2922,-1.8985487
2923,0.38376284
2924,-0.5825278
2925,-0.6444617
2926,-2.0930586
2927,0.32799497
2928,-0.5536427
2929,-0.408446
2930,-0.8753668
2931,0.70393336
2932,-0.6360267
2933,-0.42406538
2934,-1.6786982
2935,0.7944712
2936,-0.8187804
2937,-0.5341771
2938,-1.2933466
2939,0.33661702
2940,-0.74031085
2941,-0.44365245
2942,-0.6371414
2943,-0.65258217
2944,-0.5418785
2945,-0.37539867
2946,-0.40008864
2947,0.6949682
2948,0.1674656
2949,-0.6008839
2950,0.44239688
2951,0.1674656
2952,-0.607314
2953,0.5095676
2954,0.25624558
2955,-0.56400776
2956,0.33905023
2957,0.5916621
2958,-0.07422473
2959,0.9800571
2960,-0.36751845
2961,-0.07422473
2962,-0.21155816
2963,0.86422884
2964,-0.40300223
2965,-0.14293946
2966,0.5852733
2967,1.1364259
2968,-0.21228689
2969,-0.8048758
2970,-1.3367115
2971,0.63563824
2972,-1.0414717
2973,-1.4356906
2974,0.6617694
2975,-0.08521997
2976,-1.1261187
2977,-0.2791247
2978,-1.4228983
2979,0.33102635
2980,-1.8415148
2981,-0.5800387
2982,0.7383674
2983,-0.84859294
2984,-1.3540275
2985,0.36686122
2986,-2.3190563
2987,-0.93159986
2988,0.6966685
2989,-0.16294664
2990,-1.7878181
2991,0.8693733
2992,0.010606844
2993,0.36570787
2994,0.5353592
2995,-0.2251831
2996,-0.007630211
2997,-0.21298765
2998,-0.33258927
2999,0.22192994
3000,-0.0042468086
3001,-0.3284017
3002,0.10880101
3003,-0.10171289
3004,-0.3278867
3005,0.04164212
3006,-0.21712413
3007,-0.3447525
3008,0.008047195
3009,-0.14447515
3010,-0.38616794
3011,0.124241844
3012,-0.115737416
3013,-0.29496053
3014,0.07629079
3015,-0.18681054
3016,-0.15067036
3017,-0.0044862507
3018,-0.18671927
3019,-0.24846068
3020,-0.3238331
3021,0.6432824
3022,-0.27518007
3023,-1.0719622
3024,0.16013837
3025,-1.3680745
3026,-0.16130632
3027,-0.04132927
3028,-1.1705772
3029,0.13208526
3030,-0.024853999
3031,-1.2078441
3032,-0.35081488
3033,-0.27879584
3034,0.10799834
3035,0.025279254
3036,-0.068355955
3037,0.050536986
3038,-0.28797337
3039,-0.17714304
3040,-0.3583941
3041,-0.07523146
3042,-0.33004117
3043,0.036426067
3044,-0.40522945
3045,-0.20866208
3046,-0.3238331
3047,0.17594731
3048,-1.4685076
3049,-0.257928
3050,0.015689349
3051,-0.13109255
3052,0.6813679
3053,-1.1958758
3054,-0.22763252
3055,0.17709577
3056,-1.2703813
3057,-0.083693214
3058,0.44824007
3059,-0.28239626
3060,-1.2081282
3061,-0.29987788
3062,-0.07422473
3063,0.3332876
3064,-0.61621726
3065,0.015995769
3066,-0.0331365
3067,-0.42214167
3068,0.20004845
3069,-0.028335659
3070,-0.12480924
3071,-0.07083173
3072,0.7992606
3073,-0.058033153
3074,0.3178365
3075,-0.57662684
3076,-0.680667
3077,-0.718193
3078,-0.06356835
3079,-0.57662684
3080,-0.515062
3081,-0.17325109
3082,0.0751586
3083,-0.6472363
3084,-0.8324456
3085,-0.38763604
3086,-0.26580736
3087,-0.6410181
3088,0.17645456
3089,-0.17325109
3090,0.017166406
3091,-0.8643114
3092,-0.43094203
3093,-0.24964201
3094,-0.6041814
3095,0.40539706
3096,-0.27055943
3097,-0.70591396
3098,-0.40404877
3099,-0.60761905
3100,0.017166406
3101,-1.6764336
3102,-0.4878541
3103,-0.37077886
3104,-0.26580736
3105,-0.61315703
3106,-0.5842229
3107,-0.7929226
3108,0.28872436
3109,-0.56342846
3110,-0.65703624
3111,-0.76633704
3112,-0.06356835
3113,-0.33895546
3114,0.18756902
3115,-0.0810783
3116,-0.2703802
3117,-1.1993728
3118,-1.7258267
3119,-0.26750326
3120,0.029543033
3121,-0.22233193
3122,-0.71911716
3123,-1.6764336
3124,-0.5842229
3125,-0.78623587
3126,0.07813948
3127,-0.5454784
3128,-0.69239634
3129,-0.30634847
3130,0.07813948
3131,-0.48498642
3132,-0.515062
3133,-0.27942914
3134,-0.42501602
3135,-0.8294824
3136,-0.63995576
3137,-0.092431016
3138,0.20500782
3139,-1.097859
3140,-0.5808524
3141,-0.3585008
3142,-1.097859
3143,-0.8249089
3144,-0.20228682
3145,0.12936687
3146,-0.08500698
3147,-0.08117989
3148,-1.6764336
3149,-0.53204966
3150,-0.40485123
3151,-0.24041866
3152,-0.3284017
3153,0.029543033
3154,-0.13676839
3155,-0.8707984
3156,-0.22755112
3157,0.22638565
3158,-0.42422828
3159,0.56718314
3160,-1.2878147
3161,0.04161236
3162,-1.271935
3163,-0.011926928
3164,-1.2985063
3165,-0.008003636
3166,-1.2318466
3167,0.032484386
3168,-1.3394928
3169,0.067829095
3170,-1.5389558
3171,-0.8893617
3172,-0.15469293
3173,-0.7963195
3174,-0.53204966
3175,-0.6883516
3176,-0.6806284
3177,-0.8813005
3178,0.010696543
3179,-0.8707984
3180,-0.7487039
3181,-0.17931847
3182,-0.4595256
3183,-0.82366043
3184,-0.25218222
3185,-0.73666227
3186,-0.3640089
3187,-2.6613317
3188,-0.30603322
3189,-0.78137386
3190,0.85420966
3191,-1.2282574
3192,-1.0350399
3193,-1.1776248
3194,-0.018684195
3195,-1.2609104
3196,-0.5246556
3197,-1.6981119
3198,0.3514332
3199,-1.3534342
3200,-1.0962347
3201,0.20655271
3202,-1.2070482
3203,-0.5719655
3204,-1.2589241
3205,0.08115755
3206,-1.2070482
3207,-0.266196
3208,0.42806342
3209,-0.43450135
3210,-0.94779384
3211,-1.4264711
3212,0.08115755
3213,-1.2882854
3214,-0.73522705
3215,-1.3802245
3216,0.15088487
3217,-1.2282574
3218,-0.6584882
3219,-1.198828
3220,0.23003414
3221,-1.2609104
3222,-0.6584882
3223,-0.84990066
3224,-0.0058398354
3225,-1.9625684
3226,-1.171322
3227,-1.4811757
3228,-0.71821636
3229,-1.5069193
3230,-1.2933413
3231,-1.8691949
3232,-0.8059938
3233,-2.0482106
3234,-0.035118267
3235,-1.3534342
3236,-0.5052849
3237,-2.2637546
3238,-0.4989883
3239,-1.5242223
3240,-0.24457306
3241,-1.6020977
3242,-0.7815512
3243,-1.323568
3244,-0.88694984
3245,-4.4907913
3246,-5.23928
3247,-1.3054622
3248,-0.64258325
3249,-0.6210168
3250,-6.1207976
3251,0.32898626
3252,-0.33402285
3253,-1.2282574
3254,-0.80858094
3255,-1.1658013
3256,0.23631193
3257,-1.1555634
3258,-0.91832083
3259,-1.0767643
3260,0.20122893
3261,-0.9075257
3262,-0.8283393
3263,-1.1639335
3264,0.08115755
3265,-1.3230382
3266,-0.29727638
3267,0.2580906
3268,-0.186776
3269,-0.03496568
3270,-0.33617026
3271,-0.45033333
3272,-0.17056116
3273,-0.019541968
3274,-0.3284017
3275,-0.0044862507
3276,-0.12524243
3277,-0.07163673
3278,-0.2559487
3279,0.16097565
3280,-0.12524243
3281,-0.039808467
3282,-0.3284017
3283,-0.0044862507
3284,-0.12524243
3285,-0.11423753
3286,-0.34127414
3287,0.008047195
3288,-1.2404505
3289,-0.2538613
3290,0.0031760163
3291,0.029543033
3292,-0.24492384
3293,0.07556521
3294,-0.335378
3295,-0.0044862507
3296,-0.18671927
3297,-0.0106532555
3298,-0.3284017
3299,0.0510888
3300,-0.08500698
3301,0.22029874
3302,-0.25809768
3303,-0.0044862507
3304,-0.16064104
3305,-0.3284017
3306,0.07629079
3307,-0.04431554
3308,-0.05557328
3309,-0.31415027
3310,0.04039864
3311,-0.36824626
3312,0.070655085
3313,0.063871816
3314,0.028140593
3315,-0.31779963
3316,-0.4778604
3317,-0.35438845
3318,0.029838359
3319,-0.16101828
3320,-0.8040828
3321,-0.29727638
3322,0.029838359
3323,-1.0379231
3324,-0.18211567
3325,0.08335639
3326,-0.1899704
3327,-0.20934282
3328,0.12936687
3329,-0.55536515
3330,-0.064848274
3331,-0.29496053
3332,-0.0044862507
3333,-0.084732875
3334,-0.03959773
3335,-0.2863612
3336,-0.029931925
3337,-0.16821349
3338,-0.064848274
3339,-0.19022448
3340,2.3597152
3341,-0.1962993
3342,0.28682113
3343,-0.008003636
3344,-2.0001605
3345,1.0037348
3346,-0.0022228619
3347,-1.7464316
3348,0.5063783
3349,0.059250575
3350,-1.3881483
3351,1.0583056
3352,0.46493873
3353,-0.89399314
3354,-0.6490586
3355,-0.013377188
3356,-0.27728274
3357,0.3299343
3358,-0.008003636
3359,-1.6686413
3360,0.84081674
3361,-0.008003636
3362,-1.5392379
3363,1.203723
3364,-0.07588788
3365,-1.2848392
3366,0.8902277
3367,-0.013377188
3368,-1.5389558
3369,1.3380164
3370,-0.067421146
3371,-1.2817574
3372,1.1184187
3373,0.0100933965
3374,-0.07588788
3375,-1.5773758
3376,0.9103727
3377,-0.103939265
3378,0.5871537
3379,-1.2173609
3380,0.68169093
3381,-0.0002766165
3382,0.13036717
3383,-1.2424805
3384,1.0247229
3385,-0.01777439
3386,0.33337858
3387,-1.6942376
3388,1.1223042
3389,0.38143784
3390,0.40970948
3391,-1.0729705
3392,1.2189951
3393,0.027021946
3394,-0.08077918
3395,-1.9959017
3396,1.0363498
3397,0.25810006
3398,-6.3780303
3399,0.952183
3400,0.21265349
3401,-0.008003636
3402,-6.4875927
3403,0.53851247
3404,0.10810661
3405,-0.09029053
3406,-1.8645533
3407,1.0857273
3408,0.08872392
3409,-0.13563758
3410,-1.2003886
3411,1.6379712
3412,-0.4344315
3413,-1.462055
3414,1.8662313
3415,0.028679354
3416,-1.1816452
3417,1.2705295
3418,0.27942964
3419,-0.7981787
3420,0.19766204
3421,0.07399672
3422,-1.3593647
3423,2.0885084
3424,0.021870142
3425,-1.368124
3426,1.0203336
3427,0.85779077
3428,-0.42115107
3429,0.1411397
3430,-0.005252928
3431,0.19669822
3432,-0.18374364
3433,-0.54437196
3434,0.48440132
3435,0.19152375
3436,0.22653323
3437,-0.015223151
3438,-1.9017162
3439,-0.027243394
3440,0.20237355
3441,-0.35564986
3442,-4.049538
3443,-0.049719937
3444,0.06086938
3445,0.23381089
3446,-1.9022458
3447,-0.8536557
3448,0.75719607
3449,0.73603123
3450,0.88425034
3451,0.71715635
3452,0.6714155
3453,-1.4115621
3454,2.3062308
3455,0.5960846
3456,0.39502224
3457,-1.5801382
3458,2.3279674
3459,0.57718474
3460,1.0628192
3461,-1.2596914
3462,2.246406
3463,0.54384786
3464,0.3970393
3465,-1.4576138
3466,1.8497128
3467,0.5898213
3468,0.07399672
3469,-1.2325897
3470,2.3843043
3471,0.53681576
3472,0.056043163
3473,-0.41504708
3474,0.036370073
3475,0.092932835
3476,-1.0495353
3477,2.3843043
3478,0.53681576
3479,0.4178551
3480,-1.5904173
3481,2.394199
3482,0.56864697
3483,-0.067421146
3484,-1.5791067
3485,2.1256258
3486,0.65424806
3487,0.14955002
3488,-1.4687955
3489,2.5206017
3490,0.4469069
3491,0.6254679
3492,-1.3555366
3493,2.2747233
3494,0.46030545
3495,0.22198242
3496,-1.9628975
3497,1.9690955
3498,0.5440166
3499,-1.5127729
3500,2.3354874
3501,0.6783216
3502,0.3970393
3503,-1.4352974
3504,1.8886486
3505,0.49407816
3506,0.3970393
3507,-1.5344806
3508,2.4011433
3509,0.49580836
3510,0.4682976
3511,-1.3732548
3512,2.3285577
3513,0.37076572
3514,0.5493203
3515,-1.5062212
3516,2.4302058
3517,0.57718474
3518,0.44232976
3519,-1.5515836
3520,2.1597054
3521,0.5898213
3522,0.6714155
3523,-0.96606743
3524,2.0296721
3525,0.53105354
3526,-0.060904015
3527,-1.6407087
3528,2.13821
3529,0.6118577
3530,0.51263565
3531,0.078055196
3532,0.5805275
3533,0.13276254
3534,0.5777566
3535,0.20269343
3536,-1.4606147
3537,0.40884212
3538,-1.9383547
3539,-1.0171099
3540,-1.0131931
3541,0.22494772
3542,0.17775108
3543,0.99720716
3544,0.43091458
3545,-0.84455305
3546,0.5841386
3547,0.6819725
3548,0.32759315
3549,-0.52229
3550,-0.03384759
3551,0.35252237
3552,0.5044185
3553,0.20611772
3554,0.70282674
3555,0.9161182
3556,-0.45714334
3557,0.39310783
3558,0.6257109
3559,0.2999977
3560,-0.63565135
3561,0.31298375
3562,0.45033535
3563,0.5691931
3564,0.15428859
3565,0.73123443
3566,0.43091458
3567,-0.4900893
3568,1.1011094
3569,0.8492007
3570,0.270213
3571,-0.84455305
3572,0.829673
3573,0.8244426
3574,0.56757206
3575,-0.34891015
3576,0.797535
3577,1.2272837
3578,0.64135164
3579,-0.52229
3580,0.34297234
3581,0.73123443
3582,-0.55556154
3583,0.4229748
3584,0.5214256
3585,0.43091458
3586,-1.082859
3587,0.090170026
3588,0.8163177
3589,0.3749543
3590,-2.327161
3591,0.40385726
3592,0.73123443
3593,0.490365
3594,-1.1036898
3595,0.63137203
3596,-1.7762341
3597,0.8645266
3598,-0.10589042
3599,0.17118755
3600,1.0393345
3601,0.4744009
3602,-0.6223656
3603,0.49256212
3604,0.86928385
3605,-1.026238
3606,0.5359005
3607,0.73123443
3608,0.20949332
3609,-0.9592701
3610,0.17205124
3611,0.7208841
3612,0.31612605
3613,-1.9142408
3614,0.62467086
3615,1.3331599
3616,-0.1838593
3617,-0.48048016
3618,-0.21959691
3619,-2.0492208
3620,2.6253908
3621,-1.5710987
3622,-0.34989053
3623,-1.4235702
3624,2.5300276
3625,-1.1722192
3626,-0.2792235
3627,-1.1921617
3628,2.4496748
3629,-0.7632229
3630,0.16641621
3631,-0.6261821
3632,2.522537
3633,-1.7872041
3634,-0.21959691
3635,-0.18351682
3636,-0.011808368
3637,0.061155215
3638,-0.24632694
3639,-1.5177361
3640,2.423538
3641,-1.8961079
3642,-1.6905563
3643,2.4496748
3644,-1.5404738
3645,-1.3336387
3646,2.4899325
3647,-1.325078
3648,-1.4444938
3649,-0.9958978
3650,-0.27507722
3651,-1.380848
3652,2.480073
3653,-1.528984
3654,-0.3244325
3655,-0.49385422
3656,2.7312253
3657,-1.2661467
3658,-0.30950764
3659,-0.39378834
3660,2.46041
3661,-1.8205111
3662,-1.726553
3663,-1.1779548
3664,2.5805368
3665,-1.6728877
3666,-0.41742316
3667,-1.3718181
3668,2.7022645
3669,-1.7157354
3670,-0.1276675
3671,-1.2253181
3672,2.988939
3673,-1.7778548
3674,-0.20578626
3675,-1.6533812
3676,2.5978255
3677,-1.7898177
3678,-0.2840574
3679,-0.41288626
3680,2.5805368
3681,-1.3549678
3682,0.037387498
3683,0.11009788
3684,-0.6510402
3685,2.517335
3686,-2.5408294
3687,-0.27895388
3688,-1.517206
3689,2.4496748
3690,-1.3416815
3691,-1.4054439
3692,0.7457751
3693,0.2537434
3694,-2.0326302
3695,0.9683555
3696,0.5044185
3697,-9.453675
3698,0.8238345
3699,0.4744009
3700,-0.42151532
3701,0.544464
3702,0.7775719
3703,0.1438609
3704,-0.28223896
3705,0.30983326
3706,0.3277864
3707,0.23808017
3708,0.22047369
3709,-0.64320683
3710,0.67697954
3711,0.21218495
3712,-0.65293014
3713,0.44239688
3714,0.4709268
3715,-0.6716756
3716,-0.7392597
3717,-0.41948187
3718,-0.5735336
3719,-0.6437272
3720,-0.46049565
3721,-0.5893153
3722,-0.5061547
3723,-0.3843707
3724,-0.23287357
3725,-0.5006842
3726,-0.34100434
3727,-0.60153675
3728,-0.95655
3729,-0.42896578
3730,-0.40366793
3731,-1.220824
3732,-0.3507376
3733,-0.18622063
3734,-0.82915187
3735,-0.42428836
3736,-0.31577152
3737,-1.6100273
3738,-0.35235536
3739,0.15130368
3740,-0.67074907
3741,-0.5917088
3742,-0.57902235
3743,-1.3168846
3744,-0.84094054
3745,-0.48183173
3746,-1.8477384
3747,-0.3507376
3748,-0.39480177
3749,-0.63873756
3750,-0.7577658
3751,-0.15245195
3752,-8.004654
3753,-0.8657591
3754,-0.4281667
3755,-0.25026965
3756,-0.56268775
3757,-0.6371414
3758,-0.4056473
3759,-0.60768694
3760,-0.5555213
3761,-0.67230195
3762,-0.5841631
3763,-0.4196134
3764,-0.57707256
3765,-0.43157217
3766,-0.3702424
3767,-0.6359721
3768,-0.45063847
3769,-0.66892004
3770,-0.67691374
3771,-0.78585553
3772,-0.53968525
3773,-0.0140864765
3774,0.39468378
3775,-0.0253736
3776,0.4226846
3777,-0.04602869
3778,0.13137145
3779,0.3436567
3780,-0.3089311
3781,0.041863725
3782,-1.0820466
3783,0.40882924
3784,-0.20318532
3785,-1.9508371
3786,0.51803184
3787,-0.16166256
3788,0.026739366
3789,0.48248076
3790,0.8309412
3791,-2.2605703
3792,0.346814
3793,-0.6661151
3794,-0.69239634
3795,-0.04000077
3796,-0.73666227
3797,-0.56700385
3798,-0.27648714
3799,-0.06356835
3800,-0.6105368
3801,-0.25833312
3802,-1.0275407
3803,-0.071319014
3804,1.251377
3805,-0.34589672
3806,-0.17967159
3807,-0.6775873
3808,-0.865352
3809,-0.74315023
3810,0.20798759
3811,-0.73666227
3812,-0.7444442
3813,-0.5676637
3814,0.41888276
3815,-0.73666227
3816,-0.7270142
3817,-0.718193
3818,0.0751586
3819,-0.04202964
3820,-0.53204966
3821,-0.437592
3822,0.017166406
3823,-0.73666227
3824,-0.4878541
3825,-0.36321324
3826,-0.16748317
3827,-0.06090161
3828,-1.3992864
3829,0.19236967
3830,-1.5165994
3831,0.299393
3832,-1.3497422
3833,0.027481558
3834,-1.582918
3835,0.18251613
3836,-1.4837768
3837,-0.11408216
3838,-1.1115061
3839,-0.7645714
3840,-1.2555417
3841,-0.9373192
3842,-1.4572724
3843,-1.307482
3844,-0.8344777
3845,-0.92806023
3846,-1.2338505
3847,-1.0674663
3848,-1.1732421
3849,0.01738815
3850,-1.2555417
3851,-0.9708772
3852,-1.1859534
3853,-2.2387576
3854,-0.9019529
3855,-0.9047842
3856,-0.89548534
3857,-7.535048
3858,-1.1829184
3859,-0.69011676
3860,-1.1413424
3861,0.2241202
3862,-1.9525425
3863,-0.9244776
3864,-1.2531983
3865,0.018959166
3866,-1.1924356
3867,-1.0721067
3868,-1.9400703
3869,0.3244585
3870,-0.945905
3871,-0.9518642
3872,-1.1427728
3873,-0.27383962
3874,-1.323568
3875,-1.0650162
3876,-0.5266708
3877,0.0848409
3878,-0.040811848
3879,0.047159348
3880,-0.25611204
3881,-0.22118281
3882,-0.62136936
3883,-0.60155356
3884,-1.6728717
3885,-0.06356835
3886,-0.6105368
3887,-0.5158626
3888,-0.718193
3889,-0.10375624
3890,-0.36038798
3891,-1.0090665
3892,-0.7562561
3893,-0.17296748
3894,-0.75597477
3895,-0.8261743
3896,-0.6352673
3897,0.29452038
3898,-0.29496053
3899,-0.33683774
3900,-0.10957675
3901,-1.3015931
3902,-0.34333834
3903,0.12936687
3904,-0.08500698
3905,-0.5303266
3906,-0.36534908
3907,0.16097565
3908,-0.4023326
3909,-0.13694456
3910,-0.2680533
3911,-0.05387936
3912,-0.40764648
3913,-0.019541968
3914,-0.29137683
3915,0.19694638
3916,-0.43022427
3917,-0.08117989
3918,0.1527046
3919,-1.4407263
3920,0.010537474
3921,-3.5938256
3922,0.94195914
3923,0.17229244
3924,-1.229295
3925,0.8446177
3926,-0.18022405
3927,-1.2404916
3928,-3.9162488
3929,-0.046339605
3930,-1.4569178
3931,-1.8030075
3932,0.6197176
3933,-0.71993756
3934,-0.2825022
3935,-0.03619327
3936,-1.5595889
3937,-0.89892995
3938,0.067829095
3939,-1.3368014
3940,0.75065225
3941,0.06104618
3942,-1.4137394
3943,1.0673568
3944,-0.008003636
3945,-1.4926984
3946,1.1218576
3947,-0.0811663
3948,-1.5389558
3949,1.2720257
3950,-0.0068128137
3951,-1.2732105
3952,1.545973
3953,-0.095441535
3954,-2.2544386
3955,1.9068245
3956,0.021870142
3957,-1.8712656
3958,1.5660653
3959,-1.259091
3960,-0.9948537
3961,-0.79805386
3962,-1.4278892
3963,-1.1497527
3964,-0.9627359
3965,-1.3383256
3966,-0.8557349
3967,-0.14201023
3968,-1.5927839
3969,-0.7403828
3970,-0.9909322
3971,-2.0961578
3972,-0.9937167
3973,-0.65750605
3974,-1.0947479
3975,-0.96781427
3976,-0.013377188
3977,0.44554055
3978,2.775511
3979,0.57424355
3980,-0.4057356
3981,-1.1780756
3982,1.919686
3983,0.53105354
3984,1.1193156
3985,-0.3891871
3986,0.46043393
3987,-1.4280604
3988,2.404543
3989,0.4845372
3990,0.3970393
3991,-1.4859877
3992,1.9458516
3993,-1.5048469
3994,0.47126758
3995,-1.5353005
3996,2.1431422
3997,0.741325
3998,0.24705131
3999,-0.84125507
4000,2.3618975
4001,0.6336134
4002,0.53497815
4003,-1.6715785
4004,2.1052003
4005,0.5824766
4006,0.5426047
4007,-1.323398
4008,2.3223085
4009,0.5011065
4010,2.7353253
4011,-1.5942582
4012,0.53398484
4013,-2.4681733
4014,-0.45767257
4015,0.048577767
4016,0.38608643
4017,-1.4927381
4018,2.1511273
4019,0.53681576
4020,0.32024696
4021,-0.81400985
4022,-0.14061114
4023,-1.070117
4024,-0.3987825
4025,-0.088312685
4026,-0.38714558
4027,-1.552587
4028,0.062400445
4029,-1.4337956
4030,-0.502756
4031,0.08771921
4032,-0.30423132
4033,-1.2795241
4034,-0.199824
4035,0.15631458
4036,-0.35953245
4037,-1.2681057
4038,-0.4029615
4039,-0.015419319
4040,-0.0842052
4041,-1.3755231
4042,-0.1702869
4043,0.06719721
4044,-0.38468748
4045,-3.078139
4046,-0.1702869
4047,0.07835945
4048,-0.082396604
4049,0.4527014
4050,0.5865278
4051,0.63706326
4052,0.07076642
4053,0.21649784
4054,-1.1538076
4055,0.3644791
4056,-1.1054871
4057,-0.10713766
4058,0.2519725
4059,-0.9967872
4060,0.18754287
4061,-2.919815
4062,0.13446534
4063,-1.988447
4064,0.31090635
4065,-1.1573069
4066,0.05406455
4067,-2.2171273
4068,0.10630903
4069,-1.4533145
4070,0.3023635
4071,0.5774301
4072,1.0924321
4073,0.052712496
4074,-0.07387417
4075,0.05698892
4076,1.1378471
4077,0.68806773
4078,0.47047085
4079,0.7208841
4080,0.3459258
4081,-0.562068
4082,0.002822473
4083,0.70045096
4084,0.5131177
4085,-0.7562606
4086,-0.5295524
4087,-1.3416815
4088,-0.30159912
4089,-0.5757924
4090,2.7651722
4091,-1.9020281
4092,0.85807997
4093,-0.94283044
4094,-0.6136942
4095,-1.616523
4096,2.7052336
4097,-1.3405446
4098,-2.2334259
4099,-1.9644493
4100,2.5805368
4101,-1.3878772
4102,-0.6394298
4103,-0.6507784
4104,2.6340191
4105,-1.7054701
4106,0.085983604
4107,-0.9044441
4108,2.6340191
4109,-1.2148898
4110,-0.33850887
4111,-0.23206809
4112,2.6340191
4113,-1.7775844
4114,-0.05432442
4115,-1.5366981
4116,2.6218603
4117,-1.3047773
4118,-0.31856564
4119,-1.01644
4120,2.6441634
4121,-1.5683186
4122,-0.18997562
4123,-0.6291798
4124,2.6340191
4125,-1.1469872
4126,-0.69275403
4127,-1.4015511
4128,2.6340191
4129,-1.5268202
4130,-2.2120795
4131,-0.55490506
4132,0.2701626
4133,0.47621772
4134,1.0832825
4135,0.42409265
4136,-0.65216196
4137,-1.4186373
4138,0.3336758
4139,0.7236766
4140,-0.42200187
4141,-1.0294217
4142,0.30823696
4143,0.57071877
4144,-0.52271485
4145,-1.1675168
4146,0.41644326
4147,-0.6402953
4148,-0.97246915
4149,-0.91900784
4150,0.37766713
4151,-1.7530136
4152,0.40291128
4153,-0.52146655
4154,-0.08353443
4155,-2.1034513
4156,0.44939822
4157,-0.34191713
4158,-0.35936415
4159,-2.2727334
4160,0.55458796
4161,0.025843007
4162,-0.57385796
4163,-0.34100434
4164,-0.64925593
4165,-1.1647617
4166,-0.7423852
4167,-0.5517657
4168,0.88201547
4169,0.53940076
4170,-0.246226
4171,0.994543
4172,0.3475663
4173,0.5095676
4174,0.36072108
4175,-0.7160046
4176,0.825608
4177,0.25355914
4178,0.29065138
4179,0.79134244
4180,-0.32021323
4181,-0.26112968
4182,0.42699516
4183,0.9860891
4184,-0.4715877
4185,-0.17359768
4186,0.34966773
4187,0.8552825
4188,-0.13842525
4189,-1.3367115
4190,0.5691931
4191,-1.39754
4192,-0.82102764
4193,0.5691931
4194,-1.5379702
4195,-1.3803678
4196,-1.7023699
4197,-0.83711076
4198,0.6404238
4199,-2.241795
4200,-0.17953643
4201,-1.1944771
4202,-0.9957825
4203,0.46019623
4204,-0.66774017
4205,-1.0582395
4206,-1.3890487
4207,-1.654157
4208,0.6831399
4209,0.47257718
4210,0.32457462
4211,0.5109924
4212,-1.097859
4213,0.0510888
4214,-0.15285741
4215,-0.28495526
4216,0.059389997
4217,-0.10082503
4218,-0.16626884
4219,0.047159348
4220,0.08049524
4221,-0.29960135
4222,-1.0066377
4223,-0.2085595
4224,-0.25024554
4225,-0.5127909
4226,-0.076225236
4227,-0.3901624
4228,-0.012246417
4229,-0.22924158
4230,0.04164212
4231,-0.22935604
4232,-0.24122676
4233,0.1647385
4234,0.47236603
4235,-0.18629222
4236,-1.0543922
4237,0.3148207
4238,-1.2677585
4239,-0.2935187
4240,0.09556048
4241,-0.96753514
4242,-0.28602874
4243,0.20278372
4244,-0.9503519
4245,-0.23431595
4246,-0.22059914
4247,-0.23431595
4248,-0.5402592
4249,-0.0980668
4250,-0.29992875
4251,-0.15307975
4252,-0.3990923
4253,-0.19136837
4254,-0.3238331
4255,0.16013837
4256,-1.1792356
4257,-0.0074265553
4258,0.36667776
4259,-0.1691692
4260,0.11590105
4261,-1.1086509
4262,-0.25654468
4263,-0.291287
4264,-1.2433357
4265,-0.063197054
4266,0.46701595
4267,-1.3680745
4268,-0.28602874
4269,-0.0140864765
4270,-1.2002376
4271,-0.28602874
4272,0.061296448
4273,-0.17359768
4274,0.04615218
4275,-0.57567114
4276,-0.51515603
4277,-0.12383942
4278,-0.7282623
4279,-0.023879658
4280,0.9692536
4281,-0.19301642
4282,-0.18520635
4283,0.47515383
4284,0.0011567854
4285,0.3473558
4286,-0.6661151
4287,-0.515062
4288,-0.54836714
4289,-0.123163104
4290,-0.19292137
4291,-0.40404877
4292,-0.041160453
4293,-0.12886283
4294,-0.52195275
4295,-0.43094203
4296,-0.3049954
4297,-0.06356835
4298,-0.61315703
4299,-0.43094203
4300,-0.11484135
4301,-0.06356835
4302,-0.73666227
4303,-0.5842229
4304,-0.12056216
4305,0.1044638
4306,-0.49646783
4307,-0.4878541
4308,-0.3840175
4309,0.017166406
4310,-0.6105368
4311,-0.43094203
4312,-0.19350387
4313,-0.18922643
4314,-0.55547965
4315,-0.45487756
4316,-0.36321324
4317,-0.0758975
4318,-0.61325425
4319,-0.62774026
4320,-0.5232768
4321,-0.02374201
4322,-0.07314412
4323,0.04164212
4324,-0.0529851
4325,-0.12616873
4326,-0.2848714
4327,-0.39849558
4328,-0.21315902
4329,-0.0046145325
4330,-0.37917438
4331,0.20243913
4332,-0.31707272
4333,-0.044254113
4334,-0.02205352
4335,-0.13108167
4336,-0.20204885
4337,-1.0890535
4338,-0.22685872
4339,-0.32888588
4340,-1.5398756
4341,-0.26030058
4342,-1.2338505
4343,-0.8446593
4344,-0.28739712
4345,-1.3230382
4346,-0.61315703
4347,1.754079
4348,3.0306911
4349,-1.6764336
4350,0.07214349
4351,-1.5417383
4352,-0.03619327
4353,-1.5428759
4354,-0.44065842
4355,-0.0049803546
4356,-1.3525015
4357,0.17608336
4358,-1.7205725
4359,0.051092975
4360,-1.3782083
4361,-0.8698935
4362,-1.2745028
4363,-0.2664392
4364,-0.43869048
4365,-0.13824968
4366,-0.5233028
4367,-0.5842229
4368,0.32759106
4369,-0.63385856
4370,-3.1040952
4371,-2.53439
4372,-0.40155643
4373,-0.9151601
4374,-0.30978084
4375,-1.2555417
4376,-0.86556065
4377,-0.93712026
4378,0.5915347
4379,-1.2442795
4380,-0.82272696
4381,-0.9926525
4382,0.15088487
4383,-1.2609104
4384,-0.80858094
4385,-1.3557268
4386,0.010902126
4387,-1.307482
4388,-0.6770738
4389,-1.3466549
4390,0.010691038
4391,-1.3534342
4392,-0.7762881
4393,-1.2842982
4394,-0.04195457
4395,-1.323568
4396,-0.8106742
4397,-1.3777796
4398,0.00083901803
4399,-1.4903339
4400,-0.9041949
4401,-1.4679412
4402,0.15088487
4403,-1.2734786
4404,-0.6584882
4405,-1.1017036
4406,-1.4879735
4407,-0.44505388
4408,-1.2442795
4409,-0.58376247
4410,-1.3230382
4411,-1.5023363
4412,-1.775504
4413,-1.0246375
4414,-1.0791737
4415,-2.3042107
4416,-3.3973155
4417,-1.0954108
4418,-2.2637546
4419,-0.7239813
4420,-1.2070482
4421,-0.91832083
4422,-1.3230382
4423,-0.65117204
4424,1.0552804
4425,-1.3534342
4426,-1.2555417
4427,-1.0439101
4428,-1.2281964
4429,0.60688204
4430,-1.2555417
4431,-1.5685213
4432,-1.7546571
4433,-5.157722
4434,-1.3054622
4435,-0.80858094
4436,-0.9150368
4437,-2.534279
4438,-0.96625763
4439,-0.9768795
4440,-0.9040678
4441,0.038997732
4442,-1.2734786
4443,-0.9238163
4444,-0.7103232
4445,0.10970914
4446,-1.3045744
4447,-0.29727638
4448,0.0510888
4449,-0.34547392
4450,-0.04127065
4451,-0.20854756
4452,-1.7084495
4453,-0.2085595
4454,0.697415
4455,-0.29727638
4456,-0.0044862507
4457,-0.17056116
4458,0.016600193
4459,-0.2580143
4460,0.16780761
4461,-0.4507797
4462,-0.010526876
4463,-0.29967734
4464,0.0510888
4465,-0.0052649016
4466,-0.07163673
4467,-0.29727638
4468,0.0510888
4469,-0.47199023
4470,-0.22654246
4471,-0.021390248
4472,0.0510888
4473,-0.24492384
4474,-0.096792676
4475,-0.29496053
4476,0.008047195
4477,-0.21298765
4478,-0.18720661
4479,0.0510888
4480,-0.025792934
4481,-0.039808467
4482,-0.36439174
4483,0.2580906
4484,-0.2128233
4485,-0.07797597
4486,0.20243913
4487,-0.20207529
4488,-0.021424402
4489,-0.27613544
4490,0.12936687
4491,-0.7969888
4492,-2.1221068
4493,-0.042355224
4494,-0.22685872
4495,-0.010846037
4496,-1.3847953
4497,-0.66654974
4498,-0.02205352
4499,-0.96491945
4500,-0.25729454
4501,-0.20067962
4502,-1.3933897
4503,-0.35631818
4504,0.18082783
4505,-2.0974162
4506,1.1629099
4507,0.22736494
4508,-1.3976291
4509,1.1124365
4510,-0.03619327
4511,-1.4240259
4512,1.6332368
4513,-0.0022228619
4514,-1.5097452
4515,1.4638784
4516,-0.0022228619
4517,-1.5383818
4518,2.0749345
4519,0.024075199
4520,-1.7847071
4521,2.0723972
4522,-0.16487509
4523,-1.258936
4524,2.035719
4525,0.07214349
4526,-1.7156448
4527,0.9169703
4528,-0.034619305
4529,-0.443448
4530,-1.0014154
4531,0.7595441
4532,-0.033296615
4533,-0.008003636
4534,-1.2489028
4535,1.0932435
4536,-3.3169107
4537,0.057618987
4538,-2.9065292
4539,1.3355122
4540,0.17413065
4541,-0.30260077
4542,-1.7628266
4543,0.5848259
4544,-0.15280978
4545,0.12106076
4546,-1.2646043
4547,0.5918761
4548,-0.07828855
4549,-0.040141687
4550,-1.4177145
4551,0.6094682
4552,0.07325771
4553,-0.19232205
4554,-1.4319814
4555,2.1810184
4556,0.07671493
4557,-1.2494963
4558,2.0775943
4559,0.3706082
4560,-1.4592061
4561,1.7706933
4562,-1.0508732
4563,0.31659493
4564,-1.0336639
4565,0.8739259
4566,-1.059037
4567,0.7014483
4568,0.20363761
4569,-0.047018796
4570,0.18848582
4571,-0.5024008
4572,-0.8039926
4573,-0.033128493
4574,0.11350777
4575,-2.6758623
4576,-0.52483046
4577,-4.284
4578,-0.31386372
4579,-1.2184252
4580,-0.07710577
4581,-1.2131279
4582,0.68653005
4583,1.4703317
4584,0.69429135
4585,0.89990324
4586,0.44070572
4587,-1.323398
4588,2.302648
4589,0.45914465
4590,0.63409007
4591,-1.3563851
4592,2.3618975
4593,0.45340723
4594,0.092932835
4595,-1.4692113
4596,1.9458516
4597,0.57288516
4598,0.07868023
4599,-1.6017601
4600,2.246406
4601,0.66998094
4602,0.42082876
4603,-1.4927381
4604,1.9741353
4605,0.45340723
4606,0.032484386
4607,-1.4626951
4608,2.302648
4609,0.40695938
4610,0.18916075
4611,-1.5282507
4612,2.4011433
4613,0.03365523
4614,0.53398484
4615,-1.3487403
4616,2.015174
4617,0.56864697
4618,0.35124382
4619,-1.502002
4620,1.9186963
4621,0.70258707
4622,-0.012589076
4623,-1.2138294
4624,2.4714267
4625,0.2744321
4626,-1.3588244
4627,0.6412377
4628,-1.521333
4629,0.3350935
4630,-1.3652446
4631,1.8396537
4632,0.68831784
4633,-1.4300275
4634,1.9160291
4635,0.6490366
4636,-1.343895
4637,2.0326052
4638,0.4386526
4639,0.14477657
4640,-1.6715785
4641,2.1511273
4642,0.46434703
4643,-0.013377188
4644,-1.2316762
4645,1.979075
4646,0.60715085
4647,0.23808017
4648,0.22026534
4649,0.6110702
4650,0.37020445
4651,0.14688195
4652,-1.0866975
4653,-0.019706698
4654,-0.30156162
4655,-0.45849177
4656,-0.9989337
4657,0.4444716
4658,0.30453292
4659,0.34908688
4660,0.3543344
4661,-1.8526866
4662,0.78072166
4663,0.9506359
4664,0.5131177
4665,-0.9331407
4666,0.18222676
4667,0.73123443
4668,0.3037191
4669,-0.46550378
4670,1.2314373
4671,1.0597607
4672,0.4977771
4673,-0.38967434
4674,0.07412754
4675,0.73123443
4676,0.20949332
4677,-0.41474319
4678,0.94655097
4679,1.1159925
4680,0.20949332
4681,-0.6283706
4682,0.18222676
4683,0.8284058
4684,0.18625188
4685,-0.36470395
4686,0.7898932
4687,0.6450586
4688,0.270213
4689,-0.7968088
4690,0.98145443
4691,0.7722071
4692,0.43505338
4693,-1.2095536
4694,0.68834865
4695,1.5715556
4696,0.2570287
4697,0.49430066
4698,0.7664645
4699,0.43505338
4700,-0.7237195
4701,1.5140772
4702,0.6030546
4703,-0.005789444
4704,-3.057779
4705,0.7898932
4706,1.0651106
4707,0.8481359
4708,-2.005918
4709,0.3479037
4710,0.6292589
4711,0.32242963
4712,-1.6994722
4713,0.16892509
4714,0.7603123
4715,0.32352376
4716,-0.7253813
4717,0.11249788
4718,0.49291617
4719,0.32352376
4720,-0.7235235
4721,0.4288995
4722,0.9064359
4723,0.46998593
4724,-1.1708479
4725,0.1617039
4726,0.6739926
4727,0.20949332
4728,-0.52641916
4729,-0.35211706
4730,-1.133442
4731,-0.20512511
4732,0.01100615
4733,-0.09458554
4734,-0.03855911
4735,-1.4310628
4736,2.5599854
4737,-1.3246142
4738,-0.24632694
4739,-1.3585447
4740,2.4233809
4741,-1.1176485
4742,-0.29108924
4743,-1.30528
4744,2.5013466
4745,-1.1986889
4746,-0.26981428
4747,-1.4062253
4748,2.4233809
4749,-1.8131926
4750,-0.24552634
4751,-0.7509145
4752,2.60632
4753,-2.4643195
4754,-0.23538572
4755,-1.1359869
4756,2.6340191
4757,-1.1555828
4758,-1.6324918
4759,2.490491
4760,-1.725133
4761,-0.1640723
4762,0.1788602
4763,-2.284283
4764,-0.48481095
4765,-1.4949425
4766,2.6218603
4767,-1.400168
4768,0.10956956
4769,-1.5335792
4770,2.5349016
4771,-1.4955767
4772,-0.33172745
4773,-0.54106474
4774,2.689823
4775,-0.21959691
4776,-1.8964409
4777,2.5166752
4778,-0.22624935
4779,-1.954997
4780,2.7352872
4781,-0.14337514
4782,-0.4192777
4783,2.077729
4784,-1.0918547
4785,0.6934459
4786,0.32352376
4787,-0.4894051
4788,0.59123164
4789,0.30139115
4790,-0.55998623
4791,0.31184715
4792,0.65091085
4793,-0.5475416
4794,0.8981878
4795,0.1674656
4796,-0.98601156
4797,0.68610394
4798,0.14230958
4799,-0.7189813
4800,0.8147873
4801,0.10112776
4802,-0.47832367
4803,0.49723047
4804,0.5659442
4805,-1.8065963
4806,-1.3787954
4807,-0.8820133
4808,-0.50187355
4809,-0.6400183
4810,-0.6901371
4811,-0.56574076
4812,-0.9934055
4813,-0.7198545
4814,-0.5677994
4815,-0.335195
4816,-0.5716205
4817,-0.4353177
4818,-0.41954115
4819,-0.5128081
4820,-1.3829633
4821,-0.7111613
4822,-0.9570632
4823,-0.303809
4824,-0.06694406
4825,-3.0896235
4826,-0.28560296
4827,0.6227538
4828,-1.1408103
4829,-0.25111195
4830,-1.4794133
4831,-0.60768694
4832,-0.30716738
4833,-0.31577536
4834,-0.43157217
4835,-0.38583663
4836,-0.6604792
4837,-0.57426375
4838,-0.26469788
4839,-1.08275
4840,-0.26282772
4841,-1.6460443
4842,-0.8818938
4843,-0.2957563
4844,-0.12383256
4845,-0.31314057
4846,-0.9121087
4847,-0.38100448
4848,-0.74944544
4849,-2.7879136
4850,-0.43640968
4851,-0.027623225
4852,0.34796938
4853,-0.20318532
4854,0.28527123
4855,0.12141558
4856,0.23750974
4857,-1.1223342
4858,0.5908908
4859,0.40761262
4860,0.515674
4861,0.7272368
4862,-0.1400467
4863,0.40582463
4864,-1.8824408
4865,0.71208555
4866,0.733925
4867,0.6643479
4868,-0.73666227
4869,-0.45487756
4870,-0.5232768
4871,-0.17559595
4872,-0.5393796
4873,-0.31491163
4874,-0.39338908
4875,-0.33865905
4876,-0.49925995
4877,0.021226931
4878,-0.57662684
4879,-0.9431943
4880,-0.35493076
4881,0.29744667
4882,-0.5329348
4883,-0.33320534
4884,-0.25415975
4885,0.43624628
4886,-0.32847798
4887,-0.81468266
4888,-0.5229861
4889,0.15781027
4890,-0.73666227
4891,-0.43094203
4892,-0.5041907
4893,0.0751586
4894,-0.42422828
4895,-0.45487756
4896,-0.40485123
4897,-0.24041866
4898,-0.90844107
4899,-0.40205228
4900,-0.426654
4901,-0.0046881284
4902,-0.07786649
4903,-1.1377084
4904,-0.0049803546
4905,-1.5383818
4906,0.07214349
4907,-1.572917
4908,-1.2609104
4909,-1.3534342
4910,-0.671281
4911,-1.1452906
4912,-1.2555417
4913,-0.658687
4914,-1.0692835
4915,-1.3230382
4916,-1.0808092
4917,-1.465448
4918,-1.5629392
4919,-1.6493374
4920,-1.3098574
4921,-5.2438583
4922,-1.7989721
4923,-0.79506475
4924,-1.0794809
4925,0.69483507
4926,-1.1990792
4927,-0.3343514
4928,-0.50754774
4929,0.21225746
4930,-1.2897757
4931,-0.6795529
4932,-1.2974826
4933,0.19345963
4934,-1.307482
4935,-0.60917634
4936,-0.7075171
4937,0.06458155
4938,-1.1236984
4939,-0.7427623
4940,-1.1387309
4941,0.08162508
4942,-1.3237842
4943,-0.6584882
4944,-0.85997176
4945,0.19991705
4946,-0.61948967
4947,-0.56700385
4948,-0.38763604
4949,-0.14639474
4950,-0.4960677
4951,-0.31376988
4952,-0.3138612
4953,0.06782544
4954,-0.6105368
4955,-0.45487756
4956,-0.9624039
4957,0.006589885
4958,0.011890636
4959,-0.12323826
4960,-0.2085595
4961,-0.29385048
4962,-0.39432198
4963,0.0123695005
4964,-0.1736225
4965,-0.0066417963
4966,-0.3284017
4967,0.0510888
4968,-0.20810758
4969,-0.07835294
4970,-0.29727638
4971,0.15788336
4972,-0.24492384
4973,-0.010526876
4974,0.02059911
4975,-1.2934234
4976,0.17608336
4977,-1.5196091
4978,1.7037159
4979,-0.013377188
4980,-4.866792
4981,1.5687151
4982,-0.03619327
4983,-1.2557662
4984,1.0201404
4985,0.06982964
4986,-1.641632
4987,1.428296
4988,0.29355446
4989,-1.3827436
4990,1.3689469
4991,0.024075199
4992,-1.2522355
4993,1.1905392
4994,0.35936877
4995,-0.06761627
4996,-1.5379778
4997,0.85895616
4998,0.08529567
4999,-1.7567015
5000,1.1010844
5001,0.50175357
5002,-2.0612893
5003,1.1217021
5004,0.39516643
5005,-1.5432462
5006,0.9067285
5007,-0.0049803546
5008,-1.5083634
5009,1.0327767
5010,0.051092975
5011,-0.07786649
5012,-1.4404591
5013,1.2910231
5014,0.067829095
5015,-1.295231
5016,1.9277747
5017,-1.4479954
5018,-0.9120696
5019,-1.1721311
5020,-1.6722215
5021,-1.8234862
5022,-1.3844633
5023,-1.5180768
5024,-1.3265696
5025,-1.50928
5026,-1.3281401
5027,-0.6914978
5028,-0.6295223
5029,-2.1023493
5030,-0.20497134
5031,-0.90554655
5032,0.09564158
5033,-0.35212514
5034,2.553137
5035,-1.288007
5036,0.3073374
5037,-1.2262101
5038,2.1511273
5039,0.5237679
5040,0.3552852
5041,-1.5135272
5042,2.350613
5043,0.65424806
5044,0.09518075
5045,-1.2562485
5046,2.123164
5047,0.5135924
5048,0.3917224
5049,-0.63846713
5050,1.7652817
5051,0.53105354
5052,0.47808838
5053,-1.1661623
5054,1.9417536
5055,0.65424806
5056,0.5609891
5057,-1.4687955
5058,2.253352
5059,0.4686385
5060,0.4361015
5061,-1.4982036
5062,1.9984813
5063,0.5824766
5064,0.062400445
5065,-1.3936086
5066,0.65711707
5067,-0.3402965
5068,0.73332137
5069,-0.88381374
5070,0.13727443
5071,-1.4592625
5072,-0.5321017
5073,-0.012394625
5074,-0.35230303
5075,-1.3595889
5076,-0.24992992
5077,-0.040083427
5078,-0.3321843
5079,-1.1678004
5080,0.40068272
5081,-0.049918454
5082,-0.4008399
5083,0.5044185
5084,-0.57659215
5085,0.5758653
5086,-1.5524908
5087,0.3710359
5088,-1.0565598
5089,0.27878004
5090,-1.7591982
5091,0.31090635
5092,-2.7555294
5093,0.3018524
5094,-1.3164384
5095,0.0877495
5096,-1.5775286
5097,0.2642633
5098,0.15783487
5099,0.67879397
5100,0.27586034
5101,-0.32200286
5102,0.22577432
5103,1.2490258
5104,0.4709268
5105,-0.60621554
5106,0.3349933
5107,0.81949675
5108,0.6878219
5109,-0.22752354
5110,-0.40836293
5111,-1.3336387
5112,2.2030547
5113,-1.1326797
5114,-0.46902272
5115,0.8593085
5116,0.723179
5117,-1.239555
5118,1.4619583
5119,-1.3915423
5120,-2.1489115
5121,-1.2636325
5122,2.5116918
5123,-1.5333968
5124,-0.91156524
5125,-0.5674744
5126,2.6355662
5127,-1.7487671
5128,0.27856067
5129,-0.7196658
5130,2.5893168
5131,-1.7506188
5132,0.11260901
5133,-0.09886587
5134,-1.2679332
5135,1.8898071
5136,-1.903994
5137,-0.1294742
5138,-1.5159357
5139,2.7666101
5140,-1.903994
5141,-0.34855384
5142,-1.9758586
5143,2.532707
5144,-1.5142207
5145,-0.31866637
5146,-1.5580486
5147,2.4491284
5148,-1.1648138
5149,-1.9482563
5150,-1.3766782
5151,-0.33610502
5152,-0.9179132
5153,-0.46222574
5154,-2.1669364
5155,0.32155457
5156,-0.8540131
5157,-0.7822402
5158,-0.29457766
5159,0.41527253
5160,-0.63131404
5161,-0.21642792
5162,-0.39140913
5163,0.45702368
5164,-0.64664936
5165,-0.99022096
5166,-2.6727352
5167,0.38279724
5168,-0.47554728
5169,0.059249822
5170,-1.2325057
5171,0.27481788
5172,-0.6611339
5173,-0.5562436
5174,-0.69308627
5175,0.7560408
5176,-0.71294034
5177,-0.6716718
5178,-0.4011289
5179,-0.5735336
5180,-0.110244654
5181,0.5270397
5182,0.2999977
5183,-0.45450935
5184,0.49964908
5185,0.25355914
5186,-0.063405655
5187,0.7767079
5188,0.44694516
5189,0.0011567854
5190,0.89837235
5191,-0.40300223
5192,-0.16573772
5193,0.2673704
5194,0.90495765
5195,-0.95735
5196,0.34393194
5197,-1.9298791
5198,0.078446716
5199,-0.08530576
5200,-1.1682663
5201,0.36686122
5202,-0.107232064
5203,-1.2944056
5204,0.63128895
5205,-0.24289417
5206,-1.1442485
5207,-0.27350268
5208,-0.83711076
5209,0.6617694
5210,-2.159429
5211,-1.2775215
5212,0.70072585
5213,-0.32379025
5214,-0.90360546
5215,0.63732564
5216,-1.0978322
5217,0.4715566
5218,0.52685577
5219,-1.2901247
5220,-1.097859
5221,0.0510888
5222,-0.3503519
5223,-0.28495526
5224,-0.3901624
5225,-0.21315902
5226,-0.34333834
5227,0.19299434
5228,-0.25611204
5229,-0.33258927
5230,0.01889062
5231,-0.15504158
5232,-0.12341812
5233,0.19694638
5234,-0.17428714
5235,-0.29496053
5236,-0.12907569
5237,-0.061916634
5238,-0.27613544
5239,-0.45033333
5240,-0.4634659
5241,-0.2205911
5242,-0.2736866
5243,-0.18940164
5244,0.0803688
5245,-1.8111932
5246,-0.27873918
5247,0.13891116
5248,-1.0839839
5249,-0.5796815
5250,-0.23431595
5251,0.098734245
5252,0.060648803
5253,-0.40522945
5254,0.6783239
5255,-0.27435774
5256,-0.026272148
5257,0.24139626
5258,-1.1086509
5259,-0.35182595
5260,0.29014212
5261,-1.0163285
5262,-0.34826407
5263,-0.1935902
5264,-0.40498692
5265,-1.193126
5266,-0.008062143
5267,0.08263632
5268,-0.9048093
5269,-0.28602874
5270,0.16013837
5271,-1.2110621
5272,-0.28661436
5273,0.0011567854
5274,-0.37252614
5275,0.33228543
5276,-0.35219434
5277,0.005330326
5278,0.27048683
5279,0.5114073
5280,-0.10568699
5281,0.7013915
5282,-0.57662684
5283,-0.53204966
5284,-0.4970655
5285,-0.14414375
5286,-0.6081053
5287,-0.45487756
5288,-0.437592
5289,-0.071319014
5290,-0.5293569
5291,-0.5858208
5292,-0.06941555
5293,-0.6280592
5294,-0.8255303
5295,-0.5842229
5296,-0.7929226
5297,0.017166406
5298,-0.5233028
5299,-0.45487756
5300,-0.3840175
5301,0.07813948
5302,-0.6105368
5303,-0.515062
5304,0.09644908
5305,-0.10375624
5306,-0.29727638
5307,0.10880101
5308,-0.06656693
5309,-1.8278776
5310,-0.13160563
5311,0.10880101
5312,-0.29774928
5313,-0.7783378
5314,-0.50593674
5315,-0.10300231
5316,-0.13331725
5317,-0.12616873
5318,-0.5667996
5319,-0.43094203
5320,-0.61106133
5321,-0.086725004
5322,-0.8707984
5323,-0.70969313
5324,-0.6914616
5325,-0.02374201
5326,-0.5580213
5327,-0.7122071
5328,-0.68096256
5329,0.14156923
5330,-0.34333834
5331,0.08335639
5332,-0.1863847
5333,-0.12499903
5334,-0.28226808
5335,0.22452003
5336,-0.08500698
5337,-0.29727638
5338,0.009013212
5339,-0.4671127
5340,0.29355446
5341,-1.4221354
5342,-0.12509371
5343,-1.4319814
5344,0.021870142
5345,-1.3574314
5346,-0.16116796
5347,-0.56700385
5348,-1.05637
5349,-0.29857892
5350,-0.72868764
5351,-0.14582452
5352,-0.5233028
5353,-0.45487756
5354,1.1938971
5355,-0.36937115
5356,-2.2504861
5357,-0.74386495
5358,-0.3710664
5359,-1.1835362
5360,0.0110703595
5361,-1.0947479
5362,-0.046972748
5363,-1.2777818
5364,0.010902126
5365,-1.2070482
5366,-0.74647284
5367,-0.7786894
5368,-0.052131705
5369,-1.0947479
5370,-0.5782584
5371,-1.2797269
5372,-0.052131705
5373,-1.3119677
5374,-0.4327079
5375,-0.82609564
5376,-1.2555417
5377,-0.8870128
5378,-0.9141574
5379,-0.8754937
5380,-1.2530904
5381,-0.88809705
5382,-1.2555417
5383,-0.6904901
5384,-2.0112784
5385,-0.91317236
5386,-1.2530904
5387,-0.22373073
5388,-2.104607
5389,-0.82763916
5390,0.34199274
5391,-2.8761547
5392,-1.005875
5393,-1.5463762
5394,-0.8767365
5395,-1.4555573
5396,-0.47910973
5397,-1.4326729
5398,-0.8283393
5399,-1.2530904
5400,-0.6584882
5401,-1.0735463
5402,0.004033079
5403,-1.307482
5404,-0.8870128
5405,-3.7386308
5406,0.030770147
5407,-1.3074262
5408,-1.3601253
5409,-1.0573627
5410,-0.0029188201
5411,-1.5628154
5412,-0.7758179
5413,-1.1859534
5414,-0.07889475
5415,-1.2734786
5416,-0.71872073
5417,-0.9453776
5418,0.2727273
5419,-1.2291298
5420,-0.26750326
5421,0.07629079
5422,-0.34127414
5423,0.073515266
5424,-0.18671927
5425,-0.08606236
5426,-0.29727638
5427,-0.10416159
5428,-0.28055704
5429,-0.04105955
5430,-0.36439174
5431,-0.018782184
5432,-0.26772532
5433,-0.08606236
5434,-0.27613544
5435,-0.05387936
5436,-0.11423753
5437,-0.26750326
5438,0.01889062
5439,-0.08650369
5440,0.20404355
5441,-0.26930156
5442,0.12936687
5443,-0.27953398
5444,-0.20760377
5445,-0.2459499
5446,0.2499475
5447,-0.186776
5448,-0.114399195
5449,-0.94207025
5450,0.10880101
5451,-0.084732875
5452,-0.064848274
5453,-0.24642453
5454,0.017667994
5455,-0.1677085
5456,-0.27639717
5457,-0.034571547
5458,0.19694638
5459,-0.081901535
5460,-0.31068364
5461,-0.29727638
5462,0.059389997
5463,-0.31779963
5464,-0.1441747
5465,-0.2879571
5466,0.15788336
5467,-0.1863847
5468,-0.08606236
5469,-0.2580143
5470,0.076031044
5471,-0.06050902
5472,0.016844919
5473,-0.29727638
5474,0.20243913
5475,-0.22233193
5476,0.16680202
5477,-0.008003636
5478,-1.479098
5479,1.3976816
5480,-0.07588788
5481,-1.4916526
5482,1.2192856
5483,0.004349884
5484,-1.2043644
5485,1.490203
5486,-0.0068128137
5487,-1.1964324
5488,1.4526066
5489,-0.067421146
5490,-1.7602208
5491,1.2384644
5492,0.010537474
5493,-1.3164123
5494,2.1197746
5495,-0.0068128137
5496,-1.3026907
5497,1.5461172
5498,-0.34385836
5499,-1.4773202
5500,0.7507408
5501,0.030748297
5502,-0.041979335
5503,-1.7015077
5504,1.2056831
5505,0.04043614
5506,0.3552852
5507,-1.5244743
5508,1.02466
5509,0.055503234
5510,0.02325652
5511,-1.5470796
5512,1.1954829
5513,0.45278504
5514,0.53069633
5515,-1.6345187
5516,0.91829973
5517,0.18438816
5518,0.33810174
5519,-1.5621318
5520,1.1317927
5521,0.07436174
5522,0.042115305
5523,-2.4999814
5524,1.1755613
5525,0.5478001
5526,0.030785842
5527,-1.2146848
5528,1.0393968
5529,0.027481558
5530,-1.1961523
5531,1.7851571
5532,-0.1332252
5533,-1.1245884
5534,0.21717702
5535,0.036674522
5536,0.8032596
5537,-0.6712361
5538,-0.49711335
5539,-0.7588874
5540,0.36550987
5541,0.062190056
5542,0.056693826
5543,0.25193197
5544,-0.29395744
5545,-0.16223891
5546,0.4939054
5547,-0.11834217
5548,-0.464558
5549,-0.26142505
5550,0.389408
5551,1.1097733
5552,0.3552852
5553,-1.5592684
5554,2.304632
5555,0.39172828
5556,0.3970393
5557,-1.2683848
5558,2.2875607
5559,0.6796963
5560,0.29355446
5561,-1.0093697
5562,1.6179373
5563,0.5898213
5564,0.027481558
5565,-1.2637365
5566,1.3411402
5567,0.53050697
5568,0.54847825
5569,-1.0669317
5570,2.3927104
5571,0.56208426
5572,0.40605944
5573,-1.3413343
5574,2.0696185
5575,0.70258707
5576,0.5200097
5577,-1.2886462
5578,2.123164
5579,0.38026425
5580,0.741692
5581,-1.4392045
5582,2.2249737
5583,0.467757
5584,0.64665633
5585,-1.5207524
5586,1.6917446
5587,-1.3361748
5588,0.6109244
5589,-1.2475034
5590,2.4545686
5591,-0.63025564
5592,0.40565303
5593,-1.6276351
5594,2.1763499
5595,0.54692745
5596,0.70982975
5597,-1.1259928
5598,2.2802153
5599,0.45786196
5600,-0.0022228619
5601,-2.0486925
5602,1.977611
5603,0.65424806
5604,0.44232976
5605,-0.832259
5606,0.05352416
5607,-0.8229645
5608,2.3279674
5609,0.65424806
5610,0.3942338
5611,-1.7624992
5612,2.2294886
5613,0.4469069
5614,0.44232976
5615,-1.524819
5616,2.515954
5617,0.43707994
5618,0.5981225
5619,-0.046823744
5620,0.5777566
5621,0.36151806
5622,-0.17312498
5623,0.88140005
5624,-0.6268587
5625,0.56899846
5626,0.1066089
5627,0.5431868
5628,0.3210019
5629,-0.84455305
5630,0.9924298
5631,0.70220464
5632,0.32352376
5633,-0.52229
5634,1.3149661
5635,0.7584607
5636,0.6095079
5637,-0.35695755
5638,0.43810612
5639,1.1607956
5640,0.5777668
5641,-0.5284114
5642,0.4434736
5643,0.55755526
5644,0.21476862
5645,-0.80675846
5646,1.1631595
5647,0.57860124
5648,0.4744009
5649,-0.4907194
5650,0.15363999
5651,0.5870751
5652,0.43828866
5653,-0.98745704
5654,0.87423664
5655,1.143697
5656,0.55624783
5657,-0.24110633
5658,0.4235946
5659,1.1084747
5660,0.60984063
5661,-0.6283706
5662,0.34297234
5663,1.0570806
5664,0.4919678
5665,-0.6873289
5666,0.77077824
5667,0.5777652
5668,-0.8203762
5669,0.37525958
5670,0.95320517
5671,0.32352376
5672,-1.835591
5673,0.4434736
5674,0.76379174
5675,0.558923
5676,-1.1787006
5677,0.7018148
5678,0.6949682
5679,0.36072108
5680,-0.7072094
5681,-0.40146324
5682,-1.4062253
5683,2.4960105
5684,-1.8205111
5685,-0.38761258
5686,-0.68922347
5687,2.4084356
5688,-1.421638
5689,-0.40233594
5690,-1.3525496
5691,2.5485063
5692,-1.3702549
5693,0.95799416
5694,-1.9672543
5695,2.522537
5696,-1.421638
5697,-0.6093707
5698,-0.6045441
5699,2.4496748
5700,-1.7034599
5701,-0.69965583
5702,2.7554681
5703,-1.3023951
5704,-0.7052821
5705,0.016379492
5706,-0.16988383
5707,-0.32151884
5708,-1.4821517
5709,2.5230956
5710,-1.5303191
5711,0.11781227
5712,-0.5735556
5713,2.5349016
5714,-1.474191
5715,-1.4369888
5716,2.536753
5717,0.51630884
5718,-0.28789142
5719,-1.4062253
5720,2.6994436
5721,-1.4789535
5722,-0.39788622
5723,-1.8094326
5724,2.443673
5725,-1.484456
5726,-0.3378868
5727,-1.4385182
5728,2.3380017
5729,-1.3498507
5730,0.11009788
5731,-1.6657455
5732,2.2493706
5733,-1.11421
5734,-0.37578806
5735,-1.3336387
5736,2.3301718
5737,-1.522903
5738,-0.15895197
5739,-1.9044794
5740,2.5022109
5741,-1.5300053
5742,-0.73963946
5743,0.41056913
5744,0.270213
5745,-0.6357123
5746,0.59123164
5747,0.24936442
5748,0.44897002
5749,-0.4338994
5750,0.9141906
5751,0.5080503
5752,-0.8896474
5753,0.6157176
5754,0.56757206
5755,-0.47046214
5756,0.5745936
5757,0.20949332
5758,-0.47883114
5759,0.48270363
5760,0.4744009
5761,-0.24890935
5762,-0.6249525
5763,-0.508391
5764,-0.6164488
5765,-0.47889274
5766,-0.53154117
5767,-0.47889274
5768,-0.6145844
5769,-0.7904391
5770,-0.39501008
5771,-0.69777
5772,-0.6045367
5773,-0.28463015
5774,-0.93825275
5775,-0.6145844
5776,-0.7198545
5777,-0.3702424
5778,-0.56022274
5779,-0.66073865
5780,-0.37539867
5781,-0.9830968
5782,-0.6593878
5783,-0.30716738
5784,-0.059663422
5785,-0.31223074
5786,-0.43157217
5787,-0.3854785
5788,-0.56400776
5789,-1.0046707
5790,-0.5502661
5791,-0.6634458
5792,-0.86045283
5793,-0.7034834
5794,-0.10969565
5795,-0.65293014
5796,-0.8674198
5797,-0.58379686
5798,0.010727229
5799,0.4420656
5800,-0.13034527
5801,-1.0706481
5802,0.28722236
5803,0.07354527
5804,-1.3307394
5805,0.48290935
5806,-0.44507307
5807,-0.088269465
5808,-1.3307394
5809,0.40882924
5810,0.8651256
5811,0.6626662
5812,-0.73666227
5813,-0.840655
5814,-0.60761905
5815,-0.02374201
5816,-0.6826543
5817,-0.56700385
5818,-0.6145779
5819,0.01661355
5820,-0.66841894
5821,-0.16016182
5822,-0.54812396
5823,0.017166406
5824,-0.8707984
5825,-0.45487756
5826,0.2722272
5827,0.2406923
5828,-0.50696754
5829,-0.3021582
5830,-0.45167017
5831,0.54369706
5832,-0.8643114
5833,-0.34721905
5834,-0.4264478
5835,-0.14414375
5836,-0.40404877
5837,-0.43877944
5838,-0.007766308
5839,-0.03619327
5840,-1.639571
5841,0.23109818
5842,-1.3992864
5843,0.12696743
5844,-1.2465444
5845,-0.17160262
5846,-1.572917
5847,-0.23234817
5848,-0.696018
5849,-1.3183333
5850,-0.88032156
5851,-1.3074262
5852,-1.2444885
5853,-0.77586615
5854,-1.4640256
5855,-0.47770587
5856,-0.862053
5857,-1.3209808
5858,-1.5003612
5859,-1.8266331
5860,0.035982385
5861,-1.3813366
5862,-0.93376726
5863,-1.3065777
5864,0.121366896
5865,-1.6055542
5866,-0.7616193
5867,-1.5415075
5868,-0.10350023
5869,-1.3230382
5870,-0.51189935
5871,-1.1475289
5872,-0.030962184
5873,-1.6650459
5874,-0.95874953
5875,-1.0451449
5876,0.14038987
5877,-1.2530904
5878,-0.6316354
5879,-1.2257509
5880,0.21105726
5881,-1.5965959
5882,-0.8789072
5883,-1.2930647
5884,-0.026412407
5885,-1.1127608
5886,-0.8334081
5887,-3.03899
5888,0.20655271
5889,-1.4698465
5890,-1.1343601
5891,-1.2777818
5892,0.15674768
5893,-1.8673444
5894,-0.05577976
5895,0.13914828
5896,-0.61315703
5897,-1.0341177
5898,-0.68302524
5899,-0.086725004
5900,-0.8707984
5901,-0.51851034
5902,-0.4264478
5903,-0.18436763
5904,-0.68619955
5905,-0.45487756
5906,-0.7172276
5907,-0.7797692
5908,-0.44124106
5909,0.019084161
5910,-0.29727638
5911,0.23249654
5912,-0.06656693
5913,0.039412044
5914,-0.22741152
5915,0.04039864
5916,-0.08915051
5917,-0.29443553
5918,-0.20177418
5919,-0.11642107
5920,-0.31779963
5921,-0.12996775
5922,-0.20177418
5923,0.04164212
5924,-0.2666806
5925,-0.07163673
5926,-0.25809768
5927,-0.25542057
5928,-0.12524243
5929,0.17580366
5930,-1.2322105
5931,0.00038958524
5932,-1.1413089
5933,1.4597186
5934,0.11714246
5935,-1.2522355
5936,0.73297775
5937,-0.0068128137
5938,-1.2162684
5939,1.2070196
5940,-0.7454726
5941,-0.02501669
5942,0.09440184
5943,-1.5439653
5944,1.8829032
5945,0.44180706
5946,-3.027865
5947,2.0091844
5948,0.24420503
5949,-1.5051233
5950,1.2725768
5951,0.44232976
5952,-1.8365352
5953,2.0696568
5954,-0.011926928
5955,-1.3875601
5956,1.58309
5957,-0.055410948
5958,-1.5354944
5959,1.237611
5960,-0.00803117
5961,-1.601093
5962,-0.03619327
5963,-1.386218
5964,1.6245401
5965,0.63111144
5966,-1.3593647
5967,1.4012632
5968,-0.012589076
5969,-1.2073091
5970,1.2265081
5971,-0.24252285
5972,-1.5732411
5973,1.2074707
5974,-0.13563758
5975,-1.1655744
5976,1.55497
5977,-0.07588788
5978,-1.572917
5979,1.2255094
5980,-1.2070482
5981,-0.81832093
5982,-1.4559743
5983,-1.2540756
5984,-0.78284913
5985,-0.95294374
5986,-1.2070482
5987,-1.0775625
5988,-0.826513
5989,-1.4756343
5990,-0.7154067
5991,-1.2441373
5992,-1.3230382
5993,-0.7888502
5994,-2.2301354
5995,-1.8343134
5996,-1.231781
5997,-7.396679
5998,0.21838635
5999,-0.013377188
6000,-1.8425184
6001,2.4011433
6002,0.37169465
6003,0.39157453
6004,-1.5517805
6005,2.1368604
6006,0.4842846
6007,0.29355446
6008,-1.6202751
6009,2.304632
6010,0.43551505
6011,-0.3312838
6012,-1.6552508
6013,2.1431422
6014,0.6118577
6015,0.45484906
6016,-0.7648152
6017,1.9984813
6018,0.64417595
6019,0.092932835
6020,2.2748969
6021,0.60002637
6022,0.38608643
6023,-1.2289371
6024,2.454456
6025,0.5898213
6026,0.72716624
6027,-1.728382
6028,-20.280462
6029,-1.2583063
6030,-1.9406295
6031,-0.07011802
6032,-0.32244053
6033,-1.8948116
6034,-0.71086025
6035,-1.2907896
6036,-0.41504708
6037,0.036370073
6038,-0.29732466
6039,-1.5597848
6040,-0.20836931
6041,-0.17547877
6042,-0.3050556
6043,-1.3057506
6044,-0.054632142
6045,-0.020117505
6046,-0.4008399
6047,-1.1760987
6048,-0.199824
6049,-0.012394625
6050,-0.15485907
6051,-1.5264637
6052,-0.2389148
6053,0.10727828
6054,-0.045708854
6055,0.49064288
6056,0.8772046
6057,0.10800928
6058,-1.024793
6059,0.29314482
6060,-1.0905105
6061,0.3018524
6062,0.4707117
6063,-1.1156658
6064,0.2774565
6065,-1.368632
6066,0.2774565
6067,-2.6469097
6068,0.33944216
6069,-0.59890616
6070,0.27026498
6071,-3.5113273
6072,0.4386676
6073,0.5583053
6074,-1.0565598
6075,0.18754287
6076,-1.2169372
6077,0.3764023
6078,0.5809659
6079,0.85959595
6080,0.2999977
6081,-1.0617094
6082,0.19744433
6083,0.9722597
6084,-0.6276003
6085,-0.8815205
6086,0.46873423
6087,0.60022587
6088,0.45432135
6089,-1.0565686
6090,0.23056702
6091,0.7208841
6092,0.1674656
6093,-0.62928957
6094,-0.54106474
6095,-1.325115
6096,0.3204701
6097,-1.2612545
6098,2.6994436
6099,-1.2439283
6100,-0.17973208
6101,-0.5703494
6102,2.6741815
6103,-1.3416815
6104,-0.14224672
6105,-0.49169397
6106,2.2763326
6107,-1.6455005
6108,0.16329175
6109,-1.987466
6110,2.6340191
6111,-1.2890435
6112,-0.1659975
6113,-1.5631734
6114,2.4305224
6115,-1.4881806
6116,-0.009855093
6117,-1.9049294
6118,2.7052336
6119,-0.5516098
6120,-1.4454643
6121,2.5967057
6122,-1.2661467
6123,-0.10362989
6124,1.4913441
6125,-0.31856564
6126,-1.3338313
6127,2.5145538
6128,-1.4881806
6129,-0.40954512
6130,-1.6269314
6131,2.5462804
6132,-1.1176485
6133,-1.4602634
6134,-1.3654372
6135,2.275097
6136,-1.2745137
6137,-1.5637708
6138,-0.33610502
6139,-0.35332245
6140,-0.8474994
6141,-0.447514
6142,0.26252767
6143,-0.14847326
6144,-0.6716476
6145,0.26316205
6146,-0.7700832
6147,-0.47402972
6148,-1.0875772
6149,0.31059328
6150,-2.798757
6151,-0.7574381
6152,-0.39665306
6153,0.83921605
6154,-0.57103395
6155,-0.6610212
6156,-0.46145225
6157,0.17564607
6158,-0.31595233
6159,-1.2027127
6160,-1.0892581
6161,0.73304677
6162,-1.547382
6163,-0.96775347
6164,-1.2698978
6165,0.28389177
6166,-0.41741544
6167,-0.49868616
6168,-1.2013007
6169,0.38279724
6170,-1.4456363
6171,-0.54428035
6172,-1.7852778
6173,0.3488548
6174,0.009630626
6175,-0.39698455
6176,-0.8821525
6177,-0.67658675
6178,-0.31604654
6179,-0.5990922
6180,1.3863881
6181,0.60483944
6182,-0.5386225
6183,0.576432
6184,0.45745537
6185,-0.47511345
6186,0.48270363
6187,0.57098097
6188,-1.3063755
6189,0.44239688
6190,0.48373362
6191,-0.023879658
6192,1.0046217
6193,-1.0923096
6194,-0.058033153
6195,0.14377373
6196,0.9033132
6197,-0.31410593
6198,-0.27350268
6199,-1.4038322
6200,0.48103905
6201,-0.30609518
6202,-0.26875225
6203,-1.0157142
6204,-1.0582395
6205,0.7383674
6206,-0.10256418
6207,-1.3815243
6208,0.67009044
6209,0.15842989
6210,-1.5427092
6211,0.70072585
6212,-0.20346723
6213,-1.4864111
6214,-0.37252614
6215,0.39626864
6216,0.4043595
6217,-0.23628967
6218,0.17629772
6219,-0.41275284
6220,-0.3284017
6221,0.080079615
6222,-0.14447515
6223,-0.29727638
6224,0.12936687
6225,-0.081901535
6226,-0.34333834
6227,-0.04710657
6228,-0.18257788
6229,-0.0077908947
6230,0.3174937
6231,-0.03043934
6232,-0.19373122
6233,-0.0044862507
6234,-0.084732875
6235,-0.34127414
6236,0.227774
6237,-0.2489439
6238,-0.24846068
6239,-0.19877967
6240,-0.3238331
6241,-0.94945073
6242,0.17538357
6243,-1.1975988
6244,-0.33076084
6245,0.20832856
6246,-1.3105612
6247,-0.299937
6248,-1.0019145
6249,-1.1442603
6250,-0.4063388
6251,-0.37762716
6252,-0.33032638
6253,-0.111123726
6254,-0.10337755
6255,-0.15964556
6256,-0.07523146
6257,-0.111123726
6258,-0.31940073
6259,0.06599312
6260,-0.025544178
6261,-0.074780725
6262,0.045388717
6263,-0.1874051
6264,0.26517707
6265,-0.074256524
6266,0.03560114
6267,-1.3269947
6268,-0.3252329
6269,0.13021664
6270,-0.6625667
6271,-0.0016332115
6272,0.09556048
6273,-1.368589
6274,-0.11906356
6275,-0.2254617
6276,-0.991842
6277,-0.16130632
6278,0.20832856
6279,-1.0390015
6280,-0.194694
6281,-0.19185509
6282,-0.2844451
6283,-0.042259708
6284,-0.38047707
6285,-0.4625453
6286,0.10779267
6287,0.5181341
6288,-0.20473209
6289,0.20004845
6290,-0.29114258
6291,0.3332876
6292,-0.3237236
6293,-0.09481894
6294,0.36570787
6295,-0.14293946
6296,0.40811378
6297,-0.62604856
6298,-0.40404877
6299,-0.60761905
6300,-0.0758975
6301,-1.6764336
6302,-0.515062
6303,-0.149695
6304,-0.053993236
6305,-0.8707984
6306,-0.439902
6307,-0.61106133
6308,0.1329211
6309,-0.042355224
6310,-1.0821998
6311,-0.30079567
6312,-0.608636
6313,-0.7516891
6314,-0.43877944
6315,-0.06356835
6316,-0.57662684
6317,-0.4878541
6318,-0.1295134
6319,-0.06356835
6320,-0.61315703
6321,-0.43094203
6322,-0.36321324
6323,0.2935468
6324,-0.6105368
6325,-0.5008727
6326,-0.60761905
6327,-0.08497444
6328,-0.61315703
6329,-0.45487756
6330,-0.54812396
6331,0.017166406
6332,-0.29727638
6333,-0.17671347
6334,-0.20706683
6335,-0.2579715
6336,-0.31092703
6337,0.047159348
6338,-0.16821349
6339,-0.07087674
6340,-0.29496053
6341,0.347805
6342,-0.19873586
6343,-1.2098465
6344,-0.33895546
6345,0.059389997
6346,-1.6311288
6347,-1.3336499
6348,-0.48388228
6349,-0.84931934
6350,-0.8446325
6351,0.0751586
6352,-0.608636
6353,-0.43094203
6354,-0.40485123
6355,0.07813948
6356,-0.57662684
6357,-0.68791115
6358,-0.42705414
6359,0.17519698
6360,-0.63385856
6361,-0.35450503
6362,-0.60073984
6363,0.28872436
6364,-0.5580213
6365,-0.62839586
6366,-0.7322809
6367,-0.14414375
6368,-0.73666227
6369,-0.5800387
6370,-0.46066293
6371,0.07813948
6372,-0.40277064
6373,0.20243913
6374,0.08671142
6375,0.016844919
6376,-0.016524585
6377,-0.17026472
6378,-0.40957195
6379,0.10090283
6380,-0.21227157
6381,0.047159348
6382,-0.8156853
6383,0.13567021
6384,-0.27613544
6385,0.10880101
6386,-0.8294824
6387,0.030785842
6388,-3.7894063
6389,-0.37703747
6390,-1.247641
6391,0.17608336
6392,-1.041578
6393,-0.03619327
6394,-1.6395199
6395,-0.17276497
6396,-1.520055
6397,-0.03619327
6398,-1.368124
6399,-0.66458905
6400,-0.73666227
6401,-0.45487756
6402,0.030460043
6403,-0.6661151
6404,-0.47508407
6405,0.27830946
6406,-0.43915087
6407,-0.70969313
6408,0.47201267
6409,-0.73666227
6410,-0.45487756
6411,-0.24601503
6412,-0.2678013
6413,-0.5842229
6414,-0.066196226
6415,-0.6041814
6416,-0.73229337
6417,0.84034663
6418,-1.5250756
6419,-0.35522082
6420,-0.862053
6421,0.18601754
6422,-1.2609104
6423,-0.90781873
6424,-1.1017036
6425,0.13124786
6426,-1.2070482
6427,-1.3081887
6428,-1.1482593
6429,0.010691038
6430,-1.3027674
6431,-0.9391372
6432,-1.0553509
6433,-0.013355818
6434,-1.3230382
6435,-0.80858094
6436,-1.4969071
6437,0.010691038
6438,-1.3230382
6439,-0.7751904
6440,-1.3489262
6441,0.010691038
6442,-1.2282574
6443,-1.0210296
6444,-1.623341
6445,0.010691038
6446,-1.4557451
6447,-1.0210296
6448,-1.2842982
6449,0.030657407
6450,-1.097859
6451,-1.0004996
6452,-1.3230382
6453,-1.3000393
6454,-1.1555634
6455,-0.805473
6456,-1.4192464
6457,-1.1781411
6458,-1.3168832
6459,-0.37002838
6460,-2.484332
6461,-1.2827684
6462,-1.0372299
6463,-1.4381937
6464,-4.166506
6465,-1.449201
6466,0.13729413
6467,-1.6705115
6468,-2.0399618
6469,-1.4903339
6470,-1.5140541
6471,0.94470847
6472,-1.1924356
6473,-0.941846
6474,-1.6159251
6475,-1.2717757
6476,-1.2295161
6477,-1.7530652
6478,0.9020277
6479,-0.23848358
6480,-0.505222
6481,-0.32035735
6482,-1.0039449
6483,-0.923461
6484,-1.2442795
6485,-0.5640016
6486,-1.4376475
6487,-0.3037905
6488,-0.27400532
6489,-0.012137836
6490,-0.40098655
6491,0.3388741
6492,-1.2070482
6493,-0.29727638
6494,-0.0044862507
6495,-0.08500698
6496,0.43205604
6497,-0.3284017
6498,0.029543033
6499,-0.12524243
6500,-0.29326314
6501,-0.29727638
6502,-0.0044862507
6503,-0.1525307
6504,0.039203472
6505,-0.29727638
6506,-2.3229334
6507,-0.15906422
6508,-0.07163673
6509,-0.34127414
6510,0.10880101
6511,-0.1525307
6512,-0.05577976
6513,-0.27613544
6514,-0.0044862507
6515,-0.14447515
6516,-0.064848274
6517,-0.29727638
6518,0.10880101
6519,-0.12524243
6520,0.037520435
6521,-0.34127414
6522,-0.0044862507
6523,-0.114805624
6524,-0.021424402
6525,-0.20934282
6526,-0.0044862507
6527,-0.12570736
6528,-0.07163673
6529,-0.08292179
6530,0.01889062
6531,-0.11423753
6532,0.00035488958
6533,0.059389997
6534,-0.19010809
6535,-0.064848274
6536,-0.28495526
6537,0.059389997
6538,-0.089656
6539,-0.10423776
6540,-0.2580143
6541,-1.1993728
6542,-0.103187785
6543,-0.07163673
6544,-0.36090043
6545,0.047159348
6546,-0.65054834
6547,-0.49892178
6548,-0.36439174
6549,-0.029931925
6550,-1.4417784
6551,-0.2700921
6552,-0.0044862507
6553,-0.101038896
6554,-0.21467508
6555,0.12936687
6556,-0.29381528
6557,0.037137058
6558,-0.36571082
6559,0.12936687
6560,-0.31696787
6561,-0.114232205
6562,-0.34501976
6563,0.08335639
6564,-0.24651171
6565,0.11627961
6566,-0.3284017
6567,0.047159348
6568,-0.07228547
6569,-0.08117989
6570,-0.008003636
6571,-1.5276786
6572,1.88557
6573,0.004519638
6574,-1.5398614
6575,1.8756725
6576,-0.0022228619
6577,-1.591423
6578,1.4650252
6579,-0.07786649
6580,-1.2925675
6581,1.7440836
6582,-0.0022228619
6583,-1.2164452
6584,1.203723
6585,-0.0022228619
6586,-1.2164452
6587,1.129226
6588,0.032484386
6589,-1.2962356
6590,0.8634838
6591,-0.015729371
6592,-1.5383818
6593,1.6161411
6594,0.07424334
6595,-1.2962356
6596,1.4507462
6597,-0.0809345
6598,-1.4470433
6599,0.9755533
6600,0.05890559
6601,-1.4742596
6602,0.72084004
6603,-0.026901603
6604,-0.09029053
6605,-1.9068472
6606,0.8369407
6607,-0.04918893
6608,-0.007224592
6609,-1.0405802
6610,0.82508695
6611,0.1742468
6612,-0.055410948
6613,-1.2631856
6614,0.97142375
6615,0.20754585
6616,0.22736494
6617,-1.8917261
6618,0.56627816
6619,-0.20717958
6620,-0.067421146
6621,-1.2376183
6622,0.95209336
6623,-0.32502016
6624,-0.067421146
6625,-1.1504991
6626,0.46381453
6627,-0.025273237
6628,-0.03978395
6629,-1.4612104
6630,0.67154014
6631,0.20333026
6632,-1.365392
6633,-2.8617496
6634,1.2114255
6635,0.07671923
6636,-0.062969096
6637,-1.2151065
6638,1.594846
6639,0.12019881
6640,0.04229426
6641,-1.9835464
6642,1.8319912
6643,0.3511344
6644,-1.25238
6645,0.9322234
6646,0.124938354
6647,-0.9593035
6648,2.3109891
6649,-0.036653973
6650,-1.4733043
6651,1.597503
6652,-0.040141687
6653,-1.3394928
6654,1.5362728
6655,-2.1447785
6656,-0.76982707
6657,0.31988066
6658,-4.7258735
6659,-2.2394934
6660,-0.2593453
6661,-1.3135101
6662,-0.2608619
6663,0.65576726
6664,-1.1973052
6665,-0.56617427
6666,-1.1542199
6667,0.3254454
6668,-4.1132727
6669,-0.57741964
6670,-0.743951
6671,-0.33203223
6672,-1.2148013
6673,-2.5831046
6674,0.68358535
6675,0.3571935
6676,1.5043312
6677,0.73307556
6678,0.09734483
6679,0.3942338
6680,-1.0843494
6681,2.0782878
6682,0.65424806
6683,0.4146743
6684,-1.4715189
6685,1.9690955
6686,0.41133624
6687,0.004349884
6688,-1.9628975
6689,2.1145504
6690,0.57288516
6691,0.3970393
6692,-1.5515836
6693,2.3335116
6694,0.4301175
6695,0.44232976
6696,-1.7053593
6697,2.3194292
6698,0.5898213
6699,0.44232976
6700,-1.3882734
6701,2.4545686
6702,0.43187124
6703,0.4597988
6704,-1.5344806
6705,2.3298056
6706,0.6011832
6707,0.534276
6708,-0.37964955
6709,0.74228954
6710,-0.77911735
6711,2.280174
6712,0.51707125
6713,-0.93588734
6714,-2.205503
6715,2.012076
6716,0.008511606
6717,0.44422504
6718,-0.96606743
6719,2.123164
6720,0.7183226
6721,0.5871537
6722,-1.763248
6723,2.4984891
6724,0.5059706
6725,0.12882382
6726,-1.5084469
6727,2.4302058
6728,-0.2379507
6729,0.45568076
6730,-1.5220451
6731,2.3235717
6732,0.4235601
6733,-1.5580072
6734,-0.1702869
6735,0.06719721
6736,0.18082783
6737,-1.3860273
6738,1.9590982
6739,0.21951976
6740,0.44232976
6741,-1.4927381
6742,2.3477502
6743,0.56989384
6744,0.013135533
6745,-1.5448208
6746,2.1949756
6747,0.5898213
6748,-0.09029053
6749,-0.72772056
6750,2.015174
6751,0.5960846
6752,0.3279645
6753,-7.170236
6754,2.153976
6755,0.51985484
6756,0.4939223
6757,-1.9628975
6758,2.2748969
6759,0.538526
6760,0.2913738
6761,-0.26971114
6762,0.5122708
6763,0.2667612
6764,0.61551064
6765,0.31196278
6766,-0.3878597
6767,0.33202437
6768,-0.3451845
6769,0.18143207
6770,-0.86743635
6771,0.45727128
6772,0.37525958
6773,0.73123443
6774,0.43505338
6775,-0.34891015
6776,0.5151827
6777,1.2964562
6778,0.48180643
6779,-0.60789067
6780,0.46300557
6781,0.5693463
6782,0.5326995
6783,-0.43313065
6784,0.92468405
6785,0.8068349
6786,0.3210019
6787,-0.6283706
6788,0.21878794
6789,0.67105556
6790,0.20949332
6791,-0.52229
6792,-0.0046995156
6793,0.76379174
6794,0.5131177
6795,-0.613968
6796,0.1314432
6797,0.73123443
6798,0.20949332
6799,-0.555168
6800,0.24266383
6801,0.63700205
6802,0.3037191
6803,-0.577792
6804,0.4235946
6805,0.73123443
6806,0.6878219
6807,-2.4553761
6808,0.5359005
6809,0.8145376
6810,-0.6735843
6811,1.4592227
6812,0.55281544
6813,-0.5511043
6814,-0.12623642
6815,1.2953564
6816,-2.4068515
6817,0.78820014
6818,1.1159925
6819,0.25355914
6820,-0.99808323
6821,0.7272814
6822,-1.5299047
6823,0.4744009
6824,-1.0375593
6825,0.27242413
6826,1.1477153
6827,0.5044185
6828,-0.788794
6829,0.09904324
6830,0.6588639
6831,-0.68063647
6832,0.5359005
6833,0.95538276
6834,0.59187084
6835,-0.6073202
6836,-0.13308695
6837,0.76362854
6838,0.048903015
6839,-1.5953289
6840,0.24198376
6841,1.0269344
6842,0.4744009
6843,-0.58473307
6844,-0.2792235
6845,-2.0047143
6846,2.6340191
6847,-1.4931893
6848,-0.33754963
6849,-1.5366981
6850,2.1922896
6851,1.1356146
6852,-0.2840574
6853,-1.1545308
6854,2.5893168
6855,-0.23392637
6856,-1.30528
6857,2.578933
6858,-1.4438448
6859,-0.33371398
6860,-1.6269314
6861,2.5978255
6862,-1.3702549
6863,-1.4564278
6864,2.5805368
6865,-1.6954144
6866,-0.61533725
6867,2.4491284
6868,-1.1909969
6869,-0.05149721
6870,-1.2486064
6871,-0.21124668
6872,-0.27626905
6873,2.4218395
6874,-1.1924337
6875,-0.44214886
6876,-1.8556789
6877,2.6447372
6878,-1.3416815
6879,-0.09886587
6880,-1.4657261
6881,2.5893168
6882,-1.6398419
6883,-0.3657104
6884,-1.8497773
6885,2.5321805
6886,-1.786404
6887,-0.08062158
6888,-0.025888473
6889,2.6340191
6890,-1.3068599
6891,-0.43558347
6892,-1.5725358
6893,2.2790122
6894,-1.4958106
6895,-0.30674142
6896,-0.3803127
6897,2.517335
6898,-1.468959
6899,0.29417166
6900,-0.3221346
6901,2.5978255
6902,-1.4942689
6903,-0.029540977
6904,-0.6623212
6905,2.522537
6906,-1.2051189
6907,-0.17010325
6908,-0.43350518
6909,1.9986047
6910,-1.7075769
6911,0.6860773
6912,0.36962596
6913,0.6781616
6914,-0.26071155
6915,0.45661992
6916,0.36072108
6917,-0.47832367
6918,0.42228228
6919,0.46117622
6920,-0.4695801
6921,0.3520726
6922,0.5110552
6923,-0.5204407
6924,0.36522904
6925,0.2999977
6926,-0.45827302
6927,0.36497933
6928,0.32242963
6929,-0.46049565
6930,0.5178713
6931,0.1674656
6932,-0.56238866
6933,0.8238345
6934,0.31612605
6935,-0.6897967
6936,0.44239688
6937,0.51835173
6938,-0.61805034
6939,-0.63903636
6940,-0.3227536
6941,-0.23808666
6942,-0.5123921
6943,-0.97261524
6944,-0.48313245
6945,-0.6947639
6946,-0.5187045
6947,-0.35680553
6948,-0.7827346
6949,-0.45725444
6950,-0.090043455
6951,-0.4165837
6952,-0.6268425
6953,-0.35556787
6954,0.0731501
6955,-0.98144007
6956,-0.75403816
6957,-0.54311556
6958,-0.7198545
6959,-0.41057968
6960,-5.106499
6961,-0.37577596
6962,-0.7929975
6963,-2.3592668
6964,-0.3599105
6965,-0.66031384
6966,-1.1823115
6967,-0.6636332
6968,-0.2914894
6969,-0.39162034
6970,-1.3168846
6971,-0.70993704
6972,0.7577177
6973,-0.64197487
6974,-0.32777262
6975,-0.4596386
6976,-0.33460042
6977,-0.33610076
6978,-0.58451027
6979,-0.7045518
6980,-0.29673815
6981,-2.6126127
6982,-0.5841631
6983,-0.30716738
6984,-0.0968136
6985,-1.2969638
6986,-0.23258454
6987,-0.3819902
6988,-0.7198835
6989,-0.71954817
6990,-0.38240206
6991,-0.67230195
6992,-0.92862904
6993,-0.41358784
6994,-0.083232924
6995,-0.67070186
6996,-0.6409815
6997,-0.26469788
6998,-0.6079901
6999,-0.6279459
7000,-0.1782665
7001,0.041863725
7002,0.3985185
7003,-0.2616188
7004,0.45151582
7005,0.12154108
7006,0.28797027
7007,-0.321379
7008,-0.5189247
7009,0.32397994
7010,-0.06329482
7011,-1.6947728
7012,0.34569222
7013,-0.64828295
7014,0.33680052
7015,-0.34298962
7016,0.60500336
7017,-0.47645628
7018,0.21654163
7019,-0.73666227
7020,-0.52427423
7021,-0.5321543
7022,-0.2139784
7023,-1.6764336
7024,-0.43754852
7025,-0.62231797
7026,-0.06356835
7027,-0.5393796
7028,-0.45487756
7029,-0.54933864
7030,-0.09478101
7031,-0.5706019
7032,-0.7797692
7033,-0.7356156
7034,0.24607699
7035,-0.5706019
7036,-1.1295655
7037,-0.64005816
7038,-0.33230624
7039,-0.39297065
7040,-0.62168056
7041,-0.5229861
7042,-0.14085309
7043,-0.5750753
7044,-0.43754852
7045,-0.4990937
7046,0.036984574
7047,-0.73666227
7048,-0.69239634
7049,-0.4264478
7050,-0.021772213
7051,-0.5622129
7052,-0.369465
7053,-0.4970655
7054,-0.14414375
7055,-0.060904015
7056,-1.5083634
7057,-0.08238508
7058,-1.3440602
7059,0.07168286
7060,-1.2609104
7061,-0.5927753
7062,-2.290259
7063,-1.259091
7064,-0.7557121
7065,-1.1482946
7066,-1.3230382
7067,-0.6309161
7068,-1.3608053
7069,-1.4756343
7070,-1.3148249
7071,-1.0977144
7072,-1.2827684
7073,-1.4850038
7074,-1.2192191
7075,0.5262302
7076,-2.7318316
7077,-1.3843682
7078,-1.2653702
7079,0.2637854
7080,-1.6258117
7081,-0.9041949
7082,-1.0684667
7083,0.14825204
7084,-1.4261264
7085,-0.7950666
7086,-1.1807115
7087,0.2727273
7088,-1.189227
7089,-0.7949645
7090,-1.107118
7091,0.4501686
7092,-1.3656877
7093,-0.85430986
7094,-0.67851335
7095,-0.04566507
7096,-0.98302716
7097,-0.66989255
7098,-1.2291062
7099,0.38665932
7100,0.037137058
7101,0.10880101
7102,-0.11423753
7103,-0.6105368
7104,-0.56700385
7105,-0.2866173
7106,-0.086725004
7107,-0.5233028
7108,-0.5842229
7109,-0.60776496
7110,-0.15565623
7111,-0.6081053
7112,-0.72503424
7113,-0.21084724
7114,0.07813948
7115,-0.5257919
7116,-1.440386
7117,-1.1950603
7118,0.0125332475
7119,-0.3823009
7120,0.03215328
7121,0.13620283
7122,0.16571882
7123,-0.45509496
7124,0.21128334
7125,-0.034749888
7126,0.41719323
7127,-0.29727638
7128,-0.32661685
7129,-0.21298765
7130,0.12034541
7131,-0.31092703
7132,0.12936687
7133,-0.1736225
7134,0.17929575
7135,-0.30787084
7136,0.008047195
7137,0.26295468
7138,0.22861192
7139,0.004349884
7140,-1.1573058
7141,0.124938354
7142,-1.5494851
7143,1.3652185
7144,-0.013377188
7145,-1.1302845
7146,1.3087474
7147,0.12696743
7148,-1.5821961
7149,1.0474099
7150,0.17229244
7151,-2.765045
7152,1.4184247
7153,-0.26293415
7154,-1.5529741
7155,2.0419188
7156,0.12696743
7157,-1.4398143
7158,1.3800583
7159,-0.013377188
7160,-1.4855853
7161,0.98816144
7162,-0.20049778
7163,-2.196283
7164,1.3177768
7165,-0.055410948
7166,-1.1577779
7167,1.4577696
7168,0.53947824
7169,-1.582918
7170,1.1429642
7171,0.37415412
7172,-2.5258212
7173,2.0548365
7174,-0.067421146
7175,-2.7686033
7176,1.6442686
7177,0.6877371
7178,-1.2676104
7179,0.913906
7180,0.00038958524
7181,-1.5511104
7182,0.88083357
7183,-1.2282574
7184,-1.4113877
7185,-0.51268613
7186,-4.6547713
7187,-0.49357092
7188,-0.33609283
7189,0.025249664
7190,-0.15616676
7191,-0.6986956
7192,-1.0419211
7193,-0.47545052
7194,-0.046339605
7195,0.092932835
7196,2.2748969
7197,0.3577442
7198,0.3282018
7199,-1.4964466
7200,2.143397
7201,0.22983651
7202,0.84103113
7203,-0.73168546
7204,2.3142676
7205,0.5853541
7206,0.5678393
7207,-1.4164226
7208,2.253352
7209,0.24828109
7210,0.4630404
7211,-1.0414875
7212,2.5081944
7213,0.37035817
7214,0.44070572
7215,-1.6407087
7216,1.9597266
7217,0.45340723
7218,-0.09304329
7219,-1.2646809
7220,2.3727643
7221,0.45914465
7222,0.5426047
7223,-1.323398
7224,2.0071552
7225,0.57288516
7226,0.32024696
7227,-1.0239348
7228,-0.1097908
7229,-0.7253671
7230,0.32511652
7231,-0.8055219
7232,-0.14061114
7233,-0.9587574
7234,0.07772281
7235,-1.5844799
7236,-0.19826214
7237,-0.005076603
7238,-0.30640393
7239,-1.8381116
7240,-0.19826214
7241,-0.25352067
7242,-0.21969229
7243,-2.9020038
7244,-0.48086736
7245,0.03482799
7246,-0.14377797
7247,-2.7072883
7248,-0.7581898
7249,-0.1820347
7250,-0.25191668
7251,0.9125455
7252,1.4301708
7253,0.270213
7254,0.2196038
7255,-0.92716664
7256,0.13446534
7257,-1.0979846
7258,0.2196038
7259,0.3496507
7260,0.18967812
7261,-6.2648983
7262,0.19020532
7263,-1.4625287
7264,0.53987575
7265,-1.7449763
7266,-0.32224533
7267,-1.1188698
7268,0.2870829
7269,-2.50753
7270,0.40319633
7271,-1.0669663
7272,0.15071882
7273,0.70629424
7274,0.8776656
7275,0.040000666
7276,-0.5645568
7277,0.20991886
7278,0.5330757
7279,0.4744009
7280,-0.523927
7281,0.9062892
7282,0.66230476
7283,1.0644828
7284,0.47193864
7285,-0.437935
7286,-0.23840177
7287,-0.7036359
7288,-0.14687766
7289,-1.30528
7290,1.9803466
7291,-1.5862451
7292,-0.21959691
7293,-0.5665404
7294,2.5978255
7295,-2.228827
7296,-0.21693993
7297,-1.5768802
7298,1.8836832
7299,-2.0384824
7300,0.018673247
7301,-1.1028945
7302,2.5893168
7303,-1.6398419
7304,-0.27338374
7305,-1.0285645
7306,2.677686
7307,-1.7506188
7308,-0.6858477
7309,-0.633146
7310,2.6447372
7311,-1.7353714
7312,-0.78441215
7313,2.6591809
7314,-1.2294171
7315,-0.21959691
7316,-0.565268
7317,2.5936725
7318,-3.1477017
7319,-0.13898878
7320,-1.2049344
7321,2.1922896
7322,0.22249869
7323,0.2961823
7324,-1.1148837
7325,2.221246
7326,-1.9374766
7327,-0.1700039
7328,-0.7356534
7329,2.532707
7330,-1.565746
7331,-0.28040045
7332,-1.436688
7333,2.158867
7334,-1.1648138
7335,0.18758808
7336,-0.75498044
7337,-0.3854785
7338,-0.6118986
7339,-0.447514
7340,-0.38941872
7341,-0.83954334
7342,-0.33296645
7343,-2.0210745
7344,0.31059328
7345,-0.95399004
7346,-0.3871547
7347,-1.1775842
7348,-0.21924818
7349,-0.4965916
7350,-0.5545128
7351,-0.3621696
7352,0.1107019
7353,-0.17785579
7354,-0.31789976
7355,-2.933043
7356,0.2763354
7357,-2.6223142
7358,-0.5848864
7359,-1.4209356
7360,0.30873042
7361,-1.5582055
7362,-1.9751483
7363,-1.9731486
7364,0.3336758
7365,-1.7228268
7366,-0.53237283
7367,0.70698136
7368,-1.0240886
7369,-0.39884055
7370,-1.0122787
7371,0.428418
7372,-0.15678091
7373,-1.3534452
7374,-0.81377774
7375,-0.8461657
7376,-0.8159055
7377,-0.19880936
7378,0.07956619
7379,-0.78307176
7380,0.36522904
7381,0.48373362
7382,-0.46415117
7383,0.74144155
7384,0.32352376
7385,0.6585949
7386,1.1238978
7387,0.36072108
7388,-0.11390085
7389,0.35880727
7390,0.8708707
7391,-0.22143829
7392,-0.17359768
7393,0.16873878
7394,0.95869833
7395,-0.9736321
7396,-0.8930437
7397,-0.73358107
7398,0.30318996
7399,-0.7125051
7400,-1.0913624
7401,-0.27808997
7402,-2.1655903
7403,0.9343544
7404,-0.7497771
7405,0.18706533
7406,-1.1367207
7407,1.0417048
7408,-0.20777045
7409,0.75516003
7410,0.46950856
7411,-0.409153
7412,0.006710424
7413,-0.11720089
7414,-0.427938
7415,0.008047195
7416,-0.008106822
7417,-0.29727638
7418,0.1216194
7419,-0.103187785
7420,-0.33895546
7421,-0.3901624
7422,-0.76576495
7423,-1.6271293
7424,-0.061275445
7425,-0.29774928
7426,-0.24529131
7427,0.080079615
7428,-0.11720089
7429,-0.33895546
7430,0.078881405
7431,-0.3427763
7432,1.2796571
7433,-0.13093838
7434,-0.2939865
7435,-1.1693239
7436,-0.1456711
7437,0.12141558
7438,-2.4733343
7439,-0.26416528
7440,0.09556048
7441,-1.2621554
7442,-0.35109207
7443,-0.20866208
7444,-0.26340964
7445,-0.31940073
7446,-0.4063388
7447,-0.064883456
7448,-0.19742265
7449,-0.07523146
7450,0.31936568
7451,0.20832856
7452,-1.2703813
7453,-0.2935187
7454,0.12141558
7455,-1.0390015
7456,-0.3238331
7457,-0.0253736
7458,-1.2433357
7459,-0.23234554
7460,0.11075491
7461,-1.5159571
7462,-0.2116541
7463,0.08263632
7464,-1.0542527
7465,-0.12480924
7466,0.1575764
7467,-1.2703813
7468,-0.3237236
7469,-0.38552326
7470,-0.15768379
7471,-0.18854257
7472,0.687229
7473,-0.3165818
7474,0.3435186
7475,-0.26416528
7476,0.06323789
7477,0.523205
7478,0.081662826
7479,0.35864297
7480,-0.608636
7481,-0.43094203
7482,-0.07706109
7483,-0.17129567
7484,-0.61315703
7485,-0.62168056
7486,-0.52893037
7487,0.017166406
7488,-0.57662684
7489,-0.4878541
7490,-0.026571846
7491,-0.16236782
7492,-0.30136693
7493,-0.36195764
7494,-0.62231797
7495,0.13109387
7496,-0.5037629
7497,-0.7469244
7498,-0.12876724
7499,-0.24657823
7500,-0.6081053
7501,-0.31376988
7502,-0.36321324
7503,0.019084161
7504,-0.73666227
7505,-0.5461178
7506,-0.60063034
7507,-0.10375624
7508,-0.39035755
7509,-0.45487756
7510,-0.60761905
7511,-0.1305204
7512,-0.011108619
7513,0.75462055
7514,-0.17749722
7515,-0.054638144
7516,-0.2559487
7517,0.2580906
7518,-0.36788312
7519,-0.25642562
7520,-0.29727638
7521,-0.001843116
7522,0.036777083
7523,-1.6991844
7524,-0.30787084
7525,0.047159348
7526,-0.1892158
7527,-0.039808467
7528,-0.6105368
7529,-0.43094203
7530,-0.17296748
7531,-0.73666227
7532,-0.45487756
7533,-0.62231797
7534,0.10896869
7535,-1.6764336
7536,-0.515062
7537,-0.36321324
7538,-0.100602254
7539,-0.52536726
7540,-0.53204966
7541,-0.8484839
7542,-0.053993236
7543,-0.33343947
7544,0.119593024
7545,-0.532989
7546,-0.26863426
7547,-0.73666227
7548,-0.34388837
7549,-0.37077886
7550,-0.29833078
7551,-0.2680533
7552,0.01889062
7553,-0.2085595
7554,-0.57662684
7555,-0.15839514
7556,0.1216194
7557,-0.57662684
7558,0.21325275
7559,-1.5354944
7560,-0.0811663
7561,-1.6960914
7562,0.025195165
7563,-1.368124
7564,-0.00803117
7565,-1.3927042
7566,0.013135533
7567,-1.280791
7568,-0.06475142
7569,-1.1707817
7570,-0.2602561
7571,-0.69411033
7572,-0.53204966
7573,0.12025711
7574,-0.6041814
7575,-1.020371
7576,0.1991167
7577,-0.28232017
7578,-0.74557567
7579,1.0694699
7580,-0.73666227
7581,-0.6659539
7582,0.08242988
7583,-1.2890434
7584,-2.733854
7585,-1.1217363
7586,0.29765573
7587,-1.189227
7588,-0.941846
7589,-1.1373329
7590,0.27547044
7591,-1.2442795
7592,-1.03724
7593,-1.2093235
7594,0.20533991
7595,-1.1789641
7596,-0.6316354
7597,-1.039872
7598,0.21745889
7599,-1.223357
7600,-1.0967947
7601,-1.3065777
7602,0.123261236
7603,-1.3769349
7604,-0.86572814
7605,-3.5908287
7606,0.010691038
7607,-1.1555634
7608,-0.7949645
7609,-1.1513782
7610,-0.052131705
7611,-1.3534342
7612,-0.9084739
7613,-1.3937836
7614,-1.0210296
7615,-2.137507
7616,-0.50081104
7617,0.40261057
7618,-1.3769349
7619,-0.7832744
7620,-1.4903339
7621,-0.76942676
7622,-1.2609104
7623,-0.941846
7624,-1.4329162
7625,-0.8870128
7626,-1.1760771
7627,-1.4718454
7628,-1.2984021
7629,-1.2717757
7630,-1.1829184
7631,-0.6316354
7632,-1.1859534
7633,-4.211451
7634,-1.3702576
7635,-0.79104906
7636,-0.8859261
7637,0.021410929
7638,-1.3230382
7639,-0.7758179
7640,-1.256739
7641,-0.14876775
7642,-0.8037692
7643,-0.9121546
7644,-0.9401802
7645,0.13656476
7646,-0.1620974
7647,-0.25692454
7648,0.0510888
7649,-0.17056116
7650,0.1310942
7651,-0.335378
7652,-0.05263807
7653,-0.1736225
7654,-0.019541968
7655,-0.2879571
7656,-0.029931925
7657,-0.12524243
7658,-0.08704044
7659,-0.2580143
7660,-0.19107524
7661,-0.1892158
7662,-0.25692454
7663,0.12936687
7664,-0.06656693
7665,-0.064848274
7666,-0.29727638
7667,-0.06971231
7668,-0.12524243
7669,-0.05577976
7670,-0.1885579
7671,-0.0044862507
7672,-0.059341557
7673,-0.11784415
7674,-0.30764994
7675,0.0510888
7676,0.010028161
7677,-0.086718
7678,0.016621348
7679,-0.20457006
7680,0.24463208
7681,-0.2170561
7682,-0.7117621
7683,-0.1495592
7684,0.10880101
7685,-0.114232205
7686,-0.21227157
7687,-0.029931925
7688,-0.08500698
7689,-0.13108732
7690,-0.36439174
7691,0.19694638
7692,-0.27059397
7693,-2.2162592
7694,-0.29727638
7695,0.047159348
7696,-0.054911662
7697,-0.42734724
7698,-0.17500603
7699,0.029838359
7700,-0.05916089
7701,0.013578
7702,-0.39062625
7703,0.047159348
7704,-0.21298765
7705,0.016600193
7706,-0.23343727
7707,0.0510888
7708,-0.008106822
7709,-0.13730866
7710,-0.59320015
7711,0.10880101
7712,-0.22233193
7713,-0.5060351
7714,-0.0811663
7715,-1.5859374
7716,2.427135
7717,-0.0022228619
7718,-1.4470433
7719,1.597503
7720,-0.013377188
7721,-1.537053
7722,1.6154668
7723,0.19827251
7724,-1.5230331
7725,1.2192856
7726,-0.013377188
7727,-1.6021032
7728,1.0940579
7729,-0.008003636
7730,-1.5786695
7731,1.4221271
7732,0.067829095
7733,-1.5276786
7734,2.4000287
7735,-0.060904015
7736,-1.1916717
7737,2.7093456
7738,0.021870142
7739,-1.2788612
7740,-0.017241323
7741,0.06104618
7742,-1.5676196
7743,-0.028905664
7744,0.48721808
7745,-1.3491374
7746,0.78791434
7747,0.29119673
7748,-0.008003636
7749,-0.9442749
7750,0.87392515
7751,0.18764238
7752,0.17104255
7753,-2.6897964
7754,0.84254616
7755,0.25525567
7756,0.17229244
7757,-1.4731408
7758,1.2699045
7759,0.13036717
7760,-1.3750968
7761,1.5088096
7762,-0.06090161
7763,-1.6638137
7764,1.0235537
7765,-0.17160262
7766,-1.4591962
7767,0.6958772
7768,-0.0022228619
7769,-1.4427375
7770,2.3718743
7771,-0.008003636
7772,-1.2485453
7773,1.0235537
7774,0.6622605
7775,-2.7548976
7776,-0.24248251
7777,0.19953917
7778,-0.019344144
7779,0.46904534
7780,-1.5192579
7781,0.6053984
7782,-0.29830348
7783,0.52787423
7784,-0.3625194
7785,0.4710635
7786,0.2033942
7787,-0.2049125
7788,0.18608513
7789,0.5501841
7790,0.97018015
7791,0.6838843
7792,0.4939223
7793,-1.3854629
7794,1.8119389
7795,0.6520714
7796,0.092932835
7797,-1.5572689
7798,2.1145504
7799,0.5898213
7800,0.06607329
7801,-1.5213826
7802,2.2240193
7803,0.5898213
7804,-0.055410948
7805,-1.5062212
7806,2.2128448
7807,0.45340723
7808,0.44070572
7809,-1.5344806
7810,2.3298056
7811,0.60715085
7812,0.38608643
7813,-1.355441
7814,2.0071552
7815,0.5960846
7816,0.44784245
7817,-1.3882734
7818,1.4323616
7819,0.5898213
7820,0.47435823
7821,-1.296299
7822,2.2732582
7823,0.36929
7824,0.64476466
7825,-1.8174827
7826,2.0071552
7827,-1.7179908
7828,0.58165544
7829,-1.5361277
7830,2.5204294
7831,0.73419917
7832,-0.18307793
7833,0.010641944
7834,-0.9440269
7835,-1.2649581
7836,-0.199824
7837,0.058771346
7838,0.6714155
7839,-1.0074507
7840,2.1764283
7841,0.37076572
7842,0.3970393
7843,-1.2959812
7844,2.4244127
7845,0.57288516
7846,0.3282018
7847,-1.4676032
7848,2.1889749
7849,0.55282164
7850,-0.008003636
7851,-1.3230944
7852,2.0658937
7853,0.5290773
7854,0.021870142
7855,-0.8354439
7856,2.1815732
7857,0.56208426
7858,0.4359354
7859,0.36223048
7860,0.47283277
7861,0.17729703
7862,-0.98076016
7863,0.21172875
7864,-0.7576262
7865,0.5543605
7866,0.41400537
7867,0.5197495
7868,0.270213
7869,-0.4900893
7870,0.96232134
7871,0.8680211
7872,0.20949332
7873,-0.6850284
7874,0.9248737
7875,0.6870242
7876,0.20949332
7877,-0.5937108
7878,0.44497854
7879,1.202029
7880,0.4744009
7881,-0.7968088
7882,0.7898932
7883,0.7979799
7884,0.50555354
7885,-0.7540824
7886,1.3137993
7887,1.0164962
7888,0.27242047
7889,0.9887881
7890,1.034272
7891,-0.63077676
7892,0.2578052
7893,0.780775
7894,-0.969633
7895,0.58371
7896,0.8810231
7897,0.558923
7898,0.20233008
7899,0.83468044
7900,0.9747756
7901,0.56563085
7902,-1.5231559
7903,0.5196542
7904,0.81415904
7905,0.43505338
7906,-0.14483632
7907,0.6155573
7908,0.8412432
7909,0.5131177
7910,-0.64894414
7911,1.0786773
7912,0.7961058
7913,0.5047282
7914,-0.6647303
7915,-0.36464843
7916,-1.6738029
7917,2.3917694
7918,-0.60700095
7919,-1.2649581
7920,-0.6152351
7921,0.103070855
7922,0.10768485
7923,-0.21485259
7924,-2.032689
7925,2.4496748
7926,-1.8417999
7927,-0.2840574
7928,-0.47551605
7929,2.5681157
7930,-1.1722192
7931,-0.5758608
7932,-1.4856504
7933,2.5013466
7934,-1.6258854
7935,-0.24552634
7936,-1.1779548
7937,2.46041
7938,-1.762404
7939,-1.4885159
7940,-1.2262353
7941,-0.98540497
7942,-1.9562589
7943,2.332266
7944,-1.9020281
7945,-0.39685565
7946,-0.51326704
7947,2.5632188
7948,-1.8255146
7949,-0.2132956
7950,-0.057392098
7951,-1.4585241
7952,-0.26898766
7953,-1.3160319
7954,2.4691439
7955,-1.1469872
7956,-0.046189703
7957,-0.9124287
7958,2.5013466
7959,-1.2488533
7960,0.96662956
7961,-0.71815306
7962,-0.010851834
7963,-1.0815235
7964,2.3301718
7965,-1.8205111
7966,-0.6683912
7967,0.67603916
7968,0.270213
7969,-0.5412851
7970,0.49964908
7971,0.270213
7972,-0.68468827
7973,0.6074347
7974,0.1674656
7975,-0.09771766
7976,0.67697954
7977,0.50555354
7978,-0.43681464
7979,0.71028095
7980,0.3543344
7981,-0.6045579
7982,0.5863896
7983,0.3543344
7984,-1.3516281
7985,0.81703925
7986,0.3459258
7987,-0.4704905
7988,0.9837373
7989,0.54890114
7990,-0.32068413
7991,-0.73501724
7992,-0.5504903
7993,-0.45146376
7994,-0.6640192
7995,-0.47138053
7996,-0.6279459
7997,-0.33066136
7998,0.0456957
7999,-0.6817504
8000,-1.0345182
8001,-0.39439714
8002,-0.31321624
8003,-0.5841631
8004,-0.5992076
8005,-0.68468827
8006,-0.63873756
8007,-0.41649264
8008,-0.64700186
8009,-0.63873756
8010,-0.47499853
8011,-1.0758109
8012,-1.0275252
8013,-0.26469788
8014,0.015745364
8015,-0.6360267
8016,-0.57426375
8017,-0.31604654
8018,0.43450826
8019,-0.7295548
8020,-0.5067388
8021,-0.0022162353
8022,-0.4552671
8023,-0.6857871
8024,-0.303809
8025,-0.5088766
8026,-1.0330346
8027,-0.24650279
8028,-0.012420718
8029,0.3809344
8030,0.17709577
8031,0.2832592
8032,-0.054904897
8033,0.40582463
8034,-0.038286965
8035,0.09556048
8036,-1.1052359
8037,0.4184323
8038,-0.31787044
8039,0.2673704
8040,0.5416755
8041,0.20832856
8042,0.06298523
8043,0.039890934
8044,0.4864952
8045,0.4939054
8046,0.6303517
8047,0.8308433
8048,0.19953917
8049,-0.42422828
8050,-0.52427423
8051,-0.5601467
8052,-0.06356835
8053,-0.998523
8054,-0.43436256
8055,-0.14210342
8056,0.017166406
8057,-0.62597
8058,-0.6659539
8059,-1.0230161
8060,-0.11013212
8061,-0.7257271
8062,-0.68791115
8063,-0.53806114
8064,-0.19832481
8065,-0.8275227
8066,-0.7110483
8067,-0.6122484
8068,0.12876743
8069,-0.55547965
8070,-0.9028901
8071,-0.66618645
8072,0.701755
8073,-0.6410181
8074,-0.45487756
8075,-0.36321324
8076,0.025150595
8077,-0.608636
8078,-0.5842229
8079,-0.4435178
8080,0.14187747
8081,-0.8707984
8082,-0.56700385
8083,-0.7484441
8084,-0.06356835
8085,-0.8707984
8086,-0.51851034
8087,-0.62231797
8088,0.017166406
8089,0.4901358
8090,-1.7687697
8091,0.3552852
8092,-1.5830839
8093,-0.036653973
8094,-1.4126956
8095,-0.008003636
8096,-1.5097452
8097,0.092932835
8098,-1.505568
8099,0.25551757
8100,-1.2070482
8101,-1.0600969
8102,-1.039872
8103,-1.05209
8104,-0.21086764
8105,-0.99945384
8106,-1.9166912
8107,-1.3081887
8108,-0.37553373
8109,-1.2609104
8110,-0.67750746
8111,-0.9210381
8112,0.010691038
8113,-1.4756343
8114,-0.781119
8115,-1.1562792
8116,0.010691038
8117,-1.1789641
8118,-1.4510494
8119,-1.0431017
8120,0.0671187
8121,-1.4080218
8122,-1.1517948
8123,-0.7988051
8124,0.19438241
8125,-1.4811757
8126,-0.65866166
8127,-1.145658
8128,0.01681059
8129,-1.2734786
8130,-0.7275271
8131,-1.1513782
8132,0.32526407
8133,-1.2068726
8134,-1.0275197
8135,-1.032584
8136,0.19991705
8137,-1.4479954
8138,-1.0790391
8139,-1.2930647
8140,0.12173839
8141,-1.4983785
8142,-1.1095327
8143,-1.5258714
8144,0.0671187
8145,-0.021424402
8146,0.15085217
8147,-0.0065204417
8148,-0.73666227
8149,-0.43094203
8150,-0.60073984
8151,-0.17296748
8152,-0.60708916
8153,-0.45487756
8154,-0.10875319
8155,-0.011470345
8156,0.115525626
8157,-1.4262192
8158,-0.33238018
8159,-0.94483215
8160,-0.52541655
8161,-0.10948448
8162,0.2137673
8163,-0.29727638
8164,0.08335639
8165,-0.23605695
8166,0.19940181
8167,-0.34501976
8168,-0.10300231
8169,-0.24492384
8170,-0.17647105
8171,-0.10873865
8172,-0.0044862507
8173,-0.034749888
8174,-0.21848217
8175,-0.37348747
8176,0.080079615
8177,-0.68388474
8178,-0.019541968
8179,-0.20177418
8180,-0.0044862507
8181,-0.186776
8182,-0.24724141
8183,0.07399672
8184,-1.3987201
8185,1.1094098
8186,-0.21567826
8187,-1.387062
8188,1.0202913
8189,-0.17276497
8190,-1.5474694
8191,1.1262474
8192,0.0034290496
8193,-1.2043644
8194,1.0863739
8195,-0.03619327
8196,-1.226076
8197,2.6950748
8198,-0.040141687
8199,-1.7234709
8200,1.4316486
8201,0.059250575
8202,-1.5732411
8203,1.5929581
8204,0.189588
8205,-0.6415135
8206,0.72872704
8207,-0.040141687
8208,-1.2322105
8209,0.82234406
8210,0.21325275
8211,-1.4916526
8212,0.89487576
8213,-0.067421146
8214,-1.3428332
8215,1.6499934
8216,-0.0022228619
8217,-1.368124
8218,1.0887505
8219,0.00038958524
8220,-1.25238
8221,0.88490784
8222,0.003888249
8223,-1.505568
8224,1.3540672
8225,0.11714246
8226,-1.582918
8227,0.8902277
8228,-1.2070482
8229,-0.69376457
8230,-0.7765216
8231,-1.2984021
8232,-1.3352569
8233,-0.40771618
8234,-1.2530904
8235,-1.3096358
8236,-0.7613894
8237,-1.4103816
8238,-0.5893138
8239,-0.8420271
8240,-1.4876647
8241,-0.67662936
8242,-1.6792511
8243,-0.96857333
8244,-0.1427827
8245,-0.7761293
8246,0.25951877
8247,0.65747905
8248,2.3603644
8249,0.62069196
8250,0.39236102
8251,-1.5392246
8252,2.0603309
8253,0.44287965
8254,0.7269398
8255,-0.31935412
8256,0.45842865
8257,0.29126653
8258,-3.1584766
8259,2.3194292
8260,0.5440944
8261,0.4361015
8262,-4.1245894
8263,2.238697
8264,0.5755375
8265,0.6682742
8266,-1.4164226
8267,2.304632
8268,0.6336134
8269,0.46185827
8270,-1.3487403
8271,2.1084335
8272,0.6866346
8273,0.39200914
8274,-1.0669317
8275,2.1574717
8276,0.57288516
8277,0.44373965
8278,-1.4927381
8279,2.3298056
8280,0.5898213
8281,0.39502224
8282,-1.3494396
8283,2.2773728
8284,0.57288516
8285,0.4178551
8286,-1.1856387
8287,2.3843043
8288,0.62213695
8289,0.33835414
8290,-0.76037455
8291,0.07772281
8292,-1.9028299
8293,0.114943005
8294,-0.76037455
8295,0.20755517
8296,-1.0446728
8297,0.56899846
8298,-1.3157562
8299,-0.1702869
8300,-0.4582828
8301,-1.2746975
8302,-0.1702869
8303,0.097678244
8304,0.05046345
8305,-1.5535984
8306,-0.33420023
8307,0.09808174
8308,-0.42417616
8309,-1.5259306
8310,0.45537734
8311,-0.2348222
8312,-0.23136781
8313,-1.6543794
8314,-0.56004363
8315,0.07835945
8316,-0.15485907
8317,0.6781616
8318,-0.07885864
8319,0.45661992
8320,0.3749543
8321,0.18754287
8322,-1.0163825
8323,0.36436227
8324,-1.1054871
8325,0.2196038
8326,-0.04720785
8327,-0.92716664
8328,0.40032735
8329,-2.1063292
8330,0.27086952
8331,-1.1357431
8332,0.24747102
8333,-1.6723073
8334,0.31126153
8335,-1.3643816
8336,0.48802453
8337,-1.0705832
8338,0.42521703
8339,-1.493817
8340,0.27026498
8341,0.670505
8342,1.1707147
8343,0.9284356
8344,0.6105295
8345,0.26963592
8346,0.49290866
8347,1.2821954
8348,0.6171102
8349,-0.5060312
8350,0.62467086
8351,1.0164962
8352,0.5193854
8353,0.47047085
8354,0.491278
8355,1.3942928
8356,0.49229386
8357,-0.50909734
8358,-1.4015511
8359,-0.24644096
8360,-1.9724911
8361,2.0128922
8362,-1.4377452
8363,-0.21959691
8364,-0.5013095
8365,2.5978255
8366,-1.4258869
8367,-0.31756964
8368,-0.3164207
8369,2.5145538
8370,-1.4931893
8371,-0.31053135
8372,-1.7921474
8373,2.221246
8374,-1.2269433
8375,-2.4151063
8376,2.1370313
8377,-1.3057874
8378,-0.21630365
8379,-2.140359
8380,2.532707
8381,-1.4438448
8382,-1.3066765
8383,-0.516853
8384,2.3266737
8385,-1.421638
8386,-0.03834651
8387,-1.4235702
8388,2.450642
8389,-1.7677599
8390,-0.63192874
8391,-0.81032515
8392,2.5978255
8393,-1.2463826
8394,-0.20596021
8395,-0.82846946
8396,2.6340191
8397,-1.5411559
8398,-0.3658085
8399,-1.3912487
8400,2.6264756
8401,-1.5718282
8402,0.2961823
8403,-1.016047
8404,2.4721951
8405,-0.64195734
8406,-0.30716738
8407,-0.45691398
8408,-0.6857871
8409,-0.40261585
8410,-0.2942123
8411,-0.47248238
8412,-1.995573
8413,0.3709086
8414,-0.50628096
8415,-0.43066522
8416,-0.5851462
8417,0.6583297
8418,-1.121626
8419,0.0315998
8420,-0.5510871
8421,0.7149643
8422,-0.14485686
8423,-0.2493049
8424,-1.4642757
8425,0.37766713
8426,-0.49342296
8427,-0.30492297
8428,-1.2704566
8429,0.6120905
8430,-1.1863779
8431,-0.33492
8432,-0.6192597
8433,0.33333635
8434,-0.49562103
8435,-0.46901315
8436,-1.0971931
8437,0.9449059
8438,-0.5133787
8439,-0.6249525
8440,-0.52642095
8441,-0.6704919
8442,-0.71954817
8443,-0.33610076
8444,-0.8387193
8445,0.33701468
8446,0.4954454
8447,-0.61044794
8448,0.67237955
8449,0.6248618
8450,-0.49447596
8451,0.7648329
8452,0.73898387
8453,-0.6017362
8454,0.426797
8455,0.4625095
8456,-0.012419966
8457,0.94423175
8458,-0.2016121
8459,0.081662826
8460,-0.5411566
8461,1.1547385
8462,-0.751411
8463,0.12637147
8464,-0.14293946
8465,0.601331
8466,1.0364892
8467,-0.3504324
8468,-0.7301085
8469,0.17724872
8470,-2.0898058
8471,-1.2038299
8472,0.55402726
8473,-0.5378285
8474,-1.7720554
8475,0.706365
8476,0.20088385
8477,-1.3230649
8478,0.86246306
8479,-1.5379702
8480,-2.151974
8481,0.63128895
8482,-0.43697497
8483,-1.4261086
8484,0.68098193
8485,-1.4637483
8486,-0.89892155
8487,0.53371835
8488,-3.7382116
8489,-1.435662
8490,0.15239224
8491,0.4087846
8492,0.5913982
8493,-0.4795906
8494,0.047159348
8495,-0.17056116
8496,-0.29727638
8497,0.029543033
8498,-0.2018062
8499,-0.409153
8500,0.15085217
8501,-0.06051014
8502,0.018761478
8503,-0.0044862507
8504,-0.25936833
8505,-0.12341812
8506,0.24463208
8507,-0.28507975
8508,-0.40483645
8509,0.74742067
8510,-0.0037422422
8511,-0.09662157
8512,0.008047195
8513,-0.2489439
8514,-0.3284017
8515,0.008047195
8516,-0.07228547
8517,-0.3458747
8518,0.019182516
8519,-0.13775513
8520,-1.3368626
8521,0.09019376
8522,-1.6259742
8523,-0.32920483
8524,0.09556048
8525,-0.98993236
8526,-0.1301828
8527,-0.01098257
8528,-1.5482981
8529,-0.2354856
8530,-0.07247894
8531,-0.3583941
8532,0.3234365
8533,-0.3583941
8534,0.098734245
8535,-0.42023423
8536,0.045388717
8537,-0.033688236
8538,-0.012864062
8539,0.37275577
8540,-0.33004117
8541,-0.109828755
8542,-0.16114281
8543,-0.07523146
8544,-0.07178995
8545,0.070191585
8546,-1.2703813
8547,-0.22474141
8548,-0.027623225
8549,-1.0820466
8550,-0.2558457
8551,-0.020434327
8552,-1.2703813
8553,-0.13638294
8554,0.06678266
8555,-1.3307394
8556,-0.19877967
8557,0.07354527
8558,-1.2239609
8559,-0.28602874
8560,0.20129085
8561,-1.0036848
8562,-0.28602874
8563,0.005330326
8564,-0.2241517
8565,0.3139744
8566,0.657851
8567,-0.48215044
8568,0.49598345
8569,-0.09663947
8570,-0.194694
8571,0.037932005
8572,0.3555971
8573,-0.20110586
8574,0.32516345
8575,-0.8643114
8576,-0.41428646
8577,-0.43417913
8578,0.14187747
8579,-0.57662684
8580,-0.51851034
8581,-0.032852843
8582,0.10415002
8583,-1.1369823
8584,-0.5483637
8585,-0.60761905
8586,-0.73666227
8587,-0.4878541
8588,-0.03036199
8589,0.23387015
8590,-0.08591072
8591,-1.2703813
8592,-0.6034886
8593,-0.4878541
8594,-0.17325109
8595,0.02487339
8596,-0.73666227
8597,-0.40404877
8598,-0.60761905
8599,0.10576735
8600,-0.73666227
8601,-0.5842229
8602,-0.437592
8603,0.0751586
8604,-0.8643114
8605,-0.45487756
8606,-0.43877944
8607,0.03640582
8608,-0.8707984
8609,-0.5008727
8610,-0.33163673
8611,0.049924456
8612,-0.335378
8613,0.050442588
8614,-0.13076726
8615,-0.1501761
8616,-0.30764994
8617,0.059389997
8618,-0.3099792
8619,-0.04127065
8620,-0.0037704501
8621,0.0510888
8622,-0.33448446
8623,-0.08606236
8624,-0.4472056
8625,0.076031044
8626,-0.24139513
8627,-0.064848274
8628,-0.60708916
8629,-0.5483637
8630,-0.34716094
8631,0.034158424
8632,-0.4671127
8633,-0.56700385
8634,-0.68096256
8635,-0.26416442
8636,-0.66841894
8637,-0.87766105
8638,-0.64005816
8639,0.036984574
8640,-0.05282999
8641,-0.6196007
8642,-0.54836714
8643,0.23387015
8644,-0.998523
8645,-0.98290646
8646,-0.36321324
8647,-0.2677173
8648,-0.57662684
8649,-0.15695867
8650,-0.27942914
8651,-0.23512562
8652,-0.34333834
8653,0.059389997
8654,-0.1736225
8655,-0.6661151
8656,-0.31292236
8657,0.059389997
8658,-0.8255303
8659,-0.100669265
8660,-1.2037706
8661,0.05352416
8662,-1.2934234
8663,-0.07786649
8664,-1.2465444
8665,0.124938354
8666,-1.368124
8667,-0.06549563
8668,-1.5642494
8669,-0.0022228619
8670,-1.3228407
8671,-0.23996253
8672,-0.60155356
8673,-0.013563881
8674,-0.57662684
8675,-0.56700385
8676,-0.8610311
8677,-0.73666227
8678,-0.50582606
8679,-0.68252003
8680,-1.6764336
8681,-0.45487756
8682,0.18001743
8683,-0.57662684
8684,-0.4878541
8685,-0.528302
8686,-0.5303876
8687,-0.56700385
8688,-0.85733193
8689,-0.42791495
8690,-0.45487756
8691,-0.04592492
8692,-1.5250756
8693,-0.56903845
8694,-1.2341627
8695,0.38049144
8696,-1.2442795
8697,-0.7758179
8698,-1.3605925
8699,0.15674768
8700,-1.2827684
8701,-0.80858094
8702,-1.3055538
8703,0.15088487
8704,-0.9075257
8705,-0.97904235
8706,-1.2440363
8707,0.010902126
8708,-1.3054622
8709,-0.5246556
8710,-1.1124926
8711,0.0671187
8712,-1.2609104
8713,-0.7762881
8714,-1.2585746
8715,0.19991705
8716,-1.3414143
8717,-0.7762881
8718,-1.7030154
8719,0.13007161
8720,-1.2282574
8721,-0.90781873
8722,-1.1653439
8723,0.24829374
8724,-1.2734786
8725,-0.4153428
8726,-1.4640256
8727,-0.7989564
8728,-1.3431407
8729,-0.4923419
8730,-1.2164183
8731,-0.95110846
8732,0.28721857
8733,-1.2827684
8734,-0.7949645
8735,-1.322099
8736,-0.9041949
8737,-1.6806397
8738,-1.2717757
8739,-1.2559696
8740,-0.941846
8741,-1.2555417
8742,-0.601378
8743,-1.3230382
8744,-1.0670683
8745,-1.3937836
8746,-0.6316354
8747,-1.2692379
8748,0.19875148
8749,-1.4698465
8750,-1.0670683
8751,-1.1526031
8752,0.062270142
8753,-1.2734786
8754,-0.658446
8755,-4.2446413
8756,-0.04566507
8757,-1.4067152
8758,-0.7949645
8759,-0.87054455
8760,0.38665932
8761,-1.2734786
8762,-0.781119
8763,-0.9401802
8764,0.29765573
8765,-1.3230382
8766,-0.2580143
8767,0.029543033
8768,-0.111164436
8769,-0.010526876
8770,-0.29137683
8771,0.0510888
8772,-0.2085595
8773,-0.07835294
8774,-0.27613544
8775,0.0510888
8776,-0.23315634
8777,-0.039808467
8778,-0.29496053
8779,-0.39849558
8780,-0.08500698
8781,-0.039808467
8782,-0.26930156
8783,0.15788336
8784,0.021738023
8785,0.04142776
8786,-0.63385856
8787,-0.64595884
8788,-0.41785446
8789,-0.12748836
8790,-0.21467508
8791,-0.13775744
8792,-0.186776
8793,-0.010526876
8794,-0.20177418
8795,0.0510888
8796,-0.081901535
8797,0.013537904
8798,-0.3284017
8799,0.050442588
8800,-0.26894036
8801,-0.07835294
8802,-0.29727638
8803,-0.0044862507
8804,-0.14663067
8805,-0.16331413
8806,-0.26690894
8807,-0.007630211
8808,-0.14066859
8809,0.12820235
8810,-0.34333834
8811,0.008047195
8812,-0.008106822
8813,-0.1899704
8814,-0.34127414
8815,0.050442588
8816,-0.04532036
8817,-0.40974402
8818,-0.3284017
8819,0.008047195
8820,-0.15559636
8821,0.031585015
8822,-0.32799336
8823,0.0510888
8824,-0.19051398
8825,-0.22774652
8826,-0.37246993
8827,0.01889062
8828,-0.05577976
8829,-0.021390248
8830,0.006710424
8831,-0.040136985
8832,-0.07835294
8833,-0.23131916
8834,-0.0044862507
8835,-0.2078026
8836,-0.07163673
8837,-0.409619
8838,-0.53236806
8839,0.38463756
8840,-0.04587811
8841,-0.27613544
8842,0.05412389
8843,-0.12524243
8844,-0.043509606
8845,-0.046339605
8846,-1.4470433
8847,1.1059371
8848,-0.07786649
8849,-1.6686413
8850,1.1472448
8851,0.032484386
8852,-1.571336
8853,1.4708271
8854,-0.013377188
8855,-1.5383818
8856,1.1010844
8857,-0.008003636
8858,-1.572917
8859,1.2265081
8860,-0.1858964
8861,-1.2735234
8862,1.5929581
8863,-0.09940319
8864,-1.7458464
8865,1.2742152
8866,0.18720207
8867,-1.3529236
8868,2.6757329
8869,-0.060904015
8870,-1.602062
8871,0.82175434
8872,0.038601894
8873,-0.03619327
8874,-1.2483249
8875,0.7852083
8876,-0.26534003
8877,-0.040141687
8878,-1.4948058
8879,0.8563927
8880,0.29119673
8881,0.021870142
8882,-1.4773202
8883,1.1142023
8884,-0.06440162
8885,0.17608336
8886,-1.2173609
8887,0.8618888
8888,-0.12520579
8889,0.05352416
8890,-1.4433573
8891,1.0247229
8892,-0.08106218
8893,-0.14223464
8894,-1.4773202
8895,1.1378533
8896,0.09078282
8897,0.15637136
8898,-1.5048449
8899,1.1954829
8900,-0.015415499
8901,-0.008003636
8902,-1.7081778
8903,1.0581623
8904,0.4354077
8905,-0.03619327
8906,-1.582918
8907,1.2986972
8908,0.12572104
8909,-1.5843799
8910,1.3297201
8911,0.004349884
8912,-1.1302845
8913,1.1281382
8914,-0.16169266
8915,-1.3394928
8916,1.0202913
8917,-1.7276156
8918,0.006677099
8919,0.40118316
8920,0.27464974
8921,-0.037255004
8922,0.5075603
8923,0.087528974
8924,-0.37718529
8925,0.37528402
8926,-0.044990756
8927,-0.19360474
8928,0.28508195
8929,-0.61497545
8930,0.62213194
8931,-0.3472125
8932,-0.29987788
8933,0.5929146
8934,-0.3340775
8935,-0.26989117
8936,0.7098301
8937,0.68315697
8938,0.5616602
8939,0.6999418
8940,0.44070572
8941,-1.1350005
8942,1.8825266
8943,0.44232976
8944,-1.1515925
8945,1.7912953
8946,0.5824766
8947,0.44232976
8948,-1.2394447
8949,2.4934714
8950,0.13303483
8951,0.44232976
8952,-1.4576138
8953,2.238697
8954,0.65424806
8955,0.38608643
8956,-1.5804875
8957,1.979075
8958,0.65424806
8959,-1.3754927
8960,-0.40298617
8961,0.036370073
8962,0.44070572
8963,-1.3597927
8964,1.919686
8965,0.6118577
8966,-0.27313274
8967,-1.2694211
8968,2.3298056
8969,0.51985484
8970,0.35789722
8971,-1.2914125
8972,1.8886486
8973,0.5026301
8974,-0.07811207
8975,-1.5515836
8976,2.015174
8977,0.5011065
8978,0.8496199
8979,-1.4544458
8980,2.1145504
8981,0.35703477
8982,0.4858992
8983,-1.4687955
8984,2.3477502
8985,0.5292669
8986,0.6186045
8987,-1.4859877
8988,2.0326052
8989,0.3581033
8990,0.5493203
8991,-1.5084469
8992,2.1084335
8993,0.9215056
8994,0.29355446
8995,-1.6796811
8996,2.4934714
8997,0.4200119
8998,0.3282018
8999,-1.5353005
9000,2.117008
9001,0.4846575
9002,0.5871537
9003,-1.3754872
9004,2.3298056
9005,0.5567641
9006,0.3282018
9007,-1.323398
9008,2.3167048
9009,0.5898213
9010,0.38608643
9011,-1.4963472
9012,2.4934714
9013,0.5824766
9014,0.5493203
9015,-1.4804662
9016,2.404543
9017,0.5289536
9018,0.44232976
9019,-1.9296808
9020,2.2082639
9021,0.32411042
9022,0.48308936
9023,0.15458052
9024,0.477219
9025,0.17729703
9026,0.47283277
9027,0.25181764
9028,-1.0446728
9029,0.4572617
9030,-0.5037987
9031,0.43678692
9032,-0.39511034
9033,0.22494772
9034,0.6957199
9035,0.6450586
9036,0.75616074
9037,-0.7810931
9038,0.75777465
9039,0.6949682
9040,0.490365
9041,-0.41524488
9042,0.15745975
9043,0.47527066
9044,0.4744009
9045,-1.0529917
9046,0.77049226
9047,0.73123443
9048,0.3210019
9049,-0.7540824
9050,0.5398868
9051,0.6257109
9052,0.6781616
9053,-0.6659287
9054,0.4274013
9055,0.8244426
9056,0.20949332
9057,-0.6581657
9058,0.3698039
9059,0.7208841
9060,0.4744009
9061,-0.43313065
9062,0.40366858
9063,0.76379174
9064,0.32352376
9065,-0.60291284
9066,0.32693756
9067,1.0531677
9068,0.45542273
9069,-0.5237869
9070,0.63371855
9071,0.6292589
9072,0.2881233
9073,-0.60789067
9074,0.54941094
9075,1.0878582
9076,0.7045589
9077,-0.6022392
9078,0.4577651
9079,0.88203293
9080,0.60984063
9081,-0.8884001
9082,0.31215006
9083,0.81415904
9084,-0.30933672
9085,0.19816205
9086,0.84470403
9087,0.20949332
9088,-0.008264512
9089,0.5077853
9090,0.6853017
9091,0.7533853
9092,-0.19490305
9093,0.60041213
9094,0.93463266
9095,0.408272
9096,-1.5210954
9097,0.34297234
9098,0.6604272
9099,0.20949332
9100,-0.63310707
9101,0.5342012
9102,0.7208841
9103,0.20949332
9104,-1.943494
9105,0.39310783
9106,0.6588639
9107,0.490365
9108,-0.85791564
9109,-0.21959691
9110,-1.590618
9111,2.9087577
9112,-0.14252198
9113,-0.34855384
9114,-1.347918
9115,2.305086
9116,-1.44563
9117,-0.21959691
9118,-1.5366981
9119,2.46041
9120,-0.24632694
9121,-1.2078912
9122,2.4721951
9123,-1.1127625
9124,-0.31856564
9125,-1.4015511
9126,2.490491
9127,-1.2773329
9128,-0.35981753
9129,-1.30528
9130,2.4960105
9131,-1.4722408
9132,-1.4062253
9133,2.5978255
9134,-2.228827
9135,-1.5273947
9136,2.5978255
9137,-1.3632346
9138,-1.1381495
9139,2.4691439
9140,-1.4824337
9141,-0.19879164
9142,-0.61533725
9143,2.506313
9144,-1.3364491
9145,-0.083608314
9146,-0.746358
9147,2.5020256
9148,-1.635389
9149,-0.20314762
9150,-1.9113289
9151,2.5805368
9152,-1.6258854
9153,-0.2840574
9154,-1.1375288
9155,2.4544432
9156,-1.258016
9157,-0.07870646
9158,-0.45354974
9159,2.614449
9160,-1.4921972
9161,-0.09886587
9162,-1.2078912
9163,2.4491284
9164,-1.8616456
9165,-0.24317451
9166,-1.2574117
9167,2.1010342
9168,-1.3702549
9169,-0.2792235
9170,-1.0466708
9171,1.7635434
9172,-1.4364959
9173,-0.21959691
9174,-1.2478005
9175,2.450076
9176,-2.013239
9177,-0.12779172
9178,-1.5579122
9179,1.6346697
9180,-1.7657714
9181,-0.5669815
9182,0.5178713
9183,0.3210019
9184,-0.64699024
9185,0.57437986
9186,0.22622962
9187,-0.65220016
9188,0.42228228
9189,0.32352376
9190,-0.51080066
9191,0.44239688
9192,0.22622962
9193,-0.54832107
9194,0.25246158
9195,0.270213
9196,-0.50229216
9197,0.576432
9198,0.270213
9199,-0.4942156
9200,0.76953
9201,0.6653278
9202,-0.6206134
9203,-0.58718437
9204,-0.34098896
9205,-0.67816746
9206,-0.49984545
9207,-0.47499853
9208,-0.47950146
9209,-0.36152816
9210,-0.6248197
9211,-0.6688266
9212,-0.3507376
9213,-0.28494003
9214,-1.1047575
9215,-0.3862682
9216,-0.6557902
9217,-0.6431257
9218,-0.30716738
9219,-0.552314
9220,-0.58718437
9221,-0.3854785
9222,-0.4203002
9223,-0.6249525
9224,-0.33610502
9225,-0.7070759
9226,-0.85359776
9227,-0.3702424
9228,-0.6337502
9229,-0.85359776
9230,-0.41648424
9231,-0.062177476
9232,-0.42653334
9233,-0.7398031
9234,-0.34098896
9235,-0.61528516
9236,-0.6279459
9237,-0.40261585
9238,-0.54047436
9239,-0.7983025
9240,-0.36400393
9241,-0.5147582
9242,-0.57385796
9243,-0.36152816
9244,-0.16646019
9245,-0.5056298
9246,-0.8674198
9247,-0.33610502
9248,-0.52300537
9249,-0.92862904
9250,-0.38100448
9251,-0.13261205
9252,-0.55998623
9253,-0.6250073
9254,-0.26711524
9255,-0.5159875
9256,-0.8129506
9257,-0.38100448
9258,0.09556048
9259,0.32496667
9260,0.07354527
9261,-1.8234111
9262,0.32496667
9263,0.13137145
9264,-1.2169894
9265,0.29236937
9266,0.041851047
9267,0.12141558
9268,-1.2433357
9269,0.29909995
9270,0.041863725
9271,-1.3307394
9272,0.06298523
9273,-0.45873064
9274,0.0025207382
9275,0.7737444
9276,0.75041944
9277,0.46389192
9278,0.6005347
9279,-0.07111802
9280,-0.13599132
9281,-0.6422951
9282,0.16732095
9283,-0.6041814
9284,-0.43094203
9285,-0.586526
9286,0.03805104
9287,-0.61315703
9288,-0.45487756
9289,-0.4959594
9290,0.1329211
9291,-0.55547965
9292,-0.7122537
9293,-0.6466388
9294,0.20500782
9295,-0.8707984
9296,-0.6973583
9297,-0.6900324
9298,0.1329211
9299,-0.6041814
9300,-0.45487756
9301,-0.60761905
9302,-0.17296748
9303,0.58715135
9304,0.28369766
9305,-0.3343553
9306,0.40979123
9307,0.09437215
9308,-0.27792838
9309,-0.5789706
9310,-0.5008727
9311,-0.58022964
9312,0.3865168
9313,-0.48498642
9314,-0.12445663
9315,-0.2562605
9316,0.093704656
9317,-0.067421146
9318,-1.9735582
9319,-0.046339605
9320,-1.683947
9321,0.05890559
9322,-1.0805067
9323,0.11714246
9324,-1.5047286
9325,-0.07588788
9326,-1.9417939
9327,-1.223357
9328,-0.7078544
9329,-1.2530876
9330,-0.6509653
9331,-1.3568734
9332,-0.49997944
9333,-1.0497394
9334,-1.3230382
9335,-0.6132772
9336,-0.9819547
9337,-1.2068726
9338,-1.198828
9339,0.08115755
9340,-1.2338505
9341,-1.0757082
9342,-1.0030361
9343,0.15088487
9344,-1.7167804
9345,-1.0205954
9346,-1.2842982
9347,0.11061917
9348,-1.4326729
9349,-1.0385429
9350,-0.978519
9351,-1.0179902
9352,-0.8344777
9353,-1.589959
9354,0.08997749
9355,-1.3835878
9356,-0.8344777
9357,-1.0718583
9358,0.20344129
9359,-1.4381937
9360,-1.2285178
9361,-1.1295267
9362,-0.33818442
9363,-1.2070482
9364,-1.211641
9365,-1.2777818
9366,-0.008412028
9367,-0.064848274
9368,0.227774
9369,-0.1863847
9370,0.037137058
9371,-0.61315703
9372,-0.17026472
9373,-0.28017196
9374,-0.094231404
9375,-0.75597477
9376,-0.6659539
9377,-0.6548481
9378,-0.19326583
9379,-0.33702287
9380,-0.45487756
9381,-0.49454212
9382,-0.22735883
9383,-0.61315703
9384,-0.91404206
9385,-0.34546
9386,-0.12173346
9387,-0.09662157
9388,-0.061275445
9389,-0.050454084
9390,-0.31733304
9391,-0.2311267
9392,0.0510888
9393,-0.186776
9394,0.1310942
9395,-1.6103753
9396,-0.16059653
9397,-0.7686348
9398,-0.17990592
9399,-1.6064968
9400,-0.12197907
9401,-0.9879358
9402,-0.1853117
9403,-0.20457006
9404,0.059389997
9405,-0.25611606
9406,0.22766778
9407,-0.03619327
9408,-0.64401835
9409,0.06982964
9410,-0.34589785
9411,0.21390511
9412,0.33662614
9413,-0.012589076
9414,-0.24879776
9415,0.0913634
9416,-1.2322105
9417,1.1094693
9418,-0.20238529
9419,-1.4855853
9420,1.2901869
9421,-0.16677052
9422,-1.5793898
9423,1.1094098
9424,0.10993262
9425,-1.5165994
9426,1.2496979
9427,0.025195165
9428,-1.6260544
9429,1.1258707
9430,-0.17160262
9431,-1.5165994
9432,1.1217021
9433,0.35839495
9434,-1.191934
9435,1.1113985
9436,-0.03619327
9437,-1.4652966
9438,1.2412466
9439,-0.008003636
9440,-1.3367872
9441,1.0521001
9442,-0.07588788
9443,-1.5392379
9444,1.8095632
9445,0.032484386
9446,-1.709098
9447,1.5461172
9448,-1.2070482
9449,-1.8035071
9450,0.8621984
9451,-1.0284946
9452,-1.5126951
9453,-0.97414196
9454,-1.4237416
9455,-0.65866166
9456,-0.40459916
9457,-1.6337641
9458,-1.3875225
9459,-1.0376987
9460,-1.5533823
9461,-1.0911554
9462,-0.95712185
9463,-1.7341113
9464,-0.5309632
9465,-0.29347387
9466,0.4373378
9467,0.5502462
9468,-1.0093697
9469,2.015174
9470,0.48659605
9471,-0.008722728
9472,-0.92119277
9473,2.304632
9474,0.43187124
9475,0.3282018
9476,-1.5631498
9477,1.9850656
9478,0.5832331
9479,0.65899426
9480,-1.1010262
9481,2.238697
9482,0.5832331
9483,0.3970393
9484,-1.4624753
9485,2.2587142
9486,0.6118577
9487,0.44339126
9488,-1.4328495
9489,2.015174
9490,-0.12300872
9491,0.4655484
9492,-1.2934377
9493,2.2328186
9494,0.5426047
9495,-1.4785938
9496,2.3898206
9497,-0.040141687
9498,-1.3487403
9499,2.3335116
9500,0.4469069
9501,0.35857356
9502,-1.3801059
9503,1.9743752
9504,0.5824766
9505,0.47183472
9506,-1.2596914
9507,2.454456
9508,0.65424806
9509,0.44445702
9510,-1.4785938
9511,1.9820771
9512,0.5824766
9513,0.22494772
9514,-0.9989337
9515,0.038694892
9516,-1.2348082
9517,0.22494772
9518,-1.8577523
9519,0.100482345
9520,-1.7241014
9521,0.100482345
9522,0.06153788
9523,0.42571145
9524,0.069017336
9525,-0.18058887
9526,-1.3520964
9527,0.14251262
9528,0.058831073
9529,-0.15394743
9530,-1.1042969
9531,-0.4029615
9532,0.07835945
9533,-0.38537565
9534,-1.1854818
9535,-0.19826214
9536,-0.1506868
9537,-0.5467659
9538,-1.5957154
9539,-0.2389148
9540,-0.005076603
9541,-0.2420634
9542,0.5131177
9543,0.34297234
9544,0.36962596
9545,0.20949332
9546,-1.4357593
9547,0.18754287
9548,0.29442057
9549,0.38146886
9550,-0.9914088
9551,0.3710359
9552,0.5515952
9553,-3.4490788
9554,0.30555865
9555,-1.6916672
9556,0.39950684
9557,-1.0439029
9558,0.17487766
9559,-1.4784917
9560,0.21649784
9561,-1.8041948
9562,0.03465751
9563,1.1208055
9564,0.48739237
9565,-1.3739877
9566,0.36553982
9567,0.42722282
9568,0.9195113
9569,0.18625188
9570,-0.48504508
9571,0.71166945
9572,0.82873464
9573,0.43505338
9574,-0.21533014
9575,-0.48706475
9576,-0.64319545
9577,0.6934816
9578,0.46293864
9579,0.56657827
9580,0.43505338
9581,-1.3119075
9582,-1.5678813
9583,-2.183817
9584,-0.21959691
9585,-1.1555928
9586,2.4117243
9587,-1.2335987
9588,-0.49119732
9589,-0.4875703
9590,2.654478
9591,-2.0137384
9592,-0.44406974
9593,-1.4808571
9594,2.5300276
9595,-1.4573822
9596,-0.31856564
9597,-1.94314
9598,2.6906273
9599,-1.4824337
9600,-0.23918028
9601,-0.6092212
9602,2.6447372
9603,-1.8417999
9604,-0.32028672
9605,-2.0492208
9606,2.5978255
9607,-1.154272
9608,0.07327706
9609,-1.2510486
9610,2.5173588
9611,-0.6978451
9612,-0.04884738
9613,-1.5366981
9614,2.6340191
9615,-1.3214647
9616,-0.33850887
9617,-1.410166
9618,2.450642
9619,-1.3487366
9620,-0.31786144
9621,-1.26837
9622,2.4783108
9623,-1.7048842
9624,-0.21959691
9625,-1.6269314
9626,2.4721951
9627,-1.1176485
9628,-0.30198118
9629,-0.39378834
9630,2.5978255
9631,-1.5333968
9632,-0.8674198
9633,-0.29673815
9634,-0.40008864
9635,-0.56805974
9636,-0.29673815
9637,-1.1905051
9638,-0.19736
9639,-0.6373406
9640,-0.112329535
9641,-0.7719036
9642,0.7933067
9643,-1.0061264
9644,-0.67683434
9645,-0.9988815
9646,0.26671314
9647,-0.45564565
9648,-0.4206642
9649,-2.2096107
9650,0.6618034
9651,-0.6489222
9652,-0.50711495
9653,-0.89143074
9654,0.21377169
9655,-1.4239941
9656,-0.27208546
9657,-1.0688553
9658,0.38376284
9659,-0.39205143
9660,-2.3979163
9661,0.70393336
9662,-0.6555634
9663,-0.5833439
9664,-0.6079169
9665,-0.7284871
9666,-0.55550796
9667,-0.4196134
9668,-0.5803035
9669,1.3398527
9670,0.14230958
9671,-0.40008864
9672,0.57860124
9673,0.12922141
9674,-0.43143222
9675,0.69917494
9676,0.3236172
9677,-0.6541669
9678,1.1076636
9679,0.20949332
9680,1.1400737
9681,0.55850834
9682,-1.3538918
9683,2.1876748
9684,0.079544336
9685,-0.058033153
9686,-0.2496525
9687,0.9800571
9688,-0.3960537
9689,-0.03876775
9690,0.96937305
9691,0.8725803
9692,-0.3654735
9693,-0.72479343
9694,-1.3575842
9695,0.5868015
9696,-0.14635168
9697,-0.47693437
9698,-0.18260707
9699,-1.3560933
9700,0.8452023
9701,-1.2932051
9702,-1.1499308
9703,0.60633886
9704,-0.64591485
9705,-1.3230649
9706,-1.0740497
9707,0.2196038
9708,-0.86292696
9709,-0.09347764
9710,-0.95641696
9711,-2.2363374
9712,0.6111046
9713,-0.1302429
9714,0.54298747
9715,0.7209871
9716,-0.01668886
9717,-1.1993728
9718,-1.1127222
9719,-0.29496053
9720,0.08335639
9721,-0.06051014
9722,-0.31016695
9723,0.080079615
9724,-0.040136985
9725,-0.4249619
9726,-0.62916005
9727,-0.46720818
9728,0.047159348
9729,0.051953014
9730,-0.30787084
9731,0.050442588
9732,-0.03043934
9733,-0.07314412
9734,0.08335639
9735,-0.1038631
9736,0.36007988
9737,-1.1431689
9738,0.10148473
9739,0.4366425
9740,-0.8387941
9741,0.39953873
9742,0.29653105
9743,-0.25328317
9744,0.2466944
9745,-0.4063388
9746,-0.34391215
9747,-0.111123726
9748,-0.16559258
9749,-0.3583941
9750,0.038699016
9751,-0.33004117
9752,0.3234365
9753,-0.47757104
9754,-0.4063388
9755,-0.22094323
9756,-0.4063388
9757,0.1908266
9758,-0.2935187
9759,0.12490392
9760,-0.2116541
9761,-0.011729856
9762,-0.2125745
9763,0.08813513
9764,0.76379174
9765,0.34117728
9766,0.09556048
9767,-1.2771806
9768,-0.26989117
9769,0.12154108
9770,-1.3307394
9771,-0.2130727
9772,0.270328
9773,-1.2082503
9774,-0.33618614
9775,0.15840341
9776,0.6604272
9777,-0.07948344
9778,0.16518606
9779,-0.03649763
9780,-0.36273602
9781,-0.14293946
9782,-0.19277479
9783,0.20018804
9784,0.18822405
9785,-0.24516673
9786,0.6006907
9787,0.2520483
9788,1.1198262
9789,0.44891247
9790,0.9722597
9791,-0.8707984
9792,-0.5800387
9793,-0.36321324
9794,0.02487339
9795,-0.62604856
9796,-0.49263155
9797,-0.033913556
9798,0.18710639
9799,-0.7472461
9800,-0.51851034
9801,-0.54933864
9802,-0.09478101
9803,-0.19257183
9804,-0.53812563
9805,-0.17325109
9806,0.43467832
9807,-1.6764336
9808,-0.515062
9809,-0.2866173
9810,0.26029158
9811,-0.998523
9812,-0.7516891
9813,0.029824682
9814,0.21973954
9815,-0.5329348
9816,-0.4878541
9817,-0.1295134
9818,0.14156923
9819,-0.48498642
9820,-0.7270142
9821,-0.43877944
9822,-0.053993236
9823,-0.61315703
9824,-0.6659539
9825,-0.5229861
9826,0.20500782
9827,-0.5233028
9828,-0.45487756
9829,-0.42839688
9830,0.40927702
9831,-0.04958839
9832,0.080079615
9833,-0.0042468086
9834,-0.2107461
9835,-0.29727638
9836,0.10880101
9837,-0.25611606
9838,-0.07485421
9839,-0.31453443
9840,-0.103187785
9841,-0.11423753
9842,-0.2680533
9843,0.0510888
9844,-0.1525307
9845,-0.064848274
9846,-0.49141863
9847,-0.45487756
9848,-0.5763919
9849,-0.10375624
9850,-0.64316404
9851,-0.46551213
9852,-0.16265361
9853,-0.06356835
9854,-0.49141863
9855,-0.7469244
9856,-0.5321543
9857,0.20180391
9858,-1.6764336
9859,-0.42990014
9860,-0.43877944
9861,-0.007766308
9862,-0.73666227
9863,-0.7797692
9864,-0.36321324
9865,-0.17016986
9866,-0.25809768
9867,0.050442588
9868,-0.0059211887
9869,-0.3629578
9870,-1.6764336
9871,-0.53204966
9872,-0.54933864
9873,-0.06356835
9874,-0.07843031
9875,0.0658256
9876,-0.06668538
9877,-0.57662684
9878,-0.31292236
9879,0.009013212
9880,-0.7971011
9881,1.0503029
9882,-1.368124
9883,0.10097325
9884,-1.4037797
9885,-0.046339605
9886,-1.737179
9887,-0.07588788
9888,-1.4240259
9889,0.032484386
9890,-1.5487459
9891,-0.41421518
9892,-1.2246442
9893,-1.0314548
9894,-0.11947603
9895,-0.45487756
9896,0.29532766
9897,-0.57662684
9898,-0.53204966
9899,0.1341102
9900,-0.6081053
9901,-0.515062
9902,-1.0917207
9903,-0.55542606
9904,-0.515062
9905,-0.56207377
9906,-0.57662684
9907,-0.45487756
9908,-1.2842039
9909,-0.73666227
9910,-0.60155356
9911,-0.51008415
9912,-0.73666227
9913,-0.40404877
9914,-0.51008415
9915,-1.2530904
9916,-0.41097596
9917,-1.2967136
9918,0.51893187
9919,-1.2926261
9920,-0.91832083
9921,-1.2842982
9922,-1.323568
9923,-0.81667864
9924,-1.2536771
9925,0.1234782
9926,-1.3027674
9927,-0.80858094
9928,-0.83208245
9929,0.08115755
9930,-1.2070482
9931,-1.1182272
9932,-1.2842982
9933,0.20655271
9934,-1.2609104
9935,-0.6584882
9936,-1.1587803
9937,0.123261236
9938,-1.3230382
9939,-0.44355112
9940,-1.1451104
9941,0.010691038
9942,-1.3911273
9943,-0.4327079
9944,-0.88934386
9945,-0.07917207
9946,-1.3230382
9947,-1.1397296
9948,-1.2984021
9949,-0.6316354
9950,-1.4555573
9951,-0.96918374
9952,-1.2187363
9953,-0.791317
9954,-1.2070482
9955,-0.9165548
9956,0.7360713
9957,-1.1789641
9958,-1.6474774
9959,-1.3027674
9960,-1.3054246
9961,-1.2609104
9962,-1.2706282
9963,-1.2555417
9964,-0.7616193
9965,-1.510267
9966,-0.6244411
9967,-1.3937836
9968,-0.8630531
9969,-1.2555417
9970,-1.1044563
9971,-1.0017198
9972,-1.2734786
9973,-0.6316354
9974,-0.82424384
9975,-1.2609104
9976,-0.7865477
9977,-1.0232084
9978,-1.1789641
9979,-0.21186706
9980,-0.6125139
9981,0.023445038
9982,-1.189227
9983,-1.29153
9984,-0.7301009
9985,0.16464467
9986,-0.012627931
9987,-0.3284017
9988,-0.10300231
9989,-0.25611606
9990,0.20668635
9991,-0.3284017
9992,-0.05162328
9993,-0.22233193
9994,-0.07163673
9995,-0.29459968
9996,-0.061275445
9997,-0.12524243
9998,-0.099683285
9999,-0.008139273
10000,-0.0044862507
10001,-0.17056116
10002,-0.07163673
10003,-0.30764994
10004,0.080079615
10005,-0.12524243
10006,-0.027266158
10007,-0.30764994
10008,-0.0044862507
10009,-0.08500698
10010,-0.021755014
10011,-0.29727638
10012,-0.029931925
10013,-0.31165448
10014,0.0004772245
10015,-0.06808826
10016,-0.029931925
10017,-0.31779963
10018,-0.42125016
10019,-0.34127414
10020,0.12936687
10021,-0.08500698
10022,0.18393618
10023,-0.37348747
10024,0.0510888
10025,-0.07835294
10026,-0.36439174
10027,0.08335639
10028,-0.1226503
10029,-0.114232205
10030,-0.12638912
10031,0.0510888
10032,-0.059081264
10033,0.24580856
10034,-0.3284017
10035,0.076031044
10036,-0.08500698
10037,-0.1899704
10038,-0.149229
10039,0.10880101
10040,-0.09919211
10041,-0.16064104
10042,-0.021390248
10043,0.008047195
10044,-0.25611606
10045,-0.07338771
10046,-0.34725854
10047,0.076031044
10048,-0.26121762
10049,0.30046415
10050,-0.12394712
10051,0.050442588
10052,-0.1863847
10053,-0.02719691
10054,-0.43454966
10055,0.0510888
10056,-0.25936833
10057,-0.07835294
10058,-0.23352955
10059,-0.09061376
10060,-0.1736225
10061,-0.40288398
10062,-0.3284017
10063,0.0510888
10064,-1.917678
10065,-0.04105955
10066,0.124938354
10067,-1.4723446
10068,2.379001
10069,0.030785842
10070,-1.2456665
10071,1.5229748
10072,0.013135533
10073,-1.8036184
10074,0.8671447
10075,0.11714246
10076,-1.5786695
10077,0.69125867
10078,-0.0022228619
10079,-1.582918
10080,1.2709166
10081,-0.03619327
10082,-1.5354944
10083,1.7280918
10084,0.032484386
10085,-1.3394928
10086,1.5702566
10087,-0.122547
10088,-1.1854012
10089,1.349013
10090,-0.03427307
10091,-1.3008798
10092,1.0989137
10093,0.044667218
10094,-0.07588788
10095,-1.7081778
10096,0.6515223
10097,-0.01777439
10098,-0.03619327
10099,-1.7082957
10100,0.7207349
10101,0.12626629
10102,-0.03619327
10103,-1.7584766
10104,1.1360781
10105,0.061264496
10106,-0.013377188
10107,-1.7299057
10108,0.859601
10109,-0.0002766165
10110,-0.008003636
10111,-1.5048449
10112,0.8998341
10113,0.10288237
10114,0.55736476
10115,-0.47268406
10116,0.6251341
10117,-0.040141687
10118,-1.0599192
10119,1.0905157
10120,0.10288237
10121,-0.3375267
10122,-1.2173609
10123,1.351063
10124,-0.03520064
10125,0.124938354
10126,-1.1816452
10127,1.7699826
10128,-0.306188
10129,-0.7392137
10130,0.968775
10131,-0.43396908
10132,-1.5168945
10133,1.4638784
10134,0.17229244
10135,-1.3394928
10136,1.0505177
10137,-0.7244419
10138,0.74985313
10139,-0.41003332
10140,0.62959194
10141,-0.7170089
10142,0.38003337
10143,0.16839091
10144,0.29939783
10145,-0.10509847
10146,0.5110173
10147,-0.30080223
10148,0.68689185
10149,-0.19071907
10150,0.1239043
10151,-1.2831702
10152,0.6532889
10153,0.12805472
10154,-0.008062143
10155,-0.257928
10156,0.25629312
10157,-0.32920483
10158,0.732379
10159,0.732379
10160,0.73809516
10161,0.7725304
10162,0.62818724
10163,0.3552852
10164,-1.3597927
10165,2.5371068
10166,0.5898213
10167,-0.060904015
10168,-1.4977949
10169,2.0560532
10170,0.33041358
10171,0.30111858
10172,-1.2432541
10173,2.278757
10174,0.57424355
10175,0.44232976
10176,-1.3732548
10177,2.1028254
10178,0.5898213
10179,0.38608643
10180,-1.5515836
10181,2.246406
10182,0.5824766
10183,0.44232976
10184,-1.5344806
10185,1.7283334
10186,0.5832331
10187,0.3970393
10188,-1.4164226
10189,2.4011433
10190,0.679984
10191,0.46043393
10192,-1.4692113
10193,2.3898206
10194,0.5290773
10195,-0.09029053
10196,-1.5207524
10197,1.8191707
10198,0.4867934
10199,0.7957556
10200,-1.3960409
10201,2.1799579
10202,0.46445885
10203,0.25487885
10204,-1.5249256
10205,2.3769565
10206,0.4446221
10207,0.6254679
10208,2.1010945
10209,0.51985484
10210,0.22198242
10211,-1.6407087
10212,2.0647504
10213,0.3577442
10214,0.3552852
10215,-1.4866927
10216,1.9984813
10217,0.5026301
10218,0.00038958524
10219,-1.9093308
10220,2.304632
10221,0.66998094
10222,-0.34181952
10223,-1.5804875
10224,2.1044633
10225,0.5898213
10226,0.25487885
10227,-1.5804875
10228,2.3843043
10229,0.5237679
10230,0.44784245
10231,-1.2643172
10232,2.353627
10233,0.299208
10234,0.3552852
10235,-1.1472138
10236,2.174408
10237,0.64417595
10238,-2.1071503
10239,-1.5266879
10240,2.394199
10241,0.45340723
10242,0.44232976
10243,-1.762798
10244,2.3133516
10245,0.718361
10246,0.032484386
10247,-1.9296808
10248,2.2802153
10249,0.32411042
10250,0.48308936
10251,0.3356715
10252,0.6089019
10253,0.078055196
10254,0.48308936
10255,0.39396504
10256,-1.6123533
10257,0.55285496
10258,-0.83583724
10259,0.062400445
10260,-1.7241014
10261,0.07152862
10262,0.60041213
10263,0.6974969
10264,0.49464485
10265,-1.000513
10266,0.76960725
10267,1.1665338
10268,0.3749543
10269,-0.4362471
10270,0.19277819
10271,0.73381513
10272,0.4744009
10273,-0.6283706
10274,1.5769842
10275,1.0597607
10276,0.6781616
10277,-0.5284114
10278,-0.44595554
10279,-1.1442485
10280,0.42589355
10281,-0.5557618
10282,-1.0994843
10283,0.706365
10284,-0.013555749
10285,-0.9655804
10286,0.55402726
10287,0.8353508
10288,0.9987724
10289,0.02508152
10290,-0.5511184
10291,0.81997424
10292,0.7001419
10293,0.4966571
10294,-0.7968088
10295,-0.010683081
10296,-0.8947182
10297,0.16852854
10298,0.79356027
10299,0.48005968
10300,-0.6022392
10301,-0.6157348
10302,-0.840655
10303,0.23964173
10304,1.0438592
10305,-0.5994567
10306,0.18530913
10307,0.5431868
10308,0.3210019
10309,-1.002479
10310,-0.4695801
10311,-1.1463058
10312,0.6003687
10313,0.7536969
10314,0.981738
10315,0.2999977
10316,-0.553746
10317,0.23317426
10318,0.13828793
10319,-5.594146
10320,0.20949332
10321,-1.4410398
10322,0.061641216
10323,0.4624939
10324,0.70720696
10325,-0.05432442
10326,-1.7512814
10327,2.6741815
10328,-1.4436896
10329,-0.28649196
10330,-0.565268
10331,2.6027763
10332,-2.1206663
10333,-0.20707229
10334,-1.4813185
10335,2.5024
10336,-1.7872041
10337,-0.33094355
10338,-1.2078912
10339,2.383561
10340,-1.1942044
10341,-0.3422869
10342,-1.1714869
10343,2.5805368
10344,-1.1145321
10345,-0.07524808
10346,-1.4062253
10347,2.522537
10348,-1.5142207
10349,-0.24632694
10350,-1.5177361
10351,2.4721951
10352,-1.3030034
10353,-1.4747187
10354,2.4496748
10355,-1.2051189
10356,-0.59775877
10357,-1.925913
10358,-1.4824337
10359,-0.3509413
10360,-1.6486133
10361,2.4233809
10362,-1.5485811
10363,0.23059542
10364,-0.10680271
10365,2.3301718
10366,-0.22276355
10367,-0.26497856
10368,-1.88489
10369,2.5978255
10370,-1.3878772
10371,-0.07179274
10372,-0.5642436
10373,2.4721951
10374,-1.9418149
10375,-0.16058457
10376,-1.6269314
10377,2.578933
10378,-1.1127625
10379,-1.0218165
10380,-0.5097751
10381,2.4496748
10382,-1.434928
10383,-0.31856564
10384,-1.2392763
10385,2.4721951
10386,-1.7361495
10387,-0.010851834
10388,-0.38017243
10389,2.4496748
10390,-1.6528621
10391,-0.31856564
10392,-0.65177435
10393,2.080395
10394,-1.3068599
10395,-0.30976486
10396,-0.50222176
10397,2.522537
10398,-1.5808603
10399,-0.93977576
10400,0.9891028
10401,0.48373362
10402,-0.6490304
10403,1.2457892
10404,0.4977771
10405,-0.4133377
10406,0.5745936
10407,0.1674656
10408,-0.54361373
10409,0.44239688
10410,0.22622962
10411,-0.56400776
10412,0.6945509
10413,0.43828866
10414,-0.68468827
10415,0.66701996
10416,0.42545798
10417,-0.71877986
10418,0.6157176
10419,0.7901572
10420,-0.625971
10421,-0.40460286
10422,-1.6547484
10423,-0.477036
10424,-0.33610502
10425,-0.73387533
10426,-0.51559955
10427,-0.5444611
10428,-0.37005055
10429,-0.17752141
10430,-0.53821963
10431,-0.82915187
10432,-0.3599105
10433,-0.5088766
10434,-0.79217595
10435,-0.6636332
10436,-0.60168064
10437,-0.56987846
10438,-0.886301
10439,-0.7104457
10440,-0.74448454
10441,-0.35292763
10442,-4.4481497
10443,-0.86045283
10444,-0.3702424
10445,-0.69120204
10446,-1.1353539
10447,-0.40460286
10448,-0.60153675
10449,-0.76405555
10450,-0.5021521
10451,-0.48513135
10452,-0.6118986
10453,-0.37577596
10454,-0.6182459
10455,-0.45063847
10456,-0.35292763
10457,-0.60168064
10458,-1.0330346
10459,-0.30716738
10460,-0.6501565
10461,-0.82915187
10462,-0.39848512
10463,-0.090043455
10464,-0.4885808
10465,-0.5499777
10466,-0.40460286
10467,-0.46049565
10468,-0.5499777
10469,-0.3227536
10470,-0.44595554
10471,-0.64822763
10472,-0.36720067
10473,-0.6072622
10474,-0.6857871
10475,-0.3702424
10476,0.16172619
10477,0.4184323
10478,0.0071599716
10479,-0.5015758
10480,0.5872691
10481,-0.010844982
10482,0.26962948
10483,0.5122863
10484,0.08263632
10485,0.3813467
10486,-0.023879658
10487,0.3586097
10488,0.7215519
10489,-0.020434327
10490,-1.368589
10491,0.45568627
10492,-0.11497258
10493,0.34617296
10494,0.5733218
10495,-0.4246029
10496,0.19813783
10497,0.22377454
10498,0.5811111
10499,-0.4904599
10500,-0.443196
10501,-1.0106461
10502,-0.2934745
10503,-0.62597
10504,-0.5416555
10505,-0.9048649
10506,0.14673384
10507,-0.94483215
10508,-0.4917469
10509,-0.7084042
10510,0.2247254
10511,-1.1273118
10512,-0.515062
10513,-0.62231797
10514,0.13749334
10515,-1.6867598
10516,0.35415205
10517,-0.2926556
10518,-0.55100745
10519,0.54346544
10520,-0.95154566
10521,0.5642969
10522,-0.14597747
10523,0.055451155
10524,-0.407528
10525,0.08118451
10526,-2.0280576
10527,-0.17621942
10528,-1.1496799
10529,0.027481558
10530,-1.1964324
10531,-1.1249405
10532,0.12312302
10533,0.02059911
10534,-1.3394928
10535,0.07718263
10536,0.43126827
10537,-0.39223894
10538,0.46419907
10539,-1.3534342
10540,-0.53477275
10541,-1.1149791
10542,-0.16487509
10543,0.037062578
10544,-1.2068726
10545,-0.8963976
10546,0.1607605
10547,-1.7673981
10548,-0.76589817
10549,0.2159478
10550,-1.3230382
10551,-1.0139039
10552,-1.7483932
10553,-7.535048
10554,-1.3769349
10555,-0.990057
10556,-0.028945563
10557,-1.5069193
10558,-0.54765904
10559,0.1512651
10560,-1.2068726
10561,0.83596104
10562,0.28166977
10563,-1.2555417
10564,-0.6316354
10565,-1.4274764
10566,0.072301745
10567,-1.1789641
10568,-0.6485442
10569,-1.0440669
10570,0.20655271
10571,-0.06633791
10572,-0.07438468
10573,0.6866066
10574,-1.323568
10575,-0.7762881
10576,-1.2777818
10577,0.3009983
10578,-0.5678344
10579,0.75985
10580,-1.0647801
10581,-0.3308397
10582,-0.55547965
10583,-0.92211944
10584,-0.36321324
10585,-0.14425398
10586,-0.9544427
10587,-0.5862739
10588,-0.5257899
10589,0.11068187
10590,0.5068295
10591,0.5623655
10592,-0.62074447
10593,-0.5622129
10594,1.0728233
10595,-0.42408577
10596,0.09707651
10597,-1.4712963
10598,-1.5002017
10599,0.16245618
10600,-0.8485422
10601,-0.08010384
10602,-0.7312221
10603,-0.2461138
10604,-0.34333834
10605,0.18756902
10606,-0.08500698
10607,-0.07620555
10608,-0.18056762
10609,0.2713699
10610,-0.80379945
10611,-0.30898133
10612,0.9300286
10613,-0.4781716
10614,-0.51080686
10615,-0.93719965
10616,-0.31309417
10617,-0.92716664
10618,-0.00079125963
10619,0.30669457
10620,0.15724444
10621,-0.06698125
10622,-0.21936992
10623,0.027266135
10624,0.39725462
10625,-0.12008314
10626,-1.25238
10627,1.5757997
10628,-0.1375448
10629,-0.20376627
10630,0.30183077
10631,0.38608643
10632,-1.2522355
10633,1.5163183
10634,-0.07588788
10635,-0.2564664
10636,-0.06698125
10637,-0.0068128137
10638,-1.6723672
10639,1.2691272
10640,-0.067421146
10641,-1.5379778
10642,2.249057
10643,0.14951737
10644,-0.032688234
10645,0.6937259
10646,0.07923748
10647,-0.2435224
10648,0.4195748
10649,-0.07235262
10650,-0.21294816
10651,0.51012087
10652,0.07175557
10653,-0.0950289
10654,0.13805127
10655,-0.07588788
10656,-1.1961523
10657,1.2192856
10658,0.44180706
10659,0.15565051
10660,-0.14016314
10661,0.019439872
10662,-0.2708614
10663,0.5690623
10664,0.2881444
10665,-1.4744158
10666,2.2229962
10667,0.25527272
10668,-0.93215334
10669,-0.25102314
10670,0.121427804
10671,-0.7791935
10672,-0.32769108
10673,0.1778793
10674,-1.3937836
10675,-1.1152866
10676,-0.685626
10677,-1.252175
10678,-1.043231
10679,-1.8332146
10680,-0.7959775
10681,-0.89614886
10682,0.06104618
10683,-2.3722684
10684,-0.38887155
10685,0.3942338
10686,2.219122
10687,-1.297274
10688,-0.33506754
10689,-1.192393
10690,0.16341382
10691,-1.5062212
10692,2.246406
10693,0.11491212
10694,0.53497815
10695,-0.1246953
10696,0.39890808
10697,-0.99328095
10698,1.4380941
10699,0.4372219
10700,0.35881752
10701,-1.569068
10702,2.2885213
10703,0.6336134
10704,-1.4401648
10705,2.553137
10706,-0.22671653
10707,-1.2738165
10708,-0.2268755
10709,-0.1506868
10710,0.3282018
10711,-1.4824564
10712,2.0409741
10713,0.5898213
10714,0.4172721
10715,-1.1661623
10716,1.9820771
10717,0.57288516
10718,0.3552852
10719,-1.1288202
10720,2.1010945
10721,0.5898213
10722,-0.7596476
10723,0.7271727
10724,-0.7638101
10725,-0.7253671
10726,0.70273656
10727,-0.9587574
10728,0.33835414
10729,-1.7153982
10730,-1.353852
10731,-0.42091674
10732,2.9132104
10733,-1.4951303
10734,-1.0627216
10735,0.056193843
10736,0.1992722
10737,-0.25067264
10738,-0.086606435
10739,-0.36988834
10740,0.8030878
10741,-0.6040725
10742,0.2921379
10743,-0.18335511
10744,0.54535025
10745,0.20991886
10746,-0.31813988
10747,0.6237315
10748,0.27680588
10749,0.37362605
10750,0.87714523
10751,-1.0791801
10752,0.26791394
10753,0.09107873
10754,-0.96166706
10755,0.346127
10756,-1.0587109
10757,0.2597775
10758,-1.0329027
10759,0.46716553
10760,0.22945914
10761,0.8062415
10762,0.67317325
10763,0.19055437
10764,0.48721117
10765,-0.76968163
10766,-2.837427
10767,0.36436227
10768,-1.5637925
10769,0.22490302
10770,-0.28012073
10771,0.4615453
10772,0.7394343
10773,1.0524627
10774,0.49259913
10775,-0.4181446
10776,-0.47511345
10777,-1.2203637
10778,0.30164057
10779,0.41729227
10780,1.1084867
10781,0.97217417
10782,0.43810612
10783,1.0878582
10784,1.0291256
10785,0.04299817
10786,-0.26124042
10787,-1.6486133
10788,-1.3373578
10789,-0.087803796
10790,0.31205067
10791,2.6906273
10792,-1.4438448
10793,-0.050957203
10794,-0.35317612
10795,2.7052336
10796,-1.3681374
10797,-0.33371398
10798,-0.21387032
10799,0.09155457
10800,-0.23118858
10801,-0.086833015
10802,-0.29524922
10803,0.041883893
10804,0.005568609
10805,-0.8620115
10806,-0.41641793
10807,0.2809764
10808,-0.36274788
10809,-0.7162196
10810,0.33406585
10811,-2.674432
10812,-0.2840574
10813,-1.6100761
10814,2.709965
10815,-0.9465389
10816,-0.31312284
10817,-1.3336387
10818,2.5978255
10819,-1.0714755
10820,-0.2840574
10821,-1.7921474
10822,2.450642
10823,-0.2199069
10824,-0.33210728
10825,-2.7381563
10826,0.66751784
10827,-0.3003753
10828,-0.3307545
10829,-0.012568273
10830,-0.2317749
10831,-0.7198545
10832,-0.33850276
10833,-1.0821998
10834,0.39516652
10835,-0.5483021
10836,-0.57809556
10837,-1.3014706
10838,0.18353912
10839,-0.5080683
10840,-0.45299006
10841,-0.40261585
10842,-0.43659428
10843,-0.6249525
10844,-0.41634047
10845,-0.123449646
10846,-0.43043527
10847,-1.1375527
10848,-0.3702424
10849,-0.5491901
10850,-0.23664494
10851,0.4161368
10852,0.41466182
10853,-0.87743604
10854,-1.7472975
10855,0.46050015
10856,-0.3109971
10857,-0.53353906
10858,-1.3390578
10859,-0.3101817
10860,-0.22842507
10861,-0.9989886
10862,0.34694648
10863,-0.11024566
10864,0.771419
10865,0.990631
10866,-0.05874721
10867,-0.94246083
10868,0.38369432
10869,-0.6248197
10870,-1.0564401
10871,-0.64132077
10872,0.4435186
10873,0.43505338
10874,-0.6399841
10875,0.57746994
10876,0.25355914
10877,-0.6045579
10878,0.7907258
10879,0.49505636
10880,-0.058033153
10881,1.1211483
10882,-0.64531714
10883,-0.14293946
10884,0.3586097
10885,0.88581896
10886,-0.3573416
10887,-0.65601397
10888,-0.36104822
10889,-0.14563456
10890,-1.0851775
10891,0.16999602
10892,-0.44153303
10893,-1.175316
10894,-1.1885098
10895,-0.7323572
10896,-1.7470759
10897,-1.2348263
10898,0.63128895
10899,-1.2152293
10900,-1.0812175
10901,0.87153006
10902,-0.84859294
10903,-0.9657341
10904,0.5310163
10905,-0.6727648
10906,-0.9066855
10907,-2.506828
10908,-1.2364553
10909,0.9301919
10910,0.15037936
10911,0.96173567
10912,0.20635886
10913,-0.7950419
10914,-0.04391863
10915,0.7844697
10916,-0.44855514
10917,0.059389997
10918,-0.25936833
10919,-0.35864908
10920,0.04039864
10921,-0.642991
10922,-1.9053462
10923,-0.111466594
10924,-0.18415698
10925,-1.8364906
10926,-0.08010384
10927,-0.7312221
10928,-1.1325694
10929,0.5335275
10930,-0.8445177
10931,-0.18720661
10932,-1.5926099
10933,-0.04198971
10934,-0.39977077
10935,-0.32920483
10936,0.4099029
10937,-0.3776136
10938,-1.4595354
10939,0.09556048
10940,-1.2433357
10941,-0.24846068
10942,0.16013837
10943,0.5517859
10944,-0.28602874
10945,-0.28797337
10946,0.08614607
10947,0.57325625
10948,-0.63143915
10949,1.68131
10950,-1.5402117
10951,0.6776996
10952,0.038699016
10953,-0.3366187
10954,-0.24846068
10955,-1.1958758
10956,-0.008062143
10957,0.20418371
10958,-1.2081282
10959,-0.12392449
10960,0.041863725
10961,-1.216628
10962,0.30484295
10963,-0.47199976
10964,-1.0554198
10965,0.28746137
10966,-0.012420718
10967,-1.2169894
10968,-0.10531685
10969,0.39631435
10970,-1.0238292
10971,-0.04358493
10972,0.1353859
10973,0.36982083
10974,-0.29892918
10975,-0.09765208
10976,0.010606844
10977,0.8207758
10978,-0.10042743
10979,0.15288675
10980,-0.14293946
10981,-0.20035575
10982,0.053383343
10983,-0.008873098
10984,0.33228543
10985,-1.6764336
10986,-0.83132386
10987,-0.64005816
10988,0.017166406
10989,-0.8707984
10990,-0.515062
10991,-0.17325109
10992,-0.28677237
10993,-0.42757827
10994,0.39229563
10995,-0.36310372
10996,-0.57662684
10997,-0.91404206
10998,-0.36321324
10999,-0.0059645865
11000,-0.61315703
11001,-0.40404877
11002,-0.64005816
11003,-0.0758975
11004,0.812034
11005,0.27012
11006,0.39310434
11007,-0.059509203
11008,0.5173553
11009,-0.7208064
11010,-0.45487756
11011,-0.75678587
11012,-0.19844589
11013,0.047159348
11014,-0.15233761
11015,-0.054638144
11016,-0.18720661
11017,0.04164212
11018,-0.7686348
11019,-0.29142994
11020,-2.2189677
11021,-0.13668272
11022,-1.325892
11023,-0.26750326
11024,-0.09061376
11025,-0.1736225
11026,-0.021716611
11027,-0.42422828
11028,-0.99762034
11029,-0.33163673
11030,-0.4031216
11031,-0.8643114
11032,-0.20523955
11033,-0.29355833
11034,-0.25085863
11035,-0.21047191
11036,-0.8388099
11037,0.5852854
11038,-0.19562227
11039,-2.8912766
11040,-0.09567631
11041,-0.77774405
11042,-0.2002218
11043,-0.03047957
11044,0.2673704
11045,-0.42679837
11046,0.6524077
11047,-0.18351682
11048,0.16204092
11049,-0.3202946
11050,-0.72102755
11051,-4.9104815
11052,-0.100669265
11053,-1.4733746
11054,0.11714246
11055,-1.5570936
11056,-0.0573168
11057,0.07581508
11058,-0.008003636
11059,-1.3372207
11060,-0.067421146
11061,-1.32252
11062,-1.0280788
11063,0.021545041
11064,0.58712983
11065,0.5693463
11066,-0.24443331
11067,-0.74169666
11068,-0.33865905
11069,-0.3457887
11070,0.5197697
11071,0.48270363
11072,-0.3789995
11073,-0.39373344
11074,-0.5713338
11075,-0.8610311
11076,0.48116362
11077,-0.8469214
11078,-0.63385856
11079,0.49741757
11080,-0.1409805
11081,-0.43142578
11082,-0.33058247
11083,-1.3414143
11084,0.036572415
11085,0.69718736
11086,-1.4534438
11087,-0.32409742
11088,0.6495319
11089,-1.307482
11090,-0.1252614
11091,0.3367184
11092,-1.3534342
11093,-0.71359795
11094,-1.1859534
11095,0.010902126
11096,-0.12713404
11097,-0.048363063
11098,0.23506992
11099,-0.25015044
11100,0.546901
11101,-1.3054622
11102,-0.5946987
11103,-0.18909538
11104,-1.2734786
11105,-0.6584882
11106,-1.1336453
11107,0.45243573
11108,0.025195165
11109,-0.26356986
11110,0.26534256
11111,-1.097859
11112,-0.76962745
11113,-2.0961578
11114,-0.50081104
11115,-1.6159251
11116,-1.0771062
11117,-0.08838498
11118,-2.6695857
11119,-0.6377928
11120,-0.09548025
11121,-1.5943179
11122,-1.2992988
11123,-1.3074262
11124,-0.94138545
11125,-1.8608092
11126,-0.71375734
11127,-1.1009835
11128,-0.62368584
11129,-1.110732
11130,-1.2689536
11131,-1.3835878
11132,-0.6584882
11133,-0.8478402
11134,-1.1797527
11135,-0.7092765
11136,-1.0650162
11137,-1.1330892
11138,0.10498017
11139,0.41064414
11140,-0.3410198
11141,0.8447609
11142,-1.3339802
11143,-0.6584882
11144,-1.039872
11145,-0.3797811
11146,-0.8206598
11147,-0.8059039
11148,-0.80075705
11149,0.2955773
11150,-1.0466388
11151,-0.8334081
11152,-1.1697266
11153,0.28106144
11154,-0.62807953
11155,-0.23352955
11156,0.30977017
11157,-0.17056116
11158,-0.07485421
11159,-2.2898672
11160,-0.3706971
11161,-0.8302122
11162,-0.30297273
11163,-0.29727638
11164,-0.24764264
11165,0.33135888
11166,-0.6982055
11167,-0.36439174
11168,-0.13775744
11169,0.15376358
11170,-0.07163673
11171,-0.33598906
11172,0.12936687
11173,-0.9879358
11174,-0.2546766
11175,-2.6606493
11176,-0.16059653
11177,0.109132834
11178,-0.91926134
11179,-0.29496053
11180,0.08335639
11181,-0.087037824
11182,-0.4119042
11183,-1.9693187
11184,-0.029962478
11185,-0.55834085
11186,-0.32069105
11187,-0.3284017
11188,0.2580906
11189,-0.021377806
11190,-0.05546709
11191,-0.47679833
11192,0.008047195
11193,-0.2107461
11194,-0.64079875
11195,0.0510888
11196,-0.12524243
11197,0.021406403
11198,-0.26159292
11199,0.16097565
11200,0.26295468
11201,-0.8334934
11202,-1.0714365
11203,0.22801094
11204,-0.02789788
11205,-1.0331728
11206,0.28836274
11207,-0.34333834
11208,0.0510888
11209,-0.31165448
11210,-0.044378996
11211,-0.2580143
11212,0.06832587
11213,-0.30526763
11214,-0.972346
11215,-0.29727638
11216,-0.04536123
11217,-0.24492384
11218,-0.17745326
11219,-1.7691913
11220,-0.45145142
11221,0.0060514477
11222,-1.5046866
11223,-0.27613544
11224,0.050442588
11225,-0.08500698
11226,-0.33074242
11227,-0.29137683
11228,0.01889062
11229,-0.7312221
11230,-0.15709335
11231,-0.008003636
11232,-1.2073091
11233,1.3467089
11234,-0.0068128137
11235,-1.2602296
11236,1.1185358
11237,-0.0022228619
11238,-1.505568
11239,1.2291543
11240,0.5935018
11241,0.33587056
11242,-0.099849
11243,-0.0022228619
11244,-1.7847071
11245,0.29107755
11246,0.032484386
11247,-1.573681
11248,1.8345519
11249,0.06104618
11250,-1.3828925
11251,2.1242037
11252,0.26821056
11253,0.06700364
11254,0.3259164
11255,-1.2473652
11256,1.0366288
11257,-0.034384266
11258,-1.011014
11259,1.1360382
11260,0.007950399
11261,0.66096944
11262,0.75859493
11263,-0.932936
11264,0.527194
11265,-0.012589076
11266,-1.2803873
11267,0.97633606
11268,0.15446232
11269,-0.8860729
11270,1.1217021
11271,-1.0314548
11272,-0.0971347
11273,0.40917027
11274,0.032484386
11275,-1.4773202
11276,0.9679318
11277,-0.07074494
11278,-0.07588788
11279,-1.5354944
11280,1.4493198
11281,0.24420503
11282,-1.3200825
11283,0.76413554
11284,0.10288237
11285,0.11714246
11286,-1.5383818
11287,0.9105686
11288,-0.07588788
11289,-1.2662444
11290,0.9932558
11291,-0.008003636
11292,-1.2073091
11293,0.5701608
11294,0.17229244
11295,-0.10252989
11296,0.47609955
11297,-0.69154733
11298,0.36970285
11299,-1.012428
11300,0.28540093
11301,0.30672202
11302,0.46289805
11303,0.170157
11304,0.25650528
11305,0.46493873
11306,0.30007744
11307,0.54917055
11308,0.20089702
11309,0.8128847
11310,0.123701066
11311,0.3492839
11312,0.11745497
11313,0.51574105
11314,-0.02118475
11315,0.7985188
11316,0.222778
11317,1.0696119
11318,1.4594138
11319,0.4458968
11320,0.15654567
11321,0.72086406
11322,0.24420503
11323,-1.5280559
11324,0.036370073
11325,-1.2779456
11326,-0.44211367
11327,-0.04911081
11328,0.14050482
11329,-1.4927381
11330,2.2802153
11331,0.5824766
11332,0.42082876
11333,-1.4115621
11334,-0.13377535
11335,-0.067421146
11336,-0.60774344
11337,0.033252083
11338,0.14098334
11339,-1.2596914
11340,2.2082639
11341,0.60715085
11342,0.4939223
11343,-0.99686223
11344,2.2591507
11345,-0.016367009
11346,-0.9968126
11347,-0.2389148
11348,0.0178771
11349,0.814527
11350,-1.4444925
11351,2.2908762
11352,0.59092015
11353,-1.4013169
11354,-0.199824
11355,-1.1441312
11356,-1.1207598
11357,2.526994
11358,-1.4782006
11359,0.22680482
11360,-0.94352627
11361,2.196475
11362,0.50415766
11363,-0.9320313
11364,-0.1702869
11365,0.036370073
11366,-0.3688331
11367,-0.22526255
11368,-0.1788865
11369,0.3282018
11370,-1.5064787
11371,1.8452188
11372,0.5545847
11373,-0.7882897
11374,-0.33849862
11375,-1.210641
11376,-0.44625735
11377,1.3134018
11378,-1.6902347
11379,0.44180706
11380,-1.6588765
11381,0.028752971
11382,0.5871537
11383,-0.24683142
11384,-0.64576185
11385,0.44232976
11386,-28.101376
11387,2.0258324
11388,0.55282164
11389,0.48308936
11390,0.5122708
11391,0.17729703
11392,0.5805275
11393,0.058560114
11394,-0.37654483
11395,0.54917383
11396,-0.7882044
11397,-0.88441545
11398,-1.587911
11399,0.5450528
11400,0.54941094
11401,0.5247167
11402,0.4744009
11403,-0.09308668
11404,-1.2263792
11405,0.38317978
11406,0.5278395
11407,0.39229563
11408,0.14770798
11409,1.0789675
11410,0.7627052
11411,0.20949332
11412,-2.9474206
11413,0.5398868
11414,0.4146898
11415,0.1674656
11416,-0.6283706
11417,-0.3102364
11418,0.70947444
11419,0.20949332
11420,-0.5069511
11421,0.27018803
11422,0.79299664
11423,0.2977808
11424,-0.84455305
11425,0.35596392
11426,0.34908688
11427,0.59713036
11428,-0.32877627
11429,-0.17208533
11430,-0.40154272
11431,0.22457042
11432,0.24138749
11433,-1.1311322
11434,0.5437576
11435,-1.1463058
11436,0.6632595
11437,0.83307135
11438,0.92170054
11439,0.7408311
11440,0.5535998
11441,0.052712496
11442,-1.0921146
11443,0.4142335
11444,-0.6722428
11445,0.8812478
11446,0.83816046
11447,0.39229563
11448,0.2996663
11449,-1.032521
11450,0.7408311
11451,1.3942928
11452,0.490365
11453,-0.4792319
11454,0.3414989
11455,0.9893917
11456,0.47193864
11457,-0.87567604
11458,0.77076274
11459,0.2777827
11460,0.18739805
11461,0.22508168
11462,0.6604272
11463,0.20949332
11464,-3.3288927
11465,0.63137203
11466,-0.9274867
11467,0.8541737
11468,-0.07432391
11469,-1.7194601
11470,2.6447372
11471,-1.6423217
11472,-0.29961517
11473,-0.20231792
11474,0.05977714
11475,-0.07498881
11476,-0.398415
11477,-1.1824803
11478,2.450642
11479,-1.1145321
11480,-0.2199069
11481,-0.24764264
11482,-0.17514706
11483,-0.015791878
11484,-0.2629177
11485,-0.31524998
11486,-0.109943666
11487,-0.302802
11488,-0.22247249
11489,-0.18707635
11490,-1.5712183
11491,1.2152784
11492,-1.2510486
11493,0.12472703
11494,1.2518492
11495,-1.4044856
11496,0.1316894
11497,-0.2274233
11498,-0.34425342
11499,-0.71744925
11500,0.5339615
11501,-0.10599201
11502,1.5165694
11503,-0.24644096
11504,-0.117439635
11505,0.18344508
11506,-0.10407431
11507,-0.21413468
11508,-0.24198866
11509,0.036740635
11510,0.06295003
11511,-0.46927384
11512,-0.30190513
11513,0.05977714
11514,0.058345705
11515,-0.33618483
11516,-1.9831829
11517,2.6994436
11518,-1.1924337
11519,-0.4755591
11520,-0.50830626
11521,-0.06628958
11522,-0.3356586
11523,-1.1755649
11524,0.18561427
11525,-0.5261502
11526,0.44644484
11527,-0.21959691
11528,-1.2558004
11529,2.450642
11530,0.092697
11531,-0.42395675
11532,0.05977714
11533,-0.37207848
11534,1.0437038
11535,0.68149304
11536,-0.68221265
11537,0.09155457
11538,-0.21564083
11539,-0.4727925
11540,-1.0515485
11541,2.5094564
11542,-1.2888571
11543,-0.527575
11544,0.5247167
11545,0.43505338
11546,-2.6873088
11547,-1.0683544
11548,0.58135366
11549,-1.6543916
11550,-0.64629036
11551,0.36378136
11552,-0.47346395
11553,0.5204467
11554,0.48373362
11555,-1.2470369
11556,-0.7086181
11557,0.53371835
11558,-0.4950478
11559,0.48458186
11560,0.6116099
11561,-0.13593324
11562,1.4347079
11563,0.32242963
11564,0.34088832
11565,1.0077856
11566,0.45816243
11567,0.16301316
11568,0.5314595
11569,0.2548501
11570,-0.5919532
11571,-0.6106068
11572,-0.3507376
11573,-0.5475416
11574,0.15779743
11575,-0.4597193
11576,-1.0908026
11577,0.28797027
11578,-0.24018481
11579,-1.0908026
11580,0.28179243
11581,-0.52488506
11582,-1.244446
11583,0.40759623
11584,-0.6916298
11585,-1.1363206
11586,0.11027539
11587,-0.5712473
11588,-1.5504143
11589,-0.6913049
11590,-0.8661001
11591,0.26341322
11592,-0.6913049
11593,-1.6416775
11594,0.40198645
11595,-0.43143222
11596,-0.36269647
11597,-0.5924144
11598,-1.0554198
11599,0.57914424
11600,0.2548501
11601,-0.5491901
11602,-0.7910028
11603,-0.6962889
11604,-0.8317945
11605,0.34908688
11606,0.59273237
11607,-0.3558953
11608,0.40582463
11609,-0.45264542
11610,-0.87496156
11611,-0.5282575
11612,-0.45204878
11613,-0.5499777
11614,-0.6180033
11615,-0.116736926
11616,-0.054697175
11617,0.07472683
11618,0.5071437
11619,0.36132103
11620,-0.577105
11621,-0.9078679
11622,0.314612
11623,-1.1705859
11624,0.35243297
11625,-0.17359768
11626,-0.33004174
11627,0.62456834
11628,0.020678114
11629,0.39626864
11630,0.32352376
11631,0.3148207
11632,-1.3805552
11633,0.2746358
11634,0.07354527
11635,-1.3269947
11636,0.22050837
11637,-0.92106825
11638,0.13137145
11639,-0.8653522
11640,0.40312484
11641,-0.634698
11642,-0.6695289
11643,-0.25820988
11644,-2.1026568
11645,-0.06426866
11646,-0.62443125
11647,-0.31156525
11648,-1.1023747
11649,-0.7405491
11650,0.33937517
11651,-0.67023987
11652,-0.09739931
11653,-1.1861446
11654,-0.76127803
11655,0.40307212
11656,0.09519581
11657,-0.12789923
11658,-0.47104302
11659,-1.2323742
11660,-0.33116144
11661,-0.5355352
11662,-0.35238448
11663,-0.08709691
11664,-0.18554734
11665,-0.45450935
11666,-0.37864074
11667,-0.08047737
11668,-0.49733636
11669,-1.7486199
11670,-0.61504644
11671,-0.4892476
11672,0.20559943
11673,-1.2110925
11674,-1.1452634
11675,0.043296672
11676,0.32922515
11677,-1.7634702
11678,-1.0577315
11679,-0.14834812
11680,0.23885138
11681,-2.0511143
11682,0.4977943
11683,-1.773243
11684,0.0720483
11685,0.071014844
11686,-2.1024625
11687,-0.57213104
11688,0.072974905
11689,-1.4978697
11690,-0.33763757
11691,-0.93102074
11692,-0.61530894
11693,0.055121787
11694,0.83799624
11695,-1.2803613
11696,-0.15410906
11697,-1.0726901
11698,-1.3682128
11699,-0.39686912
11700,-0.44003758
11701,-0.44076273
11702,-0.36416346
11703,-0.6594386
11704,-1.0551599
11705,-0.8053071
11706,0.6242652
11707,0.39854714
11708,0.31191367
11709,0.38655728
11710,-0.33593678
11711,0.74015266
11712,0.74444443
11713,-0.067091465
11714,-1.0508376
11715,-0.89165545
11716,1.0279591
11717,-1.4333237
11718,0.19459768
11719,-1.525937
11720,-0.773661
11721,0.14951737
11722,0.2562126
11723,-2.08034
11724,0.3698934
11725,-1.0108118
11726,-0.76119983
11727,0.3231586
11728,0.33680797
11729,-0.3758743
11730,0.6033004
11731,-1.3168143
11732,0.5693917
11733,-1.0280788
11734,0.72549576
11735,0.50329345
11736,-2.355162
11737,0.0142133385
11738,0.63588524
11739,-0.053271335
11740,-0.068558216
11741,-0.20899506
11742,0.21594708
11743,-0.35073793
11744,-0.03890866
11745,-0.053035177
11746,-0.150403
11747,-0.5664091
11748,-2.4924335
11749,-0.049132496
11750,-8.355341
11751,0.57880545
11752,-0.43408316
11753,-1.5474421
11754,-1.2951123
11755,-0.044533025
11756,-0.21604161
11757,0.6975008
11758,0.1870659
11759,-0.81619424
11760,-1.2070482
11761,-0.47421342
11762,0.28151056
11763,-0.16886209
11764,0.5208717
11765,-1.2649581
11766,-1.4050637
11767,-0.37759632
11768,-0.5301722
11769,-0.7714985
11770,1.7606286
11771,0.76314276
11772,0.40601626
11773,-0.4017336
11774,0.27530828
11775,0.29307583
11776,-1.2171187
11777,-0.7871203
11778,-0.32677603
11779,-0.38181883
11780,0.028923701
11781,0.39734977
11782,-0.3384601
11783,-1.138107
11784,0.8432161
11785,-0.038748752
11786,-0.12899238
11787,-0.40406272
11788,-1.0544125
11789,-1.2682257
11790,-0.83200824
11791,0.76813966
11792,1.1258727
11793,-0.78206635
11794,1.1159723
11795,-0.2458944
11796,0.30516157
11797,-0.7566876
11798,1.3317893
11799,-0.5090759
11800,-0.8508925
11801,-0.44816267
11802,-0.4418211
11803,0.49127713
11804,-0.027162109
11805,0.5341135
11806,0.07627537
11807,-0.57639706
11808,-0.43070057
11809,-0.5456678
11810,0.00038958524
11811,0.46313152
11812,-2.205503
11813,0.5440831
11814,-0.007844273
11815,0.81682426
11816,-0.26991966
11817,0.896301
11818,2.8569343
11819,-0.013542055
11820,-1.4094354
11821,0.1880603
11822,0.17307517
11823,-0.11577045
11824,0.8249013
11825,0.07923748
11826,-0.6839129
11827,1.532907
11828,0.071379915
11829,-0.43187872
11830,0.60915923
11831,0.28235227
11832,0.081710026
11833,-0.33777854
11834,-1.2240133
11835,-0.1818143
11836,0.18520778
11837,-0.55008173
11838,0.3637665
11839,0.53371835
11840,0.8529259
11841,0.53371835
11842,-0.3768533
11843,-1.0907302
11844,-0.3070002
11845,-0.80290085
11846,-0.8382612
11847,0.5844783
11848,0.17123267
11849,-0.052205697
11850,-0.68139434
11851,-0.683066
11852,0.3473558
11853,0.43733144
11854,-0.89343584
11855,-0.9558372
11856,0.4911377
11857,-0.23601449
11858,-1.1741478
11859,-0.4145406
11860,-0.12542896
11861,-0.4750691
11862,-0.3168961
11863,0.076332875
11864,-0.039193388
11865,0.49239817
11866,0.32297575
11867,0.50111276
11868,0.21863742
11869,-0.6865075
11870,0.3504211
11871,-1.5444754
11872,0.07736878
11873,-0.99778086
11874,-0.025104733
11875,-0.20511185
11876,-0.2351047
11877,-0.842412
11878,0.3853372
11879,0.5155869
11880,0.53096956
11881,-0.903244
11882,1.1175615
11883,-0.7018821
11884,-1.1699452
11885,0.15902983
11886,0.13821395
11887,-0.21152857
11888,0.24149434
11889,1.2755871
11890,-0.008422098
11891,-0.23524602
11892,-2.280884
11893,-1.3431052
11894,-0.2608978
11895,0.43951675
11896,0.51678
11897,0.84699637
11898,0.9436808
11899,0.9016113
11900,0.23290843
11901,-0.05708759
11902,0.57220906
11903,1.7071002
11904,-0.9213164
11905,2.0527596
11906,-0.53885305
11907,0.8126502
11908,0.533954
11909,-0.66643935
11910,-0.09683798
11911,0.98012006
11912,-0.1432365
11913,0.09932732
11914,-0.587774
11915,-0.7565623
11916,-0.3561226
11917,-0.921136
11918,-1.1804572
11919,-0.32790202
11920,-0.013377188
11921,-2.496155
11922,-0.18022405
11923,-0.7985904
11924,-0.47181818
11925,0.008040406
11926,-0.16379784
11927,-1.4593078
11928,-0.6394389
11929,0.6620611
11930,0.2580529
11931,-0.6623566
11932,0.036336362
11933,-1.1475216
11934,0.9425158
11935,-0.2754175
11936,-0.1418593
11937,-0.8941621
11938,-0.22036153
11939,-1.0930686
11940,0.36633527
11941,-0.35407808
11942,-0.3301384
11943,-0.48761284
11944,0.41006872
11945,0.3178365
11946,-0.115965605
11947,-0.44916075
11948,0.095542744
11949,-1.2080697
11950,0.439921
11951,0.7839999
11952,-0.21959458
11953,-0.14513314
11954,-1.1942132
11955,0.25738594
11956,-1.0176849
11957,-0.8788342
11958,-1.0742543
11959,-0.10249298
11960,-0.48629045
11961,-0.28632313
11962,0.021194113
11963,-0.62471753
11964,-1.3666561
11965,0.046865307
11966,-0.10656975
11967,-0.50757605
11968,-0.26789033
11969,-0.088519916
11970,-1.5708967
11971,-0.4496466
11972,0.18783034
11973,-1.8843087
11974,-0.39716485
11975,0.37649778
11976,-0.19802791
11977,-1.4836283
11978,0.13942829
11979,-0.634587
11980,-1.0003477
11981,-0.6498898
11982,-0.022229498
11983,-3.3060007
11984,-0.0017225629
11985,0.69718736
11986,-0.1270013
11987,-0.07811207
11988,-1.4479954
11989,-2.285854
11990,0.100356534
11991,-1.594172
11992,-0.17958586
11993,-1.6170328
11994,-0.700795
11995,-1.7942337
11996,0.07578655
11997,-6.407443
11998,-2.108893
11999,-0.031582016
12000,-0.50954604
12001,-2.7408469
12002,-0.042312685
12003,-0.797293
12004,0.6544395
12005,0.40030414
12006,-0.96857333
12007,-0.034004625
12008,-0.37172112
12009,-1.0560247
12010,-0.40903834
12011,0.06385025
12012,0.8786992
12013,-0.37787446
12014,-0.59671277
12015,0.19597688
12016,-0.5893636
12017,0.01962878
12018,0.07813948
12019,-2.3262794
12020,-0.37935865
12021,0.33135888
12022,0.5417596
12023,-0.5713338
12024,1.1138802
12025,-0.88535553
12026,-0.4017377
12027,-2.0769396
12028,-0.6193808
12029,-0.33163673
12030,-0.5494392
12031,-0.6454026
12032,-0.10452919
12033,-0.4258715
12034,0.5777652
12035,1.9352719
12036,-0.53204966
12037,1.130176
12038,-0.05689909
12039,-0.4530288
12040,-0.7636136
12041,-0.53161865
12042,-0.30649683
12043,0.30023286
12044,0.6158002
12045,-0.14209749
12046,-2.001446
12047,-0.5364582
12048,-0.517134
12049,-0.29491618
12050,0.6557578
12051,-0.2000242
12052,1.5443658
12053,1.1950817
12054,1.0564488
12055,-0.23211984
12056,-1.9397027
12057,-0.84285265
12058,-0.047747817
12059,0.04769249
12060,-0.21693118
12061,-0.39508313
12062,-0.6847882
12063,0.08564461
12064,0.11983284
12065,-0.18938279
12066,0.41990533
12067,0.18870401
12068,1.7921008
12069,0.7634518
12070,-0.072755255
12071,-0.11361318
12072,0.5971283
12073,-0.41609153
12074,0.100972496
12075,0.0636511
12076,-0.64258325
12077,-1.1783706
12078,-0.39400482
12079,-0.060924135
12080,-0.45776385
12081,0.76007897
12082,-0.10171485
12083,-0.51310796
12084,-1.1203911
12085,0.9323971
12086,-1.8253038
12087,0.90966815
12088,-1.7733631
12089,1.3354675
12090,-2.2333324
12091,0.115079805
12092,-6.639159
12093,1.3999442
12094,-0.8698935
12095,-0.26893708
12096,-0.871852
12097,-0.00803117
12098,-0.410897
12099,-0.52362394
12100,-0.298772
12101,-0.07517545
12102,0.9948663
12103,-0.50680786
12104,0.08966573
12105,-2.1999931
12106,0.016652916
12107,0.34742942
12108,-1.9697474
12109,-1.118141
12110,-1.6383123
12111,-0.49708545
12112,-0.87663776
12113,-3.0233939
12114,-3.162625
12115,-2.0010986
12116,0.13495931
12117,-0.21767297
12118,-0.30526447
12119,0.63509935
12120,-0.49261853
12121,1.6261374
12122,-0.77855134
12123,-0.08625317
12124,-0.5907258
12125,0.5853674
12126,-0.9652171
12127,2.23462
12128,-0.2971667
12129,-0.28659227
12130,-0.29439598
12131,-0.1502454
12132,0.43518084
12133,0.8359294
12134,0.5373273
12135,0.27127004
12136,0.4262268
12137,0.14674391
12138,-1.7467794
12139,0.73219323
12140,-0.5420309
12141,-1.8995649
12142,0.24627711
12143,-0.5695392
12144,0.14849055
12145,-0.66023445
12146,0.47739613
12147,-1.0233862
12148,-1.0831242
12149,0.6060203
12150,1.0298724
12151,0.3364222
12152,0.6761825
12153,0.65788233
12154,0.59070814
12155,-0.6864084
12156,0.67869854
12157,1.2038444
12158,-0.7161197
12159,0.5843632
12160,-0.3580206
12161,-0.6726672
12162,-1.4566861
12163,-0.35115227
12164,-0.15386294
12165,-1.3900906
12166,0.28621426
12167,-0.62239754
12168,-0.9022229
12169,-0.039846584
12170,-0.8053853
12171,0.3698039
12172,-1.2976038
12173,-1.6638275
12174,0.24025315
12175,0.46946943
12176,-0.4369332
12177,-0.95496047
12178,0.05274322
12179,0.9044163
12180,0.8305152
12181,-0.30582616
12182,-0.08058403
12183,0.4895148
12184,0.033998355
12185,-1.4516501
12186,0.49771002
12187,-0.11854937
12188,0.04181494
12189,0.4956792
12190,-0.14965619
12191,-1.3723083
12192,-0.8820355
12193,-0.2273557
12194,-0.7589852
12195,0.42287195
12196,-0.21380977
12197,0.88777876
12198,-0.16972947
12199,0.2499475
12200,0.15051574
12201,-0.40954512
12202,-0.84802
12203,-1.0003477
12204,-1.0223844
12205,-2.476724
12206,0.36780757
12207,0.3552852
12208,2.254276
12209,1.0570371
12210,-0.58210236
12211,1.2722249
12212,-0.851009
12213,1.0796328
12214,1.0945443
12215,-1.3116702
12216,0.1074714
12217,1.1794573
12218,-0.024261694
12219,-1.0168029
12220,0.13578804
12221,-0.51466405
12222,-0.95731175
12223,1.0905122
12224,0.04173987
12225,-0.0021905876
12226,0.6871309
12227,0.17067635
12228,-0.81291926
12229,-0.2870282
12230,-0.03619327
12231,-0.21587405
12232,0.9638167
12233,-1.1459881
12234,-0.28245628
12235,-0.96732104
12236,-0.31756562
12237,-0.023368783
12238,-0.82848567
12239,-1.3513621
12240,-1.6219417
12241,-0.3877649
12242,-0.41011414
12243,0.63699657
12244,0.789774
12245,-0.8833178
12246,0.50986844
12247,-1.2763317
12248,0.5753266
12249,-0.09827932
12250,-0.78463966
12251,1.2027826
12252,-0.6523474
12253,0.83917964
12254,0.2323914
12255,-2.3040414
12256,0.035793975
12257,-0.24644096
12258,-0.082631595
12259,0.26014718
12260,0.3254626
12261,-1.4872979
12262,-0.95526415
12263,-0.62717474
12264,0.7009567
12265,0.5458922
12266,0.39494666
12267,0.65882343
12268,0.277338
12269,0.29445937
12270,-0.20596021
12271,0.4134854
12272,-0.48551568
12273,-0.58348835
12274,-1.0924077
12275,-1.2690231
12276,-0.06428011
12277,-0.664524
12278,-0.05833248
12279,-0.7209606
12280,-0.9489629
12281,0.29856542
12282,0.15691596
12283,0.95320517
12284,0.3563505
12285,0.3501164
12286,-0.9548569
12287,-0.20957227
12288,-1.1272506
12289,-1.627086
12290,-1.259996
12291,-0.74074894
12292,-0.24672681
12293,-1.5641835
12294,-0.029643774
12295,-0.1329103
12296,-3.5716524
12297,-1.9689783
12298,-1.4902358
12299,0.389919
12300,-1.085482
12301,0.26939258
12302,0.43189627
12303,0.8827249
12304,0.668545
12305,-0.6141828
12306,-0.5483637
12307,-0.43877944
12308,0.14187747
12309,-0.52195275
12310,-0.5713338
12311,-0.83557594
12312,-0.18922643
12313,-0.9132636
12314,0.531196
12315,-0.36310372
12316,-0.2808864
12317,-0.7444442
12318,-0.20578872
12319,0.18630627
12320,-1.7493213
12321,0.5811111
12322,-0.05141802
12323,-0.61325425
12324,-0.45487756
12325,-0.36321324
12326,-0.14414375
12327,-0.61315703
12328,-0.4878541
12329,-0.43417913
12330,-0.10375624
12331,-0.16232805
12332,-0.14223464
12333,-1.6080095
12334,0.06104618
12335,-1.2522355
12336,0.051092975
12337,-1.2527834
12338,-0.03619327
12339,-1.5383818
12340,-0.11961271
12341,-1.5383818
12342,-1.1236984
12343,-1.2649581
12344,-0.86744756
12345,-1.1504318
12346,-0.012589076
12347,-0.5190266
12348,-1.3985461
12349,-0.28251234
12350,-2.6127398
12351,-1.2070482
12352,0.28935683
12353,0.069156826
12354,0.4857587
12355,-1.2068726
12356,-0.5215783
12357,-1.3534342
12358,-0.7949645
12359,-0.3446033
12360,-0.17243655
12361,-1.7696192
12362,-0.045034677
12363,-0.27705663
12364,-0.9544427
12365,-0.8324456
12366,-0.26742226
12367,0.19373097
12368,-0.34778863
12369,-0.5842229
12370,-0.1428066
12371,0.14673384
12372,-0.062235717
12373,0.14624707
12374,-0.36321324
12375,-0.12748836
12376,-0.52699345
12377,-0.5842229
12378,-0.54836714
12379,-0.051720418
12380,-2.0370102
12381,-0.21057908
12382,-0.86026824
12383,-0.5471671
12384,-0.27613544
12385,0.16943155
12386,-0.17749722
12387,-0.101038896
12388,-0.36439174
12389,0.0510888
12390,-0.20810758
12391,-0.07163673
12392,-0.2879571
12393,0.029543033
12394,-0.17056116
12395,-0.064848274
12396,-0.7284797
12397,0.10822058
12398,-0.7628179
12399,-0.2020219
12400,0.032484386
12401,-0.8145812
12402,1.8610512
12403,-0.4057356
12404,-1.3304658
12405,0.96741706
12406,0.07671493
12407,-1.4916526
12408,1.602955
12409,-1.0160071
12410,-0.39117056
12411,0.47044477
12412,0.05890559
12413,-1.3658441
12414,1.6347531
12415,0.07923748
12416,-0.171936
12417,0.33083722
12418,-0.055410948
12419,-1.2215225
12420,1.8448533
12421,0.31486806
12422,-0.2170957
12423,0.4224613
12424,0.030785842
12425,-1.1377084
12426,0.89487576
12427,-0.07786649
12428,-1.2650447
12429,0.97063
12430,0.19236967
12431,-1.295231
12432,1.3610299
12433,-0.42763287
12434,-0.055410948
12435,-1.2602296
12436,2.2004952
12437,0.1748627
12438,-1.572917
12439,0.7084989
12440,-0.06090161
12441,-1.572917
12442,1.4858446
12443,-1.2785314
12444,-1.2890434
12445,-1.4640256
12446,-1.3281401
12447,-1.0545388
12448,0.41428673
12449,-0.27353495
12450,-1.2984021
12451,-0.35443604
12452,0.033252083
12453,-0.44625735
12454,-0.16476104
12455,-1.0810511
12456,0.3755624
12457,-1.6121835
12458,2.0207458
12459,0.71554846
12460,0.6386419
12461,-1.3336594
12462,1.9472654
12463,0.5237679
12464,0.6294963
12465,-0.876136
12466,-0.0023681708
12467,0.38608643
12468,-1.5356964
12469,1.9458516
12470,0.5898213
12471,0.64476466
12472,-0.99589634
12473,2.196475
12474,0.65424806
12475,0.3970393
12476,-1.3427572
12477,2.153959
12478,0.5960846
12479,0.12241294
12480,-1.2593144
12481,2.1431422
12482,0.5466378
12483,0.22494772
12484,-1.940743
12485,0.32511652
12486,-1.7499683
12487,0.27802157
12488,-0.8730638
12489,0.32511652
12490,0.48360318
12491,0.2251383
12492,-0.70927685
12493,2.9950655
12494,-1.524312
12495,-1.2533906
12496,-0.4773921
12497,-0.060143117
12498,-0.26998702
12499,-1.1108229
12500,-0.23544274
12501,-0.14679062
12502,-0.290356
12503,-0.6104048
12504,-0.099673025
12505,-0.46105608
12506,-7.116683
12507,-0.476788
12508,-0.13775721
12509,-0.038122345
12510,0.35641772
12511,-1.0274396
12512,0.5908908
12513,0.2913738
12514,0.3206632
12515,0.5190422
12516,0.3206632
12517,1.0340952
12518,0.689654
12519,0.21268839
12520,-0.2072357
12521,0.24437791
12522,-1.4134271
12523,0.4456918
12524,-1.0741186
12525,0.40687954
12526,-1.285384
12527,0.5679662
12528,-0.85993713
12529,0.35996154
12530,-0.18940745
12531,-0.16243742
12532,-1.2574117
12533,2.654478
12534,-0.23121448
12535,-1.3268553
12536,-2.1918013
12537,0.5110173
12538,-0.20432164
12539,-0.097753584
12540,-0.32174307
12541,-0.3334036
12542,-0.6073497
12543,3.0327175
12544,-1.4942689
12545,-0.27472723
12546,0.015196289
12547,-0.21695852
12548,-0.62022
12549,-0.48300865
12550,0.33562526
12551,-0.027286597
12552,-0.2889059
12553,2.6741815
12554,-1.3498507
12555,-0.23392637
12556,-0.9875676
12557,2.0933397
12558,-0.8757871
12559,-1.3350148
12560,2.0831518
12561,-1.3077534
12562,-0.32151884
12563,-1.3120382
12564,2.5022109
12565,-0.40847224
12566,-0.2792235
12567,-1.4821517
12568,2.5321805
12569,-1.4438448
12570,-1.6065779
12571,0.22708014
12572,-2.3448884
12573,-0.6594739
12574,0.6551307
12575,-0.38100448
12576,-0.41798502
12577,-0.60702103
12578,-0.26469788
12579,-1.0838414
12580,-0.3964261
12581,-0.44389966
12582,-0.55249614
12583,-0.3903677
12584,-0.33418542
12585,-0.59108937
12586,-0.39848512
12587,-0.87376016
12588,-0.21573167
12589,-1.2933466
12590,0.44415176
12591,-0.549874
12592,-0.39851815
12593,-1.4599934
12594,0.25466782
12595,0.28179243
12596,-0.6337502
12597,-0.60702103
12598,-0.29673815
12599,-0.6930407
12600,0.5307918
12601,0.56757206
12602,0.060079858
12603,-0.35298008
12604,-1.3838584
12605,-0.16476104
12606,-1.4936913
12607,-0.46360093
12608,-0.43775514
12609,-0.15239841
12610,-0.35846153
12611,0.37404266
12612,-0.36936077
12613,0.962023
12614,-0.06136302
12615,0.23141295
12616,-1.5155797
12617,-0.33895546
12618,0.020580819
12619,-0.103187785
12620,-1.652009
12621,-0.16059653
12622,-0.8918181
12623,-0.2669453
12624,0.008047195
12625,-0.28843403
12626,-0.1495592
12627,0.080079615
12628,-0.084732875
12629,-0.35293487
12630,0.095998354
12631,-0.1892158
12632,-0.4063388
12633,-0.07247894
12634,-0.034555282
12635,-0.07523146
12636,-1.2029033
12637,0.30014881
12638,-0.18454471
12639,1.9639238
12640,-2.0984645
12641,-0.06804594
12642,-0.9807661
12643,-0.13505064
12644,-0.34391215
12645,-0.57662684
12646,-0.43094203
12647,-0.36321324
12648,0.07813948
12649,-1.6764336
12650,-0.45487756
12651,-0.09518448
12652,0.025150595
12653,-0.6081053
12654,0.4235668
12655,-0.2926556
12656,-0.6041814
12657,-0.43094203
12658,-0.077706896
12659,-0.06356835
12660,-2.5538774
12661,0.6867131
12662,-0.18979852
12663,-0.6126873
12664,-0.12693088
12665,-0.62231797
12666,0.017166406
12667,-0.33895546
12668,-0.029931925
12669,-0.113845155
12670,-0.13730866
12671,0.14104064
12672,-0.23215182
12673,-0.8255303
12674,0.56657827
12675,-0.19562227
12676,-0.9036128
12677,-0.49263155
12678,-0.21746743
12679,-0.24041866
12680,-0.6826543
12681,0.9617528
12682,-0.42050907
12683,-1.3622569
12684,-0.515062
12685,-0.64005816
12686,-0.04667118
12687,-1.7691913
12688,-0.52641094
12689,-0.85499763
12690,-0.040141687
12691,-1.4273726
12692,0.059250575
12693,-1.2067194
12694,-0.2435224
12695,0.24837627
12696,-0.092098586
12697,0.09715438
12698,-1.5474694
12699,-0.98564386
12700,0.06564766
12701,-1.0012513
12702,-0.055146262
12703,-0.10588208
12704,0.3626893
12705,0.6031814
12706,-0.16560705
12707,0.3331196
12708,-0.19798993
12709,-0.5842229
12710,-0.027004879
12711,-0.65672255
12712,-0.515062
12713,0.8891214
12714,-0.63385856
12715,-0.5842229
12716,-0.2669007
12717,-1.4811757
12718,-0.8283393
12719,-1.0790981
12720,-0.9376495
12721,-1.3230382
12722,-1.0567019
12723,0.21325275
12724,-0.2095151
12725,-0.8027993
12726,-0.6632931
12727,-1.3230382
12728,-0.8283393
12729,-1.1236984
12730,-0.7381423
12731,-1.2555417
12732,-0.8743986
12733,-1.2822747
12734,-0.69099414
12735,-1.4756343
12736,-1.2150576
12737,-1.3230382
12738,-1.2303078
12739,-1.5242223
12740,-0.46632865
12741,-0.00803117
12742,-1.3230382
12743,-0.73866946
12744,-1.2338505
12745,-1.0374591
12746,-1.2338505
12747,-1.2609104
12748,-0.93662864
12749,-1.5242223
12750,-2.282113
12751,0.4216256
12752,-1.325227
12753,-0.8106742
12754,0.08529567
12755,0.1593572
12756,-0.06549563
12757,-0.20932838
12758,-1.1804572
12759,-0.45833424
12760,-1.2735096
12761,-0.77768606
12762,-0.9733875
12763,-0.09567631
12764,-0.77774405
12765,0.0453628
12766,-2.500785
12767,-0.16059653
12768,-0.8020638
12769,-0.1815864
12770,-0.30787084
12771,0.008047195
12772,-0.11720089
12773,-0.08117989
12774,-0.30764994
12775,0.03063321
12776,-0.24492384
12777,-0.026177146
12778,-0.27613544
12779,0.008047195
12780,-0.2072455
12781,0.00049882167
12782,-0.2566093
12783,0.10880101
12784,-0.66803735
12785,-0.29727638
12786,0.029838359
12787,-0.8092775
12788,-1.7371192
12789,-0.004244337
12790,-1.0485324
12791,-0.49790147
12792,-0.45333523
12793,-0.12323826
12794,0.17124406
12795,-0.17444444
12796,-1.5454987
12797,-0.08283225
12798,0.043561533
12799,-1.6994164
12800,-0.16059653
12801,-0.38230467
12802,-0.34333834
12803,0.0019982476
12804,-0.8827555
12805,-0.16776754
12806,-0.40483645
12807,0.124241844
12808,-0.1863847
12809,-0.152121
12810,-0.2559487
12811,0.14009644
12812,-0.064638816
12813,0.19448599
12814,-0.8237528
12815,-0.13585591
12816,0.029838359
12817,-0.08500698
12818,-0.11423753
12819,-0.3723752
12820,0.029543033
12821,-0.17621106
12822,-2.3848665
12823,-0.16059653
12824,-0.7312221
12825,-0.15988283
12826,-0.3802746
12827,0.008047195
12828,-0.24492384
12829,-0.29326314
12830,-0.37497762
12831,0.080079615
12832,-0.080745846
12833,-0.14801815
12834,-1.9509221
12835,-0.16059653
12836,0.0906098
12837,-0.6005706
12838,-0.03619327
12839,-1.7681545
12840,1.6242378
12841,-0.07588788
12842,-1.573681
12843,1.9068245
12844,-0.5313544
12845,0.6873151
12846,-0.03619327
12847,-1.6862159
12848,1.4283838
12849,0.020947568
12850,-1.2487886
12851,0.9714645
12852,0.12854008
12853,-1.5238546
12854,0.9255226
12855,-0.27090913
12856,-1.0322877
12857,0.7836839
12858,0.2030471
12859,-1.5313002
12860,1.7634668
12861,0.057618987
12862,-1.5048449
12863,1.2424737
12864,0.567417
12865,-1.536408
12866,0.8531973
12867,0.25261387
12868,0.31486806
12869,-1.6479524
12870,1.2265081
12871,-0.14223464
12872,-1.7945799
12873,0.5729877
12874,-0.00803117
12875,-1.1372937
12876,0.8695428
12877,0.15104698
12878,0.25917432
12879,-0.31477278
12880,0.27440497
12881,-0.0068128137
12882,-1.4337516
12883,0.20121396
12884,-1.1772141
12885,-0.5282382
12886,0.09453437
12887,0.11714246
12888,-1.7471977
12889,1.470172
12890,0.010793178
12891,0.24227427
12892,0.17266583
12893,0.7199003
12894,0.38557005
12895,0.6465814
12896,-0.4925763
12897,-0.40404877
12898,0.51400065
12899,-0.7217872
12900,-0.43094203
12901,0.0013983506
12902,0.15141042
12903,0.92957187
12904,-0.040141687
12905,-1.4839033
12906,0.22982207
12907,-1.1853927
12908,-0.19826214
12909,-0.024920447
12910,0.32506898
12911,-1.4824564
12912,1.9975536
12913,0.6700059
12914,-1.4233315
12915,-0.32292342
12916,-0.020117505
12917,-1.3648227
12918,-1.1311768
12919,0.47100317
12920,-1.7079929
12921,2.2591507
12922,0.039693944
12923,0.44784245
12924,-1.6385051
12925,2.4045384
12926,0.06175988
12927,0.5386249
12928,-1.1488792
12929,0.34678873
12930,0.29355446
12931,-1.0340432
12932,2.238697
12933,0.53681576
12934,0.38608643
12935,-1.1472138
12936,2.3755956
12937,0.55282164
12938,0.3282018
12939,-0.94735795
12940,2.4244127
12941,0.5135924
12942,0.48308936
12943,0.06253718
12944,0.4556312
12945,-1.0410526
12946,0.54917383
12947,-1.1459881
12948,0.82143104
12949,-1.3378965
12950,0.4517752
12951,-0.23370135
12952,0.4638231
12953,-1.2707746
12954,0.90208656
12955,-1.0726564
12956,0.6924215
12957,-1.3378965
12958,0.40274623
12959,-0.5824244
12960,-0.23292698
12961,-1.4102305
12962,-1.3429812
12963,-1.2692773
12964,0.2805137
12965,-1.3469881
12966,-0.4369336
12967,-1.3229461
12968,-1.3320664
12969,0.38016114
12970,-1.285384
12971,0.6989581
12972,-1.0351222
12973,1.5731212
12974,-1.4695657
12975,0.4517752
12976,-1.5427012
12977,0.43550253
12978,-0.27895388
12979,-1.3412294
12980,2.654478
12981,-1.5912032
12982,-0.24552634
12983,-1.4185145
12984,0.564944
12985,-0.3491498
12986,-0.21919814
12987,-0.18157841
12988,-0.4630485
12989,-0.9518224
12990,0.5577729
12991,-0.29961517
12992,-1.228396
12993,1.749442
12994,-0.7390841
12995,-0.41114593
12996,-0.2404435
12997,0.05977714
12998,-0.79313105
12999,-0.21913202
13000,-0.19260918
13001,0.12472703
13002,-0.20863764
13003,-0.12117579
13004,0.15469462
13005,-1.9240882
13006,0.13474071
13007,1.1740142
13008,-1.3262311
13009,2.642756
13010,-1.1176485
13011,-0.20707229
13012,-1.88489
13013,-1.3517411
13014,-0.40233594
13015,-0.65830004
13016,2.221246
13017,-1.7226566
13018,-0.28562683
13019,-1.6233233
13020,0.5862416
13021,0.114847146
13022,-0.16530341
13023,-0.3168263
13024,2.9148943
13025,-1.4980944
13026,-0.2855509
13027,-0.39378834
13028,2.650666
13029,-1.4469078
13030,-0.33618483
13031,-1.5366981
13032,2.4721951
13033,-0.21959691
13034,-1.517206
13035,2.1922896
13036,-0.12190368
13037,-0.21959691
13038,-0.2814494
13039,0.15037161
13040,-0.102747574
13041,-0.41732284
13042,-1.2558004
13043,2.3301718
13044,-1.1986889
13045,-0.22968633
13046,-0.42854115
13047,1.9223441
13048,-1.5303191
13049,-0.10851523
13050,-0.54581404
13051,2.6906273
13052,-1.725133
13053,-1.2631373
13054,-0.91341376
13055,0.39336458
13056,-0.75184125
13057,0.7551085
13058,0.40597227
13059,-0.6870994
13060,0.75215065
13061,0.270213
13062,-0.6716756
13063,0.5551406
13064,0.5044185
13065,-1.8504418
13066,-1.0166073
13067,0.53371835
13068,-0.5296978
13069,0.4495548
13070,0.32352376
13071,-0.49562103
13072,-0.53968525
13073,-0.63379
13074,-0.76405555
13075,-0.5028316
13076,-0.10538503
13077,-0.82891035
13078,0.54953516
13079,-0.6206134
13080,-0.71954817
13081,0.9277259
13082,0.47281295
13083,-0.86272496
13084,-0.6688266
13085,-0.46060732
13086,-0.4349661
13087,0.34002256
13088,-0.55177915
13089,-1.3451245
13090,-0.057226274
13091,-0.23129314
13092,0.47483134
13093,0.5869582
13094,0.37776664
13095,-0.36445552
13096,-0.9448027
13097,0.35243297
13098,-0.11667767
13099,-1.8815157
13100,0.35892996
13101,-0.6575317
13102,-0.7198545
13103,-0.47889274
13104,-0.64700186
13105,-0.6875197
13106,-0.27130583
13107,-0.32693392
13108,-0.5150095
13109,-0.33610502
13110,-0.5502267
13111,-0.6118986
13112,-0.72805476
13113,-0.771056
13114,-0.6688266
13115,-0.7770124
13116,-0.13261205
13117,-1.790767
13118,-0.66757464
13119,-0.71954817
13120,-0.33610502
13121,-1.1009835
13122,0.45989954
13123,-1.5627973
13124,-1.5396761
13125,-1.0752134
13126,-1.5634562
13127,-1.277954
13128,0.28664204
13129,-0.7947305
13130,0.016076319
13131,-0.9690572
13132,-0.22917902
13133,-1.0668529
13134,-0.7501111
13135,-0.23371428
13136,-1.1058862
13137,0.16563891
13138,-0.48175225
13139,-1.1740758
13140,-1.4161495
13141,-0.20238529
13142,-0.030480387
13143,-0.87579507
13144,-0.21079646
13145,-1.1663197
13146,-0.24898157
13147,0.058617726
13148,-0.43451434
13149,-0.18488559
13150,1.2594758
13151,0.3921916
13152,-0.16231512
13153,-1.1727123
13154,-0.8971902
13155,-0.036248494
13156,0.06527304
13157,-0.3997148
13158,-0.51808584
13159,0.3157683
13160,-2.0499508
13161,-0.40813464
13162,-0.6859156
13163,-0.477036
13164,-0.42907786
13165,-0.295376
13166,-0.069795
13167,-0.734292
13168,-0.51788217
13169,-0.23828383
13170,0.6700607
13171,0.28446534
13172,-0.45660207
13173,-0.36973724
13174,-0.8458649
13175,-0.6215801
13176,0.0036820816
13177,-0.017293356
13178,-0.517974
13179,0.08453252
13180,-0.45893532
13181,0.6311661
13182,-0.0022972361
13183,-0.55542606
13184,2.2857597
13185,-0.51326233
13186,0.4866224
13187,1.1145189
13188,-0.783937
13189,-0.104417816
13190,1.0045081
13191,-0.7272673
13192,0.2607513
13193,0.7553084
13194,-0.63783413
13195,0.36320138
13196,0.25244105
13197,-0.75473636
13198,-0.7581363
13199,-0.31575614
13200,0.39386913
13201,-1.1812692
13202,0.16114509
13203,0.118680984
13204,-0.67909306
13205,-0.35513198
13206,-1.3369904
13207,0.03488769
13208,-1.0397121
13209,-0.22031957
13210,-0.32377863
13211,-1.4352268
13212,-1.2282774
13213,0.11974656
13214,0.3879825
13215,-0.5126739
13216,-0.37309194
13217,-0.41474777
13218,-0.5038438
13219,0.51899266
13220,0.45047346
13221,-1.0888034
13222,0.46424255
13223,2.1494522
13224,0.41378623
13225,-0.38241145
13226,-1.524391
13227,0.1804896
13228,0.15884414
13229,-0.6015255
13230,-1.9036325
13231,-0.6383914
13232,-3.2725654
13233,-0.3446051
13234,-0.90293306
13235,-0.18307398
13236,-1.2012284
13237,-0.42790765
13238,-0.122547
13239,-0.55928576
13240,0.046436045
13241,-0.184441
13242,0.5917214
13243,-0.34589672
13244,-1.1547623
13245,-0.028267251
13246,0.54442114
13247,0.39586127
13248,-0.3855388
13249,-0.48831242
13250,-0.2855357
13251,-0.1276675
13252,-0.5337237
13253,0.52189875
13254,-0.50987536
13255,0.29355446
13256,-0.55915016
13257,0.02815728
13258,-0.34303543
13259,1.197262
13260,-0.50622123
13261,-1.1499032
13262,-0.39162037
13263,-0.17814308
13264,-0.2359477
13265,-0.6841459
13266,0.035184808
13267,-0.78685886
13268,-0.3162987
13269,-1.1178224
13270,-1.252885
13271,-0.21104054
13272,-1.1370386
13273,0.09865149
13274,-1.1707817
13275,0.02634185
13276,-0.5150095
13277,-0.9618014
13278,0.6174786
13279,0.5214674
13280,-1.0929023
13281,-1.0375258
13282,-1.3524495
13283,-0.28450269
13284,0.20567265
13285,-0.8837772
13286,0.05470411
13287,-0.8547949
13288,0.66703004
13289,0.45763668
13290,-1.1104317
13291,-1.0758364
13292,-0.4319297
13293,-0.14721313
13294,0.20630515
13295,-0.16570939
13296,-0.3402965
13297,-0.43313634
13298,-0.28174558
13299,-1.6075639
13300,-1.210838
13301,-0.59813803
13302,-0.41100743
13303,-1.3674109
13304,-1.0091107
13305,-0.56983477
13306,-0.5597891
13307,2.6149669
13308,0.19687797
13309,1.0920539
13310,2.344281
13311,-0.28919792
13312,1.3665012
13313,-0.5295726
13314,-1.045864
13315,-0.023090683
13316,-0.38455352
13317,1.1860222
13318,-1.3741237
13319,-0.5293713
13320,0.09091136
13321,0.2315743
13322,-0.42304605
13323,1.2299865
13324,-1.6099765
13325,0.29693207
13326,-0.38342232
13327,-0.7137887
13328,0.308552
13329,0.042559855
13330,-0.64642173
13331,-2.3152983
13332,-0.15718867
13333,-0.061036725
13334,-0.84730613
13335,-0.24418908
13336,-0.7436899
13337,0.15533106
13338,0.63200843
13339,0.31835103
13340,-1.5048076
13341,-0.3546313
13342,0.0081745
13343,-0.7162745
13344,-0.30628636
13345,-0.46381617
13346,-0.5079707
13347,-0.15892132
13348,-0.08843159
13349,-0.51008815
13350,-0.44137716
13351,1.5196707
13352,-0.43854383
13353,-1.8784378
13354,-0.29560637
13355,-0.91471994
13356,-0.42839482
13357,1.9782367
13358,1.1388961
13359,0.1965082
13360,-2.4621623
13361,-0.39111543
13362,0.6652945
13363,0.5437802
13364,-0.44435775
13365,-0.13635601
13366,0.8819858
13367,0.85807997
13368,0.3452771
13369,0.14943632
13370,0.21419907
13371,0.3410726
13372,-0.13299643
13373,0.20835203
13374,0.5493759
13375,0.27975047
13376,-0.26075348
13377,-3.8795838
13378,-0.337691
13379,0.1758455
13380,0.40958738
13381,-0.11325203
13382,0.19402279
13383,-1.1956272
13384,-0.7762985
13385,-1.2816583
13386,0.24286355
13387,0.033737093
13388,-4.476664
13389,-0.6718407
13390,-0.5256033
13391,-0.38999444
13392,-0.73963946
13393,-2.1906936
13394,-0.6817582
13395,-0.6025232
13396,-0.016279057
13397,-1.0405102
13398,-0.38458893
13399,-0.4730089
13400,-0.37785074
13401,-1.7813791
13402,-2.793908
13403,-1.7328118
13404,-0.37094742
13405,-0.10851523
13406,-0.306291
13407,-1.1989877
13408,-0.17594115
13409,-1.7674699
13410,-1.7075979
13411,-0.51834965
13412,-0.9478331
13413,-1.308303
13414,2.2618835
13415,-0.4450997
13416,-0.084859364
13417,-1.6755997
13418,0.103904635
13419,-2.444033
13420,0.17274307
13421,-0.35181254
13422,0.59070814
13423,0.145865
13424,1.42867
13425,-0.09114368
13426,-0.069442496
13427,-0.3612412
13428,-1.4336532
13429,0.076023206
13430,0.7967603
13431,-0.42678213
13432,-0.23906916
13433,0.5202019
13434,1.5794675
13435,0.8230988
13436,0.59105164
13437,-0.62888014
13438,0.07402522
13439,-0.08372426
13440,0.620699
13441,-0.17286868
13442,-0.24559106
13443,-4.537175
13444,-0.22680448
13445,-1.2017822
13446,-1.3513322
13447,0.11371864
13448,2.8293347
13449,0.1143185
13450,0.90321773
13451,-0.9928368
13452,0.8412392
13453,-0.5847496
13454,-0.69300324
13455,0.5035392
13456,1.1439692
13457,0.109339796
13458,0.67910576
13459,-2.245503
13460,-1.2063154
13461,0.03612221
13462,-0.26832667
13463,-0.19260989
13464,-1.4221536
13465,0.13976613
13466,-2.3572536
13467,-0.6112074
13468,0.13050467
13469,-3.389131
13470,-0.61315703
13471,-0.097190335
13472,0.48268992
13473,-1.1709985
13474,-0.5733779
13475,1.791225
13476,-2.129002
13477,0.6407798
13478,-0.52901757
13479,-0.85569286
13480,-0.5641831
13481,-0.31550828
13482,-0.73972183
13483,-0.31940594
13484,-0.60591245
13485,0.3644358
13486,-0.6467221
13487,0.14594178
13488,0.15937364
13489,-0.89513624
13490,-0.14718704
13491,-0.3594181
13492,-0.8158926
13493,-0.9266513
13494,-0.12235414
13495,-0.55672187
13496,-0.8690544
13497,-0.4605208
13498,0.038708992
13499,0.38548994
13500,-0.2543691
13501,-0.29597285
13502,-0.46432036
13503,-0.4102451
13504,-4.3914256
13505,-0.3061643
13506,-0.33504492
13507,0.3784862
13508,-1.1775616
13509,-0.268791
13510,-1.2609104
13511,-0.10866442
13512,-0.66799843
13513,-1.0482733
13514,-1.3514272
13515,-0.61322635
13516,-1.0656819
13517,-0.3696023
13518,-1.7414137
13519,0.3552852
13520,0.8297909
13521,0.5756471
13522,0.03585058
13523,1.1636018
13524,0.38739946
13525,-0.23840177
13526,-0.22407402
13527,-0.4611046
13528,-0.6047475
13529,-0.2476278
13530,-0.048778716
13531,-1.2840625
13532,-1.7174342
13533,-0.09189139
13534,-1.0365573
13535,-1.061544
13536,-0.38367385
13537,-0.6736114
13538,-0.14695443
13539,0.15637317
13540,0.29149953
13541,-0.8750014
13542,-1.0678953
13543,-0.031363647
13544,-0.6382097
13545,-1.2499453
13546,-0.16836558
13547,-0.11635898
13548,0.37922904
13549,-0.42842308
13550,0.44795713
13551,-0.91075456
13552,0.2594132
13553,0.30534455
13554,-0.40920278
13555,-0.7108937
13556,-0.111466594
13557,-0.29426298
13558,0.33688205
13559,-0.89582795
13560,0.05414111
13561,-0.22934785
13562,-0.8866362
13563,-1.4669291
13564,-1.5140431
13565,0.13304777
13566,-0.25073257
13567,0.32536945
13568,-0.25307754
13569,0.32948613
13570,0.03159616
13571,0.9519388
13572,-0.4401763
13573,-0.93318963
13574,-0.08502457
13575,-0.77603287
13576,1.7364109
13577,-0.4110561
13578,0.3749605
13579,-0.74970126
13580,-1.1825116
13581,-1.076605
13582,0.11983284
13583,-0.1514646
13584,-1.7017903
13585,0.043995723
13586,0.84637475
13587,-1.2336949
13588,-0.391449
13589,0.051392693
13590,0.023795817
13591,-0.92602766
13592,-0.5702798
13593,-2.2030926
13594,-0.9540921
13595,-0.49146825
13596,0.9284751
13597,0.8064077
13598,0.60915923
13599,0.90135205
13600,-1.5201039
13601,-0.16333476
13602,0.052445244
13603,1.0189044
13604,0.38744724
13605,-0.84841716
13606,-0.31269914
13607,0.3885484
13608,0.08062685
13609,-0.74169666
13610,-0.053812534
13611,0.28222752
13612,-1.2898791
13613,1.1071422
13614,-0.7824627
13615,1.184179
13616,0.7901488
13617,-0.38874072
13618,-1.0931832
13619,0.65826327
13620,0.0025205465
13621,-0.08586862
13622,0.089246176
13623,0.57698447
13624,0.5058719
13625,0.8003905
13626,0.5522082
13627,-1.8103572
13628,0.6660923
13629,-0.004248495
13630,0.7405419
13631,0.105021484
13632,0.4996439
13633,0.1176729
13634,0.68809974
13635,0.2348962
13636,0.36214826
13637,0.64441746
13638,-0.1374304
13639,-1.3082937
13640,-0.93598926
13641,0.9447541
13642,-0.23121963
13643,-0.2892923
13644,-1.097859
13645,1.2161672
13646,0.43711582
13647,-1.0369415
13648,-1.1909604
13649,0.9201605
13650,-0.4947955
13651,0.17344603
13652,0.62570137
13653,-0.6770558
13654,0.7467488
13655,-0.27308846
13656,0.3137336
13657,-0.585515
13658,-0.15696992
13659,-0.5548111
13660,-1.018816
13661,-0.08320638
13662,1.1351304
13663,2.2116334
13664,-0.37246063
13665,1.0833108
13666,1.0951723
13667,-0.5458298
13668,-0.3279608
13669,-0.9920407
13670,0.7631194
13671,-0.48092553
13672,0.68796515
13673,0.15804736
13674,-0.07897418
13675,1.0942221
13676,0.8724925
13677,0.011033953
13678,0.41912237
13679,0.27462485
13680,0.3685628
13681,0.1478276
13682,0.4468729
13683,-0.26373857
13684,0.42855683
13685,0.3846914
13686,1.0954365
13687,0.37749863
13688,0.075477935
13689,-1.8395734
13690,0.2691997
13691,0.48116362
13692,-1.1787724
13693,-0.66410285
13694,0.40329742
13695,-1.1283916
13696,-0.1273355
13697,-0.5028151
13698,0.20671935
13699,0.33358005
13700,-1.9840266
13701,0.53339505
13702,-0.49621296
13703,0.33980826
13704,-3.2104998
13705,-1.2906431
13706,-2.2149498
13707,-0.6349553
13708,-0.62689525
13709,0.050676443
13710,-0.014833552
13711,-1.8787559
13712,0.2806152
13713,-0.6857389
13714,-0.064125806
13715,-0.9858031
13716,0.29939783
13717,0.22031748
13718,-0.14473005
13719,-0.68949306
13720,0.36663982
13721,-0.47665912
13722,0.023992766
13723,0.055851933
13724,-0.8363649
13725,0.37240645
13726,-1.1224531
13727,1.4499714
13728,-0.12852684
13729,0.6131594
13730,0.57351834
13731,0.97367746
13732,-0.024201542
13733,-0.8432748
13734,0.44596064
13735,-1.9428064
13736,-0.82135856
13737,1.4384754
13738,0.31575724
13739,-0.25824735
13740,0.18993092
13741,-0.09275026
13742,-1.4468784
13743,-0.8868198
13744,-1.1186119
13745,-0.037793845
13746,-0.120914824
13747,0.87444276
13748,-0.2806963
13749,-1.5707724
13750,-0.24599938
13751,-0.4807061
13752,-0.018740771
13753,0.4385765
13754,1.519155
13755,0.8208305
13756,0.2636036
13757,-0.40240192
13758,-0.33847833
13759,-0.3780629
13760,0.2099061
13761,-0.34823856
13762,0.7036959
13763,-0.0037119733
13764,0.36119
13765,-0.13816854
13766,0.13811396
13767,-0.6510486
13768,-0.5260415
13769,-0.66799843
13770,-1.8849553
13771,0.1744626
13772,-0.27829203
13773,-0.3336083
13774,0.46682924
13775,0.29028988
13776,-2.8283584
13777,-0.53017896
13778,0.19197145
13779,-0.24802612
13780,-0.1736369
13781,0.8190218
13782,0.4508703
13783,-0.018518914
13784,-0.39309922
13785,0.79278356
13786,-0.825047
13787,-0.018268608
13788,-0.043151874
13789,-1.7686467
13790,-0.0870041
13791,-1.7379622
13792,-1.0553231
13793,-1.1990311
13794,-1.1117222
13795,-0.38451937
13796,-0.45965356
13797,-0.15998362
13798,0.13366202
13799,-0.8956323
13800,-0.2310076
13801,0.22278073
13802,-0.07702102
13803,-0.45055115
13804,0.6462014
13805,0.09435893
13806,0.8193004
13807,0.16481973
13808,-0.004364175
13809,-0.6156402
13810,-0.62909764
13811,0.028050734
13812,-0.87856996
13813,-0.05100279
13814,-0.15505283
13815,0.41550815
13816,0.22756156
13817,0.110098675
13818,-0.045524005
13819,-1.9560155
13820,-0.9812607
13821,-0.842412
13822,-2.6483102
13823,-2.4056683
13824,0.09442685
13825,0.6238195
13826,-0.24218073
13827,-0.39593515
13828,-0.010858001
13829,0.08192259
13830,0.031503156
13831,-1.0678768
13832,-0.3795676
13833,-1.0179902
13834,-0.04581407
13835,0.6061132
13836,0.43698028
13837,-0.8774894
13838,-0.16058551
13839,0.7093909
13840,-0.28691503
13841,0.30111858
13842,1.1651418
13843,-0.2190627
13844,-0.2586688
13845,0.05113457
13846,-0.23825704
13847,-1.2088296
13848,-1.0302367
13849,1.2862244
13850,-0.17550005
13851,-2.1173084
13852,-0.24748151
13853,-0.461006
13854,0.1272158
13855,-0.1004454
13856,-1.1288693
13857,0.032880917
13858,-0.3903267
13859,-0.3021071
13860,-0.40203038
13861,0.056567222
13862,-0.51843816
13863,-0.7876516
13864,0.076097876
13865,-0.48571536
13866,-0.15768379
13867,-0.9654006
13868,-0.45971388
13869,-0.027410924
13870,-0.3900533
13871,0.85171634
13872,-0.2798769
13873,-0.21551526
13874,0.6270245
13875,0.0137222875
13876,0.44116798
13877,0.63411224
13878,0.9259433
13879,-0.21891752
13880,0.12586409
13881,1.7340815
13882,1.1660275
13883,-0.09908981
13884,0.20440888
13885,-0.3734431
13886,1.4693915
13887,0.00973258
13888,1.3362149
13889,0.1560119
13890,-0.042097602
13891,-0.12741679
13892,-0.30146745
13893,0.28153473
13894,-0.122922726
13895,1.6239238
13896,0.88425034
13897,-0.015729371
13898,-2.8773263
13899,0.72578603
13900,0.6457567
13901,-1.474818
13902,-0.08292734
13903,-2.0078673
13904,-0.2856224
13905,-0.38533965
13906,0.16971244
13907,0.64063865
13908,-0.6010594
13909,0.19748665
13910,-0.77071536
13911,0.9989425
13912,-0.32770818
13913,0.12634376
13914,1.1430357
13915,0.8077938
13916,-0.561943
13917,0.64948046
13918,0.9477925
13919,-0.07763986
13920,0.07269241
13921,-1.5133938
13922,-2.0738275
13923,0.33200508
13924,-0.81982446
13925,0.030966256
13926,2.062163
13927,-0.57252115
13928,0.0398025
13929,0.2772906
13930,-0.93488085
13931,-0.44650698
13932,0.29339686
13933,-0.017302519
13934,0.6486209
13935,-0.31640434
13936,0.68411493
13937,1.1812598
13938,0.14179422
13939,0.20724864
13940,1.3775625
13941,0.3024005
13942,-0.36555716
13943,1.0333421
13944,0.7417695
13945,0.4253385
13946,-0.55915236
13947,-0.96026176
13948,-0.40686685
13949,-0.6105368
13950,-0.67309314
13951,-0.670604
13952,-0.13069001
13953,-0.3488627
13954,-1.2289486
13955,-0.21225451
13956,-0.55547965
13957,-0.50294846
13958,-0.75678587
13959,-0.24308728
13960,-0.50294846
13961,-1.7577523
13962,-0.8294824
13963,0.63557976
13964,-0.53252584
13965,0.10434207
13966,0.66669244
13967,-0.66165006
13968,-0.22939585
13969,-0.7683361
13970,-0.779079
13971,0.42926154
13972,0.08529567
13973,-0.8782279
13974,-0.20474908
13975,-0.8322026
13976,-1.1075774
13977,0.032484386
13978,-1.1874558
13979,0.032484386
13980,-0.17276497
13981,-0.46374196
13982,-0.44283485
13983,-1.1754427
13984,-0.063196905
13985,-1.1095508
13986,0.39502224
13987,-1.7854499
13988,-0.013377188
13989,-1.6345187
13990,-0.055410948
13991,-1.1957026
13992,-0.07588788
13993,-1.5471388
13994,-0.00803117
13995,-1.7963605
13996,-0.0068128137
13997,-0.8119085
13998,-0.5933174
13999,-1.9851538
14000,-0.1861978
14001,-0.8533026
14002,-0.038565215
14003,-0.8595989
14004,-1.1332518
14005,0.31239653
14006,0.208936
14007,-1.5567828
14008,-0.8478402
14009,-1.0466388
14010,-0.53620934
14011,-1.3534342
14012,-1.037371
14013,-0.0022228619
14014,-2.55515
14015,1.0208826
14016,-1.4079158
14017,-0.8284831
14018,-0.8789072
14019,0.10959688
14020,-0.10142229
14021,-1.3711807
14022,-1.0555667
14023,0.005650769
14024,0.33135888
14025,0.22638565
14026,-0.40603292
14027,-0.12235414
14028,-0.515062
14029,-0.61106133
14030,-0.14085309
14031,-0.51659566
14032,0.73612905
14033,-1.1078819
14034,-0.043011323
14035,-0.73666227
14036,-0.51851034
14037,-0.60761905
14038,0.27605858
14039,-0.5754184
14040,-0.42990014
14041,-1.0214387
14042,-0.11967282
14043,0.24463208
14044,-0.8667267
14045,-1.0884297
14046,-0.45358613
14047,-0.45033333
14048,-0.3136291
14049,-0.3784079
14050,-0.17639689
14051,0.27536544
14052,-0.22041152
14053,-0.018383656
14054,-0.88333243
14055,-1.1924356
14056,-2.2746081
14057,-1.3281133
14058,-1.0146016
14059,-1.681755
14060,-1.3372209
14061,-1.4517745
14062,-2.0900402
14063,-0.28805533
14064,-0.8152934
14065,-1.1013699
14066,-1.1898358
14067,-1.2246454
14068,-0.79444337
14069,-0.837059
14070,-0.112783
14071,-0.014695469
14072,-0.9819797
14073,-0.2509853
14074,-0.03885879
14075,-0.6994423
14076,-0.19890517
14077,-0.50261843
14078,0.3970393
14079,-1.9508156
14080,2.1895025
14081,0.5742117
14082,0.6714155
14083,-0.94352627
14084,-0.033488035
14085,-2.1223
14086,-0.20442395
14087,0.44391665
14088,0.10693813
14089,-1.1013296
14090,1.9850656
14091,0.12696743
14092,-1.0265223
14093,2.5027673
14094,0.5898213
14095,-1.189227
14096,-0.19826214
14097,0.21747345
14098,-0.73783463
14099,2.3540456
14100,-0.023303691
14101,0.062400445
14102,-0.77888995
14103,0.43550253
14104,-1.1360393
14105,0.20755517
14106,-0.4701485
14107,-1.097859
14108,0.47013378
14109,-1.1236984
14110,0.33835414
14111,-1.0179902
14112,0.6586065
14113,0.2157529
14114,-0.80306005
14115,-0.13866094
14116,-0.61978537
14117,0.18642941
14118,-0.24731274
14119,-1.2048768
14120,0.33835414
14121,-0.88944256
14122,-1.4859805
14123,0.35238802
14124,-1.8040929
14125,-0.42060056
14126,0.37332556
14127,0.33388838
14128,0.014187247
14129,0.10111617
14130,-1.2529527
14131,-0.13593452
14132,-2.4534118
14133,0.25768
14134,0.74548227
14135,0.3266791
14136,1.8988844
14137,-0.056709234
14138,-0.0005162031
14139,-0.8804413
14140,0.2382271
14141,-0.90117806
14142,0.40274623
14143,-0.9394355
14144,0.02115606
14145,-0.5927469
14146,0.5506317
14147,0.085457645
14148,0.8934858
14149,0.2220427
14150,-0.5784506
14151,0.20755517
14152,-1.7921681
14153,0.22237326
14154,-1.0369415
14155,-0.18592988
14156,-0.67726
14157,-1.253969
14158,0.07285346
14159,0.030700693
14160,-0.06322381
14161,0.5278379
14162,0.19116162
14163,0.12338968
14164,-0.48329052
14165,-0.56117064
14166,-0.15703179
14167,-1.1776162
14168,-0.34425342
14169,-1.4185145
14170,0.07648484
14171,-0.20863764
14172,-0.27023253
14173,0.07804487
14174,-2.256215
14175,-0.24632694
14176,-1.5494765
14177,2.1271682
14178,-1.9974784
14179,0.053499233
14180,-0.29739815
14181,-1.7762023
14182,-0.2100986
14183,-0.33098114
14184,-1.8989418
14185,2.5842695
14186,0.5783434
14187,-0.29756477
14188,-1.712955
14189,2.6522388
14190,-1.4106463
14191,0.33686146
14192,-0.9552245
14193,2.154745
14194,0.70520306
14195,-0.25781187
14196,-0.17065068
14197,-2.1688805
14198,0.62914884
14199,-1.2551976
14200,0.402843
14201,-0.21552208
14202,-0.24130431
14203,0.22780134
14204,-2.3143923
14205,-0.40007415
14206,0.7756654
14207,-0.12322475
14208,-0.015797254
14209,-0.7584071
14210,1.0237318
14211,-0.252951
14212,-0.30649683
14213,-0.68351716
14214,-0.28553557
14215,-1.2725551
14216,-0.7607092
14217,-0.051281072
14218,0.11323486
14219,0.16279186
14220,-0.2961034
14221,-1.0452533
14222,0.37623057
14223,-0.9451475
14224,0.5356152
14225,-0.8377715
14226,0.32
14227,-0.72067136
14228,-0.33278546
14229,-0.28826886
14230,0.121918745
14231,-1.3169613
14232,0.24405195
14233,0.508122
14234,0.6103483
14235,-2.4899526
14236,0.5643722
14237,0.6376624
14238,-0.50222176
14239,0.21733943
14240,-1.7255793
14241,0.024399353
14242,-1.4646541
14243,-0.37348747
14244,-0.32661685
14245,0.011365624
14246,-0.07254073
14247,-0.05323047
14248,-0.8756529
14249,-0.54448754
14250,0.19694638
14251,-0.10957675
14252,-0.29137683
14253,0.15991138
14254,-0.16339028
14255,-1.5706121
14256,0.27029094
14257,-1.0490901
14258,-0.4314936
14259,-0.004244337
14260,-0.73601824
14261,-0.3188256
14262,-0.24371123
14263,0.67710286
14264,-0.12633823
14265,-0.3396879
14266,-0.14045718
14267,-1.5986166
14268,2.3826823
14269,-1.5044961
14270,-0.4063388
14271,-0.31626672
14272,-0.4063388
14273,-0.4063388
14274,0.24533997
14275,-0.47157195
14276,-0.44784194
14277,-0.26340964
14278,-0.75390744
14279,-0.099812396
14280,-0.4897002
14281,0.8049583
14282,-0.30478072
14283,-0.306291
14284,-0.3659985
14285,-2.0898216
14286,0.042219896
14287,-0.31471002
14288,0.04161236
14289,-0.1849336
14290,-0.15214533
14291,-1.1361152
14292,0.22756207
14293,-0.3488627
14294,-0.42990014
14295,-1.3656462
14296,0.5811111
14297,-0.08676149
14298,0.6735106
14299,-0.2764082
14300,0.5811111
14301,-2.3139744
14302,0.6320559
14303,-1.4452975
14304,-0.38835514
14305,-0.0052898214
14306,0.2307928
14307,0.0005744961
14308,-1.4377809
14309,-0.2551277
14310,1.5081185
14311,-0.19661729
14312,-0.67472416
14313,0.24306898
14314,-0.14053357
14315,0.12936687
14316,-0.186776
14317,-0.35497656
14318,-0.42907777
14319,-0.8375111
14320,-0.5233028
14321,-1.6371188
14322,-0.0841713
14323,-0.15877002
14324,-0.42422828
14325,0.50426376
14326,-0.5548121
14327,0.12042039
14328,0.40811378
14329,-0.19085467
14330,-0.5329348
14331,-0.45487756
14332,0.052910827
14333,-1.6764336
14334,-0.5862739
14335,-0.6928842
14336,0.10415002
14337,-0.31453443
14338,-0.06263495
14339,-0.17904656
14340,-2.2447028
14341,0.19225793
14342,-0.30445987
14343,-0.84632295
14344,-0.16059653
14345,-0.8827555
14346,-0.51710474
14347,-2.5415356
14348,0.38216156
14349,-0.067421146
14350,-0.0049803546
14351,-0.21285444
14352,-0.07588788
14353,-1.197255
14354,-1.2246604
14355,-0.07588788
14356,-0.0022228619
14357,-0.2366777
14358,-0.43880582
14359,-0.3249992
14360,-0.06791585
14361,-0.9629354
14362,-0.008003636
14363,-2.101848
14364,0.12248358
14365,-0.18737006
14366,-1.4927901
14367,-0.17005347
14368,-0.07588788
14369,-1.1992247
14370,-0.07588788
14371,0.17812914
14372,-0.8418444
14373,0.21325275
14374,-1.32252
14375,0.26466042
14376,-1.4657258
14377,0.6091103
14378,-0.8149706
14379,0.32841298
14380,-1.2125173
14381,0.12696743
14382,-0.87112755
14383,-0.055410948
14384,-1.6556475
14385,0.08529567
14386,-0.8073088
14387,0.09337971
14388,-0.61513424
14389,-0.034384266
14390,-0.013377188
14391,-1.0825099
14392,-0.021610437
14393,-0.77768606
14394,-0.0019199278
14395,-1.5914781
14396,-1.6148818
14397,-0.18554734
14398,-0.45761463
14399,-0.5754087
14400,-0.3890865
14401,0.082881056
14402,-0.016524585
14403,-0.08411865
14404,-0.034276705
14405,0.080488205
14406,-0.02205352
14407,-1.2703813
14408,-0.05654349
14409,-0.0020429692
14410,-1.3030003
14411,0.088992305
14412,0.3406546
14413,0.75643903
14414,-0.59216654
14415,-0.34043923
14416,-0.73666227
14417,-0.51851034
14418,-0.6122484
14419,-0.13445725
14420,-0.81117725
14421,-5.0068436
14422,-0.18479513
14423,-0.33382484
14424,-0.11889344
14425,-0.89476246
14426,-1.4471571
14427,-0.9417804
14428,-1.3120918
14429,-1.2609104
14430,-1.0275197
14431,-0.96170056
14432,-0.8868198
14433,0.28979176
14434,-1.026259
14435,-2.0853539
14436,-0.51800215
14437,0.39733624
14438,-0.12093254
14439,-0.8868198
14440,-0.9121546
14441,-0.16266353
14442,-0.13216001
14443,0.44734657
14444,-0.43897688
14445,0.6107508
14446,-0.25002548
14447,-1.1071434
14448,-3.1810644
14449,-1.1805305
14450,0.4949538
14451,-1.8126502
14452,-1.0291369
14453,-0.968228
14454,-1.3353583
14455,-0.5202318
14456,-0.9688506
14457,-0.7203105
14458,-1.2299957
14459,-0.5296888
14460,-0.4878541
14461,-0.38763604
14462,-0.05490186
14463,-0.27613544
14464,0.050512154
14465,-0.86026824
14466,-2.4937203
14467,0.086315766
14468,-1.257793
14469,-0.14205301
14470,0.47249517
14471,0.049326338
14472,-0.29727638
14473,-0.0044862507
14474,-0.1892158
14475,-0.14334843
14476,-0.22377928
14477,0.0510888
14478,-0.42125016
14479,-0.9018796
14480,0.609869
14481,-0.26274604
14482,0.048043344
14483,-1.0599545
14484,-1.8275108
14485,0.21088114
14486,-1.062828
14487,-0.27613544
14488,-0.105829276
14489,-0.34440795
14490,-0.17673877
14491,-0.14678773
14492,-0.1892158
14493,-0.13347037
14494,-0.8893494
14495,-0.08283225
14496,0.69832104
14497,-2.1764119
14498,-0.16059653
14499,-0.47812143
14500,-0.23343727
14501,0.1216194
14502,-0.22924502
14503,0.03149192
14504,-2.1657608
14505,-0.08283225
14506,-0.0122038545
14507,-0.08623963
14508,-0.765217
14509,-0.23677409
14510,-0.07163673
14511,0.5405126
14512,-0.5593244
14513,0.13736674
14514,-1.5313662
14515,-0.07314412
14516,-0.05162328
14517,-0.7312221
14518,0.26126713
14519,-0.4866529
14520,0.9741959
14521,-0.5842229
14522,-0.3248735
14523,-0.31415027
14524,-0.0044862507
14525,-0.2170561
14526,-0.11423753
14527,-0.89476246
14528,-1.0912077
14529,0.07214349
14530,-1.8554778
14531,-0.8624746
14532,-2.4504356
14533,-2.540816
14534,-1.3148992
14535,-1.2282574
14536,-1.124108
14537,-1.2890434
14538,-0.87924373
14539,-1.2555417
14540,-1.13188
14541,0.036665358
14542,-2.905998
14543,-1.3477496
14544,-0.98430884
14545,0.134465
14546,-2.2954457
14547,0.74931544
14548,0.95561844
14549,0.24668245
14550,0.57270515
14551,0.30523568
14552,-0.9662965
14553,-0.20836931
14554,-0.089988336
14555,0.07722822
14556,-0.36235324
14557,-0.55783993
14558,0.074114434
14559,-0.15630823
14560,-2.755087
14561,0.06639044
14562,-0.30156377
14563,-0.13474916
14564,-0.49250385
14565,0.036719587
14566,-0.89435285
14567,-0.100232676
14568,0.4178551
14569,-1.5146779
14570,2.253352
14571,0.33908582
14572,0.0013580647
14573,-1.1672745
14574,2.3675456
14575,0.5755375
14576,0.37209493
14577,-1.3364557
14578,1.891648
14579,0.5290773
14580,-0.1858964
14581,-1.3487403
14582,-0.062334877
14583,-0.23669803
14584,-0.31879354
14585,-0.103025936
14586,0.074752904
14587,0.72379905
14588,-1.3754872
14589,2.3142676
14590,0.46736518
14591,0.35857356
14592,-0.55294925
14593,-0.0022836123
14594,-0.8055219
14595,0.43086848
14596,0.17272356
14597,0.024075199
14598,-1.1117829
14599,0.2752161
14600,-0.96625763
14601,-0.48266682
14602,0.0051664254
14603,0.5700052
14604,0.15458052
14605,0.5805275
14606,0.20551363
14607,0.34086493
14608,0.06253718
14609,0.011617961
14610,0.42674056
14611,0.16469897
14612,0.37564594
14613,0.022109052
14614,0.6319432
14615,0.055807643
14616,0.48816997
14617,0.047222223
14618,-1.6364478
14619,0.14512298
14620,-0.47278273
14621,0.40795484
14622,-0.6191414
14623,0.35996154
14624,-1.7498913
14625,-2.295294
14626,-1.412475
14627,0.38947082
14628,-0.46028775
14629,0.22494772
14630,-1.9882201
14631,-2.0532362
14632,0.22494772
14633,-0.41187155
14634,-0.51960653
14635,-1.5118364
14636,0.40274623
14637,-1.2215465
14638,0.28621426
14639,-1.1018345
14640,0.16568618
14641,-0.9347979
14642,-0.7045915
14643,0.22494772
14644,-0.32034904
14645,-1.3944991
14646,-0.47387505
14647,0.22494772
14648,-1.3157562
14649,0.5235557
14650,-0.7045915
14651,0.32132503
14652,-1.2007478
14653,0.70436203
14654,-1.3828735
14655,0.33163148
14656,-0.7672312
14657,-0.7112888
14658,-1.1707817
14659,0.29547784
14660,0.3970393
14661,-0.22544794
14662,-0.46432617
14663,-0.17573433
14664,-0.36920217
14665,0.5988821
14666,0.629463
14667,0.21566515
14668,-1.1576612
14669,0.27242637
14670,0.84321177
14671,-0.3740433
14672,-0.22661379
14673,-0.22247249
14674,-0.06802783
14675,0.10232043
14676,0.5341586
14677,-0.201605
14678,-0.49974045
14679,0.09789186
14680,-1.1707817
14681,0.21649784
14682,-1.0399283
14683,0.19245191
14684,-0.3899315
14685,-1.3585447
14686,-1.1707817
14687,0.38518888
14688,-1.0519104
14689,-0.571083
14690,0.65711707
14691,-0.27023253
14692,-0.377611
14693,0.019660171
14694,0.078446716
14695,-2.5469704
14696,-0.32276344
14697,0.02433313
14698,-0.2792235
14699,-0.18430705
14700,0.45780137
14701,0.98830944
14702,-0.33361068
14703,-1.2558004
14704,2.4786925
14705,-1.0607105
14706,-0.90657187
14707,0.55965525
14708,-2.3644035
14709,0.6652971
14710,-0.98228526
14711,-1.2558004
14712,-0.29436237
14713,-0.4451803
14714,0.04154752
14715,-2.256215
14716,0.13474071
14717,1.3593823
14718,-0.533451
14719,-1.3655273
14720,2.6882355
14721,-1.4679718
14722,-0.3203539
14723,2.3478928
14724,0.2710398
14725,-4.6966057
14726,2.1527948
14727,0.054374356
14728,-0.18976514
14729,0.40837762
14730,-7.145214
14731,-0.5240812
14732,0.30280274
14733,-2.2199347
14734,-1.0139334
14735,1.1740142
14736,-0.36167103
14737,-0.6410574
14738,2.490491
14739,-1.3975102
14740,-0.21084686
14741,-1.410166
14742,2.6340191
14743,-1.2439283
14744,0.71009403
14745,-0.2371723
14746,-0.29136696
14747,-0.07444668
14748,-0.4809086
14749,0.82243216
14750,-1.4479954
14751,-0.40298617
14752,-0.18633196
14753,-0.0646768
14754,-0.29136696
14755,0.1183165
14756,-0.13605106
14757,-0.21959691
14758,-1.9073782
14759,2.517335
14760,0.29940996
14761,0.6206046
14762,-0.31661186
14763,-0.44076145
14764,-0.07444668
14765,-0.4461955
14766,-0.18976514
14767,-0.3944282
14768,-0.33648157
14769,-0.4951567
14770,-0.48482358
14771,-0.24644096
14772,-0.4882264
14773,0.19960181
14774,0.33938017
14775,-0.22916566
14776,0.29863808
14777,0.8221642
14778,0.56292254
14779,0.7660281
14780,0.3483353
14781,-0.21695818
14782,-0.28857702
14783,0.50426376
14784,-0.011803042
14785,-0.37202325
14786,0.11922866
14787,-0.17104134
14788,-0.4223773
14789,0.59175843
14790,-0.40499166
14791,0.87244767
14792,-0.8623873
14793,0.57843167
14794,0.42517748
14795,0.13724023
14796,-0.10920671
14797,0.25598773
14798,0.79299664
14799,-0.19562227
14800,0.3626893
14801,0.34908688
14802,-0.22346407
14803,-0.18376395
14804,0.2402897
14805,-1.2363453
14806,0.2822912
14807,-1.1040266
14808,0.6037542
14809,-0.81372863
14810,0.032484386
14811,-1.1086864
14812,0.33997583
14813,-0.6151331
14814,0.07915701
14815,0.5164102
14816,-0.8698935
14817,-1.5657598
14818,-0.14509
14819,-1.552714
14820,0.16854092
14821,0.57273006
14822,0.24498244
14823,-0.64015573
14824,0.13273312
14825,-1.0757247
14826,0.054554686
14827,0.030860895
14828,-0.025197882
14829,-0.09029053
14830,-2.0105085
14831,-0.20433289
14832,-0.008003636
14833,-0.95220214
14834,-0.4805851
14835,-0.7730731
14836,0.3664641
14837,-1.5898209
14838,-0.9596898
14839,-1.1519455
14840,0.06982964
14841,-0.40075722
14842,-0.24634157
14843,1.0547354
14844,0.6624369
14845,0.49054188
14846,-0.6413024
14847,0.68775284
14848,0.020428771
14849,0.28213984
14850,0.23282687
14851,0.31488362
14852,0.1741526
14853,-1.4715734
14854,0.107237026
14855,0.19203372
14856,-0.20706683
14857,-0.48398897
14858,1.1337214
14859,-0.75829107
14860,-0.57662684
14861,-0.515062
14862,-0.12697096
14863,1.0804479
14864,-0.8670569
14865,-0.25841382
14866,-0.22338988
14867,0.82909584
14868,-1.2489419
14869,-0.19397043
14870,0.46637502
14871,-1.037477
14872,-0.8000467
14873,-0.28001595
14874,0.008047195
14875,0.48763627
14876,-0.08975435
14877,0.68745655
14878,-1.3618311
14879,-0.12056216
14880,-1.9847969
14881,-0.4229737
14882,-0.12995818
14883,0.0751586
14884,-0.3284017
14885,-0.24645326
14886,0.36124176
14887,-0.12977734
14888,0.121427804
14889,-0.07125276
14890,-0.11766042
14891,-1.1760771
14892,-1.0226936
14893,-0.7765216
14894,0.4080983
14895,-0.42440677
14896,-0.37040484
14897,0.31915048
14898,-0.30525807
14899,0.77655673
14900,-0.7630588
14901,-0.08611935
14902,-0.28566638
14903,-1.1009835
14904,-1.1760771
14905,2.2840183
14906,-1.4793081
14907,-0.3025285
14908,0.4942387
14909,-0.044676352
14910,0.016379492
14911,-0.50823665
14912,-0.00837333
14913,-0.08062079
14914,-1.6591432
14915,-0.4958609
14916,-1.0485964
14917,-1.4550021
14918,2.7544484
14919,-1.3132074
14920,0.44373965
14921,-1.3364557
14922,1.9327863
14923,-0.39596686
14924,-0.3868708
14925,-1.1784291
14926,0.3942338
14927,-1.3801059
14928,1.9690955
14929,0.29355446
14930,-0.33279756
14931,-0.04567738
14932,-0.2529361
14933,-0.28165844
14934,0.14283654
14935,-0.81078833
14936,0.18252939
14937,-1.0912046
14938,0.20319298
14939,-0.166497
14940,-1.8659914
14941,-0.66015416
14942,-0.8767769
14943,0.22580177
14944,-0.35413837
14945,-1.7805678
14946,-1.0739132
14947,-1.2950488
14948,-1.5648634
14949,-0.4049642
14950,-0.035970915
14951,0.11336828
14952,-0.09702625
14953,0.5060874
14954,0.34163862
14955,-0.26975852
14956,0.04691348
14957,0.18169795
14958,0.45531017
14959,-0.13623253
14960,-0.056154992
14961,0.8315388
14962,0.23598374
14963,-1.1370386
14964,-0.10796817
14965,0.78156394
14966,-0.16729082
14967,0.19681214
14968,0.09898643
14969,-1.3338746
14970,-0.6198018
14971,-1.2900383
14972,0.2402897
14973,0.39334688
14974,-1.4024193
14975,0.4775264
14976,0.82269096
14977,0.21223482
14978,-1.3083836
14979,-0.68046415
14980,-2.2684925
14981,0.86008304
14982,0.79711354
14983,0.13019708
14984,0.3364989
14985,-1.6313639
14986,-1.0541785
14987,-1.0003477
14988,0.24747102
14989,0.34297234
14990,1.2659255
14991,0.40569472
14992,-0.6459696
14993,-0.71674854
14994,-1.0509104
14995,0.03465751
14996,-0.27276105
14997,1.6647595
14998,-0.4196879
14999,0.02574939
15000,1.6578746
15001,0.061057404
15002,0.023507228
15003,-2.1918013
15004,-0.038052972
15005,0.44948483
15006,-0.27601764
15007,-0.26981428
15008,-2.2445953
15009,1.4523174
15010,0.4005039
15011,-0.29769626
15012,2.0537317
15013,0.5466378
15014,-1.1301349
15015,-0.09954524
15016,1.9704357
15017,-0.19096233
15018,0.5985161
15019,-0.3096496
15020,0.4462045
15021,-0.13265686
15022,0.25879773
15023,-0.32362422
15024,-0.48009598
15025,-1.4747187
15026,2.4143038
15027,-1.2439283
15028,1.0201066
15029,0.1074714
15030,-0.88541263
15031,0.17332397
15032,2.4108686
15033,-0.08906024
15034,0.46182945
15035,-0.4334793
15036,-0.555762
15037,1.2634639
15038,-0.25864953
15039,-0.67452615
15040,-1.3545742
15041,-0.59883416
15042,2.09648
15043,-0.4560516
15044,-0.66029835
15045,-1.1442485
15046,-0.2996313
15047,-0.49909607
15048,0.55261034
15049,-0.3111967
15050,0.2757728
15051,0.503075
15052,-0.8390901
15053,-1.5602106
15054,0.15694338
15055,-0.52395374
15056,-0.6574856
15057,-1.0210497
15058,-0.2904824
15059,0.81368506
15060,-0.4602258
15061,-0.15464886
15062,-0.47036526
15063,-0.3635352
15064,-0.50273293
15065,-0.78968745
15066,-0.24365646
15067,0.23423745
15068,-1.530768
15069,-1.4934725
15070,0.030253772
15071,0.6123162
15072,0.26975495
15073,-0.1309667
15074,-0.35770896
15075,0.10682853
15076,0.061047032
15077,0.60022587
15078,0.03762538
15079,-0.44732833
15080,-0.16645221
15081,-1.1022847
15082,-1.4841022
15083,0.79167974
15084,-0.10521909
15085,-1.1260593
15086,2.5407677
15087,2.6134152
15088,-0.56523925
15089,-0.023378579
15090,0.08594242
15091,-2.0658388
15092,0.6737992
15093,-0.10768883
15094,0.005330326
15095,0.86670834
15096,0.09094416
15097,-0.11390085
15098,0.9877917
15099,-0.26142505
15100,-0.07422473
15101,0.8424866
15102,-0.0186328
15103,-0.21959691
15104,-0.24846068
15105,-0.8782026
15106,0.4419431
15107,0.1434987
15108,-0.06690895
15109,0.1596002
15110,0.089226335
15111,0.1077552
15112,0.13053606
15113,-0.035760485
15114,-0.17573433
15115,-0.31787044
15116,0.44101113
15117,0.3882428
15118,0.16897261
15119,-0.40943423
15120,-0.38490754
15121,-0.36849216
15122,-0.120345354
15123,-0.24856831
15124,-0.93151927
15125,-0.4785527
15126,-0.311261
15127,-0.3696766
15128,-0.0013257304
15129,0.4067599
15130,-0.21962042
15131,0.94545126
15132,-0.19661729
15133,0.047209788
15134,-0.9611357
15135,-0.29491407
15136,-0.5322109
15137,0.5691187
15138,-0.3461079
15139,-0.88640815
15140,0.16519883
15141,-0.41421977
15142,-0.5417283
15143,-0.4823066
15144,-0.41450235
15145,-0.57662684
15146,0.34908688
15147,-1.7190665
15148,-0.61315703
15149,-0.5416555
15150,-0.5801463
15151,-0.060580697
15152,-2.2764604
15153,-0.4779394
15154,-0.6305603
15155,0.31624764
15156,0.39310434
15157,-0.25931764
15158,0.15941305
15159,-1.1335603
15160,-1.9510684
15161,-0.018186148
15162,-1.2282919
15163,-0.095441535
15164,-1.2848392
15165,0.045616575
15166,-0.627002
15167,-0.055410948
15168,-1.7692281
15169,-0.9472514
15170,-0.5719824
15171,-0.19623294
15172,-0.5977815
15173,0.17400996
15174,-0.021120282
15175,-1.1707817
15176,0.30916923
15177,-0.78858024
15178,-0.14223464
15179,-0.7049802
15180,0.07175557
15181,0.43327367
15182,-6.636734
15183,-0.07811207
15184,0.13811396
15185,-0.0015071483
15186,-0.45671073
15187,-0.040141687
15188,-1.6696712
15189,0.6423243
15190,0.15496638
15191,0.14951737
15192,-0.3657104
15193,-1.2634361
15194,-0.07654191
15195,-1.1263875
15196,-0.64748955
15197,-0.8388393
15198,-0.99017555
15199,-1.5648124
15200,-0.3754943
15201,0.3644358
15202,0.23696065
15203,-0.2327698
15204,-0.16560705
15205,0.39485067
15206,-0.21382073
15207,0.0011476679
15208,-1.1431689
15209,-0.21769916
15210,0.41006872
15211,0.3586097
15212,-0.77934444
15213,-0.20661259
15214,-0.09637349
15215,-0.9440604
15216,0.5151085
15217,0.18258716
15218,-0.94246083
15219,-0.45036638
15220,-0.7681651
15221,-0.067421146
15222,-0.05301315
15223,-1.4983785
15224,-0.6335525
15225,-1.1174209
15226,0.053630378
15227,-0.13023305
15228,0.15182944
15229,-1.1407295
15230,-1.2291298
15231,-0.31242728
15232,0.04161236
15233,-1.0480692
15234,-0.008003636
15235,0.72189355
15236,0.22499318
15237,-0.25015044
15238,0.5289971
15239,0.16982174
15240,-0.25015044
15241,0.37999067
15242,0.002346812
15243,-0.14816181
15244,0.8456506
15245,-1.803101
15246,-0.62153935
15247,-0.21933489
15248,0.53674376
15249,-0.3162987
15250,0.74748176
15251,0.6971052
15252,0.94722784
15253,0.5380785
15254,0.6868609
15255,0.4906379
15256,-0.015247687
15257,-2.9302268
15258,-0.6362137
15259,0.48906586
15260,-0.26661876
15261,-0.28911513
15262,0.80453235
15263,-1.0179902
15264,-0.44889376
15265,0.46641418
15266,-1.307482
15267,-0.6584882
15268,0.63728005
15269,1.1368455
15270,-0.3837574
15271,-0.15168175
15272,0.08465919
15273,-0.7950419
15274,-0.31952205
15275,-0.5413806
15276,0.19083858
15277,-2.2224262
15278,-0.75764
15279,0.08071774
15280,-1.1394643
15281,1.8051654
15282,-0.010409194
15283,-0.40083823
15284,0.0067432546
15285,-0.32937586
15286,-0.004244337
15287,0.08598596
15288,0.15973897
15289,-0.78464663
15290,-1.3930942
15291,0.2905623
15292,0.00036409873
15293,-1.1257876
15294,-0.7784521
15295,-0.42090592
15296,0.07767683
15297,-1.3887554
15298,-0.04391863
15299,0.05434645
15300,-0.36090043
15301,-0.0044862507
15302,-0.2072455
15303,-0.08606236
15304,1.468572
15305,-0.117439635
15306,1.1927308
15307,0.2528474
15308,-0.5322324
15309,-0.5225528
15310,0.04450062
15311,1.0837075
15312,-0.4678872
15313,-0.6140672
15314,0.053343844
15315,0.096006766
15316,-0.5596428
15317,-0.41741332
15318,-0.11013212
15319,-0.26750326
15320,0.029543033
15321,1.2390382
15322,-0.097897045
15323,-0.45556465
15324,0.8786992
15325,-0.5779115
15326,0.0025726159
15327,-0.018490529
15328,-0.0060269367
15329,-0.5107071
15330,-0.61106133
15331,0.16550405
15332,-0.8658826
15333,-0.498826
15334,-0.19472025
15335,-0.35586616
15336,-0.3284017
15337,-0.015489102
15338,0.27610147
15339,-0.8000467
15340,0.15037373
15341,0.21426438
15342,0.027481558
15343,-0.9679197
15344,0.17580414
15345,0.6745471
15346,0.07399672
15347,-1.7002695
15348,0.19709712
15349,0.5478125
15350,-0.2509031
15351,-4.030777
15352,0.25050566
15353,-0.9090178
15354,-0.511276
15355,-0.26635242
15356,0.1676612
15357,0.061454985
15358,-0.33622184
15359,0.12665348
15360,-0.07345951
15361,0.23681957
15362,0.86370915
15363,0.19954212
15364,-1.3880569
15365,-0.1702869
15366,-0.10250557
15367,-1.3121098
15368,-0.1702869
15369,-0.37080875
15370,-1.4468784
15371,1.416998
15372,-0.63024116
15373,-1.3117263
15374,1.21435
15375,-1.3399241
15376,0.029582804
15377,-3.5741665
15378,-0.40973005
15379,2.6390631
15380,-0.20883489
15381,0.3970393
15382,-1.2021002
15383,0.17345245
15384,-1.3281401
15385,-0.26322427
15386,-1.3613025
15387,-1.5106219
15388,-1.1080552
15389,0.9189438
15390,-1.2469885
15391,0.32046795
15392,-0.38215196
15393,0.4486718
15394,0.8170679
15395,0.050457373
15396,-1.2466054
15397,1.0716013
15398,-1.4685344
15399,-0.0142329205
15400,-1.2890434
15401,-0.1702869
15402,0.11285955
15403,-1.0720025
15404,-0.028535575
15405,0.2902951
15406,-0.20238529
15407,-1.7543445
15408,1.873907
15409,0.5898213
15410,0.48721808
15411,-0.10141432
15412,0.10139896
15413,-0.47278273
15414,-1.5943388
15415,0.13516912
15416,0.3656179
15417,1.1331569
15418,0.33816096
15419,1.4268056
15420,0.17729703
15421,0.7361895
15422,0.7883719
15423,0.32769406
15424,2.1759274
15425,0.17729703
15426,0.47946566
15427,0.3301942
15428,-0.7882897
15429,-0.1665121
15430,0.07015429
15431,0.181038
15432,-0.9730046
15433,0.4740969
15434,-1.7470858
15435,-0.49425486
15436,-0.12109172
15437,-0.8761659
15438,0.093479104
15439,-1.3944991
15440,0.4500605
15441,-1.0160209
15442,0.34840193
15443,-0.86529654
15444,0.47013378
15445,-1.6587862
15446,-1.1969094
15447,0.32511652
15448,-1.3010124
15449,0.43550253
15450,0.18609956
15451,-0.23736729
15452,0.23720041
15453,-1.4329162
15454,0.18252939
15455,-0.46770793
15456,-0.8557887
15457,0.20755517
15458,-1.0233862
15459,-0.6301869
15460,-0.12902123
15461,-1.5044813
15462,-0.48088363
15463,-0.74878687
15464,0.23598374
15465,-1.1707817
15466,1.1137564
15467,-0.40679947
15468,-0.2199069
15469,1.8136743
15470,-0.58119017
15471,-0.8457654
15472,0.5988821
15473,0.7898932
15474,0.11525752
15475,0.03567265
15476,0.38518888
15477,-1.0924853
15478,0.5135197
15479,-1.4423478
15480,-0.43901205
15481,-1.2636325
15482,0.53706187
15483,0.56338084
15484,0.31626743
15485,-0.6017362
15486,-1.2378955
15487,0.65864193
15488,0.7068471
15489,0.87714523
15490,-1.219006
15491,-0.0392607
15492,-0.56267256
15493,-0.20285203
15494,-1.1932604
15495,-0.72523206
15496,0.15037936
15497,-0.6646285
15498,0.42896056
15499,0.8827249
15500,0.2196038
15501,0.47566706
15502,-0.39925423
15503,-0.45846713
15504,-0.2517443
15505,-0.6699131
15506,-0.49088866
15507,-1.1707817
15508,0.25438818
15509,-0.2604082
15510,0.1157521
15511,-1.4757931
15512,-0.13243578
15513,-0.38070363
15514,-1.5366981
15515,-0.09674609
15516,-0.23118858
15517,-0.18976514
15518,0.006207419
15519,-0.29056683
15520,-0.43682706
15521,-0.34827372
15522,-1.8842477
15523,-0.23136781
15524,0.6189542
15525,-1.0469675
15526,-2.2384727
15527,0.33792993
15528,-0.15485907
15529,0.25299102
15530,-0.7466665
15531,0.18033837
15532,-0.4235474
15533,0.22661752
15534,-1.1093272
15535,-0.21959691
15536,-0.1759572
15537,-0.68351716
15538,-0.24764264
15539,-0.27486026
15540,0.5826798
15541,-1.7112806
15542,0.3734533
15543,-0.27043703
15544,0.3942338
15545,-1.3016398
15546,2.0409741
15547,0.21415421
15548,-1.1239718
15549,-1.2181543
15550,0.76697946
15551,-1.4192538
15552,0.3433115
15553,-0.5405117
15554,-1.1127608
15555,-0.028535575
15556,-0.3334036
15557,-0.34885788
15558,0.13368517
15559,0.927762
15560,1.4460034
15561,0.52488965
15562,0.44179228
15563,-0.22950757
15564,-0.20618778
15565,-0.29961517
15566,0.19299434
15567,2.1805382
15568,-0.31707042
15569,-0.05922017
15570,-0.71624666
15571,-2.0388694
15572,-0.5308575
15573,0.15840341
15574,-0.409311
15575,0.26613194
15576,0.2990736
15577,-0.59470505
15578,-0.35217556
15579,-0.59866726
15580,0.689374
15581,-0.7031324
15582,-0.7111882
15583,-0.80392647
15584,0.44130555
15585,0.5868015
15586,-0.10929285
15587,-0.44928017
15588,0.75027555
15589,-0.8842932
15590,0.35372797
15591,-0.8916466
15592,0.38020965
15593,0.026270924
15594,0.34934288
15595,-1.6764336
15596,-0.45487756
15597,-0.02924231
15598,-0.58829474
15599,-0.17026472
15600,-0.19562227
15601,-0.18869802
15602,-0.5358211
15603,-0.68096256
15604,-0.23092605
15605,-0.96964234
15606,-0.515062
15607,-0.38763604
15608,0.33622476
15609,-0.91214
15610,0.56657827
15611,-0.42408577
15612,-0.32990575
15613,-0.53204966
15614,-0.54836714
15615,0.321564
15616,-0.16851503
15617,-0.5461178
15618,-0.42450616
15619,0.28872436
15620,-0.73666227
15621,-0.4878541
15622,-0.44115928
15623,-1.6705257
15624,0.067829095
15625,-1.1947192
15626,-0.0022228619
15627,-0.9988618
15628,-2.1988146
15629,-0.9297993
15630,0.31389728
15631,-1.271935
15632,0.13157436
15633,-1.5782366
15634,0.028053515
15635,-1.8984601
15636,-0.9297993
15637,0.47183472
15638,-1.834862
15639,0.13036717
15640,-1.1310793
15641,0.26933038
15642,-1.8349816
15643,-0.3841405
15644,-1.3680304
15645,-0.03619327
15646,-1.7887037
15647,0.06104618
15648,-0.07588788
15649,0.15037373
15650,-0.88006896
15651,0.06104618
15652,-1.6118609
15653,0.17229244
15654,-0.8698453
15655,-0.0375085
15656,-0.07588788
15657,-1.3125174
15658,-0.55031234
15659,0.19908871
15660,-1.026259
15661,0.43707758
15662,0.2044714
15663,-1.05209
15664,-0.8755458
15665,-0.9926525
15666,0.05352416
15667,-0.69621325
15668,-0.22199282
15669,-1.4517745
15670,-0.68698657
15671,-0.13926648
15672,-1.1924356
15673,-1.6755147
15674,-1.4013842
15675,0.24302307
15676,-1.7766428
15677,-2.034365
15678,-1.3126457
15679,0.21745889
15680,-1.4053621
15681,-0.79455644
15682,-1.1326904
15683,0.010902126
15684,0.30921537
15685,-0.44418827
15686,0.24139017
15687,-0.07588788
15688,-0.48905975
15689,0.52433115
15690,-1.097859
15691,-0.59049857
15692,-1.107118
15693,-0.052131705
15694,-0.1276675
15695,-1.5578488
15696,-0.1240949
15697,0.09179796
15698,-0.4200133
15699,-0.8707984
15700,-0.35450503
15701,-0.23699497
15702,0.108947195
15703,-0.73666227
15704,-0.45487756
15705,0.023491617
15706,0.097264916
15707,-0.99976325
15708,0.66669244
15709,-1.409549
15710,-0.05392416
15711,0.019651545
15712,0.9105066
15713,-1.5304874
15714,0.07369869
15715,-0.7209307
15716,-0.60549825
15717,-0.12524243
15718,-0.2495356
15719,0.010167775
15720,-0.06751309
15721,-2.1657608
15722,-0.08283225
15723,-0.7312221
15724,-0.09591879
15725,-0.052597396
15726,-0.24706298
15727,-0.19373122
15728,0.022399964
15729,-0.6890532
15730,-0.06298194
15731,-0.46686336
15732,0.29683235
15733,-0.33829495
15734,-1.2678176
15735,0.20710564
15736,-1.9558582
15737,-1.0914545
15738,0.08108708
15739,-1.323568
15740,-0.93373036
15741,-0.4245441
15742,0.094606765
15743,-0.51308775
15744,0.053870782
15745,-0.09245437
15746,-0.20831001
15747,-0.40636355
15748,-0.79182184
15749,0.2810935
15750,2.2587142
15751,0.65424806
15752,0.38608643
15753,-1.8142791
15754,1.9912155
15755,-0.48298997
15756,2.6238744
15757,-1.1747004
15758,-0.4029615
15759,-0.015419319
15760,-1.4121972
15761,-0.28013223
15762,0.45535544
15763,-0.02432553
15764,-0.7326486
15765,-0.43887052
15766,0.62291753
15767,-1.3599958
15768,-0.2133421
15769,0.5491211
15770,0.45305306
15771,2.11766
15772,-1.1184969
15773,0.16929299
15774,-1.1488792
15775,-0.009567272
15776,0.16871838
15777,-0.95531595
15778,0.6125725
15779,-1.3157562
15780,0.34452367
15781,-1.1236984
15782,0.6586065
15783,-0.9652171
15784,0.32511652
15785,-1.532323
15786,0.18949537
15787,-1.0818005
15788,1.7009528
15789,-1.7779279
15790,-0.87292594
15791,0.1847192
15792,-1.3944991
15793,0.5617322
15794,-0.7766586
15795,-0.39103097
15796,-0.120913036
15797,-0.064836845
15798,0.012272899
15799,-1.8707068
15800,-1.2215465
15801,-0.0020042588
15802,-1.3697381
15803,0.29783493
15804,-1.4012187
15805,0.6483114
15806,-1.3157562
15807,0.6989581
15808,0.06970056
15809,0.6347592
15810,0.0039298576
15811,0.10111617
15812,0.10111617
15813,-1.1529316
15814,0.2259231
15815,-1.8321011
15816,-1.2012284
15817,0.36330843
15818,-2.3560643
15819,0.016496122
15820,-1.1727884
15821,0.15740019
15822,0.34908688
15823,0.28812537
15824,0.36754182
15825,-0.3317768
15826,0.53371835
15827,0.2597775
15828,-0.18027787
15829,0.30878335
15830,0.2757728
15831,0.3215535
15832,0.11044558
15833,-0.8589684
15834,1.0639614
15835,0.31351745
15836,-1.008571
15837,0.32336748
15838,0.56181514
15839,0.14496723
15840,0.24838448
15841,0.8138378
15842,0.4976693
15843,0.7854761
15844,0.29445937
15845,-1.4528909
15846,0.28406233
15847,-2.0207841
15848,0.21649784
15849,-0.6166738
15850,0.44993934
15851,0.23317426
15852,0.6380478
15853,0.5753866
15854,0.21125145
15855,0.5347455
15856,0.30453292
15857,0.39229563
15858,0.47193864
15859,-0.40131405
15860,0.32693756
15861,1.0164962
15862,1.0074825
15863,0.30453292
15864,0.7380609
15865,-0.14107083
15866,-0.43682706
15867,-0.15653802
15868,0.46661663
15869,-0.22473526
15870,-0.012568273
15871,-0.23118858
15872,-0.29551432
15873,-1.3268553
15874,1.4510403
15875,-1.2513423
15876,-0.36243328
15877,-0.28245512
15878,-1.1185961
15879,-0.30699697
15880,-0.244982
15881,-1.2385468
15882,0.6093776
15883,0.9175432
15884,-10.829827
15885,-0.28844237
15886,-0.107416496
15887,-0.008853898
15888,-2.1180198
15889,-0.19360742
15890,0.20420277
15891,1.2790914
15892,-1.5885192
15893,0.48239058
15894,-0.03725533
15895,-0.28999844
15896,-0.41004577
15897,-0.054236613
15898,-0.46609566
15899,0.018673247
15900,-1.6269314
15901,-1.421638
15902,-0.1340652
15903,0.8075095
15904,-0.3793949
15905,-0.29961517
15906,-0.7225894
15907,2.6728387
15908,-1.1469872
15909,-0.24992992
15910,0.066467576
15911,-0.23136781
15912,-1.165826
15913,0.8961983
15914,-1.4025121
15915,0.3284671
15916,-0.77691746
15917,0.9338607
15918,-0.5044087
15919,-0.13423608
15920,-1.0994843
15921,0.36378136
15922,-0.5832908
15923,-1.3464521
15924,0.43214735
15925,-0.53907096
15926,-2.1989346
15927,-0.5690251
15928,-3.4714625
15929,-16.274946
15930,-0.7788239
15931,-0.9493728
15932,-2.540124
15933,-1.4221652
15934,-1.8983072
15935,-2.121014
15936,0.90180904
15937,-1.7690676
15938,-0.3699798
15939,-0.07482426
15940,-2.8912766
15941,-0.7363142
15942,0.22068281
15943,-0.37246993
15944,0.047159348
15945,-0.3284017
15946,0.080079615
15947,-0.31873304
15948,-0.15704454
15949,0.0510888
15950,-0.03043934
15951,-0.1495592
15952,0.19299434
15953,-0.1098663
15954,-2.6620343
15955,-0.27536866
15956,-0.8756529
15957,-0.15214533
15958,0.3810831
15959,-0.580909
15960,-2.423332
15961,-0.43317497
15962,0.44057798
15963,-0.093631975
15964,0.16013837
15965,-0.35219434
15966,0.07354527
15967,-1.0210475
15968,-0.024800178
15969,-0.17624353
15970,-1.1845773
15971,0.08722308
15972,2.6134152
15973,-1.2415642
15974,-0.4063388
15975,0.060648803
15976,-0.4284521
15977,-0.09842646
15978,-0.42023423
15979,-0.1348725
15980,-0.2354856
15981,-0.22059914
15982,-0.42183173
15983,0.055258386
15984,0.52040035
15985,0.16537969
15986,-0.36054757
15987,0.041863725
15988,-1.2703813
15989,-0.5194037
15990,-0.0019199278
15991,0.06646555
15992,0.23146138
15993,-0.30175048
15994,0.13137145
15995,-1.2433357
15996,-0.33367923
15997,-0.010144526
15998,-1.3179793
15999,-0.36054757
16000,0.07354527
16001,0.1885396
16002,0.1187944
16003,-1.2677585
16004,-0.34185353
16005,-0.023879658
16006,-0.11405522
16007,0.25168452
16008,-0.27715126
16009,0.0011567854
16010,-0.322506
16011,-0.10947381
16012,-0.06690895
16013,0.29182854
16014,-0.052493837
16015,0.81415904
16016,-0.31787044
16017,0.49963543
16018,-0.48533705
16019,-0.6659539
16020,-0.4606981
16021,-0.9056927
16022,0.40050685
16023,-0.1765343
16024,-0.48498642
16025,-0.8152968
16026,-0.2012637
16027,-1.6764336
16028,-0.6467353
16029,-0.026571846
16030,0.43002835
16031,-0.6034886
16032,-0.34721905
16033,-0.42450616
16034,0.28872436
16035,-0.8707984
16036,-0.58494174
16037,-0.026482379
16038,-0.05654533
16039,-0.67311925
16040,-0.43094203
16041,-0.149695
16042,-0.16638099
16043,-0.73666227
16044,-0.45487756
16045,-0.6338174
16046,0.050095923
16047,0.050512154
16048,-0.2002218
16049,-0.44545278
16050,-8.52176
16051,-0.36824626
16052,-0.41842666
16053,-1.3887554
16054,-0.13585009
16055,-0.8827555
16056,-0.23620255
16057,1.2583035
16058,0.10774534
16059,0.034604944
16060,-0.70467126
16061,-0.62597
16062,0.30789718
16063,-0.30938125
16064,0.5691046
16065,-0.88535553
16066,-0.52536726
16067,-0.5416555
16068,-0.39810026
16069,-0.93043053
16070,0.3190764
16071,-0.5040684
16072,0.44705236
16073,0.33701468
16074,-0.22346407
16075,-0.36439174
16076,0.102958106
16077,-0.26919737
16078,0.15060808
16079,0.42697924
16080,-0.5633756
16081,0.57843167
16082,-0.26930156
16083,0.08335639
16084,-0.42422828
16085,0.0650678
16086,-1.2905109
16087,-0.08151631
16088,-1.3589387
16089,-0.14223464
16090,-0.008003636
16091,-1.0789315
16092,-0.046339605
16093,-1.2037706
16094,-0.07654191
16095,-0.29481125
16096,-0.06298194
16097,-1.1842511
16098,-0.31625134
16099,-0.008003636
16100,-1.5602207
16101,0.07229312
16102,-1.3394928
16103,0.7122901
16104,-1.25238
16105,-0.044197425
16106,-1.5642494
16107,-0.07811207
16108,0.021870142
16109,0.25487885
16110,-1.4273726
16111,0.094606765
16112,-0.9046902
16113,-1.0660431
16114,0.05352416
16115,-1.1915897
16116,-0.008003636
16117,-1.4221354
16118,-1.0160071
16119,-0.07588788
16120,-0.7858753
16121,-0.013377188
16122,-0.73304886
16123,-0.20512275
16124,-1.1707817
16125,-1.2626811
16126,-0.8089495
16127,-0.43734923
16128,-0.5842229
16129,-0.3049954
16130,0.026743993
16131,0.25266233
16132,0.56657827
16133,-0.12269495
16134,-0.05944444
16135,0.2691997
16136,0.6415405
16137,-0.03323089
16138,-1.8530303
16139,-0.5580213
16140,-0.6659539
16141,-0.7496299
16142,-0.06378153
16143,0.030364305
16144,-0.7007258
16145,0.1198689
16146,-0.21237566
16147,-0.25378373
16148,-0.34721905
16149,-1.1153793
16150,0.38432136
16151,-1.3168832
16152,-0.6584882
16153,-1.2014667
16154,0.072301745
16155,-1.2070482
16156,-0.87924373
16157,-1.0122626
16158,0.24302307
16159,-1.2187363
16160,-0.7758179
16161,-1.1513782
16162,0.29765573
16163,0.73898697
16164,-0.92231053
16165,-0.34349543
16166,-0.067421146
16167,-0.090272956
16168,0.17784859
16169,-1.3937836
16170,-0.2505177
16171,0.60062623
16172,0.62839603
16173,0.802613
16174,0.45856827
16175,0.013135533
16176,-0.17654125
16177,0.350499
16178,-1.2070482
16179,-0.87924373
16180,-1.0553509
16181,0.08802819
16182,0.17630386
16183,0.71183914
16184,0.66674423
16185,0.5998719
16186,0.4837106
16187,0.50952077
16188,-0.07784891
16189,0.665404
16190,0.5890007
16191,0.58363575
16192,0.2555974
16193,0.66674423
16194,0.5395916
16195,0.5597266
16196,1.0986214
16197,0.27872115
16198,0.43833998
16199,0.32550877
16200,-0.9421491
16201,0.9236782
16202,-1.3883402
16203,0.8175876
16204,-1.4206469
16205,-0.52747005
16206,0.4841415
16207,-1.2338505
16208,-0.7276999
16209,-1.1017036
16210,0.20533991
16211,-1.2734786
16212,-0.6584882
16213,-1.4463782
16214,0.45243573
16215,-1.2609104
16216,0.39118385
16217,0.19318916
16218,0.20832634
16219,-0.29235518
16220,0.29672414
16221,0.40059423
16222,-2.346307
16223,-0.08283225
16224,0.003982046
16225,-1.9728776
16226,-1.8275108
16227,-0.70066637
16228,0.26414248
16229,-0.3518284
16230,0.08335639
16231,-1.9280189
16232,-1.0898323
16233,-0.16059653
16234,-0.7312221
16235,-1.1819102
16236,-0.3284017
16237,0.01889062
16238,-0.8667267
16239,-1.382895
16240,-0.04958839
16241,0.16064523
16242,-0.8667267
16243,-0.1508976
16244,-0.19025287
16245,0.23249654
16246,0.036777083
16247,-0.2863612
16248,0.008047195
16249,-0.21298765
16250,-0.021390248
16251,0.0510888
16252,-0.11720089
16253,-1.7145348
16254,-0.057669114
16255,-0.24793445
16256,-2.1764119
16257,-0.28990564
16258,0.4465895
16259,-0.3182508
16260,0.2580906
16261,-0.0534974
16262,-0.14927343
16263,-0.21033058
16264,0.12936687
16265,-0.21011107
16266,-2.20591
16267,-0.16059653
16268,-0.8445177
16269,-0.3538178
16270,-1.5006452
16271,-0.08283225
16272,-0.36294508
16273,-2.4498723
16274,-0.08283225
16275,0.22399934
16276,-0.6654972
16277,-0.25284845
16278,-0.17182416
16279,-0.29727638
16280,0.10880101
16281,-0.08500698
16282,-0.4919103
16283,-0.27613544
16284,0.10513717
16285,-0.076697774
16286,-0.46333158
16287,-0.594587
16288,-0.3385522
16289,0.22979687
16290,-1.9494236
16291,-0.6929335
16292,-1.0657197
16293,0.63600814
16294,-0.1160801
16295,-2.2088432
16296,0.65365636
16297,-1.885456
16298,-1.8435774
16299,0.13538882
16300,-1.2609104
16301,-2.0855017
16302,0.17881495
16303,-1.4728448
16304,-1.3215959
16305,0.7474843
16306,-1.4903339
16307,-1.1044563
16308,0.89353
16309,-1.5463762
16310,0.6639934
16311,0.0044196285
16312,-3.8868222
16313,-1.3534342
16314,-0.65117204
16315,0.41433576
16316,-0.91241926
16317,0.6534848
16318,1.01481
16319,0.0081309965
16320,-2.3460994
16321,0.23221542
16322,-1.5629392
16323,-0.6766474
16324,0.4602062
16325,0.9131374
16326,0.4026134
16327,0.52202475
16328,1.0322629
16329,0.23544706
16330,-1.4805461
16331,2.2665985
16332,-0.2159829
16333,0.3942338
16334,-0.9346049
16335,-1.0063049
16336,0.09715438
16337,-1.1302933
16338,2.3477502
16339,0.5832331
16340,-0.47575304
16341,1.7917612
16342,-1.288007
16343,0.44232976
16344,1.5636228
16345,-1.1184969
16346,0.43806773
16347,-1.8370857
16348,0.48779228
16349,0.33290485
16350,-1.4544458
16351,2.238697
16352,0.11889592
16353,-0.20836931
16354,-0.13216232
16355,-0.6834377
16356,0.11784074
16357,-0.15493806
16358,-2.115527
16359,0.2248976
16360,0.40834513
16361,0.44070572
16362,-1.2432541
16363,1.9690955
16364,-0.24683012
16365,-1.3770263
16366,2.5482507
16367,0.28351194
16368,-1.4385196
16369,-0.199824
16370,-0.23061913
16371,0.04253442
16372,-0.17479764
16373,0.066467576
16374,0.12551084
16375,-1.2030728
16376,1.9285884
16377,-0.2666499
16378,2.3218813
16379,-1.0809456
16380,0.0044196285
16381,-1.364095
16382,0.012571391
16383,0.30111858
16384,-1.364095
16385,2.4011433
16386,0.56039774
16387,-1.3937836
16388,-0.55294925
16389,0.5238853
16390,-1.1504318
16391,-0.40298617
16392,0.49670908
16393,0.19117033
16394,0.27363363
16395,0.40534398
16396,-0.05191969
16397,0.15804736
16398,0.13516912
16399,0.6110702
16400,0.13276254
16401,0.13773517
16402,-0.05191969
16403,-0.49654126
16404,0.15620418
16405,-1.475194
16406,-1.3754927
16407,0.48633382
16408,-2.069114
16409,-2.1737998
16410,-1.3754927
16411,0.5679662
16412,-1.7132124
16413,0.34343356
16414,0.502674
16415,-1.0187992
16416,0.32511652
16417,-0.15719515
16418,-0.18322487
16419,-1.2827684
16420,0.34840193
16421,-0.81485903
16422,-0.1097908
16423,-1.1924356
16424,0.16568618
16425,-1.2559696
16426,0.6761952
16427,-1.2215465
16428,0.18252939
16429,-1.3229461
16430,0.30295017
16431,-1.701316
16432,0.38869348
16433,-0.47278273
16434,0.22494772
16435,0.056018475
16436,0.20062038
16437,0.6946154
16438,0.87562865
16439,0.56657827
16440,0.6878219
16441,-0.1897735
16442,0.4434736
16443,0.5535998
16444,0.4070512
16445,-0.2629177
16446,-1.3525496
16447,0.4863116
16448,0.40390626
16449,0.49831492
16450,1.1591682
16451,-0.2724377
16452,-1.2217251
16453,0.690476
16454,0.27018803
16455,-0.11786375
16456,0.42589355
16457,0.8283717
16458,0.75730634
16459,0.062277675
16460,0.45497122
16461,0.3643131
16462,0.79393387
16463,-0.85055745
16464,0.56843096
16465,1.0270057
16466,0.6614482
16467,-0.4181446
16468,0.32693756
16469,0.88423777
16470,-0.41594797
16471,-1.1353596
16472,0.6602508
16473,0.23317426
16474,0.7023554
16475,0.2537434
16476,-0.6861744
16477,0.34591106
16478,-0.5158626
16479,0.18530913
16480,0.57338345
16481,0.20949332
16482,0.32693756
16483,1.0434693
16484,0.052712496
16485,-0.32018772
16486,-0.3422231
16487,-0.32256976
16488,0.5315744
16489,0.046914577
16490,0.6415405
16491,0.3210019
16492,0.09749315
16493,0.7764163
16494,0.53371835
16495,-0.29961517
16496,-1.3074297
16497,1.2144339
16498,-0.52743196
16499,0.35240558
16500,-0.33371398
16501,-1.3728081
16502,0.9867925
16503,-0.55523163
16504,0.9793307
16505,-0.21959691
16506,-1.9275407
16507,0.8834671
16508,-0.033181522
16509,-0.3807868
16510,-1.6853852
16511,2.8674276
16512,-0.39987317
16513,-0.17508964
16514,0.60026735
16515,-0.607336
16516,-1.1837412
16517,2.3417273
16518,-1.147257
16519,-0.26032847
16520,-0.26648423
16521,-1.6780176
16522,-0.4160369
16523,-0.20231792
16524,0.29625493
16525,0.005568609
16526,0.9489466
16527,-0.38698015
16528,-0.45907867
16529,0.05977714
16530,0.54785883
16531,-0.21144126
16532,-0.5907555
16533,0.08895068
16534,-0.14987609
16535,0.5335549
16536,-0.2840574
16537,-1.4015511
16538,-0.00047023996
16539,-0.13004413
16540,0.884268
16541,-0.21485259
16542,-0.6001296
16543,2.611501
16544,-1.092359
16545,0.29554415
16546,-2.3480568
16547,-0.052787993
16548,-0.30066106
16549,-1.7275301
16550,0.33774355
16551,-0.35501406
16552,-0.5766919
16553,0.09288505
16554,-0.18782327
16555,-0.17573433
16556,-0.28034967
16557,0.017566025
16558,-0.37510493
16559,-0.31856564
16560,-0.48685792
16561,0.402843
16562,0.0771752
16563,-0.21933489
16564,-0.41688755
16565,0.0060370853
16566,0.19782469
16567,0.30051634
16568,0.020678114
16569,0.5916541
16570,0.13132715
16571,-0.028110946
16572,0.42172816
16573,-0.17248438
16574,-0.10212243
16575,0.420288
16576,0.5577031
16577,0.23146138
16578,2.0963395
16579,-0.067335434
16580,-0.96491945
16581,2.2485828
16582,-0.088269465
16583,0.34918362
16584,-0.48942068
16585,-0.2889059
16586,-0.011252363
16587,-0.6826543
16588,-0.45487756
16589,-0.60073984
16590,0.13087346
16591,-0.042355224
16592,-1.2703813
16593,0.15746948
16594,-0.61481464
16595,0.35415205
16596,-0.26626724
16597,-0.63294476
16598,-1.2076602
16599,-0.40649852
16600,-0.9132636
16601,0.6030987
16602,-0.14105764
16603,0.10049451
16604,0.3190764
16605,-0.39893863
16606,-0.9056927
16607,-0.53204966
16608,-0.6548481
16609,-0.6041814
16610,0.39310434
16611,-0.33336988
16612,-0.48498642
16613,0.386216
16614,-0.26858863
16615,0.03585058
16616,-0.779079
16617,-0.012589076
16618,0.027481558
16619,0.13811396
16620,-0.9220064
16621,0.23298159
16622,-0.4122911
16623,-1.3008755
16624,-0.9967872
16625,-1.6665584
16626,0.00964429
16627,-2.0105085
16628,-1.2861215
16629,0.13141312
16630,0.1405862
16631,-1.0481355
16632,0.7471333
16633,-1.3585223
16634,0.07652518
16635,-1.0291369
16636,-0.3823947
16637,-1.1030761
16638,0.10786354
16639,0.075477935
16640,-0.90108985
16641,-0.043151874
16642,0.18720207
16643,0.1010751
16644,-0.8991506
16645,0.636633
16646,-1.223357
16647,-0.8059039
16648,-1.4640256
16649,-0.6855385
16650,-1.3534342
16651,-1.0210445
16652,0.105051704
16653,-1.3431407
16654,-0.3262968
16655,-0.067421146
16656,-0.6604216
16657,0.39638826
16658,-0.2574571
16659,0.27866337
16660,-1.4784086
16661,-1.2609104
16662,-0.43251562
16663,-1.1707817
16664,-0.49433306
16665,-0.9688506
16666,-0.79104906
16667,0.29595864
16668,-0.79457045
16669,0.26839688
16670,0.10880101
16671,-0.72342
16672,-0.18865237
16673,0.35727444
16674,-1.2239609
16675,-0.64009076
16676,-0.4878541
16677,-0.42405903
16678,0.014343024
16679,0.1794822
16680,0.83573186
16681,-0.64073616
16682,0.54582417
16683,-0.93228173
16684,0.64415586
16685,-0.13641128
16686,-0.86251116
16687,0.23711424
16688,-1.1256447
16689,0.1335419
16690,-0.57390475
16691,-0.05529668
16692,0.118488915
16693,-0.15292463
16694,-0.013687323
16695,-0.04431554
16696,0.76548207
16697,-0.42260665
16698,-0.027075551
16699,-0.9063266
16700,-0.40105692
16701,-0.23950194
16702,0.07629715
16703,0.13811396
16704,0.7666273
16705,-1.3338422
16706,-0.7275271
16707,-0.08470374
16708,0.3552852
16709,-0.49396664
16710,-1.3908707
16711,0.040837612
16712,0.42530143
16713,-1.2850255
16714,-1.3769349
16715,-0.052450847
16716,-1.2070482
16717,-0.7154067
16718,0.15054394
16719,-1.701591
16720,0.008112438
16721,0.7175493
16722,0.42912018
16723,-1.2737173
16724,2.601864
16725,-0.86079615
16726,0.19351947
16727,0.10647189
16728,-1.4385196
16729,-0.06411161
16730,-0.030038295
16731,0.51050174
16732,-0.66815376
16733,1.0886314
16734,0.44232976
16735,-1.1041019
16736,2.0789437
16737,-1.2559696
16738,-0.20836931
16739,-1.227616
16740,-0.1757735
16741,-0.022692949
16742,0.3970393
16743,-1.1814092
16744,2.159216
16745,0.42772728
16746,0.40274623
16747,-0.9902467
16748,-1.8577523
16749,-0.32251835
16750,-0.048149724
16751,-1.7943606
16752,-0.4842505
16753,-0.09347764
16754,0.16436698
16755,-0.33482647
16756,-2.1398587
16757,-0.5476661
16758,-1.0731665
16759,0.6586065
16760,-0.24980208
16761,-1.2215465
16762,0.4487984
16763,0.7405419
16764,0.5347449
16765,0.25181764
16766,0.13516912
16767,0.4150929
16768,0.13322215
16769,0.15854527
16770,-1.1637317
16771,0.3835304
16772,-1.9491026
16773,0.34409004
16774,0.8807879
16775,-1.1747004
16776,-0.32571748
16777,0.43327367
16778,-0.20879099
16779,-0.2199069
16780,-0.43382654
16781,0.8644416
16782,0.19204253
16783,0.5700052
16784,-0.91241926
16785,0.26547682
16786,-0.6505222
16787,0.036728464
16788,0.21209458
16789,-0.37186956
16790,-1.6276766
16791,0.43921185
16792,-0.19876301
16793,-1.4247895
16794,-0.34706295
16795,-1.4282478
16796,0.41028202
16797,-0.37307584
16798,-0.44259858
16799,-2.0568812
16800,0.6404238
16801,-0.13460548
16802,-0.8375311
16803,0.3264236
16804,-1.2884543
16805,1.8376386
16806,-1.1966081
16807,0.4481593
16808,-2.5013678
16809,-1.6232026
16810,-1.1213416
16811,0.30781385
16812,-0.30016553
16813,0.49242118
16814,-0.59716684
16815,-0.24855366
16816,0.014887521
16817,-1.0016315
16818,-0.57827586
16819,0.52058274
16820,1.334857
16821,0.5159849
16822,-0.01137883
16823,-0.44959438
16824,-2.0581155
16825,0.7121705
16826,-0.16181156
16827,0.40864676
16828,-2.2968564
16829,0.11014345
16830,0.51132864
16831,0.08743687
16832,-1.1199585
16833,-0.24930042
16834,0.91037714
16835,-0.45757312
16836,0.36178383
16837,-0.09421449
16838,-1.1274303
16839,0.44995525
16840,0.26002863
16841,-0.4008399
16842,-0.3378868
16843,-0.094284475
16844,0.010786629
16845,-0.2184054
16846,0.71009403
16847,-0.14077729
16848,-0.357698
16849,-1.8493718
16850,-0.2840574
16851,-1.2478005
16852,0.778429
16853,-0.38367385
16854,-1.4402182
16855,2.391901
16856,-1.1959579
16857,-0.19306819
16858,2.6652517
16859,-1.053108
16860,-1.8114272
16861,2.2365777
16862,-1.524312
16863,-0.402672
16864,-1.2103798
16865,0.68527037
16866,-0.73136306
16867,0.7151948
16868,2.4709044
16869,0.6095215
16870,0.18221046
16871,0.2693829
16872,0.44234493
16873,0.7830689
16874,0.35310686
16875,-1.9484257
16876,0.6531989
16877,0.27567396
16878,0.075477935
16879,0.44663474
16880,0.7129422
16881,-0.39698455
16882,-0.06322381
16883,0.2675933
16884,-0.32605416
16885,-0.7917128
16886,-0.14205301
16887,0.364268
16888,-2.3101692
16889,-0.087942384
16890,0.08598596
16891,-0.41602585
16892,-0.57797855
16893,0.6700336
16894,-0.7083766
16895,-0.9297872
16896,-0.54881024
16897,0.61104107
16898,-1.0642784
16899,0.1199671
16900,-0.48997614
16901,-0.33148384
16902,-0.15187894
16903,-1.1631716
16904,0.4419431
16905,-0.2934629
16906,-0.40869647
16907,1.6385474
16908,-1.0993619
16909,0.37284535
16910,2.301204
16911,-0.86332387
16912,2.582888
16913,-1.0314188
16914,-0.20168293
16915,0.07002556
16916,-0.41918218
16917,-0.10337755
16918,2.5270336
16919,-1.1231887
16920,-0.013506022
16921,-0.07422473
16922,0.15339689
16923,-0.24846068
16924,-0.6691112
16925,-0.10177658
16926,-0.96857333
16927,-0.16652074
16928,-1.0476985
16929,0.47566706
16930,0.21421044
16931,0.08625237
16932,-0.32639527
16933,-0.55952257
16934,-0.17573433
16935,-0.19018441
16936,0.4939223
16937,-5.442504
16938,0.42082876
16939,0.35778683
16940,0.74444443
16941,-0.73666227
16942,-1.6995168
16943,0.33037663
16944,0.2673704
16945,-1.6764336
16946,-0.5842229
16947,-0.19350387
16948,-0.18869722
16949,-0.6034886
16950,0.5811111
16951,-0.25099072
16952,0.28812847
16953,-0.031864177
16954,-2.1808162
16955,-0.63272846
16956,-0.5875212
16957,-0.65505326
16958,-0.40105692
16959,0.06262589
16960,1.058044
16961,0.32261795
16962,0.1269386
16963,-1.738522
16964,0.34908688
16965,-4.3572063
16966,-0.03364189
16967,0.7412046
16968,-1.0343698
16969,-0.81867325
16970,0.5874101
16971,0.31559324
16972,-0.73666227
16973,0.33701468
16974,0.10003863
16975,0.15104368
16976,-0.48257655
16977,-0.33598906
16978,0.1959144
16979,-0.17876093
16980,-0.9544427
16981,-0.570082
16982,-0.98677886
16983,-0.057669114
16984,0.18529028
16985,0.3644358
16986,-0.26750326
16987,0.07458176
16988,-0.5278526
16989,-0.055410948
16990,0.0650678
16991,-0.20822446
16992,-0.0022228619
16993,-1.5470519
16994,0.061454985
16995,-1.1377084
16996,0.14955002
16997,0.47183472
16998,-1.3782083
16999,-0.9967872
17000,-0.24478076
17001,-1.0789315
17002,-0.099515945
17003,-0.7347036
17004,0.24659027
17005,-3.1340857
17006,-0.038640503
17007,-1.1727123
17008,-0.9333938
17009,-0.81517047
17010,-1.5530602
17011,0.43185142
17012,-1.5870699
17013,0.06933107
17014,-0.31112576
17015,-1.3116702
17016,-0.8626149
17017,-1.3234675
17018,-0.3562808
17019,-1.0277958
17020,0.5036813
17021,-0.30938125
17022,-0.090355836
17023,0.4474824
17024,-1.7231816
17025,-0.51975673
17026,-0.6105368
17027,-0.30104184
17028,-0.93233585
17029,-0.20118944
17030,-0.57662684
17031,-0.30227107
17032,-0.914619
17033,-0.08545543
17034,-0.72637796
17035,0.57392746
17036,-0.8127547
17037,0.5173553
17038,0.48116362
17039,-0.26791453
17040,-0.3666746
17041,-0.6708692
17042,-0.07136761
17043,-0.2431962
17044,-0.12008314
17045,-0.16200681
17046,-1.2070482
17047,0.07325397
17048,-1.2691905
17049,-0.8798052
17050,-0.057615522
17051,-1.2282574
17052,-2.5351434
17053,-1.1524943
17054,-1.6450785
17055,-1.4479954
17056,-0.8924231
17057,-1.1562792
17058,-0.19348136
17059,-5.278248
17060,0.51364374
17061,0.070223205
17062,0.68626744
17063,0.26567698
17064,-0.46307436
17065,-2.0367906
17066,-0.3031458
17067,-1.0883703
17068,0.4327426
17069,-0.26707685
17070,-1.4534438
17071,-0.27544656
17072,-1.9407812
17073,0.11601372
17074,0.5556265
17075,-0.07588788
17076,-1.1131716
17077,-0.59352326
17078,0.024399353
17079,-0.7278641
17080,-0.27613544
17081,0.14906564
17082,-0.86026824
17083,-1.680203
17084,-2.2898672
17085,-0.5008727
17086,-0.5639174
17087,0.12470625
17088,-1.694796
17089,-0.890148
17090,0.37185588
17091,-0.91209286
17092,-2.2898672
17093,-0.37392366
17094,0.02016104
17095,1.0716044
17096,-0.34355944
17097,-0.12917356
17098,0.034604944
17099,0.98625153
17100,0.4859537
17101,-0.016166419
17102,1.2488686
17103,-0.5461178
17104,-0.60761905
17105,0.045950823
17106,-1.6994164
17107,-0.13585009
17108,0.07267093
17109,-0.20934282
17110,-0.16059653
17111,-0.4089796
17112,-0.50252324
17113,0.6159227
17114,0.080124974
17115,-0.9316845
17116,-2.0609713
17117,-0.111466594
17118,-0.7073388
17119,-1.8715369
17120,-1.4805532
17121,-0.29491407
17122,0.30986848
17123,0.14633217
17124,-0.33452156
17125,0.2712456
17126,-1.7540869
17127,-0.29727638
17128,-0.45653418
17129,0.20442148
17130,-0.73804504
17131,-0.1840034
17132,0.05509374
17133,-0.18027793
17134,-0.26622376
17135,-2.2380416
17136,-0.46605864
17137,0.2979027
17138,-0.21136405
17139,0.20243913
17140,-4.4091964
17141,1.0179
17142,0.33701468
17143,-0.32299045
17144,-0.031896196
17145,-1.3338422
17146,-0.88134176
17147,-0.13563758
17148,-0.06355811
17149,-0.055410948
17150,-2.325463
17151,0.19356573
17152,0.5336195
17153,0.010172691
17154,-0.19141966
17155,0.17055425
17156,-1.1841047
17157,-0.4596843
17158,-0.027975103
17159,0.46904534
17160,0.45015684
17161,0.49980292
17162,1.1229608
17163,0.4150428
17164,-0.745503
17165,2.2621183
17166,-1.2564652
17167,-1.2548081
17168,-0.32292342
17169,0.06124454
17170,-0.5530723
17171,2.6304455
17172,-0.32377696
17173,-0.055410948
17174,2.5617995
17175,-0.21147498
17176,-0.055410948
17177,-1.3381389
17178,1.8335053
17179,-2.7826502
17180,-1.2103798
17181,0.6870486
17182,-1.6556869
17183,-0.15829065
17184,-0.026466914
17185,-0.33927077
17186,-1.1862963
17187,-0.06728686
17188,-1.3906089
17189,-1.3719094
17190,-0.4920778
17191,-0.032831408
17192,0.16565758
17193,-1.2954754
17194,-0.104440466
17195,0.55504155
17196,-1.5344806
17197,2.1902854
17198,0.65424806
17199,0.5927394
17200,-2.6295123
17201,0.26767817
17202,-2.2817428
17203,0.093454495
17204,-0.77104133
17205,-1.5919759
17206,-0.29845566
17207,-0.5540727
17208,0.40336505
17209,-1.0744526
17210,0.33388132
17211,-0.094040066
17212,0.1438609
17213,-0.05191969
17214,0.06970056
17215,0.09718871
17216,0.48360318
17217,0.17729703
17218,1.2689062
17219,0.2706239
17220,-0.045143805
17221,0.13516912
17222,0.49313605
17223,-0.033055384
17224,-0.70198673
17225,-1.3402491
17226,0.36381966
17227,-0.6883616
17228,-0.5186265
17229,-1.2912995
17230,0.28928745
17231,-1.1738107
17232,0.40355015
17233,0.14879584
17234,-1.2682257
17235,-0.7160817
17236,0.35996154
17237,-0.8667759
17238,-0.005587157
17239,-1.0818005
17240,0.45989954
17241,-0.9587574
17242,-1.4576612
17243,-1.0233862
17244,0.3918334
17245,-1.200367
17246,-1.1909873
17247,0.41028202
17248,-1.0399283
17249,0.44988477
17250,-0.50284964
17251,0.11317854
17252,-0.5540733
17253,0.06104618
17254,-0.034286518
17255,-1.2032124
17256,-0.23151943
17257,-0.0392607
17258,0.27890864
17259,-1.256941
17260,0.30234596
17261,0.40032735
17262,-0.41555703
17263,0.27847043
17264,-0.019118432
17265,-1.0513216
17266,0.4481593
17267,-0.8445898
17268,-0.49521476
17269,0.4248292
17270,0.33463123
17271,0.359567
17272,-0.49562103
17273,-1.0040846
17274,0.6617694
17275,-0.8577562
17276,0.45098534
17277,-1.1707817
17278,1.2027826
17279,-0.79454803
17280,0.14355354
17281,-0.26981428
17282,-0.25048184
17283,-0.17514706
17284,-0.12402849
17285,-0.2934629
17286,0.35055777
17287,-2.2519588
17288,0.6931514
17289,0.052355576
17290,0.10507091
17291,2.0088577
17292,0.508448
17293,-0.21959691
17294,-1.3836211
17295,2.0232317
17296,-1.2149218
17297,0.029985562
17298,1.2393768
17299,0.73785996
17300,-0.046189703
17301,-1.4015511
17302,1.0500541
17303,0.43844298
17304,-0.27890238
17305,-0.27216086
17306,-0.03533782
17307,-0.015791878
17308,-0.36961314
17309,0.22811832
17310,-0.3282684
17311,1.0949478
17312,-0.12284902
17313,0.17113982
17314,-2.2419586
17315,0.38779628
17316,2.470795
17317,0.4933456
17318,0.5246329
17319,-0.24570097
17320,-0.3588933
17321,-2.1107378
17322,1.3687627
17323,-0.24764264
17324,-0.011808368
17325,1.1314434
17326,0.53281444
17327,0.67384386
17328,-0.8900564
17329,-0.6208897
17330,-1.2865971
17331,2.654478
17332,-1.267153
17333,0.4146743
17334,-0.46764725
17335,-0.05603808
17336,0.24662293
17337,-0.68273175
17338,-2.2364013
17339,-0.06463778
17340,-1.3268553
17341,-1.8769096
17342,-1.2090758
17343,0.8155289
17344,-0.38224307
17345,-0.3825668
17346,-0.13522287
17347,-0.23533279
17348,0.3671086
17349,-0.4763499
17350,0.9326254
17351,0.53015023
17352,-1.1054871
17353,0.56181514
17354,-0.3334036
17355,-0.5253438
17356,1.0405631
17357,0.4434678
17358,-0.7713834
17359,0.21568759
17360,-1.0230161
17361,-0.16236782
17362,-0.62136936
17363,-0.40404877
17364,-0.12056216
17365,-0.37828663
17366,0.059250575
17367,-1.0382568
17368,-0.17621942
17369,-2.1252508
17370,-0.09029053
17371,-1.1464927
17372,0.015984789
17373,-1.2734786
17374,-0.7762881
17375,-0.7985111
17376,-1.3230382
17377,-1.2444885
17378,-0.9926525
17379,-1.7205911
17380,-0.5309632
17381,-1.1017036
17382,-0.5763919
17383,-0.4420879
17384,-0.45487756
17385,-0.8543962
17386,-0.02374201
17387,-0.902386
17388,-0.49374223
17389,-1.1968517
17390,0.3454168
17391,-0.63647
17392,0.46736643
17393,-0.1863847
17394,-0.1223959
17395,-0.23343727
17396,0.102958106
17397,-0.1863847
17398,-0.071255155
17399,-1.549977
17400,-0.35238698
17401,-1.6357099
17402,-1.2609104
17403,-0.9781033
17404,-0.8079433
17405,0.4764314
17406,-1.9297035
17407,2.1763499
17408,0.40124607
17409,-0.09940319
17410,-1.4614784
17411,2.0528226
17412,0.5135924
17413,-1.2682257
17414,-0.1702869
17415,-0.1788865
17416,-0.42742285
17417,-1.4121972
17418,0.35641772
17419,-1.356654
17420,0.62216336
17421,-0.9744536
17422,0.07772281
17423,-2.108356
17424,0.39201748
17425,-1.4385196
17426,0.5235557
17427,-1.0726564
17428,0.7338916
17429,0.092693806
17430,-0.101577334
17431,-1.2846559
17432,0.3764023
17433,-1.1700047
17434,0.28406233
17435,-1.6149834
17436,0.31090635
17437,0.74367267
17438,0.68610394
17439,0.4966571
17440,-0.5516512
17441,-1.2513288
17442,-0.28562683
17443,-0.63733685
17444,2.739219
17445,-1.1176485
17446,-0.4665858
17447,-1.5366981
17448,-0.26792577
17449,-0.51326704
17450,1.5447037
17451,-1.2055436
17452,-0.28934482
17453,-1.5731778
17454,2.7515218
17455,-1.5694542
17456,-0.22010453
17457,-1.7608434
17458,2.5155635
17459,-1.3544233
17460,-1.0970563
17461,-0.19890517
17462,0.25376892
17463,-0.9037194
17464,-1.5714257
17465,-0.5321017
17466,-0.0015420556
17467,-0.073324025
17468,-0.916294
17469,0.03717092
17470,0.047159348
17471,-0.033532485
17472,-0.372021
17473,-0.22112863
17474,-0.08310535
17475,-0.06646355
17476,0.07953069
17477,-0.25936833
17478,-1.0570383
17479,-0.28602874
17480,0.16333991
17481,2.5708044
17482,-1.6580832
17483,-0.38454366
17484,-0.10337755
17485,-0.39132297
17486,0.22511946
17487,-0.24846068
17488,0.07354527
17489,-0.94246083
17490,0.07354527
17491,-1.4685076
17492,-0.0140864765
17493,-0.029095512
17494,0.46428713
17495,-0.74169666
17496,-0.5416555
17497,-0.40485123
17498,0.14968552
17499,-0.57662684
17500,-0.45487756
17501,-0.29727638
17502,-1.1993728
17503,-0.40600476
17504,-0.07835294
17505,-0.8707984
17506,-0.515062
17507,-0.5321543
17508,0.18374461
17509,-0.57662684
17510,-0.81123847
17511,-0.7254077
17512,0.1329211
17513,-1.6764336
17514,-0.41602585
17515,0.095313534
17516,-0.09029053
17517,-0.09029053
17518,-0.06549563
17519,-1.0825099
17520,0.02059911
17521,-0.07811207
17522,-1.2003994
17523,-0.09245437
17524,-1.0607337
17525,-0.09029053
17526,-0.9830566
17527,-0.13754535
17528,-0.8226433
17529,-0.07588788
17530,-0.9763864
17531,-0.03619327
17532,-0.7286406
17533,-0.008003636
17534,-1.7965673
17535,-0.07588788
17536,-1.7082957
17537,-0.040141687
17538,-1.7701544
17539,-0.5150045
17540,-0.6076722
17541,-0.61106133
17542,-0.32191256
17543,-1.6764336
17544,-0.53204966
17545,-0.6553911
17546,-0.7924271
17547,-1.026259
17548,-0.79506475
17549,-0.99945384
17550,0.06000001
17551,-1.2070482
17552,-0.77768606
17553,-1.107118
17554,0.26486337
17555,-1.2070482
17556,-0.6581355
17557,-1.3719617
17558,0.010902126
17559,0.46109426
17560,-0.50961816
17561,0.1790986
17562,-1.2338505
17563,-0.7164457
17564,-1.0325339
17565,0.16464467
17566,-0.33258927
17567,0.076031044
17568,0.022373231
17569,-0.29727638
17570,0.080079615
17571,-0.1736225
17572,-0.27762103
17573,0.059389997
17574,-0.113845155
17575,-0.101038896
17576,-0.29727638
17577,0.029543033
17578,-0.12524243
17579,-0.07163673
17580,-0.30288136
17581,0.0510888
17582,-0.29922876
17583,0.0510888
17584,-0.081901535
17585,-0.36439174
17586,-0.05387936
17587,-0.17749722
17588,-0.003446538
17589,-0.27613544
17590,0.076031044
17591,-0.3639172
17592,-0.29727638
17593,0.0510888
17594,-0.29381528
17595,-0.31390524
17596,-1.2070482
17597,-0.50164545
17598,0.6421025
17599,-1.323568
17600,-0.6904901
17601,0.022318583
17602,-1.4698465
17603,1.053316
17604,-1.7052366
17605,-1.0953574
17606,0.38749048
17607,-1.2338505
17608,-1.0128782
17609,0.47270715
17610,-1.3039659
17611,-0.80858094
17612,0.69642097
17613,0.6755454
17614,0.44232976
17615,-1.1032997
17616,1.7617756
17617,0.61957335
17618,0.1741526
17619,-1.521823
17620,2.1415665
17621,0.5237679
17622,2.25844
17623,-1.2663635
17624,0.63409007
17625,-1.1484566
17626,2.0696185
17627,0.3577442
17628,0.06104618
17629,-1.41166
17630,2.2390065
17631,0.54712355
17632,0.29355446
17633,-1.3153696
17634,2.2133589
17635,0.53105354
17636,0.23544706
17637,-1.2262101
17638,2.3223085
17639,0.53105354
17640,-0.055410948
17641,-1.5631498
17642,2.3082836
17643,0.65325886
17644,0.16436698
17645,-3.9760113
17646,0.13322215
17647,0.19117033
17648,0.10111617
17649,0.20672819
17650,0.108884856
17651,-1.4385196
17652,-1.5261878
17653,0.5978022
17654,-1.5020396
17655,0.5908908
17656,-1.3754927
17657,0.30295017
17658,-1.4122344
17659,0.56871766
17660,-1.43348
17661,0.36241755
17662,-1.3987259
17663,0.33842972
17664,-1.1634829
17665,-0.047296472
17666,-1.3944991
17667,0.33842972
17668,-1.3039659
17669,0.4516105
17670,-1.2650723
17671,0.34452367
17672,-1.3157562
17673,0.6924215
17674,-1.3157562
17675,0.18252939
17676,0.27213448
17677,0.75643903
17678,0.28133535
17679,-0.577792
17680,0.40385726
17681,0.56657827
17682,0.3210019
17683,-0.9009103
17684,0.34297234
17685,0.68610394
17686,0.3210019
17687,-0.7918272
17688,0.5405701
17689,0.39310434
17690,0.20949332
17691,-0.5516512
17692,0.27018803
17693,0.93373746
17694,0.9562497
17695,-0.8401688
17696,0.40385726
17697,0.56657827
17698,0.45816243
17699,-0.8611037
17700,0.37525958
17701,0.48116362
17702,-1.0565686
17703,0.74367267
17704,1.3942928
17705,-0.53373975
17706,0.04079235
17707,0.5811111
17708,0.4744009
17709,-0.8414668
17710,0.27018803
17711,0.91029155
17712,0.5131177
17713,-0.4876396
17714,-0.21959691
17715,-1.7346348
17716,1.7635434
17717,-1.5279976
17718,-0.44011495
17719,-0.6374589
17720,1.7620301
17721,-1.1145321
17722,-0.24632694
17723,-1.4405311
17724,2.221246
17725,-1.9418149
17726,-0.52011967
17727,-1.3221048
17728,2.5893168
17729,-3.1477017
17730,-0.24632694
17731,-0.4893743
17732,2.5704503
17733,-1.1909969
17734,-0.27895388
17735,-1.3221048
17736,2.345605
17737,-1.2294171
17738,-0.31856564
17739,-1.1433059
17740,2.10292
17741,-1.7898177
17742,0.08081974
17743,0.27698317
17744,-0.0253736
17745,0.4589098
17746,0.26052678
17747,-0.87049717
17748,0.29909995
17749,0.79587185
17750,0.28973126
17751,0.8960937
17752,0.824384
17753,-0.73666227
17754,-0.45487756
17755,-0.16418037
17756,-0.12728582
17757,-0.8643114
17758,-0.53204966
17759,-0.60761905
17760,0.20500782
17761,-0.62136936
17762,-0.7586689
17763,-0.36321324
17764,0.093704656
17765,-0.57662684
17766,-0.46551213
17767,-0.718193
17768,0.02487339
17769,-0.62136936
17770,-1.020371
17771,-0.19350387
17772,-0.05533228
17773,-0.40282148
17774,-0.5842229
17775,-0.037843686
17776,0.31510812
17777,-0.6826543
17778,-0.515062
17779,-0.27942914
17780,-0.26580736
17781,-0.48388228
17782,-0.45487756
17783,-0.43877944
17784,0.017166406
17785,-0.8643114
17786,-0.60155356
17787,-0.437592
17788,0.08106737
17789,-0.9980322
17790,0.07399672
17791,-0.8226433
17792,0.07661426
17793,-0.8782279
17794,-0.067421146
17795,-0.8073088
17796,-0.17499377
17797,-1.0902001
17798,0.03211564
17799,-0.8457077
17800,-0.17160262
17801,-1.2374681
17802,0.12572104
17803,-1.0902001
17804,0.093636274
17805,-1.6080569
17806,-0.0811663
17807,-1.0209479
17808,-0.07588788
17809,-1.5938326
17810,-0.055410948
17811,-0.7058717
17812,-0.040141687
17813,-0.79874057
17814,0.3794682
17815,-1.5483814
17816,0.4593539
17817,-1.3505095
17818,0.102297656
17819,-0.034755904
17820,-1.3680304
17821,-0.062969096
17822,-1.3492608
17823,-0.03619327
17824,-1.6420714
17825,0.04161236
17826,0.06104618
17827,-0.92095697
17828,-0.055410948
17829,-0.067421146
17830,0.4327426
17831,-0.49936116
17832,-0.9513283
17833,-1.3875225
17834,-1.0421419
17835,-1.4789116
17836,-0.8799549
17837,-1.3076658
17838,-0.9662965
17839,-1.497838
17840,-1.039872
17841,-1.1829184
17842,-0.7762881
17843,-0.70233715
17844,0.17349382
17845,-0.9075257
17846,-0.49068266
17847,-0.7988051
17848,-0.12651421
17849,-1.1555634
17850,-0.6098926
17851,-1.0431017
17852,0.3009983
17853,-1.3769349
17854,-0.88817424
17855,-1.3098574
17856,0.27547044
17857,-1.885456
17858,-0.7353798
17859,-0.52960056
17860,0.1888454
17861,-1.7795633
17862,-0.86048585
17863,-1.034837
17864,-0.30607045
17865,-1.0466388
17866,-0.94121474
17867,-0.9594936
17868,0.28166872
17869,-1.1804572
17870,-1.4993201
17871,-0.7551064
17872,-0.02125939
17873,-1.3054622
17874,-0.61377573
17875,-1.1475289
17876,-0.052131705
17877,-1.3414143
17878,-0.5810212
17879,-1.0860581
17880,0.0671187
17881,0.11501759
17882,-0.10237435
17883,-0.15689959
17884,0.20243913
17885,-0.27077046
17886,-0.42125016
17887,-0.61325425
17888,-0.53204966
17889,-0.22103074
17890,-0.14085309
17891,-0.4035449
17892,-0.45487756
17893,-0.76572794
17894,-0.19832481
17895,-0.16295494
17896,-0.50933194
17897,-0.75678587
17898,-0.10375624
17899,-0.46958986
17900,-0.5842229
17901,-0.81422174
17902,-0.22735883
17903,-0.3164458
17904,0.15991138
17905,-0.26772532
17906,-0.06253937
17907,-0.27613544
17908,0.18196198
17909,-0.11753213
17910,-1.1028157
17911,-0.09004697
17912,0.059389997
17913,-0.12570736
17914,-0.0065204417
17915,-0.27613544
17916,-0.011974846
17917,-0.06656693
17918,-0.29727638
17919,0.029543033
17920,-0.0045765927
17921,-0.101038896
17922,-1.4557451
17923,-0.7887682
17924,-0.8597735
17925,0.32948613
17926,-0.16011843
17927,0.14485246
17928,-1.3534342
17929,-0.991623
17930,-0.6514308
17931,-1.0309292
17932,0.15605031
17933,-1.1357431
17934,0.22137292
17935,-0.3110082
17936,-1.6797692
17937,-0.7387927
17938,-0.7190219
17939,-1.4698465
17940,-1.0360844
17941,-0.9345984
17942,0.25864598
17943,0.37030527
17944,-2.0617435
17945,2.3279674
17946,0.55282164
17947,0.4630404
17948,-1.803175
17949,1.9006164
17950,0.5466378
17951,0.44070572
17952,-1.6143807
17953,2.1145504
17954,0.41921565
17955,0.50175357
17956,-1.3145027
17957,1.8059456
17958,0.51026297
17959,1.012508
17960,-0.8285913
17961,2.238697
17962,0.41921565
17963,0.14701663
17964,-3.8584397
17965,2.0207458
17966,0.36871934
17967,0.13640308
17968,-1.323398
17969,1.9850656
17970,0.5237679
17971,0.5213623
17972,-1.4576138
17973,2.1044633
17974,0.5898213
17975,0.23544706
17976,-0.24258135
17977,-0.95067453
17978,1.60777
17979,0.28664204
17980,-0.88002986
17981,0.5172906
17982,-1.3157562
17983,0.25312343
17984,-1.2831057
17985,-1.3157562
17986,0.65642345
17987,-1.2197348
17988,0.40869486
17989,-1.4555573
17990,0.6586065
17991,-1.2410015
17992,-0.3955932
17993,-0.27401367
17994,-0.18058887
17995,-1.0857887
17996,0.38057014
17997,-1.2425065
17998,0.6586065
17999,-0.25758892
18000,-0.050068732
18001,0.31172043
18002,-1.8281817
18003,-1.7965758
18004,0.41505158
18005,-1.9340075
18006,-1.6741447
18007,-1.4468564
18008,1.1258495
18009,-1.5279125
18010,0.8285524
18011,-1.2839155
18012,0.4487984
18013,0.108884856
18014,0.13865954
18015,-0.057894614
18016,-1.0071536
18017,0.26890007
18018,-2.3560643
18019,0.68968594
18020,-1.7475622
18021,-0.20836931
18022,0.058831073
18023,-0.15394743
18024,-0.4955476
18025,-0.3560015
18026,0.20247263
18027,-0.54783237
18028,-1.661493
18029,-1.5636641
18030,0.270213
18031,0.5693463
18032,0.6653278
18033,0.5693463
18034,0.20949332
18035,0.42773458
18036,-0.7228716
18037,0.6192579
18038,-1.3329701
18039,0.37903807
18040,0.51132864
18041,0.7711292
18042,-0.24444933
18043,-1.0246149
18044,0.2774565
18045,-1.1495152
18046,0.09789186
18047,-1.1357431
18048,0.47993195
18049,-3.8599558
18050,0.18501796
18051,-1.7070007
18052,0.3968337
18053,-1.0890191
18054,0.24750315
18055,-1.1217809
18056,0.5154522
18057,-0.39558494
18058,0.576956
18059,0.03279365
18060,-0.5937108
18061,0.15428859
18062,0.7034123
18063,0.1674656
18064,-0.7540824
18065,0.30087352
18066,0.9284356
18067,0.4728117
18068,-0.38948303
18069,0.30087352
18070,0.80087364
18071,0.36768612
18072,0.9887047
18073,0.4226776
18074,0.9110111
18075,-0.31180298
18076,-1.3268553
18077,-1.3104719
18078,-0.33371398
18079,-1.4402182
18080,2.4315205
18081,-1.903994
18082,-0.15298858
18083,-0.4001303
18084,2.46041
18085,-1.762404
18086,-0.40056932
18087,-0.41684946
18088,1.4051005
18089,-1.2294171
18090,-0.33722666
18091,-1.5366981
18092,2.490491
18093,-1.5303191
18094,-0.37992695
18095,-0.43829238
18096,2.522537
18097,-1.0774691
18098,-0.42158213
18099,-1.0331708
18100,2.6253908
18101,-1.5703678
18102,-0.26981428
18103,-0.35695076
18104,2.6340191
18105,-1.4977686
18106,-0.33618483
18107,-1.09985
18108,2.6264756
18109,-1.2055436
18110,0.20812398
18111,-1.9876797
18112,2.5842695
18113,-1.1469872
18114,0.0005778111
18115,-1.3303071
18116,2.9080155
18117,-0.2025667
18118,-0.35917026
18119,1.7635434
18120,-1.7320645
18121,-0.4552315
18122,-0.6234775
18123,2.6340191
18124,-0.90364575
18125,-1.4833025
18126,-0.23544274
18127,0.066467576
18128,-1.0808771
18129,-1.3157562
18130,-0.19826214
18131,-0.25998282
18132,-0.30059436
18133,-1.5826131
18134,-0.19875795
18135,-0.28650007
18136,-0.16683894
18137,0.9210064
18138,-0.2166137
18139,0.09232032
18140,0.32033804
18141,1.065906
18142,-0.40300223
18143,-0.42440677
18144,-1.1463058
18145,0.37271747
18146,-0.76666814
18147,-1.1463058
18148,0.54612595
18149,-0.5599687
18150,-1.1093498
18151,0.49196622
18152,-0.2620537
18153,-1.5086757
18154,0.44061023
18155,-0.74327904
18156,-0.9124286
18157,0.34191367
18158,-0.5229536
18159,-1.6089219
18160,-0.15886901
18161,-2.0466912
18162,0.65501684
18163,-0.4234321
18164,-0.8794793
18165,0.8090917
18166,-0.3823009
18167,0.12936687
18168,-0.10296674
18169,-0.409153
18170,-0.007630211
18171,-0.008106822
18172,-0.3284017
18173,0.080079615
18174,-0.103013165
18175,-0.37246993
18176,-0.45033333
18177,-0.06051014
18178,-0.2879571
18179,0.050442588
18180,-0.25611606
18181,-0.33598906
18182,0.19694638
18183,-0.11936947
18184,-0.04958839
18185,0.30638066
18186,-0.12524243
18187,-0.06685474
18188,1.1789262
18189,-0.5345682
18190,-0.0019199278
18191,0.82909584
18192,-0.3237236
18193,-1.2288629
18194,0.27913713
18195,-2.1456633
18196,-0.2844451
18197,0.16013837
18198,-0.27518007
18199,0.07354527
18200,-0.27201772
18201,0.18742913
18202,-1.7448715
18203,-0.504248
18204,-0.07523146
18205,-0.20146245
18206,-0.2568041
18207,-0.3990923
18208,-0.081337266
18209,-0.3583941
18210,-0.1387985
18211,-0.42907786
18212,0.19587424
18213,-0.26340964
18214,-0.15307975
18215,-0.2354856
18216,-0.30555794
18217,-0.33004117
18218,-0.26257834
18219,-0.25321767
18220,-0.061869517
18221,-0.6909733
18222,-0.257928
18223,0.08263632
18224,-3.0354404
18225,-0.36054757
18226,-0.024853999
18227,-0.75970215
18228,-0.41716903
18229,-0.1882076
18230,-1.3680745
18231,-0.14237046
18232,-0.2869181
18233,-1.0971891
18234,-0.31251973
18235,0.16013837
18236,-1.0542527
18237,-0.27201772
18238,-0.25983474
18239,0.47887108
18240,0.010606844
18241,0.36570787
18242,-0.34434497
18243,-0.36054757
18244,-0.32820067
18245,-0.24233067
18246,-0.35277689
18247,0.82869774
18248,0.07404348
18249,0.36570787
18250,-1.6764336
18251,-0.45487756
18252,-0.43877944
18253,0.13073373
18254,-0.6563566
18255,-0.2611409
18256,-0.73666227
18257,-0.64595884
18258,-0.07706109
18259,0.5165987
18260,-0.61315703
18261,-0.4878541
18262,-0.68096256
18263,-0.61315703
18264,-0.43094203
18265,-0.07506755
18266,0.017166406
18267,-0.52536726
18268,-0.40205228
18269,-0.032852843
18270,-0.005610398
18271,-0.73666227
18272,-0.5842229
18273,-0.4060177
18274,0.1973732
18275,-0.3284017
18276,-0.13775744
18277,-0.30271795
18278,-0.8562061
18279,-0.08823322
18280,0.0510888
18281,-0.1143869
18282,-0.08703294
18283,-0.33895546
18284,0.03063321
18285,-0.07605277
18286,-0.39962938
18287,-0.6661151
18288,-0.7969431
18289,-0.30048543
18290,-0.4130717
18291,-1.5231407
18292,-0.5133441
18293,0.64656514
18294,-0.61315703
18295,-0.70969313
18296,-0.60761905
18297,-0.57350415
18298,-0.51710474
18299,-0.45487756
18300,-0.46528536
18301,-0.071501195
18302,-0.6661151
18303,-0.5416555
18304,-0.7254077
18305,-0.24041866
18306,-0.2311267
18307,0.0510888
18308,-0.46405703
18309,-0.08888594
18310,-0.42422828
18311,-0.53204966
18312,-0.42450616
18313,-0.086725004
18314,-0.29727638
18315,0.16097565
18316,-0.22233193
18317,-0.73666227
18318,-0.29496053
18319,0.076031044
18320,-0.73666227
18321,0.19236967
18322,-0.011926928
18323,-0.07588788
18324,-0.055410948
18325,-0.044197425
18326,0.121427804
18327,0.059250575
18328,0.038983576
18329,-1.2788612
18330,-0.013377188
18331,-1.2788612
18332,-0.07811207
18333,-1.2815789
18334,-0.03619327
18335,-1.0679445
18336,0.47100317
18337,-1.0472461
18338,-0.044197425
18339,-1.3181152
18340,-0.09245437
18341,-1.1790255
18342,-0.03619327
18343,-1.9468126
18344,0.41411862
18345,-1.6337255
18346,0.189588
18347,-1.5471145
18348,-0.17160262
18349,-1.8914524
18350,0.13036717
18351,-1.0792502
18352,-0.03619327
18353,-1.260385
18354,0.44170702
18355,-1.2483183
18356,-0.14421871
18357,-1.5309879
18358,-0.03619327
18359,-2.6851242
18360,-0.09029053
18361,-0.09029053
18362,-0.8457077
18363,-0.008722728
18364,-1.3776448
18365,-0.012589076
18366,-2.4090905
18367,-0.09029053
18368,-1.4684561
18369,-0.034204107
18370,-1.1478925
18371,-0.03619327
18372,-0.8313623
18373,-0.053802494
18374,-1.080485
18375,-0.442676
18376,-1.1335418
18377,-1.921041
18378,-0.994511
18379,-0.7652997
18380,-1.2740028
18381,-0.57662684
18382,-0.46551213
18383,-1.1982431
18384,-0.7886505
18385,-0.57662684
18386,-0.20317928
18387,-1.0308982
18388,-0.35874984
18389,-0.61325425
18390,-0.96948904
18391,-1.0006548
18392,-1.3389305
18393,-0.72222894
18394,-0.8113756
18395,-1.0709643
18396,0.14718778
18397,-0.48388228
18398,-0.5008727
18399,-0.49207732
18400,-0.071318015
18401,-0.42779595
18402,-0.515062
18403,-1.0608945
18404,0.015008041
18405,-1.2785314
18406,-0.71359795
18407,-1.3728197
18408,0.24302307
18409,-1.4983785
18410,-0.7810916
18411,-1.3219023
18412,0.27547044
18413,-0.8909673
18414,-0.898931
18415,-1.1482593
18416,0.27547044
18417,-1.5250756
18418,-0.64258325
18419,-1.0553509
18420,0.49473685
18421,-1.307482
18422,-0.6603722
18423,-1.1326904
18424,0.29765573
18425,-1.2609104
18426,-0.81667864
18427,-1.1377052
18428,0.42544112
18429,-1.3534342
18430,-0.5782584
18431,-1.1859534
18432,0.24570698
18433,-1.3937836
18434,-0.9021187
18435,-1.0448571
18436,0.15947464
18437,-1.4698465
18438,-0.7758179
18439,-1.0684667
18440,0.32992363
18441,0.29393926
18442,0.665404
18443,-0.2166177
18444,0.44597614
18445,0.6197176
18446,0.22195959
18447,0.8308433
18448,-0.3666401
18449,0.6441538
18450,0.31463933
18451,0.6890352
18452,0.54250795
18453,0.38634664
18454,-2.1110241
18455,-0.00053641293
18456,-1.6530855
18457,-1.0219623
18458,-2.3157763
18459,-0.11784373
18460,-1.4817649
18461,-1.068225
18462,-1.107118
18463,0.062909834
18464,-0.94148
18465,-0.8344777
18466,-1.0751346
18467,0.29244274
18468,-1.2070482
18469,-0.8627978
18470,-1.0137584
18471,0.23287222
18472,-1.1555634
18473,-0.7758179
18474,-0.88985807
18475,-0.10613749
18476,-0.33258927
18477,-0.16710007
18478,-0.05433171
18479,-0.29727638
18480,0.080079615
18481,-0.12126129
18482,-0.083114125
18483,-0.25308958
18484,0.10880101
18485,-0.21315902
18486,0.05812957
18487,-0.2052543
18488,-0.09616589
18489,-0.20177418
18490,0.2580906
18491,-0.21315902
18492,-0.14053357
18493,-0.062288657
18494,-0.1353952
18495,-0.29727638
18496,0.19694638
18497,-0.18782048
18498,-0.33258927
18499,-0.0044862507
18500,-0.08500698
18501,-0.021390248
18502,0.16097565
18503,-0.07725211
18504,-0.07835294
18505,-0.12341812
18506,0.10880101
18507,-0.20706683
18508,-0.40288398
18509,-0.35438845
18510,-0.0044862507
18511,-0.186776
18512,-0.20871697
18513,-0.0077908947
18514,0.050442588
18515,-0.09056235
18516,-2.9943805
18517,-0.17321801
18518,-0.45033333
18519,-0.2170561
18520,-0.08093589
18521,-0.35194796
18522,0.10880101
18523,-0.20706683
18524,-0.64013326
18525,-0.36571082
18526,-0.2356554
18527,-0.21886545
18528,0.022059118
18529,-0.25414106
18530,0.0510888
18531,-0.095293805
18532,-0.34926152
18533,-0.3445454
18534,0.10880101
18535,-0.4507797
18536,-0.25995257
18537,-0.26930156
18538,0.029838359
18539,-0.064848274
18540,-0.25809768
18541,-0.5254477
18542,-0.003179711
18543,-0.09293311
18544,-0.29137683
18545,0.0510888
18546,-0.55536515
18547,-0.08888594
18548,-0.90428853
18549,-1.798323
18550,-1.2450854
18551,-0.17246094
18552,-1.4479954
18553,-3.756993
18554,-1.2555417
18555,-1.3601253
18556,-1.3749046
18557,-1.3769349
18558,0.34380454
18559,-2.1898987
18560,0.8467728
18561,-1.0397332
18562,-0.7560002
18563,0.7953564
18564,-1.2984021
18565,-1.2223698
18566,0.8192857
18567,-1.3534342
18568,-1.2444885
18569,0.80617607
18570,-1.2070482
18571,-0.8946896
18572,0.6011304
18573,-2.730321
18574,-0.31499866
18575,0.7018706
18576,0.71715635
18577,0.57270515
18578,0.6370676
18579,0.45015684
18580,-0.055410948
18581,-1.4164226
18582,1.8452188
18583,0.7271156
18584,0.2730116
18585,-1.563387
18586,1.9186963
18587,0.5466378
18588,0.17229244
18589,-1.5050215
18590,2.2732582
18591,0.54069144
18592,0.29696065
18593,-1.4927381
18594,2.1084335
18595,0.45340723
18596,0.3970393
18597,-1.2123284
18598,1.9215665
18599,0.65424806
18600,0.40970948
18601,-1.4692113
18602,1.7283334
18603,0.5898213
18604,0.1741526
18605,-1.587535
18606,2.246406
18607,0.45422125
18608,-1.5701033
18609,-0.32292342
18610,-0.1788865
18611,-0.28609782
18612,0.3970393
18613,-1.2141354
18614,2.4011433
18615,0.5217232
18616,0.1932638
18617,-1.3494396
18618,1.8376722
18619,0.37291443
18620,0.3552852
18621,-1.3754872
18622,2.1838424
18623,0.25299686
18624,0.33810174
18625,-1.2934377
18626,2.3658445
18627,0.41303593
18628,0.027481558
18629,-1.3627912
18630,2.219911
18631,0.45588645
18632,-0.34218144
18633,-1.534975
18634,2.3621511
18635,0.53681576
18636,2.1662986
18637,-1.6837231
18638,0.36585385
18639,-2.608018
18640,-1.3944991
18641,-0.20836931
18642,-0.029455692
18643,0.1105363
18644,-1.5592684
18645,2.1010945
18646,0.5824766
18647,0.032484386
18648,-1.6202751
18649,2.304632
18650,0.51985484
18651,0.15824799
18652,0.25445336
18653,0.08627222
18654,0.22045235
18655,0.25151733
18656,0.14879584
18657,0.032239504
18658,0.13516912
18659,0.18609956
18660,0.08627222
18661,0.10111617
18662,0.16779628
18663,-1.3661306
18664,0.4516105
18665,-1.2905673
18666,0.4658644
18667,-1.3157562
18668,-1.8716596
18669,0.5978022
18670,-1.3157562
18671,0.45256728
18672,-1.6541989
18673,-1.1844316
18674,0.06830023
18675,-2.340822
18676,0.35641772
18677,-1.3476889
18678,0.35641772
18679,-1.2562023
18680,0.26242888
18681,-1.1771786
18682,0.33842972
18683,-1.43348
18684,0.40274623
18685,-1.9589721
18686,0.65642345
18687,-1.856234
18688,0.4487984
18689,-1.4385196
18690,0.13047911
18691,-1.3116646
18692,0.74768627
18693,-1.0410082
18694,-2.2424364
18695,-1.2562023
18696,0.6320545
18697,-1.1159807
18698,0.72477114
18699,-1.2215465
18700,0.18252939
18701,-1.6705115
18702,0.30295017
18703,-1.2031333
18704,0.30295017
18705,-1.4278892
18706,0.38869348
18707,-1.2779456
18708,0.1235077
18709,0.3020346
18710,1.1687105
18711,0.38363072
18712,-0.47110352
18713,0.40385726
18714,0.58201796
18715,1.441519
18716,-0.047382694
18717,0.14179422
18718,0.77346516
18719,0.48683763
18720,-1.1384944
18721,0.27018803
18722,0.86670834
18723,0.32392502
18724,-0.5405902
18725,0.32167223
18726,0.54180384
18727,0.2473349
18728,-0.6260835
18729,0.40385726
18730,0.56657827
18731,0.60984063
18732,-0.55861145
18733,0.92941743
18734,0.9358502
18735,0.50555354
18736,-0.7126413
18737,0.27018803
18738,0.75643903
18739,0.076332875
18740,-0.8020736
18741,0.78045803
18742,0.41056913
18743,0.34093618
18744,-0.7886554
18745,0.40908793
18746,0.5214256
18747,0.60984063
18748,-0.45714334
18749,0.37379116
18750,0.84470403
18751,0.60984063
18752,-1.0507867
18753,0.587391
18754,0.5777652
18755,-0.670686
18756,0.27018803
18757,0.49491262
18758,0.4071793
18759,-0.6519125
18760,0.36066777
18761,0.5686567
18762,0.60984063
18763,-0.3762818
18764,-0.4889257
18765,0.79299664
18766,0.052712496
18767,-0.91521126
18768,-0.21700749
18769,0.17090645
18770,0.1468116
18771,-0.6628538
18772,0.31835118
18773,0.9968323
18774,0.18625188
18775,1.1260192
18776,-0.19935474
18777,1.0729887
18778,0.06980255
18779,0.31681576
18780,0.6999929
18781,0.4651991
18782,0.044387527
18783,0.37061426
18784,1.2030053
18785,0.14230958
18786,-0.32509115
18787,-0.24632694
18788,-0.21701485
18789,2.654478
18790,-0.78607345
18791,-1.2225388
18792,-1.4591929
18793,2.5805368
18794,-0.58183193
18795,-1.091964
18796,2.558867
18797,-1.1648138
18798,-0.51023257
18799,-1.4188236
18800,2.532707
18801,-1.2051189
18802,-0.21959691
18803,-1.2561725
18804,2.0089803
18805,-1.1959579
18806,-0.26981428
18807,-1.4402182
18808,2.490491
18809,-1.1145321
18810,0.19156407
18811,-1.4777737
18812,2.46041
18813,-1.8024539
18814,-0.28020096
18815,-1.2342613
18816,2.650666
18817,-1.1889238
18818,-0.34783936
18819,-1.3655273
18820,-1.1648138
18821,-0.36709598
18822,-0.4021572
18823,2.4721951
18824,-1.1924337
18825,-0.2840574
18826,-1.30528
18827,2.4645152
18828,-1.484456
18829,-0.3334036
18830,-0.45912305
18831,2.5155635
18832,-1.7502385
18833,-0.1525905
18834,-0.66337425
18835,2.9080155
18836,-1.8425668
18837,-0.2374643
18838,-1.8728862
18839,2.532707
18840,-1.8098199
18841,-0.39555097
18842,-1.7936816
18843,2.6741815
18844,-1.7361495
18845,-0.1276675
18846,-1.5727278
18847,2.3212306
18848,-1.4585241
18849,-0.24644096
18850,-1.30528
18851,2.1974266
18852,-1.3912275
18853,-0.109029636
18854,-0.7096325
18855,2.4899325
18856,-1.7657714
18857,-0.20384213
18858,-0.62904304
18859,2.517335
18860,-1.3440989
18861,0.1795913
18862,0.29236937
18863,0.09019376
18864,0.05940965
18865,0.19149463
18866,0.28527123
18867,-0.068431504
18868,0.06278434
18869,0.0721756
18870,0.63136864
18871,-0.45867035
18872,-1.6725905
18873,0.54953516
18874,-0.98746014
18875,-1.2703813
18876,0.32496667
18877,0.7737444
18878,-0.2629177
18879,0.27793562
18880,0.4759292
18881,-0.34594828
18882,-0.43094203
18883,-0.36041105
18884,-0.61315703
18885,-0.49410623
18886,-0.35368976
18887,0.035827257
18888,-0.3764208
18889,0.7680928
18890,-0.2758597
18891,-0.61315703
18892,0.48116362
18893,-0.6716547
18894,0.084551714
18895,0.28986567
18896,-0.5046099
18897,-0.61315703
18898,-0.4878541
18899,-0.50429225
18900,-0.2948922
18901,-0.42679837
18902,-0.5679618
18903,0.34908688
18904,0.22295196
18905,0.05890559
18906,-1.2491608
18907,5.738175e-05
18908,0.067829095
18909,-1.9068472
18910,0.34742504
18911,-1.3634386
18912,0.030785842
18913,-1.252117
18914,-1.3552133
18915,-1.4279019
18916,-0.3375267
18917,-0.75911814
18918,0.4172721
18919,-2.0919428
18920,0.021870142
18921,-1.7364295
18922,0.092932835
18923,-0.1500912
18924,-0.09029053
18925,-2.16981
18926,-0.055410948
18927,-1.2833376
18928,-0.07654191
18929,-0.008003636
18930,-1.4373629
18931,-0.37250835
18932,-1.1149248
18933,0.04229426
18934,-0.7286406
18935,0.20842463
18936,-1.3850094
18937,0.092932835
18938,-1.482316
18939,-0.09245437
18940,-1.9741548
18941,0.046990078
18942,-0.32203156
18943,-0.07811207
18944,-0.08661871
18945,-1.7474254
18946,-0.3067084
18947,0.52019745
18948,0.25050566
18949,-0.23661216
18950,0.5063984
18951,-1.4611977
18952,-0.7865477
18953,0.2178995
18954,-0.070451744
18955,-0.521501
18956,0.52019745
18957,-0.13691397
18958,-1.2006966
18959,0.4819063
18960,-0.13341773
18961,-0.72932553
18962,0.17784859
18963,0.39502224
18964,-0.53092676
18965,-0.15717761
18966,-1.538224
18967,-0.9392284
18968,0.45856827
18969,-0.03619327
18970,-0.21639736
18971,0.5101343
18972,-0.07588788
18973,-0.52080506
18974,0.22743908
18975,-0.08151631
18976,0.11872888
18977,0.38291356
18978,-1.3054622
18979,-0.7616193
18980,-1.1444391
18981,0.010902126
18982,-1.357182
18983,-0.6316354
18984,-1.4001421
18985,0.09982104
18986,-0.26919737
18987,-0.186776
18988,-0.3026024
18989,0.21901569
18990,-0.23124488
18991,0.021075178
18992,0.036832254
18993,-0.2663307
18994,0.2673704
18995,-0.31889033
18996,-0.40282148
18997,-1.0287739
18998,-0.39646202
18999,-0.96598536
19000,-0.4878541
19001,-0.10655059
19002,0.1044638
19003,-1.0651573
19004,0.45804343
19005,-0.83620495
19006,-1.3656613
19007,-0.08283225
19008,-0.81506926
19009,-0.33999324
19010,-0.032675184
19011,-0.7312221
19012,-0.29496053
19013,0.059389997
19014,-0.21315902
19015,-0.3284017
19016,-0.061275445
19017,-0.24492384
19018,-0.409153
19019,0.029543033
19020,-0.186776
19021,-1.2070482
19022,-0.5052849
19023,-0.7765216
19024,0.72106075
19025,-0.045850076
19026,-0.40636355
19027,0.48523307
19028,-2.397432
19029,-0.41467765
19030,-0.73923546
19031,-1.4381937
19032,-0.5174141
19033,-0.6845439
19034,-1.2609104
19035,-1.2717757
19036,-1.3660036
19037,0.189588
19038,-0.7589046
19039,-0.1413053
19040,0.16727921
19041,0.094606765
19042,-0.4940406
19043,0.19806011
19044,0.15292403
19045,-1.5371164
19046,0.5800707
19047,-1.7095599
19048,-0.23452054
19049,1.9328347
19050,-1.1784291
19051,0.3917224
19052,-0.9074199
19053,2.2587142
19054,0.4613239
19055,-0.50216126
19056,2.4021783
19057,-1.7217273
19058,0.10655555
19059,-1.323398
19060,-0.009142515
19061,0.2617618
19062,-1.2946047
19063,2.3298056
19064,0.5832331
19065,-1.2839155
19066,-0.31059924
19067,0.04534795
19068,0.3282018
19069,-1.5816394
19070,1.8884012
19071,0.62213695
19072,-1.4562699
19073,-0.33506754
19074,-0.33349368
19075,0.65642345
19076,-1.701316
19077,0.40274623
19078,-1.655067
19079,0.40274623
19080,-1.3429812
19081,0.38580763
19082,-0.44038582
19083,0.19041234
19084,-3.9656928
19085,0.37342966
19086,-0.24563514
19087,2.5547657
19088,-1.396161
19089,-0.015495135
19090,-2.2656648
19091,0.20439231
19092,-0.4046616
19093,0.1463475
19094,-0.06411919
19095,-1.6393186
19096,0.3329676
19097,-0.3458592
19098,-0.35112602
19099,0.26104397
19100,-1.5640022
19101,-0.9979943
19102,-1.2731392
19103,0.6134436
19104,-0.9095731
19105,0.42924243
19106,0.5720431
19107,0.26506367
19108,0.13516912
19109,0.13516912
19110,-0.05191969
19111,-1.0734867
19112,-2.1840525
19113,-0.3282684
19114,-0.022816058
19115,-1.6231173
19116,2.253352
19117,0.4989482
19118,-1.0394933
19119,-1.0792879
19120,-1.0548542
19121,1.5317336
19122,0.1674656
19123,-0.22118758
19124,-1.5545012
19125,0.6934733
19126,-0.56224626
19127,0.44400144
19128,-1.1901171
19129,0.2226678
19130,0.26276055
19131,-1.7234429
19132,0.503075
19133,-1.2846559
19134,0.5477176
19135,0.29445937
19136,-1.3970563
19137,0.2774565
19138,-3.3102782
19139,0.29854584
19140,-3.0729413
19141,0.60408235
19142,-1.9092003
19143,0.48818052
19144,-3.0779302
19145,0.056424942
19146,0.5313362
19147,-1.4381407
19148,0.22389106
19149,-1.0905105
19150,0.2784734
19151,-0.28031534
19152,-1.6314149
19153,0.68263125
19154,-0.44259858
19155,-0.7270142
19156,-0.07884992
19157,0.56657827
19158,0.49378425
19159,0.48335192
19160,0.6415405
19161,0.20949332
19162,-0.6226047
19163,0.32693756
19164,0.56541985
19165,0.68806773
19166,-0.52229
19167,-1.4307808
19168,-0.50952893
19169,-1.4402182
19170,2.4117458
19171,-0.24512646
19172,-0.244982
19173,-1.1555928
19174,2.594598
19175,-1.1469872
19176,-1.238855
19177,0.54057217
19178,-2.2449353
19179,0.5110173
19180,-0.24198866
19181,0.033969183
19182,0.18651292
19183,-1.0962309
19184,-0.2404435
19185,-2.0633411
19186,-1.2756877
19187,-0.19600087
19188,-0.9602116
19189,2.6447372
19190,-1.5315101
19191,-0.01566495
19192,-0.36653236
19193,0.41079447
19194,-0.22293457
19195,-0.33850887
19196,-1.5300442
19197,0.64752644
19198,-0.35759902
19199,-0.31856564
19200,-1.1824803
19201,1.6339027
19202,-1.1648138
19203,-0.027779741
19204,0.10507091
19205,-2.399415
19206,-0.03834651
19207,-1.3654372
19208,2.4645152
19209,-1.1145321
19210,-0.48868045
19211,-0.6052637
19212,2.522537
19213,-1.9020281
19214,-1.5391325
19215,-0.3888627
19216,-0.03885879
19217,0.03450023
19218,-1.2471167
19219,-0.19826214
19220,-0.1788865
19221,-0.09069376
19222,-1.182228
19223,-0.2389148
19224,-1.3787034
19225,0.6257109
19226,-1.3585817
19227,1.8604028
19228,0.034704346
19229,0.4700363
19230,-1.320974
19231,2.0614195
19232,0.49787536
19233,-0.22215663
19234,-0.5585405
19235,0.6318255
19236,-1.4061502
19237,0.19278185
19238,-0.3222255
19239,-1.4244848
19240,0.5691931
19241,-0.7306792
19242,-1.1563793
19243,0.2817905
19244,-0.4117271
19245,-1.4741557
19246,0.63128895
19247,-1.0379417
19248,-0.9606251
19249,0.6878729
19250,-1.3898627
19251,1.0291256
19252,-0.38287228
19253,-0.91937983
19254,-0.80791396
19255,-0.72025365
19256,-0.33598906
19257,0.029838359
19258,-1.062828
19259,0.3350571
19260,-1.6994164
19261,-0.04594517
19262,-1.700107
19263,-2.3119586
19264,-0.8330184
19265,-0.2655689
19266,-1.3074262
19267,-0.050016627
19268,-0.86026824
19269,-2.0503676
19270,-0.14205301
19271,-0.8020638
19272,-0.037356284
19273,0.45804343
19274,-0.580909
19275,0.20832856
19276,-1.7294004
19277,0.041863725
19278,-1.0570383
19279,-0.26989117
19280,0.041863725
19281,-1.3307394
19282,-0.40546575
19283,0.07354527
19284,-0.21411406
19285,0.07354527
19286,-0.16114281
19287,-1.2372843
19288,2.6134152
19289,-1.5401294
19290,-0.4063388
19291,-0.33032638
19292,-0.3237236
19293,0.08263632
19294,-1.2081282
19295,0.037450142
19296,-0.10192264
19297,-0.39170903
19298,0.09556048
19299,-1.2703813
19300,-0.29049012
19301,0.09556048
19302,-1.5274185
19303,-0.19604707
19304,0.07354527
19305,-1.3269947
19306,-0.20678863
19307,-0.0140864765
19308,0.66738445
19309,0.011221777
19310,0.041863725
19311,-1.3229901
19312,0.02830342
19313,-0.17359768
19314,0.043633863
19315,-0.3335094
19316,-0.42555007
19317,-0.11358915
19318,0.5179173
19319,-0.025030851
19320,-0.23716053
19321,0.3555971
19322,-0.07422473
19323,0.74978423
19324,-0.6845906
19325,-0.6263452
19326,-0.04712796
19327,0.07918335
19328,0.34908688
19329,-0.57662684
19330,-0.5842229
19331,-0.36321324
19332,-0.06867099
19333,-0.73666227
19334,-0.8015718
19335,-0.08092872
19336,0.02487339
19337,-0.61948156
19338,-0.51851034
19339,-0.36321324
19340,0.07890824
19341,0.620941
19342,0.34908688
19343,-0.01971584
19344,-0.73666227
19345,-0.40404877
19346,-0.58022964
19347,-0.06356835
19348,-0.049266614
19349,-0.8369743
19350,-1.0889138
19351,-0.42715645
19352,-1.522821
19353,-0.013687323
19354,-0.08500698
19355,-0.116538495
19356,-0.14053357
19357,0.08335639
19358,-0.496677
19359,-0.37525067
19360,-0.25319347
19361,-2.274341
19362,-0.6112885
19363,-2.1098886
19364,-0.29491407
19365,0.4569007
19366,-0.3694871
19367,-0.2750931
19368,-0.57662684
19369,-7.995974
19370,-0.9765744
19371,-0.74024636
19372,0.46221316
19373,-0.0077889734
19374,-0.63294476
19375,-0.43094203
19376,-0.46066293
19377,-0.4889235
19378,-0.19025287
19379,-0.24764264
19380,0.25500754
19381,0.3430917
19382,-0.42679837
19383,0.6436481
19384,-0.19661729
19385,0.41904998
19386,-0.26901498
19387,-0.34333834
19388,-0.029931925
19389,-0.51710474
19390,0.32340956
19391,-0.57867825
19392,-0.07588788
19393,-1.4433573
19394,0.47250184
19395,-0.17499377
19396,-0.058371283
19397,-1.7491913
19398,0.08588488
19399,-0.8618006
19400,0.09316614
19401,-0.094194375
19402,0.17580414
19403,-0.07811207
19404,-1.8255277
19405,0.64232117
19406,-1.176798
19407,-0.03427307
19408,-1.3750968
19409,-0.03619327
19410,-1.2884874
19411,-0.068273954
19412,-0.06528908
19413,-0.09029053
19414,-1.5672445
19415,0.48715734
19416,-2.2679758
19417,-0.23192166
19418,-0.6410114
19419,0.30916923
19420,-1.1021497
19421,-2.1023471
19422,-2.1232274
19423,-1.5021131
19424,-0.5008083
19425,-0.07588788
19426,-1.2178993
19427,0.09316614
19428,0.06104618
19429,-0.9693587
19430,-0.03619327
19431,-1.1333442
19432,0.0066208653
19433,-1.178477
19434,-0.016384779
19435,-0.50294846
19436,-0.28656623
19437,-0.5068283
19438,-0.075897224
19439,-0.4747918
19440,-0.36635283
19441,-1.9644835
19442,-1.5482565
19443,-0.13896118
19444,-1.3074262
19445,-0.27493134
19446,-0.51988184
19447,-1.3074262
19448,-0.9041949
19449,-1.2624689
19450,0.08162508
19451,-1.3534342
19452,-0.20437478
19453,0.45856827
19454,-0.046339605
19455,-0.18907763
19456,0.6173437
19457,-1.2282574
19458,-0.5993266
19459,0.40022197
19460,-1.3209808
19461,-0.35522082
19462,-1.1859534
19463,0.24302307
19464,-0.96740323
19465,-0.5782584
19466,-1.1562792
19467,0.21745889
19468,0.15556191
19469,0.18007699
19470,0.5370399
19471,-1.1076428
19472,0.15866472
19473,0.9092275
19474,0.5234461
19475,0.47297236
19476,-0.45417652
19477,0.6831018
19478,-0.30793014
19479,0.672116
19480,0.27946463
19481,0.8356197
19482,0.7808578
19483,-0.4478124
19484,0.40962023
19485,0.61096114
19486,0.8128847
19487,0.52812415
19488,0.3358618
19489,-0.78060204
19490,-0.20048873
19491,-0.012142419
19492,0.4558074
19493,-2.283559
19494,-1.2291459
19495,-1.3561453
19496,0.1402911
19497,-1.5898209
19498,0.49232945
19499,-0.8877793
19500,0.38916212
19501,-1.3054622
19502,-0.24092369
19503,0.40998077
19504,-0.33258927
19505,0.0510888
19506,-0.7153247
19507,-1.4732288
19508,-0.16059653
19509,-0.7312221
19510,-0.8946085
19511,-0.054073215
19512,-0.7312221
19513,-1.141385
19514,-0.021390248
19515,0.16097565
19516,-0.7628179
19517,-0.34333834
19518,0.12936687
19519,-0.23323077
19520,-0.9248314
19521,-0.23131916
19522,0.0510888
19523,-0.008171329
19524,-1.2739356
19525,0.6193423
19526,-0.19661729
19527,-0.06856824
19528,-1.2993656
19529,-0.06856208
19530,-0.77774405
19531,-0.20934282
19532,0.0510888
19533,-0.23315634
19534,-0.07835294
19535,-0.29496053
19536,0.10382242
19537,-0.20445015
19538,-0.13815387
19539,-0.36090043
19540,0.008047195
19541,-0.3018261
19542,-0.008412028
19543,-0.27613544
19544,0.10880101
19545,-0.41151816
19546,-0.31292236
19547,0.0510888
19548,-1.7067218
19549,-1.2757435
19550,-0.44311416
19551,-11.769351
19552,-0.08500698
19553,-0.049630083
19554,-0.19868708
19555,0.024783786
19556,-0.39411023
19557,-1.928027
19558,-0.12394712
19559,0.045456868
19560,-1.9885644
19561,0.5556013
19562,-0.3352064
19563,0.3277501
19564,-2.2815595
19565,-0.12346201
19566,-0.2459499
19567,0.047159348
19568,-0.44667244
19569,-0.08606236
19570,-0.10764918
19571,-2.4460185
19572,-0.8827555
19573,-0.5614283
19574,-0.04958839
19575,0.16097565
19576,-0.07228547
19577,-0.1738563
19578,-1.4517745
19579,-0.8059039
19580,0.6909401
19581,0.16360153
19582,-1.0806096
19583,-1.878979
19584,-0.00803117
19585,-2.0604038
19586,0.25626412
19587,0.50111276
19588,-1.5543174
19589,0.44575655
19590,0.24211545
19591,-0.44018516
19592,-1.9983706
19593,-0.5654544
19594,-1.0667738
19595,0.04198972
19596,0.9957925
19597,-1.307482
19598,-1.3148249
19599,1.0540593
19600,-1.6055542
19601,-0.6485442
19602,0.525082
19603,0.4854512
19604,-1.3498031
19605,-0.11181991
19606,-2.7248783
19607,0.5364402
19608,-2.2384982
19609,-0.33876377
19610,0.79004294
19611,0.7257549
19612,0.8680606
19613,0.44897002
19614,0.3552852
19615,-1.3494396
19616,2.0658937
19617,0.5545847
19618,-1.1366726
19619,-0.20836931
19620,-1.2207394
19621,-1.2650723
19622,2.4329624
19623,-1.7217273
19624,0.12551084
19625,-1.3486835
19626,2.1431422
19627,0.5824766
19628,0.3942338
19629,-1.2934377
19630,2.246406
19631,0.64417595
19632,0.40970948
19633,-1.5572689
19634,0.23250893
19635,-0.346518
19636,-1.266653
19637,-2.2434287
19638,-1.2404697
19639,-0.1702869
19640,-0.1989632
19641,-1.4555573
19642,2.550065
19643,-1.4609869
19644,0.45568076
19645,-1.1488792
19646,1.8886486
19647,0.45422125
19648,-0.38000676
19649,-1.1672745
19650,2.253352
19651,0.5026301
19652,-1.5463762
19653,1.5331432
19654,-1.4793081
19655,0.2136181
19656,-0.21222284
19657,0.009629296
19658,-2.3105028
19659,-0.7108547
19660,0.029053397
19661,-1.2895646
19662,-1.6715785
19663,2.1044633
19664,-0.7659658
19665,1.9862953
19666,0.6940234
19667,-0.2278975
19668,-0.25264063
19669,0.3970393
19670,-1.3809508
19671,1.7333333
19672,0.57288516
19673,-1.2827684
19674,-0.29606935
19675,-0.00079316396
19676,0.5248563
19677,0.14094353
19678,0.10111617
19679,0.6646337
19680,-0.046823744
19681,0.13516912
19682,0.25181764
19683,0.6636604
19684,0.27559477
19685,0.14879584
19686,0.22132052
19687,0.73805094
19688,0.36151806
19689,0.13021973
19690,0.27363363
19691,0.17489414
19692,-1.4683776
19693,-1.4255079
19694,0.4487984
19695,-1.6884266
19696,0.45634934
19697,-0.23736729
19698,-1.6591432
19699,0.45634934
19700,-2.1682403
19701,0.33207375
19702,-1.0679729
19703,0.2747291
19704,-1.3157562
19705,-0.63279265
19706,-1.1209859
19707,0.35641772
19708,-0.6267272
19709,0.45727128
19710,-0.4095169
19711,-0.1081853
19712,-4.057616
19713,0.7837451
19714,-4.1311846
19715,0.8555821
19716,-2.5557632
19717,0.21596482
19718,-1.2522135
19719,0.02597876
19720,-1.2682257
19721,0.40274623
19722,-0.7596476
19723,-0.15490565
19724,-0.9587574
19725,0.21877459
19726,-1.2682257
19727,0.15277639
19728,-1.2070482
19729,0.14512298
19730,0.66439706
19731,0.59339195
19732,0.20949332
19733,0.18506144
19734,-0.515062
19735,0.65864193
19736,0.39310783
19737,0.53858256
19738,0.5436765
19739,0.107915826
19740,0.67716634
19741,1.1695824
19742,0.27018803
19743,0.73123443
19744,0.69569707
19745,0.7341157
19746,0.39229563
19747,0.18654798
19748,-0.93738496
19749,0.34297234
19750,0.73381513
19751,0.21218495
19752,0.24198376
19753,0.56541985
19754,0.2999977
19755,-0.8769951
19756,1.0337158
19757,0.56657827
19758,0.27018803
19759,0.492426
19760,0.4966571
19761,0.4214755
19762,0.48116362
19763,0.02508152
19764,0.30453292
19765,-1.184086
19766,0.090170026
19767,0.44574383
19768,-0.5800387
19769,0.6404238
19770,-0.22508897
19771,0.83799624
19772,0.21218495
19773,-0.66753095
19774,-0.20308134
19775,-1.5989623
19776,0.4849208
19777,0.41038895
19778,-0.36097127
19779,0.5771296
19780,-0.42454407
19781,0.087818764
19782,0.80695593
19783,0.27586034
19784,0.17428897
19785,0.53858256
19786,0.20949332
19787,0.37379116
19788,0.0963251
19789,0.20949332
19790,-0.5291687
19791,-0.21959691
19792,-1.3654372
19793,2.654478
19794,-3.1477017
19795,-0.18243922
19796,-1.5366981
19797,2.6340191
19798,-1.1889238
19799,-0.26981428
19800,-1.3007483
19801,2.6741815
19802,-1.5116237
19803,-0.29961517
19804,-1.30528
19805,2.5805368
19806,-1.1648138
19807,-0.26981428
19808,-1.3268553
19809,2.221246
19810,-1.2335987
19811,-0.31312284
19812,-0.18351682
19813,-2.3102636
19814,0.69018936
19815,-0.35733718
19816,-1.4402182
19817,2.3301718
19818,-1.2055436
19819,-0.30976486
19820,0.22723322
19821,-2.2407846
19822,0.7036245
19823,-0.30976486
19824,-0.53568476
19825,2.654478
19826,-1.8227247
19827,-0.29437548
19828,-0.4274239
19829,0.12472703
19830,-0.2184054
19831,-0.34455192
19832,0.009897718
19833,2.5741417
19834,-1.7516463
19835,-0.27933222
19836,-1.4666213
19837,2.9080155
19838,-1.2149218
19839,-1.9970698
19840,1.7738776
19841,-0.12054069
19842,-1.9507068
19843,2.7405615
19844,-1.8216846
19845,-0.024648698
19846,-1.2273365
19847,2.2982798
19848,-0.77811086
19849,-1.9426352
19850,0.41247395
19851,-2.416724
19852,1.0274231
19853,-0.26789033
19854,-0.09692823
19855,0.5546061
19856,-0.22711875
19857,-0.14070286
19858,-0.43830183
19859,0.17690565
19860,-0.32366812
19861,0.9856604
19862,-0.17458391
19863,-0.29136696
19864,-0.9518224
19865,0.08263632
19866,0.34918362
19867,-0.77155334
19868,0.39644918
19869,0.041863725
19870,-1.3105612
19871,0.48290935
19872,-0.024853999
19873,0.27698317
19874,0.12016402
19875,-1.5356051
19876,0.43744984
19877,0.17594731
19878,0.111108944
19879,0.765743
19880,-0.17359768
19881,0.6166191
19882,-0.1270013
19883,0.21811211
19884,0.012432264
19885,0.17451656
19886,0.082151935
19887,-0.58946085
19888,-0.06876584
19889,-1.0995083
19890,-0.35023698
19891,-0.23467997
19892,-1.3229901
19893,-0.2848547
19894,0.5334841
19895,-0.4072723
19896,-0.81706506
19897,-0.81014216
19898,-0.14153823
19899,0.20513853
19900,0.2673704
19901,-0.09361937
19902,-0.87911654
19903,-0.10959448
19904,-1.169054
19905,-0.04868931
19906,0.21700409
19907,-1.0160071
19908,0.23943496
19909,-0.45855874
19910,-1.0183618
19911,0.28610793
19912,0.15037373
19913,-0.21987353
19914,0.05965266
19915,-0.12199464
19916,-0.038441293
19917,0.28085685
19918,0.3190706
19919,0.3347905
19920,-0.022940233
19921,-0.104174174
19922,-1.0702729
19923,0.74985313
19924,-0.023307642
19925,-0.052551866
19926,0.14594178
19927,-0.5241897
19928,-0.9032033
19929,-0.060904015
19930,0.21220514
19931,-1.0969028
19932,-0.77768606
19933,-0.12287872
19934,0.23034048
19935,-0.17654125
19936,-0.96339023
19937,-1.4698465
19938,-1.4512451
19939,-0.24332067
19940,-0.77480143
19941,-1.9202946
19942,-0.4999558
19943,-1.8532387
19944,-0.10227608
19945,0.32732135
19946,-0.8510316
19947,-0.17463005
19948,-0.20793113
19949,0.5692442
19950,-0.29268298
19951,-1.2555417
19952,-0.79506475
19953,-1.0431017
19954,0.22979687
19955,-0.23172088
19956,-0.4023326
19957,-0.28528354
19958,-0.6892553
19959,-0.60761905
19960,0.41908017
19961,-0.76717585
19962,0.3613371
19963,-1.9292405
19964,-0.80363125
19965,-0.3561593
19966,0.012835609
19967,-0.21690108
19968,-1.0591576
19969,0.3846808
19970,-1.902809
19971,-0.21957797
19972,0.1399577
19973,-0.37033716
19974,-0.38233614
19975,-0.7198259
19976,-0.60625213
19977,-0.15154876
19978,-0.88789654
19979,-1.324658
19980,-0.5443321
19981,-0.885243
19982,0.63221616
19983,-0.6615609
19984,-0.9727014
19985,-1.198291
19986,-3.5447485
19987,-1.3503803
19988,-0.3471985
19989,-0.008003636
19990,-1.3846469
19991,-0.60815483
19992,-0.5418875
19993,0.7775104
19994,0.44289157
19995,-1.9705681
19996,-0.47372067
19997,2.5394075
19998,-0.6550918
19999,-0.19826214
20000,-0.70198673
20001,-1.1615294
20002,-0.41298318
20003,2.6471002
20004,-1.4879332
20005,-0.40942717
20006,0.28478113
20007,-0.106735855
20008,0.53563356
20009,-0.10668535
20010,-0.3363206
20011,-0.40172526
20012,-0.13512601
20013,0.6668775
20014,-0.29606935
20015,-0.11156069
20016,-1.0818005
20017,1.21435
20018,-1.1774715
20019,-0.7596476
20020,0.00033312725
20021,-0.76037455
20022,-0.40688336
20023,-0.18632089
20024,-0.60505027
20025,0.05523467
20026,-1.0507054
20027,-0.6686992
20028,0.5774132
20029,-1.3398639
20030,-0.19757487
20031,-1.790767
20032,0.6416061
20033,-0.23549479
20034,-1.2872753
20035,-0.15719515
20036,-1.6216207
20037,0.34574038
20038,-1.1561832
20039,0.46207935
20040,0.13516912
20041,0.1939747
20042,0.023048025
20043,0.21129225
20044,0.33332983
20045,0.045267187
20046,2.1766067
20047,0.32799876
20048,-1.2769705
20049,0.6929995
20050,-1.3202876
20051,0.39108348
20052,-1.2027996
20053,0.21649784
20054,-0.35397694
20055,-1.4054188
20056,0.56899846
20057,-0.9744536
20058,0.65711707
20059,-1.9484257
20060,0.72716624
20061,0.22266278
20062,0.31518707
20063,-0.6730199
20064,0.34343356
20065,-0.4449576
20066,0.078055196
20067,-1.0852087
20068,0.38734353
20069,-0.39326292
20070,-0.15369791
20071,-0.3995781
20072,-0.42950457
20073,-0.29759082
20074,-0.7026272
20075,0.2197905
20076,-0.08047737
20077,0.26030263
20078,-1.0947479
20079,0.11002699
20080,-0.2771662
20081,-0.49834433
20082,-0.6473543
20083,-0.046339605
20084,-0.4271007
20085,-1.0826896
20086,0.16279186
20087,-0.20673928
20088,0.40885833
20089,-1.1065853
20090,0.5795634
20091,-2.22435
20092,0.5083664
20093,-0.4770976
20094,0.10079855
20095,-0.43668467
20096,0.547287
20097,-1.1631716
20098,0.11195076
20099,0.009253409
20100,-0.5077553
20101,-0.27216086
20102,-2.2199347
20103,-0.184431
20104,0.29853263
20105,-0.23800965
20106,-0.03164349
20107,-0.16623178
20108,-1.210838
20109,-0.00023529396
20110,1.914502
20111,0.6336134
20112,0.030860895
20113,-1.3412939
20114,0.022722038
20115,-1.0439029
20116,0.04173987
20117,-0.2961034
20118,-0.30795735
20119,0.026466446
20120,-0.80402356
20121,-0.053834636
20122,-0.24789403
20123,1.6622856
20124,0.6118577
20125,-1.2734786
20126,0.42571145
20127,-0.21416686
20128,-0.19317368
20129,-0.06728686
20130,-0.5328166
20131,0.6610039
20132,0.41391975
20133,-2.0392718
20134,0.38036612
20135,-1.5115885
20136,-0.13745074
20137,0.48003283
20138,-2.4047413
20139,0.23454903
20140,-1.2946469
20141,-1.117864
20142,0.8330177
20143,0.25312343
20144,-0.6522897
20145,-0.98266125
20146,0.36686122
20147,-1.0969028
20148,0.21920273
20149,-1.0179433
20150,0.12457082
20151,0.58399075
20152,0.5428453
20153,0.3889298
20154,-0.7867089
20155,1.7615786
20156,-1.3981029
20157,-0.42082682
20158,0.14961544
20159,-1.7293961
20160,-0.06799183
20161,-0.8195786
20162,0.7331387
20163,-0.5220426
20164,0.015502874
20165,1.6527524
20166,0.6937547
20167,2.0846803
20168,-0.22776324
20169,-2.3119586
20170,-1.8761283
20171,-0.10073939
20172,-1.0077704
20173,0.57396066
20174,-0.15265404
20175,-0.24130431
20176,0.052099448
20177,-1.1618966
20178,-0.7084947
20179,-0.08212156
20180,0.3072546
20181,-0.100033954
20182,-0.0056580887
20183,-0.08531608
20184,-0.25244695
20185,2.6441355
20186,-0.87465245
20187,-0.09139685
20188,-0.10821762
20189,-0.07948344
20190,0.6962941
20191,-0.018536214
20192,-0.24802612
20193,-0.24846068
20194,-0.20596021
20195,-0.33829495
20196,-0.59694445
20197,-1.1208575
20198,-0.8616125
20199,0.50911695
20200,0.6265896
20201,0.016630692
20202,-0.13343857
20203,0.45365945
20204,0.46173203
20205,0.5811111
20206,0.77924263
20207,-0.60321707
20208,0.4931269
20209,0.5401475
20210,-0.056385774
20211,-0.42791495
20212,-0.43094203
20213,-0.16974935
20214,-0.038013123
20215,-0.8016956
20216,0.5458804
20217,-0.31548348
20218,0.513681
20219,-0.18273713
20220,0.20581476
20221,0.69042516
20222,-1.201922
20223,-0.27613544
20224,-0.08283225
20225,0.24306898
20226,0.24021415
20227,0.5036813
20228,-0.19056718
20229,-0.63001144
20230,-0.57769686
20231,0.1496569
20232,-0.7021935
20233,-0.608636
20234,-0.9629276
20235,-0.3517438
20236,0.485265
20237,0.055725355
20238,-0.25922155
20239,-1.8504418
20240,-0.22845377
20241,0.48116362
20242,0.07417613
20243,-0.011252363
20244,-0.032071915
20245,0.13768606
20246,-0.33999324
20247,-0.26146212
20248,-0.6088083
20249,-0.026241176
20250,-0.20433289
20251,-1.1631716
20252,-1.1713451
20253,0.06925444
20254,-0.39701694
20255,-0.9297993
20256,-0.2079698
20257,-0.008003636
20258,-1.5556272
20259,0.033357084
20260,-0.56963253
20261,-0.03619327
20262,-0.16487509
20263,0.72241455
20264,-0.5583634
20265,0.26721418
20266,-6.2877755
20267,0.12201384
20268,-0.76337725
20269,0.32695597
20270,-0.17160262
20271,-1.1631716
20272,-0.04662585
20273,0.14951737
20274,0.112074554
20275,-0.08047737
20276,-1.4282478
20277,0.0017149721
20278,-1.0528655
20279,-0.5667996
20280,0.39229563
20281,0.27047202
20282,0.5208262
20283,-1.2564962
20284,-3.1760561
20285,-0.68500066
20286,-1.4326729
20287,-0.80686617
20288,-0.6470529
20289,0.5813269
20290,0.33451965
20291,-0.1270275
20292,-0.5835588
20293,-0.3324558
20294,-0.15781036
20295,-0.38131395
20296,-0.15457457
20297,-0.20461735
20298,-0.25517938
20299,0.07652518
20300,0.36017105
20301,-1.194483
20302,-0.6138799
20303,-1.3839893
20304,0.29295877
20305,0.31556797
20306,-0.105536036
20307,0.7533873
20308,0.6663993
20309,0.08206644
20310,0.19248815
20311,-0.44939852
20312,-1.1392851
20313,0.13905536
20314,0.30059063
20315,0.13586384
20316,0.9131266
20317,-1.2315634
20318,-0.19011979
20319,0.18621542
20320,-0.031401828
20321,0.39412904
20322,0.01260605
20323,-0.104857944
20324,0.2734798
20325,0.20300713
20326,-0.40956303
20327,-0.4510461
20328,-0.40956303
20329,-1.6176052
20330,-0.34144202
20331,-0.018989172
20332,0.679617
20333,0.059253536
20334,-0.46551213
20335,-0.19350387
20336,0.76919204
20337,-0.36666372
20338,0.04346789
20339,0.11986291
20340,-1.3645595
20341,-0.4678872
20342,-0.21208583
20343,0.07197282
20344,0.8786992
20345,-0.5893636
20346,-0.62231797
20347,0.30152985
20348,-0.34127414
20349,0.05357558
20350,-0.77774405
20351,-0.86776394
20352,-0.25809768
20353,-0.15465158
20354,0.092728935
20355,0.106465116
20356,-0.40746424
20357,-0.5808524
20358,-0.14488144
20359,0.8021443
20360,-0.502953
20361,0.227891
20362,-0.7284797
20363,-0.68929404
20364,0.109132834
20365,-2.1914232
20366,-0.5483637
20367,-0.5773787
20368,-0.30764994
20369,-0.20848364
20370,0.4732033
20371,-0.59695834
20372,-1.0542527
20373,-0.25622022
20374,-0.40430298
20375,0.088669635
20376,-0.059081264
20377,-1.3620933
20378,-0.29491407
20379,0.38969097
20380,0.047678333
20381,0.0510888
20382,-0.35124835
20383,0.56657827
20384,-0.33336988
20385,0.02113792
20386,-1.1271586
20387,-0.518738
20388,-0.17649782
20389,-0.32585338
20390,0.59708405
20391,-0.4943242
20392,-0.24974583
20393,0.5696038
20394,-0.13632701
20395,0.18407182
20396,-1.1481241
20397,-0.03346419
20398,-0.6018215
20399,-0.8880181
20400,0.21142642
20401,-1.1760771
20402,-0.6549725
20403,0.07652518
20404,0.054410636
20405,-2.349989
20406,-0.59518933
20407,1.1400754
20408,0.23250255
20409,0.9069695
20410,-1.0445205
20411,-0.81559604
20412,-0.055410948
20413,-0.030431211
20414,-0.2753145
20415,0.61526453
20416,-1.308303
20417,-1.3944991
20418,2.651328
20419,-0.09003397
20420,0.40332854
20421,-0.46743155
20422,0.32090357
20423,-0.35212514
20424,2.7214313
20425,0.45183522
20426,0.58991516
20427,-0.16152674
20428,0.4091794
20429,0.92876136
20430,0.46469787
20431,-1.3944991
20432,-8.274216
20433,0.73933357
20434,-0.14945231
20435,2.0980585
20436,-0.32442212
20437,0.9112231
20438,-0.1362658
20439,-0.9791672
20440,0.70946187
20441,-0.33212966
20442,0.14526084
20443,-1.8845892
20444,0.33164603
20445,-1.6022966
20446,-1.0457551
20447,-0.2742245
20448,0.003265335
20449,0.72282183
20450,0.030785842
20451,-0.20836931
20452,-0.025336374
20453,-1.0025883
20454,1.5786948
20455,-0.59042025
20456,0.6755454
20457,0.4792749
20458,0.21658325
20459,-0.6120706
20460,0.20269343
20461,-0.16779238
20462,0.46016634
20463,1.1630712
20464,0.7098301
20465,0.5916272
20466,0.2000233
20467,0.21002848
20468,-1.0365133
20469,-0.32851854
20470,-0.40055558
20471,0.38947082
20472,0.03059453
20473,0.20551363
20474,-1.1863078
20475,-0.24398617
20476,0.012237479
20477,-0.65317357
20478,0.4078003
20479,0.5805275
20480,-1.0359244
20481,-0.17899272
20482,-1.0876727
20483,-0.63899523
20484,0.2183027
20485,0.004118028
20486,-0.31150502
20487,-1.4385196
20488,0.5683536
20489,-0.5512101
20490,-0.7172012
20491,-0.68870145
20492,0.4475393
20493,0.505643
20494,-0.5288717
20495,-0.20238529
20496,0.5668305
20497,0.47089586
20498,0.9637317
20499,-0.1732227
20500,0.13446534
20501,0.22588989
20502,-0.35410666
20503,0.1339934
20504,-1.4295567
20505,0.16389641
20506,-0.21280679
20507,0.50730145
20508,0.16469958
20509,-0.015729371
20510,2.2838924
20511,0.105910264
20512,0.55753624
20513,-1.1707817
20514,1.0614293
20515,-1.4517745
20516,0.7150604
20517,0.008798333
20518,-0.99841046
20519,0.7642939
20520,-0.61366135
20521,-0.72052115
20522,0.15332589
20523,0.25040358
20524,0.359567
20525,-0.38296565
20526,-1.5366981
20527,-0.06505763
20528,-0.26032847
20529,-0.41850013
20530,0.010786629
20531,-0.26216045
20532,-0.1232511
20533,-0.24764264
20534,-1.5471038
20535,-0.30511564
20536,0.78952783
20537,-0.03619327
20538,1.3849255
20539,-1.3057874
20540,-0.16972947
20541,0.28662628
20542,-0.3282684
20543,0.39483154
20544,-0.070451744
20545,-0.33406392
20546,-1.1872572
20547,-0.04015106
20548,0.91748327
20549,-0.20337795
20550,0.060637742
20551,0.21053284
20552,0.7712442
20553,0.011252586
20554,-0.20339505
20555,-1.9725028
20556,0.5852063
20557,-0.9670673
20558,2.0057132
20559,0.51135516
20560,0.39157453
20561,-0.3374772
20562,-0.73981386
20563,-0.21592201
20564,-0.4904684
20565,0.11285955
20566,-0.026574349
20567,-0.5108597
20568,2.159216
20569,1.356607
20570,-1.1370386
20571,0.3166294
20572,2.2044659
20573,-1.1707817
20574,0.3266791
20575,1.8497882
20576,-0.20337795
20577,-0.24801366
20578,2.2127671
20579,0.0101236245
20580,1.4154501
20581,0.2176426
20582,0.28173247
20583,-0.4103056
20584,-1.1942132
20585,0.09297082
20586,-2.3317451
20587,-0.184431
20588,1.0148329
20589,-0.542632
20590,-1.4015511
20591,0.44070572
20592,0.38016114
20593,0.0650678
20594,0.81126785
20595,-1.5534291
20596,-1.0818005
20597,-0.041010235
20598,0.46217418
20599,1.4098431
20600,-1.2070482
20601,-0.7680032
20602,-0.98076016
20603,0.56301314
20604,-0.99791723
20605,0.5392361
20606,-0.10947381
20607,0.6755887
20608,-0.29049012
20609,-0.73666227
20610,-0.0049803546
20611,-1.506402
20612,0.02059911
20613,-1.0731338
20614,-0.09245437
20615,-1.176798
20616,-0.20049778
20617,-0.7392137
20618,-1.5579792
20619,-0.008003636
20620,-1.5517901
20621,-0.03619327
20622,-1.9349779
20623,-0.4485896
20624,-0.7746299
20625,-1.4817649
20626,0.19182748
20627,0.41257352
20628,0.31735358
20629,0.41187575
20630,-1.4698465
20631,-0.57791275
20632,-1.8388581
20633,0.27547044
20634,-0.16821349
20635,-1.1960609
20636,-0.791317
20637,1.1305002
20638,-0.3276152
20639,0.2591458
20640,-1.3320664
20641,0.3692217
20642,1.0067942
20643,0.6714153
20644,0.090170026
20645,0.56657827
20646,-0.6581657
20647,-0.054547444
20648,0.6415405
20649,0.7533853
20650,-0.55861145
20651,-0.058038853
20652,0.35243297
20653,0.07354527
20654,-1.2744545
20655,0.34918362
20656,-0.2313312
