Unnamed: 0,p0q0
0,-1.132580774639596
1,0.2197230288903655
2,0.27497948316823934
3,-0.17735111797225822
4,-0.4372676763358797
5,-0.5101949256863134
6,-0.5557419228308322
7,-0.05866180305172636
8,-0.4370338104587207
9,-0.7107391893227338
10,-0.4539454866991348
11,-0.11843728921572982
12,-0.7001684238178936
13,-0.7249500803827978
14,-1.3005389105468506
15,-0.12012884596961322
16,-0.47762304198149796
17,-0.4288480985080736
18,-0.7473405813281694
19,-0.028014293669804707
20,-0.4804767980321746
21,-0.4288480985080736
22,-0.5516305157682613
23,-0.050889807956531
24,-0.25421429746168367
25,-0.991517318938135
26,-0.3865168103909649
27,-0.14131280350245604
28,-0.9156741259424294
29,-1.1970355985029086
30,-0.3362144059793375
31,-0.01614977283090433
32,-0.4372676763358797
33,-0.3918800166438875
34,-0.3407824024711478
35,-0.028014293669804707
36,-0.5379346604383395
37,-0.7971532822811672
38,-0.7994793698280113
39,0.07026684791018946
40,-0.6730741494624655
41,-0.4779829754141251
42,-0.5950077744026103
43,0.063676508244339
44,-0.06703268622009097
45,-1.0468230736307087
46,-0.038166213562618866
47,-1.581047258795079
48,0.41933672980796494
49,-1.1986450089505554
50,0.012192262889732387
51,-1.2199839192775133
52,-0.03808016516626083
53,-1.4255099706293866
54,0.22731108668385214
55,-0.9450854859038861
56,-0.5975806857677523
57,-1.0346705246534593
58,-1.0089943887885153
59,-0.8387365049132997
60,-1.2556600322813982
61,-1.1937561067062799
62,-0.6882903273361453
63,-1.0161945451901264
64,-1.2140463957662098
65,-0.8504701155969423
66,-1.2173097853824242
67,0.1330301595541921
68,-1.37157062032885
69,-0.7373103292689843
70,-0.9694124814283018
71,-1.37157062032885
72,-0.6882903273361453
73,-1.1287313697456454
74,-0.6663988620728236
75,-1.2933035878960444
76,-0.870302544505624
77,-1.1885996623690962
78,-0.28832705089938737
79,-1.2140463957662098
80,-0.45801801568391504
81,-1.0032965785556565
82,-0.021591505180617882
83,-1.7849929842100183
84,-0.31366131695669885
85,-1.230611575526028
86,0.24758071217885116
87,-1.42243569557713
88,-0.6808316607888337
89,-0.58172082264414
90,-0.1147286036309873
91,-0.7136829160280832
92,-0.8008208134146654
93,-1.1993791095662178
94,0.058855071525983696
95,-1.2061015191946263
96,-0.5584601512926407
97,-1.4805394036905508
98,-0.03885785438867875
99,-1.3289361657269414
100,-0.5144139885132729
101,-1.2698478006928737
102,0.08143646022462671
103,0.028991327508039653
104,-0.10918887394744589
105,0.08725749209062843
106,-0.40378736110724694
107,-0.0342052245415951
108,-0.49320107439268523
109,-0.7971532822811672
110,-0.5508819197459794
111,-0.13352784957333083
112,-0.6730741494624655
113,-0.7358698234657454
114,-0.5964229086405102
115,-0.11024674635161333
116,-0.7534464190977557
117,-0.47605908884319736
118,-0.5029308637054277
119,0.01076082842049854
120,-0.6278400232161346
121,-0.7358698234657454
122,-0.0664196282153947
123,-0.19165202522004934
124,-0.4298646284810508
125,0.09002869264245704
126,-0.049030358875247045
127,-0.2721105831908922
128,-0.10060977112893935
129,0.013059203174625784
130,-0.25863793917464095
131,0.06467605355412429
132,-0.18348198288821158
133,0.10103073628957568
134,0.23029816431457015
135,-0.1808400779346456
136,0.0393063673749868
137,-0.09650160119333749
138,0.033344989497157966
139,-0.19824198970440232
140,0.08725749209062843
141,-0.3766743446630165
142,-0.06873709209512123
143,0.038093274064924604
144,-0.8849196692987819
145,1.374995896822837
146,-0.13765443531631225
147,-1.3053105427323206
148,1.119695748996154
149,-0.038166213562618866
150,-1.1200214753037827
151,1.1728070044585077
152,-0.07061403743240924
153,-1.296331304860594
154,0.8355292210148418
155,-0.09127269141813087
156,-1.3861426816256637
157,0.7567317474906505
158,-0.014371231868401581
159,-1.394672033737142
160,1.5433451785916812
161,0.04120835428183137
162,-1.028436507190932
163,0.9841663334230554
164,0.05268941178854528
165,-1.2993463919831019
166,1.102969945130323
167,0.04120835428183137
168,-1.1194389310173338
169,0.9338028847023179
170,0.03565043755699662
171,-1.0595194333939868
172,0.8363165133609713
173,0.05268941178854528
174,-1.0117232540312038
175,1.4019471208552376
176,-0.04949790510097305
177,-1.3096805031352576
178,1.2025218004885372
179,0.36431433446565487
180,-1.5443736733596891
181,-0.12426946500654631
182,0.3040824628787049
183,0.05268941178854528
184,-1.4050397706466657
185,1.2222584002423282
186,-0.03808016516626083
187,-1.5445180962248315
188,1.0129818791564817
189,-0.07383053404649542
190,-1.4045081755129634
191,0.8366539483487614
192,-0.09561140412937974
193,-1.4581590924237806
194,1.1205435535768615
195,-1.1937561067062799
196,-0.8321377172780777
197,-0.5959183334338786
198,-1.2140463957662098
199,-0.897535507155132
200,-0.8487913622699298
201,-1.607779928083382
202,-0.871469917346258
203,-0.4954871492600332
204,-1.6079842955220578
205,-1.0343444136598043
206,-1.556833505249684
207,-1.4926393253156947
208,-0.795875084890001
209,-0.6615773812363565
210,-3.833992854061925
211,-0.8644411250155053
212,-0.5527824542787336
213,0.47331058744233123
214,0.5233586277995294
215,0.22454962750421428
216,-2.2940323895577786
217,2.0668228879776285
218,0.4588996346145634
219,0.821064861019943
220,-1.4469411951420579
221,2.3668518469235
222,0.36947293618484317
223,0.6109496725109077
224,-1.0685244728131322
225,2.086078828278523
226,0.49941187761222655
227,0.30503865307505307
228,-2.32064635348644
229,2.438395289851694
230,0.5018467897163511
231,0.30503865307505307
232,-1.0161872515726946
233,2.0423071125598726
234,0.5737513994213919
235,0.6858464350300011
236,-1.523707030703767
237,2.461901328456443
238,0.5573129976108496
239,0.6902355759236861
240,-1.1338136502166571
241,2.4031995058646785
242,0.0972760747882334
243,0.6201253382457391
244,-1.2647307297524029
245,2.1680820301471107
246,0.5937413560774782
247,0.6732315009496914
248,-1.1315694531341596
249,-0.06948226452815162
250,0.22420250683345558
251,0.44117141584480224
252,-1.3215026457227494
253,2.3035405860223834
254,0.5334057308386774
255,0.3224022483310611
256,-1.2126912965058154
257,2.266400455156749
258,0.48461232516257624
259,0.5798518179645286
260,-0.5139278111029136
261,2.422706772416362
262,0.5453542426396587
263,-0.04616807928817226
264,-0.6636048396146655
265,0.5599177402294281
266,-0.881523270438303
267,0.24865132793432138
268,-1.4627331503558791
269,0.49681553435454784
270,-1.8135156237612982
271,0.08908189483613951
272,-2.0327007485673807
273,-0.45647187914750004
274,-0.07647959158879482
275,-0.08243776425335929
276,-1.6340226132122515
277,-0.24497163914965975
278,0.17324198813205074
279,-0.3036885821992074
280,-1.3358117476490614
281,-0.3893204420155465
282,0.02283986153256355
283,-0.27375737062507255
284,-1.391432153722181
285,-0.4822813194702145
286,-0.2764950683714191
287,-0.036023896197139735
288,0.3607858251151733
289,0.2775863660637535
290,0.48852979143543224
291,0.20440531911349413
292,-1.0607772642781317
293,0.19276269461152415
294,-1.1459580184430982
295,0.3508440395085447
296,-0.8694695221475621
297,0.21910863254473298
298,0.3585876689857896
299,-1.2218004318175448
300,0.2797383888001855
301,-0.776032542075718
302,0.006149602192659941
303,-0.9903906037109041
304,0.2797383888001855
305,-0.937686950862613
306,-0.09642086668016683
307,-2.309234692550454
308,0.2987373704220774
309,-1.901359540611052
310,0.19622331557379527
311,-1.0593771133564678
312,0.1742079055586109
313,-1.2743335718804438
314,0.039589985271554225
315,0.5600792238850565
316,0.9324197022306998
317,0.49106534733548973
318,-0.23890048549772894
319,0.6988976830991676
320,1.0143957897479585
321,0.47701707308425695
322,-0.16129280369796004
323,0.44142118340025127
324,0.8405369305451919
325,0.39340418422182805
326,-0.23890048549772894
327,0.7817815662289396
328,0.9894396027042975
329,0.457051204329701
330,-0.16129280369796004
331,-1.7531863881580343
332,-1.6854605725814042
333,-0.3810620980407358
334,-1.6841479693024732
335,2.2829434087773355
336,-1.0658795893193762
337,-0.19115545134256412
338,-1.3444459604077894
339,2.5915414592727357
340,-0.08465031771772427
341,-0.5542466498705808
342,-0.2509211620211048
343,2.6486334629939114
344,-1.8621248846184806
345,-0.3650487676436937
346,-0.6192087891560973
347,2.2041925183681177
348,-1.9732690385265337
349,-0.6607574925052873
350,-0.45920960857669196
351,2.5829243309411574
352,-1.4749551674876955
353,-0.22517252005465271
354,-1.9874008589278553
355,2.6712560304996567
356,-1.2593862068396562
357,-0.23966064183780872
358,-1.0402684037187528
359,2.288880394981742
360,-1.5910527364706673
361,-0.27472112958198747
362,-1.9004446098672825
363,2.5896334439149413
364,-1.8000862372373223
365,-0.5293715182661082
366,-0.40061480112089104
367,2.2041925183681177
368,-1.0975983651613046
369,-0.4512396100436101
370,-0.17669023534012596
371,-1.0125237950012005
372,2.4536850784122346
373,-1.0739120622999363
374,-0.45125293979008246
375,-1.299048027843391
376,2.471694206890281
377,-1.1938959120436188
378,-0.7845478229058503
379,-0.44439073533534
380,-0.5484941081508278
381,-0.6649185228671219
382,-0.19993253267259462
383,0.23266878732856128
384,-0.46401983008004954
385,-0.2953540010161124
386,-0.2740487643924688
387,0.24481299736393278
388,-0.48609125780027646
389,-0.2665745824802916
390,-1.9535416075591772
391,0.3000635359763965
392,-0.6987624487071602
393,-0.4807325218392899
394,-0.3132044048400788
395,0.29878372638734996
396,-0.5763793847111022
397,-0.5025727232369067
398,-1.5341802808848048
399,0.24775934768616206
400,-0.567589598944742
401,-1.0109608604866411
402,-1.1722477924437926
403,0.2061138853233158
404,-1.442639667053469
405,-0.02460444308025173
406,-0.39992358983692494
407,0.19549192328190762
408,-1.2595974256715832
409,-0.6292955022461917
410,-2.3219149196493984
411,0.44980874826562806
412,-0.475210932907612
413,-0.3332719708446423
414,-1.1815710740586103
415,0.48297952106750336
416,-0.2938580599219864
417,-0.564716213818601
418,-0.5305455230365748
419,-0.6666982327381631
420,-0.8033970621505879
421,-0.4085136540147873
422,-0.426547135578484
423,0.6774919039200993
424,0.3291575946277776
425,-0.7876907633209836
426,1.1625604986268436
427,0.37557222598411155
428,-0.13071475377149286
429,0.9524965386139448
430,0.5308065733186756
431,-0.7333058194578268
432,1.1403436336613466
433,0.47136035174460844
434,0.012810577894312605
435,-0.18496873140384695
436,0.712272719349171
437,-0.43052982803211165
438,-0.040929758383036335
439,0.15018186043449586
440,0.7663379167847398
441,-0.45399794332972304
442,-0.040929758383036335
443,0.23855558520276857
444,0.39425067179294543
445,-0.3203886737980576
446,-0.7892408046129138
447,-0.884623705000065
448,0.6591532298183593
449,-1.1119883594352866
450,-1.071704916744208
451,0.8703907342097565
452,-1.9893521376788117
453,-0.9632276466611877
454,-0.7104124044952019
455,-1.178234652237613
456,-1.1838556744891249
457,0.8159285334664443
458,-4.041832214661333
459,-1.6251559384413887
460,0.753767877851861
461,-0.3697722138316371
462,-1.2104825606144107
463,0.7320720170796551
464,-1.8679394093515713
465,-1.5468742143793632
466,0.467316954934243
467,0.0375957802443397
468,0.6523916323361199
469,0.6817824764869805
470,-0.2863530458687397
471,0.031112135153019943
472,-0.2578187729252626
473,-0.16014096200188574
474,0.013912611282732216
475,-0.05258494079115322
476,-0.2863530458687397
477,0.10657984948832222
478,-0.03088637690327488
479,-0.1217706262780837
480,0.032060518915596185
481,-0.18283268975016875
482,-0.3364852710422734
483,0.03194820632185635
484,-0.09126490867399736
485,-0.13509811491774634
486,0.24222726833057281
487,-0.05884962139024358
488,-0.3883922908172306
489,0.08725749209062843
490,0.08019588316209568
491,-0.2998527521624182
492,-0.24422443418080408
493,0.2592295542455071
494,-0.2453972184255258
495,-0.9789006373321111
496,-0.31506214160194546
497,-1.1974154828507866
498,-0.2501175403185568
499,-0.04756360476920338
500,-1.107548813145247
501,-0.2652081006761579
502,0.04652663473708946
503,-2.433649721732176
504,0.10282277217110604
505,-0.3913573247362156
506,-0.27664631711026316
507,-0.11383474872146368
508,-0.4877113957624692
509,-0.5538234203398948
510,-0.1416105882118459
511,-0.532972948867921
512,-0.2501175403185568
513,-0.19114364461232022
514,-1.5700848601904254
515,-0.45518118882911685
516,0.03963315556377163
517,-1.164621287355054
518,-0.2501175403185568
519,0.020504600162157494
520,-1.0700118658161
521,-0.20655770524436803
522,0.09968950387079004
523,-0.9257791173156226
524,-0.6983687448903365
525,-0.04756360476920338
526,-1.059299544490914
527,-0.25448510171339944
528,0.03963315556377163
529,-0.08009056859167772
530,-0.009137732908114368
531,-0.02797307181816526
532,-0.3540084857350948
533,-0.16111604216695663
534,-0.040929758383036335
535,-0.04226867666505151
536,-0.11877942654373821
537,-0.11529673857709388
538,0.06668667698831807
539,-0.06585295595383345
540,0.35543202998652346
541,0.13078083210526986
542,0.23138754795982516
543,-0.541063150436271
544,-0.5935258282329277
545,-0.7821035965216885
546,-0.13859355879970495
547,-0.7203082847558071
548,-0.6472330878832764
549,-0.14170883572511983
550,0.1893083245202427
551,-0.4372676763358797
552,-0.5302713041094089
553,-0.3224430089712649
554,-0.11843728921572982
555,-0.5276155680479743
556,-0.7043169716518156
557,-0.3407824024711478
558,-0.11843728921572982
559,-0.5379346604383395
560,-0.504262624476853
561,-0.6323145054350896
562,-0.3015461344585811
563,-0.4372676763358797
564,-0.25585906264519614
565,-0.4988194566428569
566,-0.08029691858662455
567,-0.6333520119340323
568,-0.8128271699144614
569,-0.49957251778371603
570,-0.3704239184636621
571,-0.9835384804130224
572,-0.32564294699927426
573,-0.9074250856558036
574,0.08416521726970953
575,-0.3984238581431479
576,-0.812316697227758
577,-0.3469288706346928
578,0.1024329465060818
579,-0.5310465692347337
580,-1.0028480164108478
581,-0.5964229086405102
582,0.04911450971096218
583,-0.27443298210163425
584,0.0393063673749868
585,-0.13363012338509472
586,-0.066796104770184
587,-0.057205062668159
588,-0.9999346023229315
589,-0.4241293602771786
590,0.029507541131347723
591,-0.2964675309773608
592,-0.10918887394744589
593,-0.24090231650414726
594,0.10657984948832222
595,0.24773936890590775
596,-0.1730405772083011
597,-0.27679942236063104
598,-0.6713946522249636
599,-0.11501341687657975
600,-0.19901749540822777
601,-0.5160619200479922
602,-0.595497350101117
603,-0.6323145054350896
604,0.01606332100777548
605,-0.6333520119340323
606,-0.7007262448694036
607,-0.6721647611124155
608,-0.07105972153370448
609,-0.9835384804130224
610,-0.5101949256863134
611,-0.6323145054350896
612,-0.11843728921572982
613,-0.5318711508623826
614,-0.6729161791136398
615,-0.3763293652312444
616,-0.11843728921572982
617,-0.5336421705138201
618,0.032060518915596185
619,-0.34149561117127075
620,0.028991327508039653
621,-0.6947130239756535
622,-0.5935258282329277
623,-0.54547712228383
624,-0.19165202522004934
625,-0.2863530458687397
626,-0.039255918978693696
627,-0.6204880100683329
628,-0.7701023668012255
629,0.18369582189304062
630,0.005358354276817716
631,-0.3984238581431479
632,0.09962929078064763
633,-1.6579370828773126
634,0.036370016381208826
635,-1.3630800730879835
636,-0.12638877909460736
637,-1.4215324209526625
638,0.002270537023866026
639,-1.4636431208053113
640,-0.03808016516626083
641,-1.2463996613268657
642,-0.018183499347114752
643,-1.4621543972761832
644,-0.23472318525211316
645,-0.7560173450314552
646,-0.5293979483690938
647,-1.1269821412812357
648,0.3408979873634832
649,-0.5160619200479922
650,-0.5244058167463772
651,-0.6345725867645021
652,-0.06565838518109257
653,-0.595497350101117
654,0.2087264312720474
655,-1.7276277708696954
656,-0.7537240618240335
657,-0.5162957859251512
658,-0.8414499200834705
659,-0.9318365142264751
660,-0.8453227386991208
661,-1.3841780247202276
662,0.06247043409672348
663,-1.331943309920124
664,-0.6340019304153717
665,-1.172307735376835
666,0.07074828098541024
667,-1.2584507823351396
668,-0.7499570440147036
669,-1.0103851085650126
670,-1.2542931117321112
671,-0.7925378381885685
672,-1.246358644815343
673,0.0661184477266794
674,-1.0550804869421757
675,-0.5684619344359136
676,-1.2300396009482566
677,-0.06086237324557561
678,-1.2869380548139626
679,-0.7572436401538717
680,-1.300848666445189
681,-0.08118938143804377
682,-1.2007834540165618
683,-0.8032882414745119
684,-1.2644116630954403
685,0.044660251544957404
686,-1.050096338345517
687,-0.5614754990729033
688,-1.1381693330247102
689,0.24258383248149032
690,-1.2784336522045743
691,-0.3421603257249702
692,-1.187398295734436
693,0.0661184477266794
694,-1.5860752656663748
695,-1.1825163265757213
696,-1.3709537860840568
697,-1.1988054135264283
698,-1.37157062032885
699,-0.33805601136570895
700,-1.30603484355801
701,-0.6866503778246015
702,-1.1937561067062799
703,-0.5191129935324825
704,-1.026388290610221
705,-0.6003811354393372
706,-1.8188443698692864
707,-1.4104411402154857
708,-1.2869380548139626
709,-0.9337337311882867
710,-1.2424140265388015
711,-0.8439127671127649
712,-1.268924825878124
713,-0.9289025022990974
714,-1.1897212074856147
715,-0.36440189761004393
716,-1.428325915154294
717,-0.5551694578142087
718,-1.0497610850110606
719,-0.33546156768229657
720,-1.2140463957662098
721,-0.5144139885132729
722,-1.1051254933401409
723,-0.10919524442637778
724,-1.1774428648229458
725,-0.9148096683709205
726,-1.0169898915017825
727,0.07585514700766796
728,-1.2869380548139626
729,-0.5755258181364221
730,-1.3149892713844273
731,0.04737987373912234
732,-0.8811243249459573
733,-0.8125071708995807
734,-1.1098044893345846
735,-0.04766898451879137
736,-1.4137789208219609
737,-0.19042724149043666
738,-0.06910563735765163
739,-0.23862841769734164
740,-0.08488468469803842
741,-0.22473645901197076
742,-0.08698066939046081
743,-0.18373271800276894
744,0.06632421354864143
745,-0.3421469319514984
746,-0.06910563735765163
747,-0.22580081858706924
748,-0.11058351670586669
749,-0.4960053265328593
750,-0.013310776018263472
751,-0.2368415795227652
752,-0.4593562764916423
753,-0.12594651234528614
754,-0.1870035869864168
755,-0.019641036620963368
756,-0.16574951757704434
757,0.06793613129951293
758,-0.2109662752081855
759,-0.06562332052546234
760,-0.3348026366575344
761,0.031112135153019943
762,-0.12167376448122455
763,0.15109267429521872
764,-0.17536041400402813
765,-0.059335022708343545
766,-0.28381365514105256
767,-0.0517848238216232
768,-0.24977930609611015
769,0.08725749209062843
770,-0.07114338574742717
771,-0.24243631318807782
772,-0.22473645901197076
773,0.14064950905671178
774,-0.13760231740517562
775,-0.12987292483483062
776,-0.33072134399603514
777,-0.22344608655722323
778,-0.1828577965915646
779,-0.14113596117047209
780,-0.21171272709067324
781,-0.02164573365892487
782,-0.013583255805546156
783,-0.40369891415481807
784,0.08725749209062843
785,-0.03088637690327488
786,0.11188533672791101
787,0.1397929521106225
788,-0.10344712454525974
789,0.11188533672791101
790,-0.18790503816860782
791,-0.1480061374311822
792,-1.3567975563155121
793,-0.5110944818268
794,0.02772212165994875
795,-0.23862841769734164
796,-0.08627123099233978
797,-0.8931336970321491
798,-0.11335854272512445
799,-0.3227579362927364
800,-0.16776723623396333
801,-0.1217706262780837
802,-0.1570630551175753
803,-0.05884962139024358
804,0.0007071091173043034
805,-0.5500988773921803
806,-0.02822926178113124
807,-0.005049630668602319
808,-0.07355090402614003
809,-0.35185611821087187
810,0.0430604814693775
811,-0.20120060917325755
812,-0.13760231740517562
813,-0.10236302188750378
814,-1.3898899237634534
815,1.098390215479393
816,-0.03808016516626083
817,-1.6619437705164497
818,1.316715452999882
819,-0.03808016516626083
820,-1.6393319413293985
821,1.018325779661722
822,-0.0845440437101035
823,-1.7111840799205993
824,1.452368668516877
825,0.05268941178854528
826,-0.26534663939652625
827,-1.4105907345208504
828,1.0655289554529568
829,-0.008940525416963257
830,-1.6449195250767505
831,1.618747481681664
832,0.05268941178854528
833,-1.5274938507851328
834,1.1304433403409597
835,-0.020810067414699984
836,-1.573545771500812
837,0.8429601802587953
838,-0.2508337965149285
839,-1.4045081755129634
840,0.9021663994539986
841,-0.09692138567832348
842,-0.9967261196060133
843,1.1879936739915051
844,-0.13540683946309376
845,0.3871975582104361
846,0.672301561579712
847,-0.21702545831936795
848,-0.1695846061665089
849,-1.4711514372708745
850,0.749652823176803
851,0.08915374695165598
852,-0.020810067414699984
853,-1.107408532306081
854,0.9101077431999406
855,-0.048994487635508455
856,0.4922985810753893
857,-1.3883205515908619
858,1.0628338211944501
859,0.015842481487321328
860,0.6663761479488581
861,-1.5061325356364312
862,1.2594945282190613
863,-0.13989449874808405
864,0.5092716815483589
865,-1.4295083076090263
866,1.014262495347739
867,0.6029552036158908
868,-0.40811607963292623
869,-1.7540628696010319
870,0.577873384336936
871,0.030367657033896264
872,0.09033557584311397
873,-1.1526869147437449
874,1.13232323435421
875,-0.0845440437101035
876,-1.4045081755129634
877,0.798700033915797
878,-0.014371231868401581
879,-1.3516323586883519
880,1.161428813221355
881,0.0004890111667123977
882,-1.2376458656855207
883,0.9213716586669457
884,-0.007062748304625804
885,-1.441599930474163
886,0.9158523431600124
887,-0.5678386173952954
888,0.05644221154882309
889,-0.5053003459859823
890,-0.03599903023676412
891,0.24947085372374225
892,-0.1043094581753158
893,0.18510263144736921
894,-0.3076195242429703
895,-0.2835302348591884
896,-0.3335114200552452
897,0.0168706760076024
898,-0.3833160450809898
899,0.03873496353926411
900,-0.24871567610113415
901,-0.5538382194717455
902,0.9731981754351927
903,0.6855429313961638
904,1.0358176583011585
905,0.4003279615095339
906,0.5562068132163456
907,-1.400091892820476
908,2.150339042134696
909,0.6045694582261251
910,0.47331058744233123
911,-1.3546850864078497
912,2.3182499644675443
913,0.3549305948525935
914,0.30503865307505307
915,-0.9184084292473963
916,2.3340814680394857
917,0.3837068986714724
918,-0.26667254409521407
919,-0.9621514311432374
920,1.8731091936270334
921,0.3429027651937896
922,0.4160828486084215
923,-1.4351258778688214
924,2.043540899210308
925,0.5038706151821469
926,0.46521527922382083
927,-1.2014639610996567
928,-1.0594906193566864
929,0.35526987212647315
930,0.41933672980796494
931,-1.451199373219525
932,2.3340814680394857
933,0.40620256282271033
934,0.5638921790915327
935,-1.3364711226912214
936,2.3340814680394857
937,-0.2691689495155619
938,0.584177406447694
939,-1.541555610614781
940,2.3349806025581032
941,0.23022040989779047
942,0.19072373533014636
943,-1.5753732863921668
944,2.3336448252705977
945,0.34780319258894776
946,-0.020810067414699984
947,-2.3760147864807526
948,2.2053817769600568
949,0.3502195612989045
950,0.6246362204167638
951,-1.510604128706736
952,2.5106217708548604
953,-0.49734305317050703
954,1.0320521967107652
955,-0.3815052327815567
956,1.6561441186496046
957,-0.530650960092091
958,0.4321913377283577
959,-1.6633110817131296
960,2.566579216909651
961,0.5274202673659949
962,-0.006851187755187681
963,-1.860371337264315
964,2.4077491015639483
965,0.5418532052078444
966,-0.06703268622009097
967,-1.3972417042128542
968,2.3103628365032773
969,0.4756831641421191
970,0.8592425506726111
971,-1.5657565787192829
972,2.114269796854073
973,0.5321303927773013
974,0.43916863910437215
975,-1.2688711537894812
976,2.295404618469112
977,0.22646673923997138
978,0.04120835428183137
979,-1.238408866696818
980,2.294967975700224
981,0.3340176243453962
982,-0.09692138567832348
983,-1.3200594869870106
984,2.5654971172734955
985,0.6045694582261251
986,0.24873720723616669
987,-1.0688828300751685
988,2.159291007695813
989,0.610469036475503
990,0.38357745934159154
991,-1.0572681818322955
992,2.3340814680394857
993,0.5811663393910439
994,0.642360100046604
995,0.05704042225794318
996,0.5353255480097051
997,0.20333834275921617
998,0.7541043928160406
999,0.007658763352327376
1000,-1.311164038187144
1001,1.0257338305097627
1002,-0.8147691282810052
1003,-0.09556571922659385
1004,-0.45405532212154887
1005,0.19620957339132
1006,0.29525458658294046
1007,0.0158761601489352
1008,0.5547123674433624
1009,-0.0402030295190961
1010,0.5768878058095135
1011,0.7080183433414432
1012,0.47701707308425695
1013,-0.6799214674563869
1014,0.2561603700332459
1015,0.5804213587401964
1016,0.5495515156846754
1017,-0.41531818760453676
1018,0.5058729153776668
1019,0.5531744520034458
1020,0.302587423636724
1021,-0.6006561291611515
1022,0.6147452409598286
1023,0.6658330512411117
1024,0.302587423636724
1025,-0.6169878037379151
1026,0.73417205038246
1027,0.8405369305451919
1028,0.39136344590199335
1029,-0.5623227115487138
1030,0.3522606997852002
1031,0.7163320684393426
1032,0.17826165517987483
1033,-0.5017983685974176
1034,0.8892809445976525
1035,0.7661896233819824
1036,0.36890938836329557
1037,-0.5201183397620441
1038,0.1194328715648282
1039,-0.8555609218749533
1040,0.6934780202837326
1041,0.5453703883797678
1042,-0.12544000984086146
1043,0.21607733721737565
1044,0.7311982141414004
1045,0.2629800813556383
1046,-0.5185906772310945
1047,0.7308930838946924
1048,1.2811049367739997
1049,-0.43189315737788114
1050,0.165860969576502
1051,0.8460890687188372
1052,0.5078237298073678
1053,-0.8078677430334068
1054,0.42905041890372425
1055,1.202102795438615
1056,0.5693830470222503
1057,-0.6595217831369287
1058,0.3522606997852002
1059,0.7940521461493072
1060,0.44008595967356695
1061,-0.6442204281302166
1062,0.24998325760952284
1063,0.7940521461493072
1064,0.302587423636724
1065,-0.6801525212505186
1066,0.1301868352666386
1067,0.6386299421200564
1068,0.43314541020501457
1069,-0.8646589528122165
1070,0.3719905862270857
1071,0.7940521461493072
1072,0.2778817768118602
1073,-0.6238877144675912
1074,0.012241938138167692
1075,0.6386299421200564
1076,0.3706345835886071
1077,-0.7727796611377283
1078,0.3141424643460892
1079,0.8046308020217642
1080,0.44008595967356695
1081,-0.6320783640955168
1082,-0.3091440234952702
1083,-1.0359826365163844
1084,2.4352744294929103
1085,-1.7967816653287274
1086,-0.27395393134789586
1087,-0.46199675803928764
1088,2.507191385206228
1089,-1.0701973800170292
1090,-0.46425164167027005
1091,-0.39957624896346666
1092,2.583126135215852
1093,-1.8893740099663137
1094,-0.2627715339329126
1095,-1.465561817894109
1096,2.443906947241158
1097,-1.4784901223987683
1098,-0.3875193232396653
1099,-0.4529406470454751
1100,2.4994220032802064
1101,-1.3613683080357433
1102,-0.6093780028199273
1103,-1.0262697111573862
1104,2.471694206890281
1105,-1.1813942340747483
1106,-1.0381521900089297
1107,2.2589887502084856
1108,-1.869153261421611
1109,0.6119095937674353
1110,-1.3994776983631245
1111,2.7081702358421618
1112,-1.3358281413038826
1113,-1.473962013471951
1114,-1.1522481954301365
1115,-0.32440151514719034
1116,-1.2400052377831379
1117,2.54267830083176
1118,-1.7443443862804633
1119,-0.5291336626153208
1120,-0.58122130611207
1121,1.9747913834956095
1122,-1.7538788135396501
1123,-0.3904915954695865
1124,-2.0564747709598916
1125,2.7683039761513593
1126,-1.6429484252402202
1127,-0.6209945537793751
1128,-1.741441130176522
1129,2.4491898698915655
1130,-1.7872676002427672
1131,-0.4512396100436101
1132,-1.121268376581487
1133,2.7473505804736726
1134,-1.9299166364415394
1135,-0.5914847651731802
1136,-1.1718141959808908
1137,2.537876433187349
1138,-1.7443443862804633
1139,0.1646775807510257
1140,-0.3618717428128151
1141,-1.4891468800202428
1142,2.537876433187349
1143,-1.2736920033204515
1144,-0.32555466274574435
1145,-0.6105730839712876
1146,2.471694206890281
1147,-1.2651605985857477
1148,-0.06472271954413043
1149,-0.8392343920408457
1150,2.4076981366977863
1151,-1.672097318180151
1152,-0.6001720370338861
1153,-0.5282639668812873
1154,0.7383645812494879
1155,0.457051204329701
1156,-0.2743581328482728
1157,0.9255550750339688
1158,0.43314541020501457
1159,-0.21544937028220737
1160,0.7748936490969905
1161,0.40024858675038655
1162,-0.1961649491016764
1163,0.5151529363919478
1164,0.29370228278833066
1165,-0.6193623922618068
1166,0.48144098028039595
1167,0.3793559099705945
1168,-0.11454777032218248
1169,0.6397057973914996
1170,0.2646058342238692
1171,0.19837672855878258
1172,0.3657509415275223
1173,0.5716467217354935
1174,-0.2535294417195294
1175,-0.3769638426322519
1176,-0.48609125780027646
1177,-0.43562556947148506
1178,-0.6169869396184204
1179,-0.5339134843494041
1180,-0.5253789526814416
1181,-0.38481103315259213
1182,0.6918367959693462
1183,-0.94816976589879
1184,-0.591853464197942
1185,-0.8560595247619225
1186,-0.5827779003387494
1187,-0.5827397032765977
1188,-0.4665179252769871
1189,-0.6119341170036886
1190,-0.6443484925513692
1191,-0.5955555990765435
1192,0.19401040249689616
1193,0.3790543563639275
1194,-1.1999253977608606
1195,-0.3936684129696553
1196,-5.149299168824842
1197,-0.5635123341251206
1198,-0.5052243466125238
1199,-0.5178407629387735
1200,-0.5084590723884987
1201,-0.5392701346823785
1202,-0.49175206598696924
1203,-0.4964154084292968
1204,-0.2482490639382078
1205,-0.04205400059879936
1206,-0.5345544227637437
1207,-0.4023881137236732
1208,-1.324757344144492
1209,-0.4546380548456539
1210,-0.2726787990100453
1211,-0.20523487483248598
1212,-0.5827397032765977
1213,-0.4951557340024952
1214,-0.3960801291021399
1215,-0.1589915923765102
1216,-0.4789903116083632
1217,-0.5052243466125238
1218,-0.20523487483248598
1219,-0.6443484925513692
1220,-0.41796869734870096
1221,-0.2761606914709938
1222,-0.6520456558776699
1223,-0.30715080739110007
1224,-0.10738713896514493
1225,-0.2112555094592776
1226,-0.537226686431636
1227,-0.39179303112299235
1228,-0.25275042834466627
1229,-0.5496449831213447
1230,-0.38481103315259213
1231,-0.3500117151115338
1232,-0.9916534171263846
1233,0.2773061024388148
1234,-0.05609972291024361
1235,0.19802372285690045
1236,-0.0959380343305547
1237,-1.2376349498887251
1238,0.13198151911954126
1239,-0.0964599989937189
1240,-0.049739777633094846
1241,0.17032963131004245
1242,0.275458191625514
1243,0.1607435810057583
1244,-1.0142576656392377
1245,0.13447723370511214
1246,0.03789316721443223
1247,-0.7247165527071635
1248,0.18476405452755565
1249,-0.29468128726440784
1250,0.23892877256543577
1251,-0.1412865584830144
1252,-0.6347581663405756
1253,-0.6173992780675155
1254,-0.5101949256863134
1255,-0.2751722322594281
1256,-1.1040567686728118
1257,-0.8538093187350426
1258,-0.09544623582912065
1259,-0.3856394576285126
1260,-0.5101949256863134
1261,-0.6323145054350896
1262,-0.19901749540822777
1263,-0.5313579663029738
1264,-0.5101949256863134
1265,-0.6379563500905058
1266,-0.08662984892272571
1267,-0.7292146049749243
1268,-0.5101949256863134
1269,-0.15685485693916865
1270,-0.5162957859251512
1271,-1.0833574199844387
1272,-0.7123874733179233
1273,0.06333384710674933
1274,-0.4372676763358797
1275,-1.370864079931661
1276,-0.666286650652199
1277,-0.5310465692347337
1278,-0.7043169716518156
1279,-0.5508819197459794
1280,0.14251966057481033
1281,-0.5162957859251512
1282,-0.5899415935172172
1283,-0.4941084230891678
1284,-0.028014293669804707
1285,-0.5310465692347337
1286,-0.5360951926230761
1287,-0.004102187516340677
1288,-2.7048624430854424
1289,0.026005587494672817
1290,-1.202636280282604
1291,0.29517458640008704
1292,-1.631583500466409
1293,-0.0038944213236114123
1294,-1.4850749795560565
1295,0.33929738283250443
1296,-1.3326849727798176
1297,-0.11509211947961545
1298,-1.1959765872012882
1299,-0.6778122942851895
1300,-1.0497610850110606
1301,-1.331943309920124
1302,-1.096000109956247
1303,-0.7986321941077063
1304,-1.2007834540165618
1305,-0.5144139885132729
1306,-0.8278090338868412
1307,-1.4137789208219609
1308,-0.9265606944479373
1309,-1.1542351194228926
1310,0.6109896441202002
1311,-1.4381007333728257
1312,-0.9367919712337669
1313,-0.9668208095959475
1314,-2.362727913375404
1315,-1.2007834540165618
1316,-0.850983657817503
1317,-1.0497610850110606
1318,-1.3147136170724976
1319,-1.1937561067062799
1320,-0.6489202638886638
1321,-1.2613768038527238
1322,-0.2728349262321355
1323,-1.2555058324531916
1324,-0.025784796510358577
1325,-1.2194384521398731
1326,-0.3872952346804147
1327,-1.5068242736878188
1328,-0.46130254469182785
1329,-1.1078918608531285
1330,0.09277120411745923
1331,-1.4137789208219609
1332,-1.1025524280111114
1333,-1.2348257310221282
1334,-0.0171668079323472
1335,-1.6295083575814864
1336,-0.24183297324264386
1337,-1.0792276319333045
1338,0.08143646022462671
1339,-1.1784152424375405
1340,-0.7618372426820961
1341,0.3035131460239277
1342,-0.09168673952150637
1343,-0.4803054532065063
1344,0.2292368473577498
1345,0.0949583409884367
1346,-0.28137020091943954
1347,0.05694955242107119
1348,-0.4372676763358797
1349,-0.5459018899980491
1350,-0.17007822217470772
1351,-0.22294240327973372
1352,-1.4229099376031602
1353,-0.7940131486425039
1354,-0.282555979865973
1355,-0.530533384675325
1356,-0.8467636150535913
1357,-0.6555495283307134
1358,-0.05818030299720524
1359,-0.7695891822418167
1360,-0.693209540854357
1361,-0.12719441962042238
1362,-0.10955214836733665
1363,-0.12453514931260211
1364,-0.02084819918394343
1365,-0.018411942517513043
1366,-2.2131110673786627
1367,-0.17536041400402813
1368,0.10657984948832222
1369,-0.13676432483882564
1370,-0.04457552498800733
1371,-0.30411746519724525
1372,0.06793613129951293
1373,-0.07114338574742717
1374,-0.08868286080547494
1375,-0.10182391026545508
1376,0.08725749209062843
1377,-0.6709534079010688
1378,-0.06562332052546234
1379,-0.16872513164597874
1380,-1.2376458656855207
1381,1.2363551575889689
1382,-0.21315417632155306
1383,-1.2678872175114588
1384,0.8830667155696549
1385,-0.8902164649689944
1386,-0.1541820642442668
1387,-0.013082798469290356
1388,-1.3096805031352576
1389,1.0186508635315066
1390,0.03748664500138673
1391,-1.0722551757806542
1392,0.7273234546821762
1393,0.09962929078064763
1394,-1.296331304860594
1395,0.8947985266382573
1396,0.03420382445658311
1397,-1.2075307020530934
1398,1.0585425498715357
1399,0.30503865307505307
1400,-1.2230407804548675
1401,0.76502861666504
1402,0.03748664500138673
1403,-1.3094674629669183
1404,0.8231360774957499
1405,0.06758819374204116
1406,-1.707742660376173
1407,1.3325567068132709
1408,-0.08211634292890593
1409,-1.0083786992777075
1410,0.9463924462565674
1411,-0.1372524593398564
1412,-1.1575857446114663
1413,1.0748602897816495
1414,0.3902979283791284
1415,-1.8680541950926537
1416,1.938398757628376
1417,-0.02145833366425951
1418,-1.6507814937958374
1419,1.4460092722779603
1420,-0.10236302188750378
1421,-1.6773783999977454
1422,1.2843544168076562
1423,-0.020810067414699984
1424,-1.4036058528768909
1425,0.9806403649362618
1426,0.480598668535261
1427,-1.633430986007895
1428,1.108198746731136
1429,-0.16968340789886177
1430,-1.6449195250767505
1431,1.2729551562167989
1432,-1.3272510894557406
1433,-0.6817986444590982
1434,-0.8075920297799543
1435,-1.1717385277464816
1436,-0.9808302752781322
1437,-1.1065792463202586
1438,-1.3952600651504665
1439,-0.9337337311882867
1440,-1.1095724093091175
1441,-1.407929502554675
1442,-0.7291560941714689
1443,-0.7433157523848186
1444,-1.4667622480061397
1445,-0.9206826663748597
1446,-0.9719643552534811
1447,-1.5097513572939683
1448,-0.9821274546019172
1449,-0.6631802692808364
1450,0.2285252037198048
1451,0.5246803615446403
1452,0.22099336454897875
1453,2.0668228879776285
1454,0.5287875846356057
1455,-0.09637498777813676
1456,-1.4094416584211886
1457,2.3340814680394857
1458,0.08415740265582194
1459,0.12525909883528083
1460,-1.3550387009031482
1461,2.3107688844995966
1462,0.2821386819144058
1463,0.317187574509509
1464,-1.2188597741846978
1465,2.3340814680394857
1466,0.3549305948525935
1467,0.26542895632568214
1468,-1.560788619199596
1469,1.9409948603447105
1470,0.36947293618484317
1471,-1.3350766256485505
1472,-0.1925712922741122
1473,0.03276989567539179
1474,-0.020810067414699984
1475,-0.9250789611658601
1476,1.869124101934568
1477,0.3374552343243962
1478,0.3822102742584467
1479,-1.1338136502166571
1480,1.9460478650910398
1481,0.5422968967274002
1482,0.7121343441014083
1483,-1.2126912965058154
1484,2.08530941147416
1485,0.4783926301710102
1486,0.3822102742584467
1487,-1.1484362359118272
1488,2.4225788831025796
1489,0.49228002387126535
1490,-1.2282395443123366
1491,-0.4275452258297618
1492,-0.059492536102538504
1493,0.04738744178342467
1494,-0.39434133470903915
1495,-0.273852407520134
1496,0.12054101187162151
1497,-0.12081873309985051
1498,0.12054101187162151
1499,-0.9459388367491446
1500,-0.008470483815535324
1501,-1.581099881405421
1502,0.06480343538993276
1503,-0.12565282559192015
1504,-0.1443685458251209
1505,-1.2564515519042967
1506,-0.3893204420155465
1507,-0.1403138796148206
1508,-0.1443685458251209
1509,-1.5572008621261424
1510,-0.3893204420155465
1511,-0.16199725867373013
1512,-0.0565868966500692
1513,-1.6428603244039295
1514,-0.32581059233290416
1515,0.0339324450217021
1516,-0.036023896197139735
1517,-1.5572008621261424
1518,-0.4288288361468533
1519,-0.18378957488049413
1520,-0.06282616031822551
1521,0.4787337173217616
1522,0.2770035288298282
1523,0.615354998089285
1524,0.4764039450501526
1525,0.2914178459927972
1526,-0.9816842174060695
1527,0.35401461604966644
1528,0.6299101358200884
1529,-0.9747987670265926
1530,-0.007508338459658951
1531,-0.9899390052972602
1532,0.5169894405225437
1533,0.4229543825783307
1534,-1.3552227210063867
1535,0.01714118626234681
1536,-0.7741009835626484
1537,-0.004230235449756682
1538,-1.03525925185919
1539,0.18961562332272766
1540,-0.8151672104213468
1541,0.3007287569359777
1542,-1.0430774441664086
1543,0.11488999427328113
1544,-0.8694695221475621
1545,0.006149602192659941
1546,-0.9573947457563113
1547,0.2851627360549478
1548,0.4309123549515372
1549,0.5495682825440282
1550,1.140572209536333
1551,0.29370228278833066
1552,-0.4421598091430473
1553,-0.03718019652748632
1554,0.6928957476322584
1555,0.37948312314153193
1556,-0.9549956274654815
1557,0.2759116711841847
1558,1.126895249924085
1559,0.6492085191653146
1560,-0.2919787016650457
1561,-0.1306813749385979
1562,-0.19665548519995768
1563,-0.4503171728290059
1564,2.6971049206225604
1565,-1.1938959120436188
1566,-0.3091440234952702
1567,-0.3352342175090673
1568,2.1652901423957314
1569,-1.5583494433622536
1570,-0.32555466274574435
1571,-1.363087737381361
1572,2.6712560304996567
1573,-1.5687227630586025
1574,-0.31715738649687064
1575,-0.6079771419118296
1576,2.555586667728217
1577,-1.1271637999883364
1578,-0.4156088837214506
1579,-2.1422057347740804
1580,2.4994220032802064
1581,-1.6883793326405165
1582,-0.33327723560415856
1583,-0.5513804879714624
1584,2.4536850784122346
1585,-0.07529725232337879
1586,0.015763502241139156
1587,2.464479411532775
1588,-1.0369543843994835
1589,-0.05578597293229489
1590,-1.1162061083565034
1591,-2.0064216315189127
1592,2.5066514885865265
1593,-1.45835406977891
1594,-0.1792620402825378
1595,-0.22645586674650134
1596,2.5272092629293295
1597,-2.2858596639312694
1598,-0.28134629680267165
1599,-0.41384742860472157
1600,2.361487056619764
1601,-1.3293448948072166
1602,-0.48557253393153316
1603,-0.32486768731661236
1604,0.019637127990374145
1605,-0.3035504624319111
1606,-0.3904915954695865
1607,-1.949747018569137
1608,2.4710329152234345
1609,-1.1813942340747483
1610,-0.4569885916176234
1611,-0.44439073533534
1612,0.0725600918989535
1613,-0.4964154084292968
1614,-0.34619852390381195
1615,-0.48982691805556006
1616,-0.47201557494507707
1617,-0.2769920107375796
1618,0.34249652807094394
1619,-0.20627528811772802
1620,-0.4656419614816887
1621,-0.6198226047519676
1622,0.7541090226170599
1623,-0.37213981979331423
1624,-0.26250437979162694
1625,-2.015800751411915
1626,0.5953830498158117
1627,-0.43051202280534834
1628,-0.3062357319205546
1629,-1.1457321348637692
1630,0.7973164836111956
1631,-0.20462759716586024
1632,-0.42685262377634486
1633,-0.47540996247499545
1634,0.29176621209927506
1635,-0.4895186958919065
1636,-0.5999510005314876
1637,-0.3888207043596324
1638,0.24477598047536633
1639,-0.19023894439014324
1640,-0.42397030704479377
1641,-1.9554156887824314
1642,0.13857341102011692
1643,-0.014742180563999355
1644,-0.4656419614816887
1645,-0.3614959428352196
1646,0.2723745362957403
1647,-0.3796440649700885
1648,-0.26250437979162694
1649,-1.2628640734390686
1650,0.34249652807094394
1651,-0.20746726654850933
1652,-0.2367278475615504
1653,-0.46777936457038094
1654,-0.25321687952849664
1655,-0.22386636322787495
1656,-0.3954699271733282
1657,-0.6725704196425399
1658,0.6774919039200993
1659,0.457051204329701
1660,-0.5153315243749186
1661,0.9137816606150166
1662,0.48021927186982677
1663,-0.21544937028220737
1664,0.5292550988508153
1665,0.4264320735487394
1666,-0.09775651082268673
1667,-0.5693638364135258
1668,0.43314541020501457
1669,-0.2117835028521648
1670,0.5924463334488306
1671,-0.21283420162264807
1672,0.13078083210526986
1673,0.3723717066059435
1674,0.4228612424360271
1675,-0.3926869764064445
1676,0.40232819640407813
1677,0.11598187502526773
1678,0.7699417499942568
1679,-0.6797138827629253
1680,-0.5832556608935343
1681,-1.4025242807969873
1682,0.6126555923792422
1683,-0.12041654953329631
1684,-0.7690396066309595
1685,0.7623440736982319
1686,-1.0060169856773253
1687,-0.6466084682113002
1688,-1.7874783964632384
1689,-1.3749306745067587
1690,-1.263310434422964
1691,-0.9655850416712454
1692,0.7623440736982319
1693,-1.3455566776449053
1694,-1.1838556744891249
1695,0.6738955281606277
1696,-1.3399163930815547
1697,-0.9886820481795786
1698,0.6251308615058733
1699,-1.781291636982389
1700,-0.9008372061909824
1701,0.6026208316669893
1702,-0.24504538082779156
1703,0.049697740800465955
1704,0.5566272369989929
1705,-0.2849608024437837
1706,0.013059203174625784
1707,-0.17611627333363697
1708,-0.2479114011930233
1709,0.09805552112247513
1710,0.6137562807884073
1711,-0.13871988647776756
1712,-0.059335022708343545
1713,-0.21629116953085875
1714,0.17059509863380068
1715,-1.3068879297419724
1716,-0.16989275811594742
1717,0.0949583409884367
1718,-0.05884962139024358
1719,-0.20456054563503412
1720,0.029507541131347723
1721,0.053010610021050765
1722,-0.2712624855111389
1723,0.10657984948832222
1724,-0.12167376448122455
1725,-0.0052361516719196255
1726,-0.18293039584796153
1727,0.11605029684704318
1728,-0.07835143632768347
1729,0.07937882150720639
1730,-0.030665769845395232
1731,-0.1456549011155978
1732,-1.1345947832964658
1733,-0.04756360476920338
1734,-1.1839535763621931
1735,-0.2501175403185568
1736,-0.19627158090225327
1737,-1.7005814171744125
1738,-0.2453972184255258
1739,-0.11217861319610113
1740,-3.5918806637230203
1741,-0.23310786468788372
1742,-0.2774952925725218
1743,-0.1443388598298274
1744,-0.21005428378173552
1745,-0.8677349408255267
1746,-0.3488795926133226
1747,0.06893753755608951
1748,-0.2993777379709599
1749,-0.3561239309581291
1750,0.21335287963541194
1751,2.502174478442222
1752,-1.149378077000489
1753,-0.23310786468788372
1754,-0.2338993270998416
1755,-0.27664631711026316
1756,0.09506936472490489
1757,-0.2652081006761579
1758,-0.15648123660535848
1759,-1.101353213281652
1760,-0.07753560799777162
1761,0.13479557117669072
1762,-0.0619432002092763
1763,0.13997974955900883
1764,-1.164621287355054
1765,-0.18639226894653607
1766,-0.015522071745684068
1767,-0.19872318748834852
1768,-0.04756360476920338
1769,-1.084623156598674
1770,-0.2652081006761579
1771,0.015403842070726984
1772,-0.7537744242836196
1773,-0.047583581415737
1774,-0.20487272061979084
1775,-0.3380454768311262
1776,0.21107372836871255
1777,-0.040929758383036335
1778,-0.005971610020494816
1779,-0.16877053944876513
1780,-0.2117835028521648
1781,0.5647260664577528
1782,-0.2652081006761579
1783,0.15480522932864033
1784,0.5647260664577528
1785,-0.13537477875816817
1786,0.36068969381434607
1787,-0.4372676763358797
1788,-0.38850987623603744
1789,-0.4896301662702517
1790,0.08199551293938084
1791,-0.6563244762929475
1792,-0.6472330878832764
1793,-0.046523280521989514
1794,-0.5200606080193024
1795,-0.5101949256863134
1796,0.20503301520891876
1797,0.139740132324318
1798,-0.3858733235056715
1799,-0.7007262448694036
1800,-0.3407824024711478
1801,0.09165981301018226
1802,-0.4806325233178086
1803,-0.504262624476853
1804,-0.4539454866991348
1805,-0.07610462750838025
1806,-0.5160619200479922
1807,-0.5101949256863134
1808,-0.33375040967527486
1809,-0.13422938316363434
1810,-0.6077014611191083
1811,-0.6472330878832764
1812,-0.19823047527189785
1813,-0.14031352515041245
1814,-0.6730741494624655
1815,-0.884623705000065
1816,-0.7299034819837578
1817,-0.10155076378626349
1818,-0.47762304198149796
1819,-0.9656358120044349
1820,-0.4281048336455812
1821,-0.14589726840641737
1822,-0.2659451635882867
1823,0.11599834956544575
1824,0.7109978724210276
1825,0.19146245736372117
1826,-0.4734705709432668
1827,-0.06910563735765163
1828,-0.09885516774356534
1829,-0.08709707044047134
1830,-0.06741669052915918
1831,0.019131598475764913
1832,-0.1218980852093345
1833,-0.12251175704757447
1834,-0.6979422609987848
1835,-0.027307572662336056
1836,-0.28137020091943954
1837,0.028991327508039653
1838,-0.464667567217784
1839,-0.5757307024571534
1840,-0.8538093187350426
1841,-0.12012884596961322
1842,-0.4791390318451164
1843,-0.46638912099297053
1844,-0.6323145054350896
1845,0.09165981301018226
1846,-0.7398556639211279
1847,-0.46638912099297053
1848,-0.3058537129973456
1849,0.1024329465060818
1850,-0.49320107439268523
1851,-0.792644391181335
1852,-0.6323145054350896
1853,0.2990243542686424
1854,-0.6071882765596995
1855,-0.5101949256863134
1856,-0.5964229086405102
1857,-0.1362543438687663
1858,-0.5379346604383395
1859,-0.5605340114543552
1860,-0.5008120277072179
1861,-0.11843728921572982
1862,-0.28352947582556626
1863,-0.02822926178113124
1864,-0.19121193291183194
1865,-0.13760231740517562
1866,-0.6321998549404845
1867,-0.5935258282329277
1868,-0.5222991726354728
1869,-0.19901749540822777
1870,-0.130290394828094
1871,0.09678204259153074
1872,-0.018467403373960686
1873,-0.40751828378833727
1874,-0.37517499385263037
1875,0.008695205736947962
1876,-0.7001684238178936
1877,-0.1372524593398564
1878,-1.0287903883313447
1879,-0.24414436647343252
1880,-1.4506151914232925
1881,0.05268941178854528
1882,-0.9772522537875669
1883,0.5145854008720377
1884,-1.4873098966361369
1885,-0.1372524593398564
1886,-1.2099306554138807
1887,0.05268941178854528
1888,-1.2293754158871661
1889,-1.095319817790077
1890,-0.1607531517662121
1891,-0.27266150212845525
1892,-1.3187917380650247
1893,-0.26290136590073226
1894,0.16349715442751034
1895,-0.7929678845785616
1896,-0.050600241337978975
1897,-0.5318711508623826
1898,-1.1948768240410188
1899,0.042305199859783774
1900,-0.541063150436271
1901,-0.778926356524147
1902,0.042305199859783774
1903,-0.40751828378833727
1904,-0.5360951926230761
1905,0.3324352363020715
1906,-0.3858733235056715
1907,-0.4779829754141251
1908,-0.07607967806757443
1909,-0.25926035116572976
1910,-0.5360951926230761
1911,-0.03691816898794833
1912,-1.214524749319945
1913,-2.219005362761273
1914,-0.938968926135125
1915,0.008471368084718617
1916,-1.1189886533347
1917,-0.8207403433611853
1918,-0.7632973177683401
1919,-0.07595293360317679
1920,-1.37157062032885
1921,-0.12957697059932008
1922,0.3052803381840395
1923,-1.4162327745155467
1924,0.012843201699641725
1925,-1.0393213800978214
1926,-0.04766898451879137
1927,-1.2592918834771198
1928,-0.5975806857677523
1929,-0.9817830252450414
1930,0.08812296658357613
1931,-1.158245460794255
1932,-0.6219723932001886
1933,-1.2362113310761924
1934,-0.2191691377293577
1935,-1.2007834540165618
1936,-0.49729970344365876
1937,-1.2979649633078927
1938,0.04737987373912234
1939,-1.158245460794255
1940,-0.4993234281556712
1941,-1.4245956871674799
1942,0.005483201766810379
1943,-1.2933035878960444
1944,-0.7644174432761517
1945,-1.3114016859333526
1946,0.1361623523261046
1947,-1.7000455531383007
1948,-0.636357079579828
1949,-1.3709537860840568
1950,-0.7650525000232263
1951,-1.814250551691224
1952,-0.34758556094096393
1953,-1.2784336522045743
1954,-0.19805662421596817
1955,-1.4137789208219609
1956,-0.4562244019692852
1957,0.2654570253681575
1958,-1.2784336522045743
1959,-0.6117049195375508
1960,-1.639609874651892
1961,-0.36440189761004393
1962,-1.3605536920794314
1963,-0.42071575215908036
1964,-1.30603484355801
1965,-0.7510670668770904
1966,-1.214524749319945
1967,-0.941836729450049
1968,-1.3289361657269414
1969,-0.721098957652166
1970,-1.2784336522045743
1971,-0.35648172841604
1972,-1.0979300373129173
1973,-0.1439541797204255
1974,-1.2007834540165618
1975,-1.0273685422469552
1976,-0.5906348703827884
1977,-0.7668088600921645
1978,-1.2869380548139626
1979,-0.897535507155132
1980,-1.09437846145737
1981,-0.39560301623968747
1982,-1.2784336522045743
1983,-0.7037818885445939
1984,-1.0606377887622171
1985,0.15985396955928996
1986,-0.9449378342008029
1987,-1.1817383703917654
1988,-1.1446711128404503
1989,0.2291714805819581
1990,-1.0228170789577358
1991,-0.19042724149043666
1992,-0.11335854272512445
1993,-0.34149561117127075
1994,-0.026275492209761664
1995,-0.4481626107600297
1996,-0.06910563735765163
1997,-0.19407373586733292
1998,0.09587305571582544
1999,0.5000533230426228
2000,0.12250270265410415
2001,-0.3283392347638695
2002,-0.4546100147304051
2003,0.35477311211570367
2004,0.010120916145221516
2005,-0.12251175704757447
2006,-0.19042724149043666
2007,-0.059335022708343545
2008,-0.05011861045966952
2009,0.16263547002543266
2010,-0.2640772586851996
2011,-0.013310776018263472
2012,-0.13363012338509472
2013,-0.12251175704757447
2014,-0.3364852710422734
2015,-0.11335854272512445
2016,-0.018467403373960686
2017,-0.12481421486496154
2018,-0.2849608024437837
2019,-0.02822926178113124
2020,-0.3019671826874822
2021,-0.1080160897027242
2022,-0.404558148309407
2023,-0.02822926178113124
2024,-0.18283268975016875
2025,-0.642847734427772
2026,-0.26987024208618243
2027,-0.11335854272512445
2028,-0.148999357646044
2029,-0.17915352736292997
2030,0.02772212165994875
2031,-0.2875490272936226
2032,0.08051985991558862
2033,-0.22473645901197076
2034,0.23987790735877146
2035,-0.06562332052546234
2036,-0.21232723338115306
2037,0.06793613129951293
2038,-0.11159216155093868
2039,-0.16524603563922874
2040,-0.27140641331466214
2041,0.05816551665020475
2042,-0.08687690328298818
2043,-0.004550476263362119
2044,-0.1808400779346456
2045,0.4954549893956996
2046,-0.20927156071317587
2047,-0.628091013141272
2048,-0.059335022708343545
2049,-0.148999357646044
2050,-0.31880820440169044
2051,0.06887277117279235
2052,-0.25079231437088373
2053,-0.066796104770184
2054,-0.2849608024437837
2055,0.032060518915596185
2056,-0.19121193291183194
2057,-0.13760231740517562
2058,-0.39134085134480684
2059,0.032060518915596185
2060,-0.018467403373960686
2061,-0.18033659599683
2062,-0.24090231650414726
2063,-0.02822926178113124
2064,-0.2684561970658092
2065,-0.13760231740517562
2066,0.03565043755699662
2067,-1.5777256315597878
2068,1.2025218004885372
2069,-0.09561140412937974
2070,-1.4161568131102584
2071,1.2426016046086303
2072,-0.10236302188750378
2073,-1.539397632890312
2074,1.089264039897986
2075,-0.020810067414699984
2076,-1.7572625021433843
2077,0.9112029050907586
2078,0.05268941178854528
2079,-1.6700332393092416
2080,0.9636245868792973
2081,0.026005587494672817
2082,-1.1986450089505554
2083,1.0218929533010765
2084,0.2597831834533062
2085,-1.1027809231275207
2086,1.2013490162438156
2087,0.31194964684900095
2088,-1.5941205936885883
2089,0.8598388578324746
2090,-0.23772002304138384
2091,-1.2003766864524734
2092,1.2414011220021057
2093,0.05268941178854528
2094,-1.0577554118400643
2095,0.99163263973785
2096,0.03565043755699662
2097,-1.206019970326805
2098,0.8114334154093849
2099,0.20875273633655456
2100,-0.0038944213236114123
2101,-1.3010375731159414
2102,1.014262495347739
2103,0.02485294469116193
2104,0.7424862893479848
2105,-1.708282102942318
2106,0.6960405890447786
2107,-0.09205139538721387
2108,0.24873720723616669
2109,-1.4685637199713513
2110,0.422045536076946
2111,-0.06244174732318586
2112,0.33929738283250443
2113,-1.5142002653431583
2114,0.7789923869793149
2115,0.045995801620048
2116,0.44117141584480224
2117,-1.7526967876329238
2118,0.7554583081630478
2119,0.031298293804718234
2120,0.24360277998444818
2121,-1.3417435814068819
2122,0.9785269340598228
2123,-0.05016727188023015
2124,0.03565043755699662
2125,-1.4460539704270912
2126,0.8458281420052323
2127,-0.023865653848651622
2128,-0.03767967103042806
2129,-1.4460539704270912
2130,0.7554583081630478
2131,0.8512194990578347
2132,-0.06108528441725625
2133,-0.7409119493299469
2134,1.2171096238405081
2135,-0.020970886956755926
2136,-0.20120669326294985
2137,0.05268941178854528
2138,-0.9732449672494499
2139,1.4439956446152575
2140,0.05268941178854528
2141,-1.2293754158871661
2142,1.0655289554529568
2143,0.05268941178854528
2144,-1.441599930474163
2145,0.9650076608188255
2146,0.009918903281329034
2147,-0.836303480236521
2148,0.6590492746600426
2149,-0.7154512193180248
2150,0.08096991239022659
2151,-0.4556929177264277
2152,0.5811042546353152
2153,-0.11899197987073602
2154,0.2434669595175176
2155,-1.2745669132763753
2156,-0.18731455640906666
2157,-0.5489527437399248
2158,0.220271568194622
2159,-0.55484859604386
2160,-0.49510892494329256
2161,-0.21180946483800944
2162,-0.46113683698917224
2163,0.05405506383266668
2164,-0.29014567435665695
2165,-0.30218810174757893
2166,-0.11043065079805686
2167,0.08695768748361014
2168,-0.45949541320073967
2169,-0.1788614206208842
2170,0.5863248719824948
2171,0.7402036610676895
2172,1.1256382717538331
2173,0.6033844659354956
2174,0.7935100673579022
2175,0.7367767595908711
2176,-1.2222361705208717
2177,-0.3307467573213265
2178,0.06505637923892917
2179,0.03748664500138673
2180,2.502935688234843
2181,0.5809142948691278
2182,0.903981251577774
2183,-0.2976338319454256
2184,0.49035806877220417
2185,0.3390217630105754
2186,-1.2030805326316907
2187,2.07068396747547
2188,0.5888031938570404
2189,2.4755405956588343
2190,-1.3754595790754032
2191,0.5246803615446403
2192,-1.4617297724328047
2193,2.5108593345513173
2194,0.49192694063154957
2195,0.3512111558768145
2196,-1.5827444807515354
2197,2.3107994792721653
2198,0.511943816153897
2199,0.5087231746248191
2200,-1.2025524747144258
2201,2.22077663776311
2202,0.2820811869630794
2203,0.3781978999106072
2204,-1.4809627810176194
2205,1.901714871494947
2206,0.4209233515098339
2207,0.49965570961087014
2208,-1.4354079093772198
2209,1.724015213555708
2210,0.5103180632856661
2211,0.584177406447694
2212,-1.4138790004221116
2213,2.5016657188414992
2214,0.6681088060451288
2215,0.7243864155603741
2216,-1.2688711537894812
2217,2.252946959606298
2218,0.36947293618484317
2219,0.5943118478694611
2220,-2.1300462929129083
2221,1.8947617653264213
2222,0.3861254717092007
2223,0.3059167129158979
2224,-1.0889108648666945
2225,1.9652756844152746
2226,0.5249590924836324
2227,0.30503865307505307
2228,-1.317700521546243
2229,2.180356290339935
2230,0.3815007658436471
2231,0.04887112160907512
2232,-1.5244746790817896
2233,2.043540899210308
2234,0.45182245917995656
2235,0.35486579267665724
2236,-1.5018798795124062
2237,2.3107994792721653
2238,0.5287875846356057
2239,0.5246803615446403
2240,-1.4641557390181628
2241,2.294967975700224
2242,0.22982583160462244
2243,0.476043571521556
2244,-1.2647307297524029
2245,1.9555581588322195
2246,0.3429027651937896
2247,0.3689017297657899
2248,-1.317700521546243
2249,2.3105313208031397
2250,0.5154480914113915
2251,0.34951293758944735
2252,-2.2055510418818787
2253,2.314456087682774
2254,0.5391522243806777
2255,0.447917111337176
2256,-0.9898275682995058
2257,2.387341665735024
2258,0.4652337990516147
2259,0.49766357671590317
2260,0.01303154354622417
2261,0.6512885707347231
2262,0.20333834275921617
2263,0.6404516540354007
2264,-0.14546663213794223
2265,-1.620100645905041
2266,1.0121186194162224
2267,-0.8828039968793379
2268,-0.06125863964577345
2269,-0.5271130768066529
2270,0.2795557506923058
2271,0.3877023503015626
2272,0.7311982141414004
2273,0.47951122222730197
2274,-0.7727796611377283
2275,1.3480531590520375
2276,0.9454536374644305
2277,0.521807638846972
2278,-0.1016493699419675
2279,0.4426964489948986
2280,0.3943571145721923
2281,0.44008595967356695
2282,-0.46316685976272526
2283,-0.47507990783959175
2284,0.8405369305451919
2285,0.4105429946441894
2286,-0.5721406379601146
2287,0.37945410162569754
2288,0.8827194512756498
2289,0.29370228278833066
2290,-0.40821944274084243
2291,0.4000965839187371
2292,0.9804952062969129
2293,0.43314541020501457
2294,-0.3173604464681285
2295,0.6670644230305127
2296,0.5154461567929105
2297,0.40024858675038655
2298,-0.5155864711993782
2299,0.3522606997852002
2300,0.7470729826559743
2301,0.46318788928190463
2302,-0.7935318846087637
2303,1.098327951961308
2304,-0.6302263172847207
2305,0.5791682257079404
2306,-0.6806837039097218
2307,1.0433094593326355
2308,0.6599912345498471
2309,-0.6847762706620267
2310,0.13228159334689174
2311,0.9622157231547713
2312,-0.3173759572577917
2313,0.08784429689116814
2314,1.031942511442173
2315,0.3519006842667801
2316,-0.6339362765441839
2317,-0.0030448246121240483
2318,0.6632037115596292
2319,0.302587423636724
2320,-0.7335516265972617
2321,0.44973495001667824
2322,0.6386299421200564
2323,0.457051204329701
2324,-0.8854141386053779
2325,0.3522606997852002
2326,0.7940521461493072
2327,0.302587423636724
2328,-0.7569724573081624
2329,0.3719905862270857
2330,0.7163320684393426
2331,0.3793559099705945
2332,-0.6320783640955168
2333,0.3522606997852002
2334,0.8405369305451919
2335,0.302587423636724
2336,-0.5861878283181796
2337,0.4178745174524626
2338,0.7971489089872154
2339,0.457051204329701
2340,-0.6222497052890008
2341,0.14705189911771804
2342,0.922968232434558
2343,0.5240932366624004
2344,-0.42492636554992597
2345,0.3141424643460892
2346,0.5943460921335737
2347,0.4787337173217616
2348,-0.47565746576620743
2349,2.9407867822345954
2350,-1.553784573414139
2351,-0.6237172805513719
2352,-1.2490555988274057
2353,2.719869468493368
2354,-1.769949364002274
2355,-0.2360731726904576
2356,2.6648338731153065
2357,-1.6509011345889668
2358,-0.36154880845215115
2359,-1.2750895146102095
2360,2.6648338731153065
2361,-1.5606495154587539
2362,-0.917629253124905
2363,-1.7062000590236146
2364,2.4395194423665796
2365,-1.29632788464844
2366,-0.3326377153705138
2367,-1.522229861587252
2368,2.5499185981604424
2369,-1.3587791157654987
2370,-1.2279897553923795
2371,2.4610270366322617
2372,-1.6080946487522993
2373,-0.3907068074503066
2374,-1.338723843941472
2375,2.4610270366322617
2376,-1.0515293981868041
2377,-1.5236699346562739
2378,-1.410919981966485
2379,-0.6419889324759289
2380,-1.098925424442469
2381,2.6733577416921515
2382,-1.505989911516649
2383,-0.3810620980407358
2384,-1.1759913532018835
2385,2.537876433187349
2386,-1.3415789064782715
2387,-0.3213552369184128
2388,-0.5695417209017886
2389,2.6720712780381
2390,-1.4246518992608055
2391,-0.2498091955194669
2392,-0.6660945575187015
2393,2.4534712981765407
2394,-0.24866242565079408
2395,-0.19665548519995768
2396,-1.1040752766256243
2397,2.675501043373326
2398,-1.6650837470509434
2399,-0.35328603164209366
2400,-1.1377845483920703
2401,2.681923200757676
2402,-1.9545343486962923
2403,-0.3808602087462422
2404,-0.4503171728290059
2405,2.42885227210856
2406,-1.2871728706315297
2407,-1.8456954321637713
2408,-0.3119772917185262
2409,0.00031398334778839844
2410,-0.036023896197139735
2411,-0.43833125741447426
2412,-1.5262209432813332
2413,2.675501043373326
2414,-1.047188935167936
2415,-0.2500209108799194
2416,-1.4318154503594547
2417,2.42885227210856
2418,-1.329286041280034
2419,-0.20746726654850933
2420,0.44064452602687054
2421,0.39340418422182805
2422,-0.4661631719411478
2423,0.6912059851640618
2424,0.527962131520661
2425,-0.6193623922618068
2426,1.1812533601387016
2427,0.4682957467022696
2428,-0.3740115644451167
2429,0.5925769991100976
2430,0.4105429946441894
2431,-0.04093135362613072
2432,0.5726118107449436
2433,0.13422230074053026
2434,-0.30559234932482826
2435,0.6768647959192953
2436,0.35111193529418094
2437,0.025935347448306747
2438,0.6397057973914996
2439,0.47951122222730197
2440,-0.22032543519008715
2441,0.3005450971687539
2442,0.3607858251151733
2443,-0.19833275456279104
2444,1.1461411246459543
2445,0.4264320735487394
2446,-0.20789612264039042
2447,-0.5496449831213447
2448,0.37039751463504716
2449,-0.7534213878240604
2450,-0.46170901405449294
2451,-0.6153568204490658
2452,-0.41967106704912477
2453,-0.03470042152450511
2454,-0.4597225351280908
2455,-0.8614587834311951
2456,-0.6940804729712301
2457,-0.4204498504527496
2458,-0.2112555094592776
2459,-0.4510034792624284
2460,-0.5168782905495485
2461,-0.2112555094592776
2462,-0.8090026089188613
2463,-0.5506806126421685
2464,-0.588853541332902
2465,-0.8042335573000401
2466,-0.4407809775925949
2467,-3.6177853715905477
2468,-0.5496449831213447
2469,-0.2482490639382078
2470,-0.5820363661625058
2471,-0.45665092065773066
2472,-0.31396337691748016
2473,-0.04205400059879936
2474,-0.5496449831213447
2475,-0.31396337691748016
2476,-0.13828127378779093
2477,-0.2344051184157299
2478,-0.544654721386988
2479,-0.5036359694544237
2480,-0.43648621159929624
2481,-0.31396337691748016
2482,-0.10053178676012721
2483,-0.44891822547600013
2484,-0.3817106701837531
2485,-0.4972100414871683
2486,-0.4718132922986488
2487,-0.31396337691748016
2488,-0.03804950502804072
2489,-0.9112044376368401
2490,-0.31396337691748016
2491,-0.009366541028869286
2492,-0.5684971810106886
2493,-0.46384044190480817
2494,-0.2575882386524444
2495,-0.5537123943722895
2496,-0.4718132922986488
2497,-0.49256202656146836
2498,-0.6029982421157734
2499,-0.5025228611748574
2500,-0.4603385467325146
2501,-0.11177065078247775
2502,-0.26531789502963643
2503,-0.7831714372027858
2504,-0.3817106701837531
2505,-0.17803496536697572
2506,-0.2437268195767313
2507,-0.34930830555278874
2508,-0.5072429632415885
2509,0.22050564317891752
2510,-0.04756360476920338
2511,0.21195264687383733
2512,0.13479557117669072
2513,0.21311428321450224
2514,0.11023635348119236
2515,0.35590346189131944
2516,-0.022498646831803977
2517,0.08030394329876359
2518,-1.101353213281652
2519,0.19802372285690045
2520,0.13479557117669072
2521,-0.8424981135433688
2522,0.19802372285690045
2523,-0.5637423596114775
2524,-0.7750677074808695
2525,-0.28224374787529477
2526,0.5282438870337179
2527,0.07919602712441082
2528,0.12290237504951083
2529,-0.6606981179693648
2530,-0.5757307024571534
2531,-0.44083647712308327
2532,-0.10155076378626349
2533,-0.28633056913552657
2534,-0.5564938398011627
2535,-0.642753843177645
2536,-0.09544623582912065
2537,-0.4372676763358797
2538,-0.5244058167463772
2539,-0.3407824024711478
2540,0.001236817464257079
2541,-0.6730741494624655
2542,-0.47605908884319736
2543,-0.4812180104384777
2544,-0.11843728921572982
2545,-0.04425223477757466
2546,-0.5101949256863134
2547,-0.3407824024711478
2548,-0.11843728921572982
2549,-0.6730741494624655
2550,-1.3188413783104305
2551,-0.4583812825241088
2552,0.17237861039679067
2553,-0.4278512137315067
2554,-0.884623705000065
2555,-0.11797526786194241
2556,0.08599748791403376
2557,-0.6598247674477172
2558,-0.3563678779713589
2559,-0.4856572740267774
2560,-0.06547292711180915
2561,-0.5310465692347337
2562,-0.1977858587503986
2563,-0.4856572740267774
2564,-0.05866180305172636
2565,0.3059167129158979
2566,-1.419920057500032
2567,0.07454903981297627
2568,-1.0466314287855627
2569,0.3871975582104361
2570,-1.6447322028476696
2571,-0.020970886956755926
2572,-1.1463327958774616
2573,0.05735371320711332
2574,-1.2838164833322252
2575,-0.7787492505700899
2576,-0.9766558513107222
2577,-1.1937561067062799
2578,-0.8953234281010255
2579,-0.49957671252638836
2580,-1.056666035299509
2581,-0.5374942095597888
2582,-1.2720461826293064
2583,-1.1937561067062799
2584,-0.6147517361657683
2585,-1.1757791430841702
2586,-1.5290207600435783
2587,-1.5417190889725128
2588,-1.1673554407099755
2589,0.01976692272499505
2590,-1.0427050021750373
2591,-1.2170138731866775
2592,-0.5811041305773905
2593,-0.9652588118268965
2594,-1.268924825878124
2595,-0.535979102586288
2596,-1.246358644815343
2597,-1.394957253044362
2598,-1.814250551691224
2599,-0.6817986444590982
2600,-1.1176081608926234
2601,-0.0006793767293456446
2602,-1.4162327745155467
2603,-0.20700323813883542
2604,-1.0991178210604318
2605,-0.05951618211640117
2606,-1.0871916647707627
2607,-0.737859406479123
2608,-0.9401978720483805
2609,-0.1089783011007044
2610,-1.214524749319945
2611,-0.6767540758751305
2612,-1.1906648266886304
2613,0.1022831614170748
2614,-1.3706841182545073
2615,-0.5342902259318583
2616,0.4178521999165072
2617,-1.30603484355801
2618,-0.5975806857677523
2619,0.22788283038928894
2620,-0.13760231740517562
2621,0.12071138150857097
2622,0.08725749209062843
2623,-0.30056055614736027
2624,0.36256607607009134
2625,-0.7398556639211279
2626,-0.7971532822811672
2627,-0.4281048336455812
2628,-0.2912285926321184
2629,-0.4370338104587207
2630,-0.8636218296438619
2631,-0.7299034819837578
2632,-0.11843728921572982
2633,-0.3944738202689354
2634,-0.9064198254049609
2635,-0.8182074768833829
2636,-0.07105972153370448
2637,-0.5017002504856067
2638,-0.4346097893152171
2639,-0.3267466209721678
2640,0.1280610968498201
2641,-0.2640772586851996
2642,0.05107450818773548
2643,0.42617622281794343
2644,-0.08709707044047134
2645,-0.1808400779346456
2646,0.032060518915596185
2647,-0.05258494079115322
2648,-0.03516063305815488
2649,0.15102742864536456
2650,-0.18293039584796153
2651,-0.244314740293555
2652,0.525817499845392
2653,0.008590929030711243
2654,-0.059335022708343545
2655,-0.2109662954351551
2656,-0.0342052245415951
2657,0.3588548193941812
2658,0.06793613129951293
2659,-0.30092396183380155
2660,-0.08868286080547494
2661,-0.020810067414699984
2662,-1.43941855964667
2663,2.0643758107486696
2664,-0.020970886956755926
2665,-1.3620047016517012
2666,0.9997012515527082
2667,-0.020970886956755926
2668,-1.4036058528768909
2669,0.7604195916781888
2670,-0.01808929950116904
2671,-1.4464600310660576
2672,0.8557530900223228
2673,-1.0349490512031883
2674,-1.296331304860594
2675,0.7200066585770609
2676,-0.039295654746662155
2677,-1.3270820956708733
2678,0.9593466407047434
2679,-0.042035319523120576
2680,-1.1682520847239326
2681,1.2982749188961922
2682,-0.042035319523120576
2683,-1.3630800730879835
2684,0.7373755232678977
2685,-0.042035319523120576
2686,-1.394672033737142
2687,0.8144754044930868
2688,-0.020810067414699984
2689,-1.4556130513926164
2690,0.8920524974585018
2691,0.35486579267665724
2692,-1.3416642106515444
2693,0.9438759838358552
2694,-0.006851187755187681
2695,-1.7289492327961515
2696,0.8973111451212046
2697,0.30503865307505307
2698,-1.042203159423032
2699,1.1674910601173216
2700,-0.09637498777813676
2701,-1.3042408854306826
2702,0.8616375889236496
2703,0.15363573670406608
2704,-1.555623188393241
2705,0.829565964850688
2706,-0.04855270238301017
2707,-1.000108249479352
2708,0.07652225123817354
2709,-1.4581590924237806
2710,0.048048926350115456
2711,-0.022807094401146012
2712,-1.5988421337402732
2713,-1.1937561067062799
2714,-0.752895559443325
2715,-0.5991899075967924
2716,-1.2932892399975642
2717,-0.9595684770492604
2718,-6.081585536770913
2719,-0.46630646464491
2720,-0.9817285445311641
2721,-0.6079787585402361
2722,-1.39398180154484
2723,-1.3683095322010692
2724,-1.193917176154641
2725,-1.1032026566397195
2726,-0.7713716792168243
2727,-0.7035404761467798
2728,-1.054928699657109
2729,-0.8437048954594318
2730,-0.47795960109602037
2731,0.9432604068045068
2732,0.2676550351671484
2733,0.2989355658066343
2734,-1.3242506777385374
2735,2.0437093835101705
2736,0.6246356151354852
2737,0.22454962750421428
2738,-2.0758632348964126
2739,1.6408181425063526
2740,0.5211807990304577
2741,-0.008940525416963257
2742,-1.285589491205448
2743,2.3105313208031397
2744,0.6526532964417734
2745,0.36650585458611995
2746,-1.4536987848202598
2747,2.5654971172734955
2748,0.34290678349982145
2749,0.5545730451282559
2750,-1.4809627810176194
2751,1.8882552148410823
2752,0.2983539198291212
2753,0.8701780072906807
2754,-1.523707030703767
2755,2.4155118521406918
2756,0.7932863776998521
2757,0.6262350660823137
2758,-1.2647307297524029
2759,2.1911955346145686
2760,0.748984666919155
2761,0.47132909233482567
2762,-1.4617297724328047
2763,2.043977541979196
2764,0.5358490918564321
2765,0.30503865307505307
2766,-1.5022230244926926
2767,2.378945968354447
2768,0.5577181969746704
2769,0.3059167129158979
2770,-1.4825885338858502
2771,2.1205119752871844
2772,0.5937413560774782
2773,0.19487563594430166
2774,-1.1518935096560579
2775,2.4031995058646785
2776,0.5937413560774782
2777,0.548315915945143
2778,-1.3477765808661109
2779,2.3182499644675443
2780,0.5937413560774782
2781,0.09025467908086121
2782,-0.08325536974031206
2783,0.2406697393308904
2784,-0.6636048396146655
2785,0.04738744178342467
2786,-1.0930086640318097
2787,0.10756534874557253
2788,-0.9444015030826863
2789,0.08908189483613951
2790,-1.6185256979658955
2791,-0.24497163914965975
2792,0.004267573178496041
2793,-0.2519711375311828
2794,-1.6185256979658955
2795,-0.24497163914965975
2796,-0.01915270281059687
2797,0.12975908583344115
2798,-1.4575444686241417
2799,-0.3893204420155465
2800,-0.30972092563465653
2801,-0.1446923612275989
2802,-1.4811378390649457
2803,0.13826749356063237
2804,-0.0988121904263127
2805,-0.7373513669241768
2806,-1.135194669744777
2807,-0.24497163914965975
2808,0.06339392858952433
2809,-0.1767014550784251
2810,0.513933579888355
2811,0.5612704004821852
2812,0.73417205038246
2813,0.7790469419530057
2814,0.28065908645796944
2815,0.5891292683142515
2816,-1.119947339581686
2817,0.06966664004941153
2818,-0.9984878135320372
2819,0.04842543569130598
2820,0.2283293704493105
2821,-1.1739230810976613
2822,0.039589985271554225
2823,0.38708419602040095
2824,-0.1941074569559459
2825,-1.1607461671663544
2826,0.2946563616348385
2827,-1.2089759735520693
2828,0.1977860199597338
2829,-0.9723264728449812
2830,0.2579774629139029
2831,-2.272049222463
2832,0.06812604764633537
2833,-1.3747274891686139
2834,0.41394038167532793
2835,0.8095502171916501
2836,-1.1207846422285126
2837,0.2144609472201929
2838,0.5614143112669686
2839,0.7940521461493072
2840,0.302587423636724
2841,-0.042738298169426404
2842,0.2718219587247715
2843,0.5365687931899538
2844,0.302587423636724
2845,-0.3309321504473803
2846,0.4711802859165681
2847,0.6386299421200564
2848,0.4764039450501526
2849,-0.5042817214449293
2850,0.32279790544247333
2851,0.6180806415539739
2852,0.457051204329701
2853,-0.504120590220993
2854,-1.4647544326445374
2855,-1.2534771818277597
2856,0.07461857911470647
2857,-0.3880414801931373
2858,2.608746792185749
2859,-1.4204512847825657
2860,-0.1532423356424977
2861,-1.2749030171801572
2862,2.6648338731153065
2863,-1.5068773598011187
2864,-1.2400052377831379
2865,2.7747261335357094
2866,-1.2162785761567514
2867,-0.607271869307591
2868,-1.9449688804491718
2869,2.6303598359807445
2870,-1.6567544406634571
2871,-0.4726208344672438
2872,-1.2294766216050372
2873,2.6712560304996567
2874,-1.329286041280034
2875,-0.05542486368802995
2876,-1.4139315081356787
2877,2.713962428158007
2878,-1.2742338459051594
2879,-0.2627715339329126
2880,-1.103517990046372
2881,2.09082205452543
2882,-1.5695113072846179
2883,-0.3810620980407358
2884,-1.3861609818344358
2885,2.4994220032802064
2886,-1.6421111175376504
2887,-0.10071592934637853
2888,-1.366285996336557
2889,2.675501043373326
2890,-1.2981693973753867
2891,-0.14117483650125237
2892,-0.8780782277564905
2893,2.0842438599384177
2894,-1.4778446783877157
2895,-0.35164198896785304
2896,-1.4647544326445374
2897,2.6648338731153065
2898,-1.7150976269177243
2899,-0.297638905521471
2900,-0.6608766828377914
2901,-0.44439073533534
2902,-0.09220167018075806
2903,-0.26246853914245755
2904,-0.6316968317529073
2905,-0.5484941081508278
2906,-0.3336529057329291
2907,-0.34498045434124514
2908,0.5428532983641061
2909,-0.6193360745948064
2910,-0.4022690339036933
2911,-1.8745123506189265
2912,0.7390440784210981
2913,-0.6121561731182669
2914,-0.2769920107375796
2915,0.24638420196477281
2916,-0.5366766571529391
2917,-0.6514443179413226
2918,-1.4369848881350218
2919,0.6113733674023211
2920,-0.49891298500124437
2921,-0.7609263625408685
2922,-2.0046063469192066
2923,0.44947814815114484
2924,-0.46022457118760207
2925,-0.5289875217041822
2926,-2.121759121898236
2927,0.37067067872444176
2928,-0.38004314905388187
2929,-0.7984065637060519
2930,-0.6392226918199791
2931,0.8107455182020349
2932,-0.2252649751356192
2933,-0.5023376948093617
2934,-1.2699438851991005
2935,0.9505238565942336
2936,-0.8925568596300202
2937,-0.6136131715703763
2938,-1.1183049336130857
2939,0.7463308061466902
2940,-0.4175847044697902
2941,0.06184303236708822
2942,-0.4951557340024952
2943,-0.2513335884340207
2944,-0.3327775642490527
2945,-0.38800162108679737
2946,0.025935347448306747
2947,0.6255262970848477
2948,0.29370228278833066
2949,-0.06491378677125112
2950,0.6397057973914996
2951,0.29370228278833066
2952,-0.11573089273101654
2953,0.7322852144936454
2954,0.3706345835886071
2955,-0.22032543519008715
2956,0.6260205427632639
2957,0.473233389097774
2958,-0.20487272061979084
2959,0.712272719349171
2960,-0.37139145356920755
2961,-0.20487272061979084
2962,-0.31500875427043273
2963,0.40867714452076875
2964,-0.3558706498371269
2965,-0.29086048624271116
2966,0.5259006555626482
2967,0.6627034497071731
2968,-0.340855308571849
2969,-0.8894093257553005
2970,-1.3749306745067587
2971,0.8061159377647864
2972,-1.2785514875143003
2973,-1.4318765945602254
2974,0.7623440736982319
2975,-0.3090453609647211
2976,-1.1736073614228637
2977,-0.12052883066973337
2978,-1.8174578698416979
2979,0.25460499946092047
2980,-1.5115345709037111
2981,-0.5605340114543552
2982,0.9091198333688323
2983,-0.7892408046129138
2984,-1.1838556744891249
2985,0.6041090440152864
2986,-1.9674709228359026
2987,-1.0523708873883773
2988,0.8042540277166653
2989,-0.5845854038927254
2990,-1.4680332987954283
2991,0.9218432813554204
2992,-0.12579573722924461
2993,0.37988004904226674
2994,0.4286831251242737
2995,-0.19242973253721163
2996,0.10657912822813606
2997,-0.20120060917325755
2998,-0.21333255006200352
2999,0.35477311211570367
3000,0.0055514955007532245
3001,-0.2849608024437837
3002,0.07906325986866158
3003,0.008329554278978583
3004,-0.3560158650257038
3005,0.11009854574502652
3006,0.19027940194772594
3007,-0.30411746519724525
3008,0.13186029680323527
3009,-0.20611524365604764
3010,-0.4133910628756027
3011,0.055976382144200296
3012,-0.04151283495235816
3013,-0.24090231650414726
3014,-0.05824205886545398
3015,-0.08718863494011146
3016,-0.09596938819885169
3017,-0.013310776018263472
3018,-0.3126664543084215
3019,-0.2501175403185568
3020,-0.19872318748834852
3021,0.7169198217060972
3022,-0.33749015761027595
3023,-0.9546735401195653
3024,0.13479557117669072
3025,-1.055823911046255
3026,-0.2074867113039705
3027,-0.12484483843240086
3028,-1.4163601016765408
3029,0.07989823477143333
3030,-0.06265416512680454
3031,-1.008148788361672
3032,-0.36271413039464956
3033,-0.31144750399464405
3034,-0.04225588151557046
3035,-0.6625658672504859
3036,-0.01183610163776731
3037,-0.11510459332008358
3038,-0.24156745255023368
3039,-0.16291258165336497
3040,-0.3532051489475198
3041,-0.29415435094734255
3042,-0.06641903850485119
3043,-0.2243750276228538
3044,-0.5328709765685966
3045,-0.2774952925725218
3046,-0.19872318748834852
3047,0.03767572753525812
3048,-1.2731809962257652
3049,-0.2501175403185568
3050,-0.22831379240043323
3051,-0.15542477071561772
3052,0.3540577159305253
3053,-0.9903612094110716
3054,-0.008183276697243705
3055,0.0064039642197648485
3056,-1.0553871150567673
3057,-0.011136654764671758
3058,0.4172580667761577
3059,-0.1322335332270178
3060,-1.0597869678746348
3061,-0.24871567610113415
3062,-0.20487272061979084
3063,0.12170608358000541
3064,-0.3335936475069849
3065,-0.238882447379795
3066,-0.3799635006959683
3067,-0.14540370628237326
3068,0.26347327094900225
3069,-0.17153293976036327
3070,-0.34209683840080274
3071,-0.06585295595383345
3072,0.6554123876768629
3073,-0.18450979822615335
3074,0.22075267236290358
3075,-0.5318711508623826
3076,-0.5848192572241087
3077,-0.5950077744026103
3078,-0.11843728921572982
3079,-0.5318711508623826
3080,-0.4779829754141251
3081,-0.19983002905807856
3082,0.09165981301018226
3083,-0.7386719295137621
3084,-0.7690396066309595
3085,-0.3755848679798942
3086,-0.04491097561399491
3087,-0.5379346604383395
3088,-0.04014012656728415
3089,-0.19983002905807856
3090,-0.05866180305172636
3091,-0.6730741494624655
3092,-0.38850987623603744
3093,-0.2600702704550792
3094,-0.46490143309494303
3095,0.10962214209257556
3096,-0.24833607202288127
3097,-0.6593115828883085
3098,-0.504262624476853
3099,-0.4856572740267774
3100,-0.05866180305172636
3101,-0.9835384804130224
3102,-0.47605908884319736
3103,-0.40016537409534203
3104,-0.04491097561399491
3105,-0.5162957859251512
3106,-0.595497350101117
3107,-0.6105737697183516
3108,0.09959756690722911
3109,-0.6580574304973646
3110,-0.876892210670939
3111,-0.7872219201803761
3112,-0.11843728921572982
3113,-0.4707929487646456
3114,0.1947453069216257
3115,-0.12792040577138014
3116,-0.35375399631766397
3117,0.1397929521106225
3118,-1.549695833460158
3119,-0.2640772586851996
3120,0.13457939956691217
3121,-0.19407373586733292
3122,-0.7746709191932446
3123,-0.9835384804130224
3124,-0.595497350101117
3125,-1.0029792616633422
3126,-0.028014293669804707
3127,-0.5198267421421434
3128,-0.884623705000065
3129,-0.3735414886600347
3130,-0.028014293669804707
3131,-0.36876080488282026
3132,-0.4779829754141251
3133,-0.22283357062397727
3134,-0.5034688123518056
3135,-0.6721800471332423
3136,-0.8947467093166599
3137,-0.26929311940646666
3138,0.08599748791403376
3139,-1.0427050021750373
3140,-0.49452232406676255
3141,-0.08700504324746243
3142,-1.0427050021750373
3143,-0.7513728825210801
3144,0.06236018537488054
3145,0.06793613129951293
3146,-0.12167376448122455
3147,-0.03516063305815488
3148,-0.9835384804130224
3149,-0.5935258282329277
3150,-0.49957251778371603
3151,-0.07105972153370448
3152,-0.2849608024437837
3153,0.13457939956691217
3154,-0.01948892036927458
3155,-0.6598247674477172
3156,-0.3454751261946702
3157,0.08157064934296487
3158,-0.3010851880949348
3159,0.44819940768457944
3160,-1.1616755446361864
3161,-0.1521127023749705
3162,-1.1086088436998778
3163,-0.036662608939703974
3164,-0.9888080297390874
3165,0.03748664500138673
3166,-1.441599930474163
3167,0.026005587494672817
3168,-1.4215324209526625
3169,-0.00426300705839661
3170,-1.363630454519932
3171,-0.6857071783371131
3172,-0.12589725172974478
3173,-0.35245464300273077
3174,-0.5935258282329277
3175,-0.19075105056096756
3176,-0.6071882765596995
3177,-0.969226538786847
3178,-0.17225769474319302
3179,-0.6598247674477172
3180,-0.6713946522249636
3181,0.14237545429813134
3182,-0.22859697530228265
3183,-1.0771627128896977
3184,-0.29934014312411217
3185,-0.4372676763358797
3186,-0.5684470445516798
3187,-0.42467552148639615
3188,-0.06565838518109257
3189,-0.8333721044756112
3190,-0.1381326636517292
3191,-1.2592918834771198
3192,-0.8693972006715545
3193,-1.341729950960566
3194,0.07683817388183718
3195,-1.2007834540165618
3196,-0.49549012005958887
3197,-1.33743348003568
3198,0.31439696175131693
3199,-1.2784336522045743
3200,-1.0843338629108352
3201,0.07074828098541024
3202,-1.1937561067062799
3203,-1.1825163265757213
3204,-1.0497610850110606
3205,0.1019245905335499
3206,-1.1937561067062799
3207,0.094916927429956
3208,0.26664022621937056
3209,-0.0036213570420285013
3210,-0.8510844098884787
3211,-1.3857126827529276
3212,0.1019245905335499
3213,-1.1774428648229458
3214,-0.6284704192631846
3215,-1.4183037465760944
3216,0.08583884134301138
3217,-1.2592918834771198
3218,-0.36440189761004393
3219,-1.112543137491708
3220,0.22705760773679806
3221,-1.2007834540165618
3222,-0.36440189761004393
3223,-0.39347272272437317
3224,-0.1089783011007044
3225,-1.5446094011791913
3226,-1.0089103520712657
3227,-1.3215472436915476
3228,-0.34758556094096393
3229,-1.5479810084505845
3230,-0.9516259302759582
3231,-1.5956832721734104
3232,-0.9010053855102287
3233,-1.7459352731031221
3234,-0.03288746382006547
3235,-1.2784336522045743
3236,-0.42071575215908036
3237,-2.9314896897264737
3238,0.15304077958312012
3239,-1.086452554848281
3240,0.011644128359924004
3241,-1.553703720722058
3242,-0.8154255550958608
3243,-1.37157062032885
3244,-0.7427234349526078
3245,-3.683611481945276
3246,-1.1992184518231177
3247,-1.214524749319945
3248,-0.3421603257249702
3249,-1.2218057490528191
3250,-1.679090035148134
3251,-0.034535746089269924
3252,-0.07320767623952533
3253,-1.2592918834771198
3254,-0.6219723932001886
3255,-1.042774183245378
3256,-0.7747917368344572
3257,-1.0531021783352392
3258,-0.6907098213039531
3259,-0.8812853035643367
3260,0.2757788142514024
3261,-0.9935960076027546
3262,-0.5584601512926407
3263,-0.9864940587987303
3264,0.1019245905335499
3265,-1.30603484355801
3266,-0.19042724149043666
3267,0.013912611282732216
3268,-0.13363012338509472
3269,-0.08478578777180631
3270,-0.4271812682574972
3271,-0.18293039584796153
3272,-0.18283268975016875
3273,0.028991327508039653
3274,-0.2849608024437837
3275,-0.013310776018263472
3276,-0.09650160119333749
3277,-0.06562332052546234
3278,-0.2479114011930233
3279,-0.11335854272512445
3280,-0.09650160119333749
3281,0.11305812097263274
3282,-0.2849608024437837
3283,-0.013310776018263472
3284,-0.09650160119333749
3285,-0.13760231740517562
3286,-0.19824198970440232
3287,0.13186029680323527
3288,-1.8029260398047622
3289,-0.27121898278045625
3290,-0.19708346063371923
3291,0.13457939956691217
3292,-0.2911154947257371
3293,0.19225319249371126
3294,-0.35334200605479954
3295,-0.013310776018263472
3296,-0.3126664543084215
3297,-0.012324012471515025
3298,-0.2849608024437837
3299,-0.059335022708343545
3300,-0.12167376448122455
3301,0.2534148011183281
3302,-0.26987024208618243
3303,-0.013310776018263472
3304,-0.16524603563922874
3305,-0.2849608024437837
3306,-0.05824205886545398
3307,-0.05879416053379595
3308,-0.042786699938822524
3309,-0.24385754229772194
3310,0.07494516647393146
3311,-0.18685239132089862
3312,0.0002946787812920064
3313,-0.037340918759795144
3314,0.39830884850755677
3315,-0.2020230449780894
3316,-0.9125911303861092
3317,-0.30191006264346754
3318,0.10402615044388748
3319,-0.1406612071372655
3320,-0.7957272631353635
3321,-0.19042724149043666
3322,0.10402615044388748
3323,-1.477049564452868
3324,-0.32749424791233467
3325,0.03194820632185635
3326,-0.18033659599683
3327,-0.17536041400402813
3328,0.06793613129951293
3329,-0.21628661520920145
3330,-0.066796104770184
3331,-0.24090231650414726
3332,-0.013310776018263472
3333,-0.07605541334417103
3334,-0.07355090402614003
3335,-0.26793043449103987
3336,-0.12594651234528614
3337,-0.10680752485173335
3338,-0.066796104770184
3339,-0.3524250446107712
3340,2.1359821672315302
3341,-0.17604382638945915
3342,0.13395782989918778
3343,0.03748664500138673
3344,-1.7292496224201512
3345,0.8844077119100541
3346,-0.020970886956755926
3347,-1.55944174519027
3348,0.25266421182539595
3349,-0.03767967103042806
3350,-1.5113741525594933
3351,0.5838712271124599
3352,-0.023281609013338665
3353,-0.7266659354464496
3354,-0.40766213687629277
3355,-0.0845440437101035
3356,-0.16650673594945115
3357,0.5021365969859988
3358,0.03748664500138673
3359,-1.6447322028476696
3360,0.8215633879911604
3361,0.03748664500138673
3362,-1.686321486796452
3363,0.9220475602003876
3364,0.05268941178854528
3365,-1.5445180962248315
3366,0.8218878263052556
3367,-0.0845440437101035
3368,-1.363630454519932
3369,1.1023210041581366
3370,-0.09561140412937974
3371,-1.6569149732533195
3372,0.9280495648261313
3373,-0.15778941459313128
3374,0.05268941178854528
3375,-1.3476206730736036
3376,0.813503938066275
3377,-0.2072425247566515
3378,0.6730166414580644
3379,-1.5034583320999495
3380,0.96789670828835
3381,-0.025239137357444274
3382,0.09962929078064763
3383,-1.1121743229386118
3384,0.9029706932373418
3385,-0.06282410505487036
3386,0.37012282284846004
3387,-1.470467609560784
3388,1.2811701649501468
3389,0.2966705448159751
3390,0.3822102742584467
3391,-1.7138165426830563
3392,0.8620947050065885
3393,0.027095973979464883
3394,-0.16138044256781744
3395,-2.112583377089706
3396,0.7810802104835581
3397,0.5859110225798846
3398,-8.606465312234741
3399,0.7398704755320608
3400,0.4437954107682573
3401,0.03748664500138673
3402,-4.20734073823274
3403,0.4962376179111413
3404,0.22037583020798707
3405,-0.03808016516626083
3406,-1.4469293874859779
3407,1.0060126888378174
3408,0.12842149331225816
3409,-0.12150945105588
3410,-1.150540503625819
3411,1.2922694124186105
3412,-0.4171742929080556
3413,-1.5148899145436159
3414,1.5157986683221596
3415,-0.18620143635016223
3416,-1.000108249479352
3417,0.997971585422652
3418,-0.09258491676522762
3419,-0.6492527717999459
3420,0.2673488813966797
3421,-0.09956276302421212
3422,-1.394672033737142
3423,1.178622398090448
3424,0.03565043755699662
3425,-1.4984335252545966
3426,0.8772594953198609
3427,0.7130182414110311
3428,-0.5518923515295266
3429,0.3538846201535783
3430,-0.2165779850379312
3431,-0.16282029053342437
3432,-0.8644720468361141
3433,0.13732840661256238
3434,0.32314353572152105
3435,-0.12996022796165257
3436,-0.2763695064185194
3437,-1.049824889100707
3438,0.8859934844114375
3439,-0.25477651771267434
3440,-1.0507583489028725
3441,-0.5583618063700441
3442,-5.099556133519747
3443,0.13821002674994076
3444,-0.4186384404186077
3445,-0.16877053944876513
3446,-0.7824254096204596
3447,-0.5113356102810434
3448,0.7279909981571342
3449,0.7192308764808829
3450,0.7809977836206629
3451,0.5863248719824948
3452,0.7027586378126316
3453,-1.1315694531341596
3454,2.1911955346145686
3455,0.5833370432614183
3456,0.34471415003383754
3457,-1.4090543753527367
3458,2.422706772416362
3459,0.3385526507748903
3460,0.898511214918609
3461,-1.2688711537894812
3462,2.3107994792721653
3463,0.4588996346145634
3464,0.3059167129158979
3465,-1.4825885338858502
3466,1.8844587306801823
3467,0.5424599829695435
3468,-0.09956276302421212
3469,-1.4397467253543885
3470,2.3103628365032773
3471,0.5937413560774782
3472,0.2939908744454641
3473,-0.664854906150318
3474,0.0015511708498122184
3475,-0.11349656476393377
3476,-1.3774920601910998
3477,2.3103628365032773
3478,0.5937413560774782
3479,0.47953713655407365
3480,-1.4937276887221507
3481,2.5106217708548604
3482,0.5811663393910439
3483,-0.09561140412937974
3484,-1.4351258778688214
3485,2.378945968354447
3486,0.4770218098661383
3487,0.2597831834533062
3488,-1.388671393472312
3489,2.538791957260528
3490,0.5287875846356057
3491,0.7759503800244332
3492,-1.2081779365816614
3493,2.3340814680394857
3494,0.662919205786277
3495,0.3932556932625831
3496,-2.2940323895577786
3497,1.9707041800462684
3498,0.7210260841422298
3499,-1.4206413888410874
3500,2.3182499644675443
3501,0.7702799860571756
3502,0.3059167129158979
3503,-1.2960484995699417
3504,2.0288315207651473
3505,0.4783926301710102
3506,0.3059167129158979
3507,-1.4107146944941376
3508,2.3336448252705977
3509,0.3694421491353201
3510,0.6207199239484614
3511,-1.3402170067347954
3512,2.3576382081349507
3513,0.49192694063154957
3514,0.5849527164755707
3515,-1.2735556345115837
3516,2.3336448252705977
3517,0.3385526507748903
3518,0.47331058744233123
3519,-1.2507986100793633
3520,2.3785630415979027
3521,0.5424599829695435
3522,0.7027586378126316
3523,-0.9284314217097555
3524,2.0223528047465282
3525,0.5835039028777916
3526,-0.09692138567832348
3527,-1.2853532393911282
3528,1.9501354790757583
3529,0.621056430200134
3530,0.42902806407092825
3531,-0.2328593337442915
3532,0.5222168148959532
3533,-0.08581671150368257
3534,0.5353255480097051
3535,-0.1998760337802467
3536,-1.0947081538730525
3537,0.21578793150916922
3538,-1.736838636520708
3539,-0.030022110384286885
3540,-1.0847100226613784
3541,0.04738744178342467
3542,0.28212412823938643
3543,1.0942429726802239
3544,0.3607858251151733
3545,-0.6442204281302166
3546,0.9311436252485962
3547,0.7147474020453434
3548,0.5135283565818676
3549,-0.6320783640955168
3550,-0.01030929876252918
3551,0.2836991513961438
3552,0.39136344590199335
3553,0.35679235124580616
3554,0.44883026016321487
3555,0.83376838162715
3556,-0.5017983685974176
3557,0.4112724853699987
3558,0.7468665639857793
3559,0.44008595967356695
3560,-0.4109572848386436
3561,0.27673139805349933
3562,0.38254610199611633
3563,0.753767877851861
3564,0.19857874371922607
3565,0.7163320684393426
3566,0.3607858251151733
3567,-0.48903002986339167
3568,0.9335383631153669
3569,0.7996770607774507
3570,0.302587423636724
3571,-0.6442204281302166
3572,0.5054787117034318
3573,0.8183645379149909
3574,0.5078237298073678
3575,-0.26953285389692144
3576,0.5403058621272979
3577,0.42411396764014936
3578,0.6142495665239535
3579,-0.6320783640955168
3580,0.3806389238114665
3581,0.7163320684393426
3582,-0.572702238352626
3583,0.22412575252628986
3584,0.4409555445499244
3585,0.3607858251151733
3586,-0.9661790029290236
3587,0.18318053868923154
3588,0.8984061407688178
3589,0.4264320735487394
3590,-2.083522839319465
3591,0.3719905862270857
3592,0.7163320684393426
3593,0.4878280035738846
3594,-1.5155461862393973
3595,0.6590523741028158
3596,0.0006787497432990463
3597,0.4316548900203569
3598,-0.7306477674738269
3599,0.11098211583112534
3600,1.1529120312219312
3601,0.40024858675038655
3602,-0.5286172503670448
3603,0.6814034536368522
3604,0.6534960878221142
3605,-0.7527754245179145
3606,0.33832321332000725
3607,0.7163320684393426
3608,0.302587423636724
3609,-0.9667316354672134
3610,0.27725061284208463
3611,0.6386299421200564
3612,0.35668062274981877
3613,-2.484904861389292
3614,0.8043697314064897
3615,1.2464219593455095
3616,0.40901895872422994
3617,-0.8420082613611016
3618,-0.32555466274574435
3619,-1.9774297347876435
3620,2.4352744294929103
3621,-1.2162785761567514
3622,-0.34396243740602606
3623,-1.364107989124477
3624,2.671634635269212
3625,-1.2742338459051594
3626,-0.3326377153705138
3627,-0.9042719216648107
3628,2.537876433187349
3629,-0.0922629936291195
3630,-0.27620879343862065
3631,-0.5902872230472624
3632,2.6648338731153065
3633,-1.7667270503935955
3634,-0.32555466274574435
3635,-0.41441183728865544
3636,0.041151993999005654
3637,0.05453916808898359
3638,-0.3368793847812567
3639,-1.4860363933068268
3640,2.5221313385113193
3641,-1.4662730276471077
3642,-1.5112162864191279
3643,2.537876433187349
3644,-1.530430535817587
3645,-1.3336962835078825
3646,2.5272092629293295
3647,-1.2963029803591208
3648,-1.258323395908594
3649,-0.8823277907725317
3650,-0.37231457232465764
3651,-1.2400052377831379
3652,2.226703881325191
3653,-1.687703256838666
3654,-0.30350119660181174
3655,-0.9713965869453116
3656,2.815216204620071
3657,-1.324243376600992
3658,-0.2079752725023795
3659,-0.5163707405180364
3660,2.4994220032802064
3661,-1.869153261421611
3662,-0.9173370026092414
3663,-1.2493207028058628
3664,2.6712560304996567
3665,-1.7108340251517735
3666,-0.8622218601076302
3667,-1.2580469902897067
3668,2.8106859153745867
3669,-1.6496670360406809
3670,-0.03823038099988586
3671,-1.3035380083649113
3672,2.513100528211341
3673,-1.2279780621746883
3674,-0.441052307234417
3675,-1.6623426686846476
3676,2.6648338731153065
3677,-1.7835916567429113
3678,-0.3810620980407358
3679,-0.5115278618841584
3680,2.6712560304996567
3681,-1.3182267902724798
3682,0.014476368880797383
3683,-0.09357518603907475
3684,-0.6700533879961968
3685,2.5272092629293295
3686,-2.2975580526493133
3687,-0.3618717428128151
3688,-1.4318154503594547
3689,2.537876433187349
3690,-1.329286041280034
3691,-0.630707026035174
3692,0.5248857421773062
3693,0.3793559099705945
3694,-0.5251551467155395
3695,0.7398673678402271
3696,0.39136344590199335
3697,-3.4586459425573723
3698,0.190842527916237
3699,0.40024858675038655
3700,-0.39942944993536794
3701,0.5637553136449434
3702,0.7423237306317895
3703,0.26909164761484045
3704,-0.4103281556829744
3705,0.8149481961397957
3706,0.5393802693954336
3707,0.5784226955808218
3708,-0.08581671150368257
3709,-0.22032543519008715
3710,0.8215473304834958
3711,0.3793559099705945
3712,-0.34617939538109926
3713,0.6397057973914996
3714,0.5152496058081492
3715,-0.46947055773334645
3716,-0.7344530534163926
3717,-0.41796869734870096
3718,-0.06923590430744579
3719,-0.45840831191545883
3720,-0.20523487483248598
3721,-0.6131296078491548
3722,0.2633274449789442
3723,-0.4293093826700166
3724,-0.2379454705311244
3725,-0.35489358695891154
3726,-0.45255832641886506
3727,-0.12325942432422649
3728,-0.4437204816873818
3729,-0.5240424992587742
3730,-0.9295342692861359
3731,-1.4782495872710406
3732,-0.49129750668786143
3733,-0.025491893968471485
3734,-0.5345544227637437
3735,-0.4208328477327133
3736,-0.367040096254058
3737,-1.0364535944000102
3738,-0.461967815906421
3739,-0.7932639399867786
3740,-0.7831714372027858
3741,-0.3071902369697915
3742,-0.34633312941689753
3743,-1.030245502963504
3744,-1.1026639174471
3745,-0.42478406162738364
3746,-1.5731789131252472
3747,-0.49129750668786143
3748,-0.12063861668922374
3749,-0.4546380548456539
3750,-0.48710575152060637
3751,-0.07435862569682844
3752,-3.72861595164944
3753,-0.9112044376368401
3754,-0.6826292955629863
3755,-0.719320726264206
3756,-0.5834825189729435
3757,-0.4951557340024952
3758,-0.4148497305988813
3759,-0.6653934854432428
3760,-0.6333627470344432
3761,-0.17532233192952504
3762,-0.444459061993137
3763,-0.4597898913040108
3764,-0.0206982289358824
3765,-0.7156973526420158
3766,-0.3365681837204358
3767,-1.0832670368859163
3768,-0.7110709189177361
3769,-0.355829285347565
3770,-0.4113491006008554
3771,-0.45026233271596455
3772,-0.535975896893795
3773,-0.11256834762998516
3774,0.22050564317891752
3775,-0.19114364461232022
3776,0.20335662746695443
3777,0.07960525246410538
3778,0.020504600162157494
3779,0.29436421716807365
3780,-0.07206484697310446
3781,-0.11217861319610113
3782,-1.1289230590436976
3783,0.053229992265415055
3784,-0.17513431322606338
3785,-1.831646499614731
3786,0.31484634393201877
3787,-0.2663176100623263
3788,-0.11792216013232908
3789,0.07325855771362788
3790,-0.03550702988136601
3791,0.15280394272239772
3792,-0.14464030702840697
3793,-0.3856394576285126
3794,-0.884623705000065
3795,-0.15372635911895027
3796,-0.4372676763358797
3797,-0.7007262448694036
3798,-0.44955057991953595
3799,-0.11843728921572982
3800,-0.5310465692347337
3801,-0.3280515008092519
3802,-0.885023078353583
3803,-0.002793640424799952
3804,1.202467744057615
3805,-0.4566773985689186
3806,-0.31372721980186313
3807,-0.22820228557020647
3808,-0.8397936074198742
3809,-0.7835192489045185
3810,0.07989245435456352
3811,-0.4372676763358797
3812,-0.9955268547835902
3813,-0.7761082845806387
3814,0.16042498498165986
3815,-0.4372676763358797
3816,-0.6460240523502239
3817,-0.5950077744026103
3818,0.09165981301018226
3819,-0.25338632393530613
3820,-0.5935258282329277
3821,-0.409372664155482
3822,-0.05866180305172636
3823,-0.4372676763358797
3824,-0.47605908884319736
3825,-0.3407824024711478
3826,-0.35577346277122324
3827,-0.09561140412937974
3828,-1.1127030296753877
3829,0.0004890111667123977
3830,-1.1476112044297466
3831,0.23117785696095539
3832,-1.3087933149163333
3833,-0.12741705705265194
3834,-1.4425342160690857
3835,0.23671844879398674
3836,-1.3401048877243364
3837,-0.27624438887613945
3838,-1.3286625692325256
3839,-0.7668865237670276
3840,-1.2869380548139626
3841,-1.0032996847175024
3842,-1.0672351206751927
3843,-1.2277209909325286
3844,-0.6882903273361453
3845,-1.2503871217649816
3846,-1.1349798879249908
3847,-0.897535507155132
3848,-1.2720461826293064
3849,0.12614296471395803
3850,-1.2869380548139626
3851,-0.8878694088325176
3852,-1.1109173846234772
3853,-1.6929828998471967
3854,-0.6611726531135401
3855,-0.7467280069199077
3856,-1.2059252555238955
3857,-1.6714746208420277
3858,-1.2061015191946263
3859,-0.8154180974482274
3860,-1.1993791095662178
3861,0.18312061280765338
3862,-1.473280097095153
3863,-0.7736123094402478
3864,-1.2995907161761235
3865,0.1566071707300041
3866,-1.1725101481436357
3867,-1.178125155547419
3868,-1.5921161253414655
3869,0.05967697544246342
3870,-1.466166172336954
3871,-0.595604563316691
3872,-1.2182400373852111
3873,-0.10107322075171188
3874,-1.37157062032885
3875,-0.9468773821771371
3876,-0.9316595812035983
3877,-0.081423968254218
3878,-0.39927798231357275
3879,0.08725749209062843
3880,-0.33108463648194364
3881,-0.6601070022968218
3882,-0.5916253908488176
3883,-0.7043169716518156
3884,-0.8152526651301736
3885,-0.11843728921572982
3886,-0.5310465692347337
3887,-0.46638912099297053
3888,-0.5950077744026103
3889,0.001236817464257079
3890,-0.13874135727952525
3891,-1.215793787321793
3892,-0.7950487527669237
3893,-0.19901749540822777
3894,-0.3856394576285126
3895,-1.131272194300661
3896,-0.6965796895832689
3897,-0.8591429452626781
3898,-0.24090231650414726
3899,-0.2514414990624972
3900,-0.018411942517513043
3901,-1.930153373684056
3902,-0.2863530458687397
3903,0.06793613129951293
3904,-0.12167376448122455
3905,-0.35700448123594286
3906,-0.42955692036777904
3907,-0.11335854272512445
3908,-0.30056055614736027
3909,-0.2005837000286642
3910,-0.16832643411429316
3911,0.09070964729039165
3912,-0.32593928464765426
3913,0.028991327508039653
3914,-0.20456054563503412
3915,-0.022075313694924412
3916,-0.497010640900646
3917,-0.03516063305815488
3918,0.0875519013329203
3919,-1.5977788395056496
3920,-0.018183499347114752
3921,-1.860508488655079
3922,1.3551019495274819
3923,-0.0400658155275054
3924,-1.1920514283840018
3925,1.0078909534907068
3926,-0.26534663939652625
3927,-1.340128447270614
3928,-2.417733550284545
3929,0.012085095205954676
3930,-1.6035670300049816
3931,0.8217908198201541
3932,0.44252179047662754
3933,-0.5310947531903597
3934,-0.21478194305331505
3935,-0.020810067414699984
3936,-1.291658646415363
3937,0.5137450345642036
3938,-0.00426300705839661
3939,-1.2714703258308466
3940,-0.17967925928275033
3941,-0.004102187516340677
3942,-1.1900699623023623
3943,0.7396700150456019
3944,0.03748664500138673
3945,-1.1575857446114663
3946,1.1027696023619904
3947,-0.14655005587215292
3948,-1.363630454519932
3949,0.9841663334230554
3950,-0.08487868708673701
3951,-1.5688958125048338
3952,1.2025218004885372
3953,0.03420382445658311
3954,-1.6805341734965917
3955,1.285078008376327
3956,0.03565043755699662
3957,-2.7702954349363202
3958,0.985971423990851
3959,-1.3272510894557406
3960,-0.8504701155969423
3961,-0.6217097185387032
3962,-1.3952600651504665
3963,-0.9715195385268452
3964,-0.7234130444020588
3965,-1.7250996070323186
3966,-0.7338827488561768
3967,-0.6565472515671396
3968,-1.596470404252845
3969,-0.6617393087382168
3970,-0.7187826344601395
3971,-1.796790417827539
3972,-1.0056902820878713
3973,-0.8721685035493986
3974,-0.9449378342008029
3975,-0.6464868208787552
3976,-0.0845440437101035
3977,0.7386303277993604
3978,2.4540256603795596
3979,0.4706939130200838
3980,-0.05917371713041974
3981,-1.0161872515726946
3982,2.0521135095324676
3983,0.5835039028777916
3984,1.0106542396887745
3985,-0.600225003066619
3986,0.35269944574339435
3987,-1.2025524747144258
3988,2.387115001384313
3989,0.45312277852396887
3990,0.3059167129158979
3991,-1.3035778376220326
3992,2.0672595307465165
3993,-1.9822477844354642
3994,0.5364351747991926
3995,-1.4469411951420579
3996,1.9946143636415508
3997,0.6978131637477932
3998,0.8269944123324766
3999,-1.340866156642099
4000,2.502935688234843
4001,0.6634494099034716
4002,0.6667015753158623
4003,-1.4220042638378194
4004,2.080711910065303
4005,0.5680788292562913
4006,0.47132909233482567
4007,-1.1338136502166571
4008,2.2951364600000863
4009,0.5358490918564321
4010,2.5787883901673827
4011,-1.468586322429586
4012,0.548315915945143
4013,-1.1767583022214034
4014,0.1465886686698904
4015,0.039771131619409573
4016,0.3689017297657899
4017,-1.5249054831785387
4018,2.1391905212140987
4019,0.5937413560774782
4020,0.03986801341930669
4021,-0.9847846711967941
4022,-0.10912377931813494
4023,-0.8285672163652194
4024,-0.4158550088085275
4025,0.2088090477395865
4026,-0.3455590092421837
4027,-1.442247970927543
4028,-0.04616807928817226
4029,-1.4992732061021006
4030,-0.42611803207432514
4031,-0.25415545960865776
4032,-0.2103084513387929
4033,-1.0888600775025328
4034,-0.3307467573213265
4035,0.01287875734576052
4036,-0.47875063967435855
4037,-1.4472199761764946
4038,-0.5395832734746676
4039,-0.05111063297629091
4040,-0.0971257363185614
4041,-1.3149221127317678
4042,-0.24497163914965975
4043,0.004267573178496041
4044,-0.1634964221928094
4045,-1.842081338357907
4046,-0.24497163914965975
4047,-0.019583254329243877
4048,-0.18978774417820254
4049,0.39091663254024067
4050,0.37431128499202376
4051,0.5736999704913821
4052,0.18672205563173372
4053,0.03771596000404773
4054,-1.2529675663805333
4055,0.014960119778164006
4056,-1.0493943450334855
4057,0.1278322771896456
4058,0.3571352036010607
4059,-0.9573947457563113
4060,0.006149602192659941
4061,-2.2460439027999457
4062,0.2927906066561812
4063,-0.9723264728449812
4064,0.2927906066561812
4065,-1.1276235498954281
4066,-0.038244808620084766
4067,-2.0210959261304753
4068,0.2065905861029491
4069,-1.3656273085515094
4070,0.09685191319045633
4071,0.6819031371118122
4072,0.922968232434558
4073,0.18060415896956442
4074,0.17945310380207483
4075,0.1041733133936279
4076,1.0084547782743014
4077,0.5791682257079404
4078,0.41706269390984557
4079,0.6386299421200564
4080,0.44008595967356695
4081,-0.7565333545661359
4082,-0.14856565713815614
4083,0.2104326817287736
4084,0.5547123674433624
4085,-0.7251632962169745
4086,-0.39447545677642154
4087,-1.329286041280034
4088,-0.20850947892340202
4089,-0.4517975480592948
4090,2.995212871488927
4091,-1.6865788426443844
4092,0.7256512236449839
4093,-0.9143226711695995
4094,-0.5348487233849433
4095,-1.3871240887265355
4096,2.6610167769655355
4097,-1.2051151403151237
4098,-0.08363296125337077
4099,-2.167739793956829
4100,2.6712560304996567
4101,-1.5356266867070059
4102,-0.40879013167089606
4103,-0.5462773721564471
4104,2.6712560304996567
4105,-1.6854605725814042
4106,-0.24738630817073337
4107,-0.9304979893403655
4108,2.6712560304996567
4109,-1.2563037234279044
4110,-0.3875457737339559
4111,-0.15780698173276458
4112,2.6712560304996567
4113,-1.704014950076717
4114,-0.2922440716088469
4115,-1.424188020589775
4116,2.6090254636838086
4117,-1.3988545553967493
4118,-0.2627715339329126
4119,-0.7837168259570868
4120,2.5213478887811087
4121,-1.6509011345889668
4122,-0.251443914884059
4123,-0.7096332064248799
4124,2.6712560304996567
4125,-1.1025378442497216
4126,-0.6979600469825459
4127,-1.4285609643641124
4128,2.6712560304996567
4129,-1.4249231373410505
4130,-1.1935225088110757
4131,-0.755161639670329
4132,0.04064001605471749
4133,0.36513753818715167
4134,0.977955665030664
4135,0.5730191008559363
4136,-0.5420166124093826
4137,-1.2628640734390686
4138,0.34549635518255145
4139,0.22725854676088506
4140,-0.4221837689140737
4141,-0.8526989228915716
4142,0.4265872629659183
4143,0.22654153476007582
4144,-0.5390201680664519
4145,-0.8909680263434901
4146,0.24371907234823462
4147,-0.6446430905134697
4148,-0.31835799946361293
4149,-0.9786505686873306
4150,0.34249652807094394
4151,-1.2089743805743098
4152,0.04432645940339166
4153,-0.021463072248188286
4154,-0.07649655705741934
4155,-1.9645357323356405
4156,0.3869501400477093
4157,-0.25207653909674566
4158,-0.4029008310165949
4159,-1.1736325418368994
4160,0.6853512882852136
4161,0.11092450571187647
4162,-0.03521115425552866
4163,-0.45255832641886506
4164,-0.413998688771565
4165,-1.2028807915994915
4166,-0.47732717654961293
4167,-0.28266110708620606
4168,0.898006358659626
4169,0.527962131520661
4170,-0.1333258791306939
4171,1.093792292188958
4172,0.4105429946441894
4173,0.7322852144936454
4174,0.5135283565818676
4175,-0.6534069386855755
4176,-1.3476555028900274
4177,0.37557222598411155
4178,0.034930863001172555
4179,0.6993143553985773
4180,-0.33499663317997
4181,-0.26385618173351333
4182,0.3911354266178744
4183,0.528484639925904
4184,-0.5971333015504455
4185,-0.3484527604629082
4186,0.23855558520276857
4187,0.43699501412486624
4188,-0.16583314973292607
4189,-1.3749306745067587
4190,0.753767877851861
4191,-0.8000318419579443
4192,-0.9008372061909824
4193,0.753767877851861
4194,-1.7455031844005935
4195,-1.2282692057018751
4196,-1.5629865052538563
4197,-0.8157586928939285
4198,0.7028318554774756
4199,-1.8200517509836627
4200,-0.25909424694489136
4201,-0.7064918014768644
4202,-0.894146732661441
4203,0.5736127663823909
4204,-0.8158540740752565
4205,-1.1841003550057507
4206,-0.9201532161652674
4207,-1.469970286126515
4208,0.7216375720609453
4209,0.3339478528167152
4210,0.049697740800465955
4211,0.5774220893042403
4212,-1.0427050021750373
4213,-0.059335022708343545
4214,0.15534448570251183
4215,-0.17915352736292997
4216,0.005358354276817716
4217,-0.030371826222308933
4218,-0.22003420404213014
4219,0.08725749209062843
4220,0.27133972622091024
4221,-0.13824200106334245
4222,0.1315987198886558
4223,-0.2353800308348346
4224,-0.6227093512493138
4225,-0.4634004221109881
4226,-0.160626496196538
4227,0.1682738590380846
4228,-0.09823703241539025
4229,0.026488677341734032
4230,0.11009854574502652
4231,-0.23399598128161786
4232,-0.05358799570614381
4233,0.2295521884195941
4234,0.10338147626723912
4235,-0.21054604897780074
4236,-1.4792341548106172
4237,0.23227889330818685
4238,-1.1113152804941122
4239,-0.043857222794768336
4240,0.04652663473708946
4241,-1.2138663219100418
4242,-0.2652081006761579
4243,0.05276644609321978
4244,-0.8657958040000623
4245,-0.1443388598298274
4246,-0.4386763021875344
4247,-0.1443388598298274
4248,-0.518287588891349
4249,-0.451356804415857
4250,-0.0963253365130395
4251,-0.7804194882350063
4252,-0.3561239309581291
4253,-0.20274239862920532
4254,-0.19872318748834852
4255,0.13479557117669072
4256,-0.989866595883159
4257,-0.11172368347726326
4258,-0.07820628033477288
4259,1.0355980017836206
4260,-0.04504170671297654
4261,-1.1920327159197583
4262,-0.4016884939428582
4263,-0.18623531437113408
4264,-0.9999346023229315
4265,-0.17690785462102726
4266,0.4115969609286111
4267,-1.055823911046255
4268,-0.2652081006761579
4269,-0.11256834762998516
4270,-1.1598540051432336
4271,-0.2652081006761579
4272,-0.16508593889530956
4273,-0.3484527604629082
4274,0.16817678204551242
4275,-0.3990340757494874
4276,-0.45105853637519505
4277,-0.4272687674504958
4278,-1.0499275388767315
4279,-0.08110241859103719
4280,0.6293513028017834
4281,-0.18720742807535773
4282,-0.30415476274603725
4283,0.21274087964152477
4284,-0.040929758383036335
4285,0.2609888778770729
4286,-0.3856394576285126
4287,-0.4779829754141251
4288,-0.36770844217960674
4289,-0.04506562864964414
4290,-0.13803551060657698
4291,-0.504262624476853
4292,0.1750958317355217
4293,0.08851799954674495
4294,-0.2711489435574702
4295,-0.38850987623603744
4296,-0.3469288706346928
4297,-0.11843728921572982
4298,-0.5162957859251512
4299,-0.38850987623603744
4300,-0.19282029218734983
4301,-0.11843728921572982
4302,-0.4372676763358797
4303,-0.595497350101117
4304,-0.20966591606457313
4305,0.06587916823703824
4306,-0.5200606080193024
4307,-0.47605908884319736
4308,-0.3224430089712649
4309,-0.05866180305172636
4310,-0.5310465692347337
4311,-0.38850987623603744
4312,-0.2560466435374619
4313,-0.14131280350245604
4314,-0.47996361347276595
4315,-0.5101949256863134
4316,-0.3407824024711478
4317,-0.10955214836733665
4318,-0.3858733235056715
4319,-0.7430910412513376
4320,-0.54547712228383
4321,-0.1362543438687663
4322,-0.0893803876177922
4323,0.11009854574502652
4324,1.1210072636358943
4325,-0.1187325421525005
4326,0.025247348795148256
4327,0.006451318119707263
4328,-0.22580081858706924
4329,0.09076839981384482
4330,-0.34285352668829994
4331,0.031112135153019943
4332,-0.32273788440490714
4333,-0.01352412043432797
4334,0.06932874431260651
4335,-0.29208155503590966
4336,-0.1377165081254149
4337,-1.0675893254457538
4338,-0.2340749944828428
4339,-0.3467277026672957
4340,-2.42143438959273
4341,-0.0516572878066038
4342,-1.1349798879249908
4343,-0.6626543695618816
4344,-0.21321588563489322
4345,-1.30603484355801
4346,-0.5162957859251512
4347,1.3752359240762573
4348,2.453627585537318
4349,-0.9835384804130224
4350,-0.112255092642886
4351,-1.4026178040591952
4352,-0.020810067414699984
4353,-1.2596679362385557
4354,-0.18517935391111326
4355,-0.10207401369259991
4356,-0.8471403580786973
4357,0.06880080750540728
4358,-1.5934784527049488
4359,0.05735371320711332
4360,-1.6931654432681595
4361,-0.7459978391938136
4362,-0.2642064360529938
4363,-0.3467459095466606
4364,-1.6443359392001875
4365,-0.1909570675871967
4366,-0.4804767980321746
4367,-0.595497350101117
4368,-0.5314638931160374
4369,-0.677498943047207
4370,-1.5827660097191647
4371,-0.639305356004137
4372,0.17179248289356222
4373,-0.8653543857222186
4374,-0.3805780774969932
4375,-1.2869380548139626
4376,-0.8453227386991208
4377,-1.0921297153557068
4378,0.34228654785328183
4379,-1.158245460794255
4380,-0.6326921833210153
4381,-1.1618505337289988
4382,0.08583884134301138
4383,-1.2007834540165618
4384,-0.6219723932001886
4385,-1.3909193281066887
4386,0.0661184477266794
4387,-1.2277209909325286
4388,-0.7549791197712882
4389,-1.273603899917322
4390,-0.07595293360317679
4391,-1.2784336522045743
4392,-0.6147483137120949
4393,-1.1078918608531285
4394,-0.16429418457520809
4395,-1.37157062032885
4396,-0.7989449509417026
4397,-1.2920481544114237
4398,-0.04723037730394874
4399,-1.5290207600435783
4400,-0.7025533065076264
4401,-1.0374406182525306
4402,0.08583884134301138
4403,-1.2140463957662098
4404,-0.36440189761004393
4405,-0.9685063193792881
4406,-1.3835247659673435
4407,-0.5813232867376363
4408,-1.158245460794255
4409,-0.7586939722894582
4410,-1.30603484355801
4411,-0.7549191039186722
4412,-1.4784852083817979
4413,-0.2253594554117721
4414,-0.9526411061544228
4415,-0.9141680331390307
4416,-2.3674800312453996
4417,-0.2679662917238485
4418,-2.9314896897264737
4419,0.10144168711355586
4420,-1.1937561067062799
4421,-0.6907098213039531
4422,-1.30603484355801
4423,-0.79624889941118
4424,0.7386346527667211
4425,-1.2784336522045743
4426,-1.2869380548139626
4427,-1.2585245094785813
4428,-0.9483639542580969
4429,0.31283150647250846
4430,-1.2869380548139626
4431,-2.706003995644723
4432,-1.3548891794858933
4433,-3.4211691179022012
4434,-1.214524749319945
4435,-0.6219723932001886
4436,-1.1244276281847714
4437,-1.5906194910966869
4438,-1.045644085482933
4439,-1.135824347464114
4440,-1.0041651955110134
4441,0.13721136077877244
4442,-1.2140463957662098
4443,-0.8917228542591262
4444,-0.9579626571891248
4445,-0.12981916398858834
4446,-1.1149326186628732
4447,-0.19042724149043666
4448,-0.059335022708343545
4449,-0.21629116953085875
4450,0.0002946787812920064
4451,-0.23128185615698546
4452,-2.1244751963597603
4453,-0.2353800308348346
4454,0.5984340483169138
4455,-0.19042724149043666
4456,-0.013310776018263472
4457,-0.18283268975016875
4458,0.054064194132842754
4459,-0.17533668113283546
4460,0.0847100499158216
4461,-0.6036379086532386
4462,-0.026275492209761664
4463,-0.2727986567396188
4464,-0.059335022708343545
4465,0.13726028605091134
4466,-0.06562332052546234
4467,-0.19042724149043666
4468,-0.059335022708343545
4469,-0.42826857763612075
4470,-0.14334368267652697
4471,-0.14698744954438056
4472,-0.059335022708343545
4473,-0.2911154947257371
4474,-0.08612966313127919
4475,-0.24090231650414726
4476,0.13186029680323527
4477,-0.20120060917325755
4478,-0.16014096200188574
4479,-0.059335022708343545
4480,0.25524937117259666
4481,0.11305812097263274
4482,-0.3364852710422734
4483,0.013912611282732216
4484,-0.14849677474851194
4485,-0.24421798897390995
4486,0.031112135153019943
4487,-0.38209082628506164
4488,-0.22729791131771057
4489,-0.1808400779346456
4490,0.06793613129951293
4491,0.2008040107423724
4492,-1.7999776530776115
4493,-0.06919444823332863
4494,-0.2340749944828428
4495,0.08943705277413123
4496,-1.0933384482997384
4497,-0.6691289320780597
4498,0.06932874431260651
4499,-0.8783262544571837
4500,-0.05022229406875951
4501,-0.14553026062425564
4502,-1.456244821923592
4503,-0.2867993219872489
4504,-0.003921449892984363
4505,-1.1842945348433571
4506,1.096006801692327
4507,0.025486377863682914
4508,-1.2463996613268657
4509,0.8004640223840888
4510,-0.020810067414699984
4511,-1.395415504068141
4512,1.403837932938515
4513,-0.020970886956755926
4514,-1.4581590924237806
4515,1.104605188638553
4516,-0.020970886956755926
4517,-1.6449195250767505
4518,1.178622398090448
4519,-0.07187102412071356
4520,-1.6680819075602544
4521,2.070638963212759
4522,-0.10224763044092586
4523,-1.4737589047124748
4524,1.9464680516272572
4525,-0.112255092642886
4526,-1.4079933845898072
4527,0.7063039151232958
4528,-0.020812072882608328
4529,-0.2508337965149285
4530,-1.1050395232905554
4531,0.7566385815284833
4532,-0.06692940660817616
4533,0.03748664500138673
4534,-0.9433216775642467
4535,0.9728337297246346
4536,0.4572669064968224
4537,-0.008940525416963257
4538,-2.0763995233610215
4539,1.0824606443772973
4540,0.02351765270853711
4541,-1.0702470914795064
4542,-1.1774529656462318
4543,0.532292653175235
4544,-0.12918131898544488
4545,0.029347908036921912
4546,-1.3951462885383763
4547,0.5471939550437912
4548,-0.07278255267072767
4549,-0.013082798469290356
4550,-1.3006461481741016
4551,0.519086351184814
4552,0.12080607900615196
4553,0.02401613167490662
4554,-1.2167123506601283
4555,1.7890242659089166
4556,-0.10121332567875933
4557,-1.1022391511100729
4558,1.5426097998223036
4559,0.29127172278080554
4560,-0.6906838796228235
4561,0.8524025338102171
4562,-1.5056676782444316
4563,0.0990188786184532
4564,-0.9683175330482527
4565,0.5534701377938448
4566,-1.088019756968043
4567,0.43009757310182045
4568,-0.2676190567429159
4569,-0.2494457844171214
4570,0.05268736374540108
4571,-0.2795632368300466
4572,-0.49414543314747045
4573,-0.574474372134093
4574,-0.5813006673922555
4575,-0.966220714886702
4576,-0.7669708039429872
4577,-3.831174336272249
4578,-0.8804562779851594
4579,-0.6695859764214143
4580,-0.16611580605517584
4581,-0.6727582702800213
4582,0.6482032908142324
4583,1.568640591769746
4584,0.5863248719824948
4585,0.5575122269320989
4586,0.4160828486084215
4587,-1.1338136502166571
4588,2.280258597255063
4589,0.6313323783188293
4590,0.605731976967161
4591,-1.141120932118507
4592,2.502935688234843
4593,0.6193602023642257
4594,-0.11349656476393377
4595,-1.562414372067827
4596,2.0672595307465165
4597,0.5577181969746704
4598,-0.009151166730226987
4599,-1.316083950014209
4600,2.3107994792721653
4601,0.5274202673659949
4602,0.41933672980796494
4603,-1.5249054831785387
4604,1.8573249841040196
4605,0.6193602023642257
4606,0.026005587494672817
4607,-1.34577922048951
4608,2.280258597255063
4609,0.5437295790244215
4610,0.24360277998444818
4611,-1.3135289382817423
4612,2.3336448252705977
4613,0.4695014642822874
4614,0.548315915945143
4615,-1.2448401329730847
4616,2.043540899210308
4617,0.5811663393910439
4618,0.44592791089835127
4619,-1.3873072957291646
4620,2.0290000050650097
4621,0.653074009581917
4622,-0.020810067414699984
4623,-0.936754920349448
4624,2.3191730105218937
4625,0.4026534646700165
4626,-1.183957875247224
4627,0.546113237060355
4628,-1.4465584649117174
4629,0.27753388562611403
4630,-1.5806631580721682
4631,1.4765781412209786
4632,0.5806086490684521
4633,-1.141537363840353
4634,1.6408181425063526
4635,0.6467815466431694
4636,-1.3639035479296
4637,1.986099040849322
4638,0.19590964161725283
4639,0.7371006967646506
4640,-1.4220042638378194
4641,2.1391905212140987
4642,0.5232885120133108
4643,-0.0845440437101035
4644,-0.9368316941498143
4645,2.0672595307465165
4646,0.5154480914113915
4647,0.5784226955808218
4648,-0.02034865988384243
4649,0.562715137792598
4650,0.5691744390143042
4651,0.027318391312698715
4652,-0.9430533804242497
4653,0.06194948704399996
4654,-0.4506222203020009
4655,-0.19598489087123272
4656,-1.0851667495887856
4657,0.24629974223124665
4658,0.27891430741493156
4659,0.21023516313166798
4660,0.457051204329701
4661,-1.0965523498101746
4662,0.5373087289124931
4663,0.8025185383517716
4664,0.5547123674433624
4665,-0.8231553516389658
4666,0.18289576480150085
4667,0.7163320684393426
4668,0.42826458043589877
4669,-0.6279421090903873
4670,0.9029383888745931
4671,0.8813294193631237
4672,0.47701707308425695
4673,-0.4371187792033787
4674,-0.02037425547029622
4675,0.7163320684393426
4676,0.302587423636724
4677,-0.34933713002832695
4678,0.6847550953441635
4679,0.7705762347308492
4680,0.302587423636724
4681,-0.5636826387311091
4682,0.18289576480150085
4683,0.6716715797628652
4684,0.24111157946409054
4685,-0.3173759572577917
4686,0.697976099590767
4687,0.6180806415539739
4688,0.302587423636724
4689,-0.6801525212505186
4690,0.8850629764373408
4691,0.7153166059940641
4692,0.3291575946277776
4693,-0.656199341616168
4694,0.5286185909509492
4695,1.2408651074149417
4696,0.078087910311912
4697,0.7438514478452863
4698,0.5804213587401964
4699,0.3291575946277776
4700,-0.7214200231499621
4701,1.4096347480788416
4702,0.7073631147682096
4703,0.11082551974558658
4704,-4.702342812027135
4705,0.697976099590767
4706,0.8824331734963146
4707,0.5707620019445846
4708,-1.3229544372059598
4709,0.5476178514821685
4710,0.475495614605177
4711,0.37557222598411155
4712,-1.517254398306603
4713,-0.08169362140448654
4714,0.6484001935576102
4715,0.4264320735487394
4716,-0.9253911803588026
4717,0.03514669531260986
4718,-0.5221357970378503
4719,0.4264320735487394
4720,-0.8097745799329599
4721,0.42812316023062874
4722,1.0892587979826471
4723,0.5495515156846754
4724,-0.7918753652659086
4725,0.09917116264600609
4726,0.5365687931899538
4727,0.302587423636724
4728,-0.373305971186149
4729,-0.738302737659761
4730,-1.1618919355629769
4731,-0.12664333861148122
4732,0.05455248650160919
4733,-0.20100970127926646
4734,0.009317081824826236
4735,-0.9392920266011301
4736,2.4610270366322617
4737,-1.3710291182835828
4738,-0.3368793847812567
4739,-1.299048027843391
4740,2.510089173538226
4741,-1.3078767359601666
4742,-0.4014184583629494
4743,-1.4647544326445374
4744,2.681923200757676
4745,-1.0801551801365894
4746,-0.19665548519995768
4747,-1.522229861587252
4748,2.510089173538226
4749,-1.336918243185435
4750,-0.24644704751937513
4751,-0.5831388203580985
4752,2.7683039761513593
4753,-1.904072939041369
4754,-0.30487775687440843
4755,-1.2786853456273026
4756,2.6712560304996567
4757,-1.453382744456167
4758,-1.543236843223991
4759,2.4994220032802064
4760,-1.7058527693783192
4761,-0.240795444208025
4762,-0.05104529853590273
4763,-1.8435215590447172
4764,-0.15961845932711025
4765,-1.4507000634243368
4766,2.6090254636838086
4767,-1.125801377496928
4768,0.1042845622543664
4769,-1.8314744761546178
4770,2.4331061861268797
4771,-0.9112056940149267
4772,-0.3904915954695865
4773,-0.5822250861338467
4774,2.6537892388803557
4775,-0.32555466274574435
4776,-2.069393309986108
4777,2.76868247821892
4778,-0.35063519342953786
4779,-1.5877786855076401
4780,2.3339310668960676
4781,-0.19198327644032945
4782,-0.46222987120933695
4783,2.170414098310542
4784,-0.542710940900123
4785,0.7203083136717717
4786,0.4264320735487394
4787,-0.4895186958919065
4788,0.5885762686737228
4789,0.3543381189601292
4790,-0.09775651082268673
4791,0.6391181149702932
4792,0.6492085191653146
4793,-0.12308447180531075
4794,0.5310659743479937
4795,0.29370228278833066
4796,-0.8175649659793485
4797,0.726270130183764
4798,0.25408891546691553
4799,-0.2869271408348977
4800,0.8629207341803647
4801,0.268996635963467
4802,-0.4446095330126716
4803,0.6370759848171625
4804,0.5299422832518373
4805,-0.6073065109097051
4806,-1.0685475870137469
4807,-0.32188891117444673
4808,-0.5648016039141166
4809,-0.49648346331045673
4810,-0.47058558346616813
4811,-0.5392701346823785
4812,-0.870483766152729
4813,-0.5053062004028858
4814,-0.6345609483910317
4815,-0.1480521905781095
4816,-0.7902147065462882
4817,-0.9093411803406568
4818,-0.27769732457020047
4819,-0.23356306416643835
4820,-0.8048309346164517
4821,-0.3418595794466483
4822,-0.7813958565906375
4823,-0.5168782905495485
4824,-0.1429830884230689
4825,-1.9191110638939348
4826,-0.31396337691748016
4827,0.5805247282708657
4828,-0.5827397032765977
4829,-0.44439073533534
4830,-1.0855377870574676
4831,-0.6653934854432428
4832,-0.38481103315259213
4833,0.07052082779685699
4834,-0.7156973526420158
4835,-0.3839787345180091
4836,-0.18597065023176843
4837,-0.4789903116083632
4838,-0.2726787990100453
4839,-0.7257609730283525
4840,-0.5003606797753427
4841,-1.4235886640235118
4842,-0.8397311057650113
4843,-0.39007549060204433
4844,-0.07871371528876306
4845,-0.3560194000297824
4846,-0.46457363717526395
4847,-0.39614788590318345
4848,-0.45976259085327803
4849,-1.2045533134486406
4850,-0.5103840395289209
4851,-0.2015070143411016
4852,0.2878546326283192
4853,-0.17513431322606338
4854,0.1742573526181873
4855,-0.026916138492167486
4856,0.14770949373791833
4857,-1.2860918292411845
4858,0.3418972202314804
4859,0.340858305912519
4860,-0.286446637157977
4861,0.5751941668886108
4862,-0.48681545171770246
4863,0.29436421716807365
4864,-0.21742747735727527
4865,-0.11231354334204643
4866,0.2714746119723632
4867,0.09898151602045378
4868,-0.4372676763358797
4869,-0.5101949256863134
4870,-0.54547712228383
4871,-0.22294240327973372
4872,-0.1464833314209763
4873,-0.2868530203798275
4874,-0.6336358598943157
4875,-0.3196573650514751
4876,-0.4583812825241088
4877,0.17168494740144602
4878,-0.5318711508623826
4879,-1.3040506598735833
4880,-0.22288928130011199
4881,0.3601972951588325
4882,-0.3947076861460943
4883,-0.5106301238799472
4884,-0.2910495588537731
4885,0.19021434168895743
4886,-0.1872787515578515
4887,-2.379856079398265
4888,-0.44713850073102135
4889,0.3564189220749173
4890,-0.4372676763358797
4891,-0.38850987623603744
4892,-0.5247934347488379
4893,0.09165981301018226
4894,-0.3010851880949348
4895,-0.5101949256863134
4896,-0.49957251778371603
4897,-0.07105972153370448
4898,-0.49320107439268523
4899,-0.272782411132343
4900,-0.4460607959776632
4901,-0.013701967214597276
4902,-0.10257458243694197
4903,-1.3096805031352576
4904,-0.10207401369259991
4905,-1.6449195250767505
4906,-0.112255092642886
4907,-1.6619437705164497
4908,-1.2007834540165618
4909,-1.2784336522045743
4910,-1.1464535179751294
4911,-0.9988847088122446
4912,-1.2869380548139626
4913,-0.7457924992713173
4914,-1.007215128401916
4915,-1.30603484355801
4916,-0.89262903605298
4917,-0.9580642279917791
4918,-1.4749288291273732
4919,-1.2938689620720178
4920,-1.1862190561456474
4921,-2.143001587791507
4922,-1.7120755242929524
4923,-0.27066380494455994
4924,-0.9540293506413392
4925,-0.11918242000389218
4926,-1.1203304244519314
4927,-0.32118366211539034
4928,-1.0698631834367751
4929,0.13970438519397269
4930,-1.2483370633602282
4931,-0.3336908879012647
4932,-1.046325759100924
4933,0.17764280497182305
4934,-1.2277209909325286
4935,-0.5243944666658623
4936,-0.5405744792602755
4937,-0.0624819260964109
4938,-1.0089943887885153
4939,-0.9480139864991705
4940,-0.7163206953575579
4941,0.06247043409672348
4942,-1.2932892399975642
4943,-0.36440189761004393
4944,-1.2646170310146223
4945,0.14112699190645459
4946,-0.6585706150567734
4947,-0.7007262448694036
4948,-0.3755848679798942
4949,-0.25237337354673534
4950,-0.13780164472941803
4951,-0.1325205507258057
4952,-0.666286650652199
4953,0.0050422691628575905
4954,-0.5310465692347337
4955,-0.5101949256863134
4956,-1.1380809239297116
4957,-0.01614977283090433
4958,0.09436197820170977
4959,-0.0905808974060409
4960,-0.2353800308348346
4961,-0.1212728144405237
4962,-0.04736336058604888
4963,-0.4620537830582124
4964,-0.14709952044062358
4965,-0.1221509324157868
4966,-0.2849608024437837
4967,-0.059335022708343545
4968,-0.2132640910952536
4969,-0.148999357646044
4970,-0.19042724149043666
4971,0.10657984948832222
4972,-0.2911154947257371
4973,-0.026275492209761664
4974,-0.022807094401146012
4975,-1.0510350387131744
4976,0.06880080750540728
4977,-1.330141627296068
4978,1.3463816677266889
4979,-0.0845440437101035
4980,-1.5338103749637757
4981,1.1348413231291543
4982,-0.020810067414699984
4983,-1.4141650462750102
4984,0.8569258742670444
4985,-0.13765443531631225
4986,-1.6547126731997728
4987,1.243774388853352
4988,0.30503865307505307
4989,-0.9506866077999617
4990,1.187663451721291
4991,-0.07187102412071356
4992,-1.0083786992777075
4993,0.9769466335112356
4994,0.7800973256840343
4995,0.0679228371186746
4996,-1.0246112586396277
4997,0.7572236737684772
4998,-0.10121332567875933
4999,-1.670319335155311
5000,0.890494783363537
5001,0.39228906009245146
5002,-1.6935256643803245
5003,0.9007617828024114
5004,0.3705446835753661
5005,-1.2075307020530934
5006,0.793506792615142
5007,-0.10207401369259991
5008,-1.3630800730879835
5009,1.0172402793467197
5010,0.05735371320711332
5011,-0.10257458243694197
5012,-1.1820645068284223
5013,1.0082638554191528
5014,-0.00426300705839661
5015,-1.1682520847239326
5016,1.2222584002423282
5017,-1.3389912847395686
5018,-1.0989949558025993
5019,-0.6616019300459456
5020,-1.5828453351066003
5021,-1.6927718652038173
5022,-0.6304502852073788
5023,-1.3564737333519241
5024,-1.0336206873967837
5025,-1.6061778967715485
5026,-1.253447418362634
5027,-0.7066728197610469
5028,-1.5032535280726784
5029,-2.0445962379982356
5030,0.15586523125837573
5031,-1.1511401852630716
5032,-0.018013427690764614
5033,-0.36307768211710273
5034,2.6897917888237663
5035,-1.1235992684870768
5036,0.6216266545886221
5037,-1.2118118481345388
5038,2.1391905212140987
5039,0.6057135320320819
5040,0.44117141584480224
5041,-1.639571268903174
5042,2.1680820301471107
5043,0.4770218098661383
5044,0.767252376978462
5045,-1.3445565679343792
5046,1.9950510064104385
5047,0.6526532964417734
5048,0.5072657877304425
5049,-1.1779036409746924
5050,1.4586699117305573
5051,0.5835039028777916
5052,0.4141952230080104
5053,-1.2647307297524029
5054,2.0441460262790585
5055,0.4770218098661383
5056,0.29517458640008704
5057,-1.388671393472312
5058,2.1911955346145686
5059,0.5577181969746704
5060,0.6214567965326171
5061,-1.3092131918421013
5062,2.043540899210308
5063,0.5680788292562913
5064,-0.04616807928817226
5065,-1.3532800957823452
5066,0.6810946839344689
5067,-0.45082482240491467
5068,0.8359163653246172
5069,-1.0028498033816988
5070,0.12488222202622726
5071,-1.1612595206183653
5072,-0.657993093390469
5073,0.01237467583645018
5074,-0.14137794200425333
5075,-1.3054624174487672
5076,-0.2861678513958109
5077,-0.12343482400732678
5078,-0.12780623802500146
5079,-0.9300696078018087
5080,-0.1525145479170178
5081,-0.24999464167624383
5082,-0.065632683637766
5083,0.39136344590199335
5084,-0.474799306565031
5085,0.6317214366672999
5086,-1.683402035442303
5087,0.48208937593225853
5088,-1.1607461671663544
5089,0.4323908760807967
5090,-1.3447106505376063
5091,0.2927906066561812
5092,-0.6601533689318368
5093,0.2946563616348385
5094,-1.2176392541071694
5095,0.06527403416008049
5096,-1.1934324591818326
5097,-0.023210045841139452
5098,-0.3781447124127009
5099,0.7006500603050443
5100,0.3340082036097445
5101,0.029012501231356215
5102,0.15270069262787936
5103,1.154272341079011
5104,0.5152496058081492
5105,-0.48917232836103
5106,0.31150487450412745
5107,0.8659255756509646
5108,0.5636223976680834
5109,-0.01690032116628772
5110,-0.2810204326716282
5111,-1.3336962835078825
5112,2.1283741319633793
5113,-1.4282785968352765
5114,-0.5082270901219944
5115,1.7071059596091511
5116,0.2652257144034011
5117,-1.3518284093656125
5118,2.5821846608566665
5119,-1.3560242468452541
5120,-1.373567805484499
5121,-0.9994371328537747
5122,2.491242162873519
5123,-1.6830043557753636
5124,-0.5038366693778433
5125,-0.6363105051327362
5126,2.5427755697721497
5127,-1.3976012645562248
5128,-0.3426932282803051
5129,-1.1037993642833384
5130,2.614072443604718
5131,-1.2812131444333557
5132,0.39325224496065825
5133,-0.24267411514232537
5134,-1.3155390305105843
5135,2.3775698636904887
5136,-1.5641212927431873
5137,-0.31015081903358527
5138,-1.3565247378517915
5139,2.935484129224814
5140,-1.5641212927431873
5141,-0.38596581490018944
5142,-1.9023650834760888
5143,2.681923200757676
5144,-1.2240444631699525
5145,-0.42884449809277525
5146,-1.160956212277377
5147,2.510089173538226
5148,-1.1813942340747483
5149,-0.6839824117675922
5150,-0.38141517928807794
5151,-0.4588492773219091
5152,-0.5670687185331587
5153,-0.4377127427906007
5154,-2.064438539094329
5155,0.3000635359763965
5156,-0.14140903440870023
5157,-0.5340437620155417
5158,-0.5002867812097701
5159,0.5260781711560496
5160,-0.8346338049559285
5161,-0.4728747182644419
5162,-0.6198226047519676
5163,0.45997010901628405
5164,-0.8392615657005904
5165,0.02829117218916346
5166,-2.1536103504729076
5167,0.44288588946522967
5168,-0.46292541382195856
5169,-0.10805728234593301
5170,-1.0189081349009939
5171,0.383681217671871
5172,-0.825418925115916
5173,-0.5676470733454917
5174,-0.4730667652160403
5175,0.7541090226170599
5176,-0.5832172015893446
5177,-0.19637947889552532
5178,-0.49515329481217907
5179,-0.06923590430744579
5180,-0.38298686871546594
5181,1.6704399592883423
5182,0.44008595967356695
5183,-0.3155383936190182
5184,0.8181525208333008
5185,0.37557222598411155
5186,-0.47975970487761477
5187,0.3680330461719203
5188,0.24616023794863512
5189,-0.040929758383036335
5190,0.5303753947285468
5191,-0.3558706498371269
5192,-0.2658585343958786
5193,-0.07287118356693446
5194,0.47081560928081817
5195,-0.9869769750818008
5196,0.3002920534321358
5197,-1.0815293243863828
5198,0.4467692441282097
5199,-0.10766149988285237
5200,-0.9301018744036986
5201,0.6041090440152864
5202,-0.16790051949366672
5203,-1.1754330766297785
5204,0.6591532298183593
5205,-0.276616458097661
5206,-1.1261295108588831
5207,-0.32801081092786905
5208,-0.8157586928939285
5209,0.7623440736982319
5210,-1.1734377663777702
5211,-1.1830816181491135
5212,0.8151297109040946
5213,-0.23053659822212763
5214,-0.9046024039887567
5215,-0.025805494230020116
5216,-1.4511100222987197
5217,0.6603533797592828
5218,0.6319246585274743
5219,-0.37256637997451203
5220,-1.0427050021750373
5221,-0.059335022708343545
5222,-0.26022808202689734
5223,-0.17915352736292997
5224,0.1682738590380846
5225,-0.22580081858706924
5226,-0.2863530458687397
5227,0.20949766770506528
5228,-0.33108463648194364
5229,-0.21333255006200352
5230,0.029507541131347723
5231,-0.1037530599452751
5232,-0.16989275811594742
5233,-0.022075313694924412
5234,-0.17660418976019027
5235,-0.24090231650414726
5236,0.16875730445359663
5237,0.19738747226942602
5238,-0.1808400779346456
5239,-0.18293039584796153
5240,-0.26006237579698593
5241,-0.17540801221777028
5242,-0.5518785852286227
5243,0.036269546990960834
5244,0.02454259520617045
5245,-1.4461951660375558
5246,-0.3734117901071978
5247,0.13997974955900883
5248,-0.8734010486384092
5249,-0.3658383800431287
5250,-0.1443388598298274
5251,-0.28799217114214004
5252,-0.17977177571489292
5253,-0.5328709765685966
5254,0.33748578028555287
5255,-0.21575801222751853
5256,-0.27623967406999056
5257,0.06912944687455297
5258,-1.1920327159197583
5259,-0.4231450591670541
5260,0.13223357224582966
5261,-0.9208313511109215
5262,-0.3536560151024524
5263,-0.3800301863956235
5264,-0.21679314566771962
5265,-0.9856526139587635
5266,-0.06549037031964659
5267,-0.08405212764080013
5268,-0.5448558894030112
5269,-0.2652081006761579
5270,0.13479557117669072
5271,-0.8732633658285887
5272,-0.2652081006761579
5273,-0.040929758383036335
5274,-0.2713903472594117
5275,0.049697740800465955
5276,-0.19872318748834852
5277,-0.009137732908114368
5278,0.19502279019638288
5279,0.7657582793468357
5280,-0.1725493354437721
5281,0.7006901544207761
5282,-0.5318711508623826
5283,-0.5935258282329277
5284,-0.48493536835572715
5285,0.04911450971096218
5286,-0.530533384675325
5287,-0.5101949256863134
5288,-0.409372664155482
5289,-0.002793640424799952
5290,-0.6485564721262789
5291,-0.8695946243256959
5292,-0.15648552458219092
5293,-0.17315868564624426
5294,-0.7534464190977557
5295,-0.595497350101117
5296,-0.6105737697183516
5297,-0.05866180305172636
5298,-0.4804767980321746
5299,-0.5101949256863134
5300,-0.3224430089712649
5301,-0.028014293669804707
5302,-0.5310465692347337
5303,-0.4779829754141251
5304,-0.12655704060837117
5305,0.001236817464257079
5306,-0.19042724149043666
5307,0.07906325986866158
5308,-0.0033213821599118705
5309,-1.6661423767125163
5310,-0.37539813522644794
5311,0.07906325986866158
5312,-0.03424391493042969
5313,-0.4072028497248299
5314,-0.3836857121810263
5315,-0.048869654979462766
5316,0.18427763977439773
5317,-0.1187325421525005
5318,-0.579524532146584
5319,-0.38850987623603744
5320,-0.5008120277072179
5321,-0.11843728921572982
5322,-0.6598247674477172
5323,-0.778926356524147
5324,-0.6151536328919074
5325,-0.1362543438687663
5326,-0.541063150436271
5327,-0.7052285071189451
5328,-0.6323145054350896
5329,0.006195489477242817
5330,-0.2863530458687397
5331,0.03194820632185635
5332,-0.28137020091943954
5333,0.096685062103203
5334,-0.40369891415481807
5335,0.5348202194371446
5336,-0.12167376448122455
5337,-0.19042724149043666
5338,0.06887277117279235
5339,-0.5512178020780658
5340,0.30503865307505307
5341,-1.2376458656855207
5342,-0.06335876718476922
5343,-1.2167123506601283
5344,0.03565043755699662
5345,-1.3011530773637328
5346,-0.19098285720556868
5347,-0.7007262448694036
5348,-0.37418007701125855
5349,-0.237387610775383
5350,-0.8035838247663274
5351,-0.1530972198480894
5352,-0.4804767980321746
5353,-0.5101949256863134
5354,0.6446377591330019
5355,-0.31980751138710783
5356,-2.0852493095675495
5357,-0.10067975513427542
5358,-0.38124083558309574
5359,-1.007108319678999
5360,-0.06135778483708314
5361,-0.9449378342008029
5362,-0.3237081405372906
5363,-1.172307735376835
5364,0.0661184477266794
5365,-1.1937561067062799
5366,-0.6920247666063296
5367,-1.0468760453348087
5368,-0.06086237324557561
5369,-0.9449378342008029
5370,-0.24183297324264386
5371,-1.1722956687147104
5372,-0.06086237324557561
5373,-1.4081382939254778
5374,-0.5070717796709744
5375,-0.6023469765139687
5376,-1.2869380548139626
5377,-0.7572436401538717
5378,-0.9502568338919921
5379,-0.015668415193482117
5380,-1.268924825878124
5381,-0.6889453549832913
5382,-1.2869380548139626
5383,-0.5975806857677523
5384,-1.6497403008269678
5385,-2.0578937020653725
5386,-1.268924825878124
5387,-1.2807007033996256
5388,-1.7555461941562636
5389,-0.9454628105561268
5390,0.2411068483547927
5391,-1.9275284905632266
5392,-0.5166433587561066
5393,-1.539788187296826
5394,-0.746632513187599
5395,-1.4682860044411528
5396,-0.5533349627579215
5397,-1.3445960849776788
5398,-0.5584601512926407
5399,-1.268924825878124
5400,-0.36440189761004393
5401,-1.0208346396696801
5402,-0.4020797268588306
5403,-1.2277209909325286
5404,-0.7572436401538717
5405,-1.0869005699402188
5406,0.2805155171286548
5407,-1.0228170789577358
5408,-1.0542696118976294
5409,-1.0242982037820447
5410,-0.04320492575572421
5411,-1.3773974860940774
5412,-0.7271384261760979
5413,-1.1109173846234772
5414,0.08511823093959975
5415,-1.2140463957662098
5416,-0.4358063125166815
5417,-1.0606377887622171
5418,0.14405187659371194
5419,-1.0405762672836296
5420,-0.2640772586851996
5421,-0.05824205886545398
5422,-0.19824198970440232
5423,0.028362908492522543
5424,-0.3126664543084215
5425,-0.12251175704757447
5426,-0.19042724149043666
5427,-0.07455690365891929
5428,-0.05485006858929984
5429,-0.18373235789572684
5430,-0.3364852710422734
5431,0.0759572865069521
5432,-0.17611627333363697
5433,-0.12251175704757447
5434,-0.1808400779346456
5435,0.09070964729039165
5436,-0.13760231740517562
5437,-0.2640772586851996
5438,0.029507541131347723
5439,0.30869985738362504
5440,-0.14259079662728028
5441,-0.24420996679065135
5442,0.06793613129951293
5443,-0.3429225198719401
5444,-0.008510759656793074
5445,-0.22473645901197076
5446,0.22730950382789042
5447,-0.13363012338509472
5448,-0.09458652925576903
5449,-1.1578588100651184
5450,0.07906325986866158
5451,-0.07605541334417103
5452,-0.066796104770184
5453,-0.3630830985728938
5454,0.03813291421673529
5455,-0.1037530599452751
5456,-0.4326189616579812
5457,-0.13178686031590536
5458,-0.022075313694924412
5459,-0.005049630668602319
5460,-0.2403863504499445
5461,-0.19042724149043666
5462,0.005358354276817716
5463,-0.2020230449780894
5464,-0.06910938576622645
5465,-0.29529109212320387
5466,0.10657984948832222
5467,-0.28137020091943954
5468,-0.12251175704757447
5469,-0.17533668113283546
5470,0.008695205736947962
5471,0.1252771430613887
5472,-0.18490514214044856
5473,-0.19042724149043666
5474,0.031112135153019943
5475,-0.19407373586733292
5476,0.2899131079212588
5477,0.03748664500138673
5478,-1.3053105427323206
5479,0.798700033915797
5480,0.05268941178854528
5481,-1.2491233206656578
5482,0.9706597843428256
5483,-0.036422560915032154
5484,-1.3325936569940797
5485,1.1347858622727065
5486,-0.08487868708673701
5487,-1.1443000727131656
5488,0.9423354218389708
5489,-0.09561140412937974
5490,-1.574918005924228
5491,1.0954581355334525
5492,-0.018183499347114752
5493,-1.5120622177244
5494,1.727764362874899
5495,-0.08487868708673701
5496,-1.1650402613887227
5497,1.0655289554529568
5498,-0.5759547967907492
5499,-1.6830045089963763
5500,0.855339361616902
5501,-0.048994487635508455
5502,-0.039295654746662155
5503,-1.6950392794326905
5504,0.8514451780164707
5505,-0.024989193239516528
5506,0.44117141584480224
5507,-1.46749095521596
5508,1.0545468203480266
5509,0.045995801620048
5510,-0.10119004412053947
5511,-1.5392107829138004
5512,1.017194575293679
5513,0.4538307730451306
5514,0.32559862032392045
5515,-1.3157917575624465
5516,0.8135436793777133
5517,0.2246854781518589
5518,0.3871975582104361
5519,-1.5767024179471283
5520,0.7931750094841233
5521,0.09917433725229628
5522,0.04531923694296571
5523,-1.8154577029733043
5524,1.0199146188717392
5525,0.16736604173227293
5526,-0.06703268622009097
5527,-1.296331304860594
5528,0.9052735910755294
5529,-0.12741705705265194
5530,-1.3326849727798176
5531,1.9109152469374826
5532,-0.24676550223117855
5533,-0.8822883439300656
5534,1.212736159984227
5535,-0.8023639560216531
5536,0.5859578396510357
5537,-0.7154512193180248
5538,-0.5421417383360218
5539,-0.6161924349259852
5540,0.1339471158547773
5541,-0.006729838421332684
5542,-0.2419289745864919
5543,-0.0007433851408316329
5544,-0.5083615059760201
5545,-0.5684085970774151
5546,0.33430963531482616
5547,-0.8644720468361141
5548,-0.18864954988816843
5549,-0.30007840999858704
5550,0.09270029599277015
5551,0.9896847695511903
5552,0.44117141584480224
5553,-1.3019482849851156
5554,2.3340814680394857
5555,0.30287410149154664
5556,0.3059167129158979
5557,-0.9116106808784422
5558,1.9652756844152746
5559,0.5038706151821469
5560,0.30503865307505307
5561,-1.2393298199731133
5562,1.913783192635973
5563,0.5424599829695435
5564,-0.12741705705265194
5565,-1.541378887606149
5566,1.04167806669063
5567,0.5245710105251392
5568,0.48276486377792155
5569,-1.4354079093772198
5570,2.3105313208031397
5571,0.6197320479697319
5572,0.39031324863715317
5573,-1.2945803140864183
5574,2.1345075385627545
5575,0.653074009581917
5576,0.7146041598986389
5577,-1.617509969209595
5578,1.9950510064104385
5579,0.24684725679633582
5580,0.9903578467824523
5581,-1.4407814310665696
5582,2.1265819960681585
5583,0.6008574915967885
5584,0.8276928718747953
5585,-1.560788619199596
5586,1.9736154408897635
5587,-0.34343726190302937
5588,0.841691393817474
5589,-0.9580032314042816
5590,2.3343190317359426
5591,0.31395012446323045
5592,0.560970839386154
5593,-1.4536987848202598
5594,2.1160770167466407
5595,0.6137608753987175
5596,0.7724834723041415
5597,-0.6474312521382563
5598,2.3186866072364323
5599,0.6237343982486078
5600,-0.020970886956755926
5601,-1.8312641036161157
5602,2.10397827453285
5603,0.4770218098661383
5604,0.47331058744233123
5605,-0.6983191065285301
5606,-0.1372524593398564
5607,-1.2355490867908414
5608,2.422706772416362
5609,0.4770218098661383
5610,0.33628726810946036
5611,-1.1574943575125398
5612,1.964791168039496
5613,0.5287875846356057
5614,0.47331058744233123
5615,-1.0688828300751685
5616,2.5654971172734955
5617,0.34438012302812815
5618,0.5222168148959532
5619,-0.09074925619316411
5620,0.5353255480097051
5621,0.061197950102281864
5622,-0.5704028484538802
5623,0.6078503822527999
5624,-0.7181716577024896
5625,0.5599177402294281
5626,0.23009522862869813
5627,0.5033519219496451
5628,0.457051204329701
5629,-0.6442204281302166
5630,0.8383614002170572
5631,1.0287930329430515
5632,0.4264320735487394
5633,-0.6320783640955168
5634,1.2986912694879698
5635,0.9271626846761644
5636,0.43912637504067664
5637,-0.22979162465795627
5638,0.6988976830991676
5639,1.0071063122769004
5640,0.4594824858788883
5641,-0.6169878037379151
5642,0.38923486397552787
5643,0.3724906800594064
5644,0.3706345835886071
5645,-0.7245644755598029
5646,0.8094426948727743
5647,0.47916814219758097
5648,0.40024858675038655
5649,-0.7321148932749522
5650,0.04841139810113553
5651,0.5008889401764477
5652,0.5127995417770541
5653,-0.6785836625953996
5654,0.6741444689740632
5655,1.0310209424691232
5656,0.3139950976535326
5657,0.006590680256994301
5658,0.42905041890372425
5659,1.0838392971590889
5660,0.46318788928190463
5661,-0.5636826387311091
5662,0.3806389238114665
5663,0.9819464957023235
5664,0.19471878918611096
5665,-0.5091178491491641
5666,0.716475313051263
5667,0.19825836357372437
5668,-0.9671943899562682
5669,0.3974336667353165
5670,0.6825600503847558
5671,0.4264320735487394
5672,-1.1401519918492624
5673,0.38923486397552787
5674,0.6848892312885607
5675,0.5240932366624004
5676,-0.79739455279496
5677,0.7603259014666379
5678,0.6255262970848477
5679,0.5135283565818676
5680,-0.734261951739029
5681,-0.4966978694030236
5682,-1.522229861587252
5683,2.4395194423665796
5684,-1.869153261421611
5685,-0.4966978694030236
5686,-1.7505741613231096
5687,2.1350592456152677
5688,-1.5374336150528325
5689,-0.4314220833869765
5690,-1.3323784461228718
5691,2.5855086798161526
5692,-1.413655372516948
5693,-0.3193796638143405
5694,-1.8541149598230835
5695,2.6648338731153065
5696,-1.5374336150528325
5697,-0.6850434373647658
5698,-0.6761146386021398
5699,2.537876433187349
5700,-1.669492013759109
5701,-0.5452427849152763
5702,2.6148405492225177
5703,-1.1273097716178413
5704,-0.42224029547661707
5705,0.03951331838814451
5706,-0.33719520540458064
5707,-0.32672891449668773
5708,-1.38799455230935
5709,2.471694206890281
5710,-1.4553891046750513
5711,-0.12386163749123859
5712,-0.9391207852586515
5713,2.4331061861268797
5714,-1.517039774970425
5715,-1.4096545834142542
5716,1.9465473082906375
5717,0.4878634667326448
5718,-0.4255816412262767
5719,-1.522229861587252
5720,2.5915414592727357
5721,-1.657154005969015
5722,-0.49956994293729257
5723,-1.9004446098672825
5724,2.6928435059920193
5725,-1.30959484484779
5726,-0.24985994024153788
5727,-1.2454091334476276
5728,2.2829434087773355
5729,-1.0515293981868041
5730,-0.09357518603907475
5731,-1.5685515760462547
5732,2.127037437630504
5733,-1.2796420116671576
5734,-0.831753563854163
5735,-1.3336962835078825
5736,2.4573368673976375
5737,-1.673283798702099
5738,-0.2029857383783441
5739,-1.9902712436929877
5740,2.4644047556608215
5741,-1.278163285773369
5742,-0.44803121478733354
5743,0.6727296207156962
5744,0.302587423636724
5745,-0.31367856516766796
5746,0.5885762686737228
5747,0.13422230074053026
5748,0.4985156866706344
5749,0.06758486006126684
5750,0.6914216399080377
5751,0.44416032205773953
5752,-0.4615653434117868
5753,0.7861645089678354
5754,0.5078237298073678
5755,-0.21054734947621098
5756,0.657363563021878
5757,0.302587423636724
5758,0.056515660750508345
5759,0.616992537190989
5760,0.40024858675038655
5761,-0.32339883121853585
5762,-0.42972787024807946
5763,-0.338036713960684
5764,-0.48609125780027646
5765,-0.5219394625856599
5766,-0.3605685476542489
5767,-0.5219394625856599
5768,-0.351672275338153
5769,-0.47026387220787974
5770,-0.34595083823764033
5771,-0.4113491006008554
5772,-0.16924782770867253
5773,-0.4468097847249968
5774,-0.6921492931471576
5775,-0.351672275338153
5776,-0.5053062004028858
5777,-0.3365681837204358
5778,-0.2112555094592776
5779,-0.43648621159929624
5780,-0.38800162108679737
5781,-1.0010784470650813
5782,-0.40249832629031257
5783,-0.38481103315259213
5784,0.013870222576579796
5785,-0.33017648627402946
5786,-0.7156973526420158
5787,-0.4023881137236732
5788,-0.22032543519008715
5789,-0.9230247878947855
5790,-1.0116574234301516
5791,-0.43461452005494206
5792,-0.6001762471496924
5793,-0.6145391389467221
5794,-0.0970621086787877
5795,-0.34617939538109926
5796,-0.49021564004528434
5797,-0.7022429441223189
5798,0.07321572387034088
5799,0.3289244040360612
5800,-0.07724942421731087
5801,-1.46023487230667
5802,0.2828841901398957
5803,-0.04756360476920338
5804,-1.101353213281652
5805,0.269696262857098
5806,0.14180717418682692
5807,-0.241257693945129
5808,-1.101353213281652
5809,0.053229992265415055
5810,0.46723100054592426
5811,0.4179239910333771
5812,-0.4372676763358797
5813,-0.9291576064147024
5814,-0.4856572740267774
5815,-0.1362543438687663
5816,-0.4370338104587207
5817,-0.7007262448694036
5818,-0.6407136297939066
5819,-0.02032455350389286
5820,-0.3981899922659889
5821,-0.2217686378081144
5822,-0.5508819197459794
5823,-0.05866180305172636
5824,-0.6598247674477172
5825,-0.5101949256863134
5826,0.15578365201799765
5827,0.3214550962251781
5828,-0.3605988415892486
5829,-0.4564726546577942
5830,-0.3965010803588577
5831,-0.18942991299946985
5832,-0.6730741494624655
5833,-0.3605490911813695
5834,-0.35252226549997945
5835,0.04911450971096218
5836,-0.504262624476853
5837,-0.4539454866991348
5838,-0.3076607669242006
5839,-0.020810067414699984
5840,-1.6940410580417928
5841,0.010626134828568869
5842,-1.1127030296753877
5843,-0.08564227073549398
5844,-1.0722551757806542
5845,-0.2152928299250563
5846,-1.6619437705164497
5847,0.1104758422748021
5848,-0.6147352137760271
5849,-1.40922674309335
5850,-1.1016304265285126
5851,-1.0228170789577358
5852,-1.057197744312161
5853,-0.28826741558135704
5854,-1.3710107276569279
5855,-0.8960045571498733
5856,-1.1769410940866
5857,-1.2542931117321112
5858,-1.6067122976607986
5859,-1.171977319330125
5860,0.24792070767171817
5861,-1.2190822639525978
5862,-1.0445462259802845
5863,-1.0777145110898165
5864,0.04740953877538155
5865,-1.5860752656663748
5866,-0.535979102586288
5867,-1.2267172536636197
5868,0.020367747427764805
5869,-1.30603484355801
5870,-0.8952891712707362
5871,-1.0991178210604318
5872,-0.025576432244660392
5873,-1.4628200514868948
5874,-0.7201171752894455
5875,-0.8683896958498881
5876,-0.013904386701905372
5877,-1.268924825878124
5878,-0.46130254469182785
5879,-1.4978495743690485
5880,0.1195921900791555
5881,-0.8392908273254024
5882,-0.6817986444590982
5883,-1.2318002072517795
5884,-0.06232093766154991
5885,-1.0771411143615124
5886,-0.5727068322217485
5887,-1.849806183202931
5888,0.07074828098541024
5889,-1.4137789208219609
5890,-0.8845739860854545
5891,-1.172307735376835
5892,0.08683403017594861
5893,-1.4977577641864368
5894,-0.09543749549181788
5895,0.12384615240763354
5896,-0.5162957859251512
5897,-0.91962341775295
5898,-0.7290560669198497
5899,-0.11843728921572982
5900,-0.6598247674477172
5901,-0.6472330878832764
5902,-0.35252226549997945
5903,-0.07725495975861997
5904,-0.1893536891365047
5905,-0.5101949256863134
5906,-0.7926848484387833
5907,-0.8467636150535913
5908,-0.2556786496663255
5909,0.05415252510054688
5910,-0.19042724149043666
5911,0.34818479411099806
5912,-0.0033213821599118705
5913,0.1297569024226529
5914,-0.21052399935948227
5915,0.07494516647393146
5916,-0.018677283294069206
5917,-0.16572846833245095
5918,0.00257859654204609
5919,0.044197327869463746
5920,-0.2020230449780894
5921,-0.08007475421811736
5922,0.00257859654204609
5923,0.11009854574502652
5924,0.014875703744724467
5925,-0.06562332052546234
5926,-0.26987024208618243
5927,0.00978816957983751
5928,-0.09650160119333749
5929,-0.02392571579489298
5930,-1.0530635045433627
5931,-0.038166213562618866
5932,-0.9754804430452474
5933,1.0139864197249824
5934,0.09033557584311397
5935,-1.0083786992777075
5936,0.07804270334648801
5937,-0.08487868708673701
5938,-1.2292363156899608
5939,1.304402790201447
5940,0.4924574510868258
5941,-0.5310542314566395
5942,0.23513039444836464
5943,-1.5526333241408306
5944,1.8823765323470014
5945,0.3431168095364968
5946,-1.9062125287514222
5947,1.7294243221964503
5948,0.38638898781021136
5949,-1.1643796523379986
5950,1.0473842127025328
5951,0.47331058744233123
5952,-1.4782779571781386
5953,1.6810392428494902
5954,-0.036662608939703974
5955,-1.2937186910087835
5956,1.5037081416204547
5957,0.04120835428183137
5958,-1.581047258795079
5959,0.9970406478194349
5960,-0.006851187755187681
5961,-1.419920057500032
5962,-0.020810067414699984
5963,-1.5933097969647139
5964,1.2754628646350672
5965,0.4170334568482024
5966,-1.394672033737142
5967,1.1721462706450299
5968,-0.020810067414699984
5969,-1.3267047485749572
5970,0.9371381205579886
5971,0.5821932856994717
5972,-1.494512760343004
5973,0.9069445049005203
5974,-0.12150945105588
5975,-1.2839527885406907
5976,1.2674697812397193
5977,0.05268941178854528
5978,-1.6619437705164497
5979,1.1396428038442077
5980,-1.1937561067062799
5981,-1.0662984863505534
5982,-0.8948252822958483
5983,-1.1824416365679542
5984,-0.7854964304635292
5985,-0.6615773812363565
5986,-1.1937561067062799
5987,-1.057554123600806
5988,0.18739963469204457
5989,-1.3605536920794314
5990,-0.6414845030286755
5991,-1.0293411529759786
5992,-1.30603484355801
5993,-0.540897388980512
5994,-1.2432021011511252
5995,-1.4804241444099917
5996,-0.9134580753487864
5997,-5.1623660014799455
5998,-0.047473035674802086
5999,-0.0845440437101035
6000,-2.478821102033781
6001,2.3336448252705977
6002,0.5498230027360301
6003,0.3239032741382797
6004,-1.3435106326843096
6005,1.964791168039496
6006,0.22018758637435645
6007,0.30503865307505307
6008,-1.2188597741846978
6009,2.3340814680394857
6010,0.4159814557491668
6011,0.5509116982674771
6012,-1.2363582269533213
6013,1.9946143636415508
6014,0.621056430200134
6015,0.24838591401144763
6016,-0.6768876264614264
6017,2.043540899210308
6018,0.32329443676976316
6019,-0.11349656476393377
6020,2.1358858071700966
6021,0.5422968967274002
6022,0.3689017297657899
6023,-0.9324734078791069
6024,2.518793528364497
6025,0.5424599829695435
6026,0.6064572279901718
6027,-1.628164322756939
6028,-3.6758329561467686
6029,-1.0334451420019366
6030,-1.166421797242124
6031,-0.15974210457990437
6032,-0.10739993891170702
6033,-1.5830483545807899
6034,-0.21389689403552153
6035,-1.3885030143184658
6036,-0.664854906150318
6037,0.0015511708498122184
6038,-0.053272477426723634
6039,-1.1910217253839637
6040,-0.4152756669013478
6041,-0.372635660874538
6042,-0.03702229523615538
6043,-1.1322774580990078
6044,-0.04785199535957115
6045,-0.11343422412405615
6046,-0.065632683637766
6047,-1.0291096851063206
6048,-0.3307467573213265
6049,0.01237467583645018
6050,-0.2526816096929901
6051,-1.2768299286560914
6052,-0.3119772917185262
6053,-0.12206254380511139
6054,-0.044831008066609876
6055,0.4682957467022696
6056,-0.4546543216322689
6057,0.08978526730884963
6058,-0.8504312694911977
6059,0.2797383888001855
6060,-1.0100766912225787
6061,0.2946563616348385
6062,0.5232266685191727
6063,-1.0818447846381432
6064,-0.033541947064774605
6065,-1.1291455993875523
6066,-0.033541947064774605
6067,-0.9540973209040418
6068,0.1935896766067447
6069,-1.5730859953489194
6070,0.3097469219924398
6071,-3.0754358639913413
6072,0.48402713236454276
6073,0.5452205839499221
6074,-1.1607461671663544
6075,0.006149602192659941
6076,-1.2102207765203021
6077,0.5891292683142515
6078,0.7727128056392105
6079,0.7406624115957047
6080,0.44008595967356695
6081,-0.7048547561164049
6082,0.16901905744620327
6083,0.8744770408987272
6084,0.09481729147576363
6085,-0.9185429240063527
6086,0.07667395773917438
6087,0.4664435401917573
6088,0.5268816626327553
6089,-0.7453671850850303
6090,0.3753177076629613
6091,0.6386299421200564
6092,0.29370228278833066
6093,-0.5888565655981064
6094,-0.5822250861338467
6095,-1.547579208926128
6096,-0.057067840410184555
6097,-0.7951603042078356
6098,2.5915414592727357
6099,-1.45835406977891
6100,-0.20912224963595843
6101,-0.705187775959455
6102,2.4536850784122346
6103,-1.329286041280034
6104,-0.3145522008077297
6105,-0.6270587327158603
6106,2.392567383288039
6107,-1.1938959120436188
6108,-0.23996753353056158
6109,-1.9418115959043794
6110,2.6712560304996567
6111,-1.1576023609611479
6112,-0.2092843790677831
6113,-1.2311181278275536
6114,2.6137230907574684
6115,-1.6987766128016772
6116,-0.025784001687178985
6117,-1.8270318373417764
6118,2.6610167769655355
6119,-0.5587541437767739
6120,-1.6949333551035242
6121,2.6208462033447883
6122,-1.324243376600992
6123,-0.13820516919273043
6124,1.2481693775090708
6125,-0.2627715339329126
6126,-1.6448009845384504
6127,2.5001316571172243
6128,-1.6987766128016772
6129,-0.32440151514719034
6130,-1.4816634495324896
6131,2.4459415997509297
6132,-1.3078767359601666
6133,-0.8505727123502309
6134,-1.3510544575391408
6135,2.3682463760377224
6136,-1.0701973800170292
6137,-1.0641305663561924
6138,-0.4588492773219091
6139,-0.3456613023563095
6140,-0.5975745096842897
6141,-0.49892387380508674
6142,0.07534010279169272
6143,-0.3181693689027961
6144,-0.36177878770734734
6145,0.24775934768616206
6146,-0.5366766571529391
6147,-0.09331119770973793
6148,-1.1423806347337078
6149,0.17286963897566796
6150,-1.6317713518377142
6151,-0.40732721556950563
6152,-0.4609717046633154
6153,0.9114822483690691
6154,-0.5892483416779705
6155,-0.4417129230761693
6156,-0.47430776280979114
6157,-0.0879864672842572
6158,-0.35169014922462366
6159,-1.1836723633536692
6160,-0.4941099142404156
6161,0.7728603803518679
6162,-1.6855414488201421
6163,-0.005963420335944897
6164,-1.006756003969024
6165,0.29208733794089875
6166,-0.8602058023626481
6167,-0.7520751097063769
6168,-0.9210009495195317
6169,0.44288588946522967
6170,-1.8191035902197343
6171,-0.3651781972039701
6172,-2.055453561519273
6173,0.43060563733976354
6174,-0.10614192233530462
6175,-0.17817336858482105
6176,-0.9607702454827205
6177,-0.6003499525024195
6178,-0.544654721386988
6179,-0.685772781334125
6180,1.4781661633293386
6181,0.4076287502992094
6182,-0.2689875280195022
6183,0.6443568122278136
6184,0.4899010464936565
6185,-0.21544937028220737
6186,0.616992537190989
6187,0.4649080611265284
6188,-0.5322730514262768
6189,0.6397057973914996
6190,0.3291575946277776
6191,-0.08110241859103719
6192,0.6359524181980857
6193,-1.0965758583531278
6194,-0.18450979822615335
6195,-0.3645526518612995
6196,0.46847626489725325
6197,-0.2737084503984539
6198,-0.32801081092786905
6199,-1.3954337579794407
6200,0.6916030079449552
6201,-0.46400662333770754
6202,-0.43981535976377556
6203,-0.8067857956232415
6204,-1.1841003550057507
6205,0.9091198333688323
6206,-0.19101193157500299
6207,-1.4042829882699968
6208,0.7389771071402507
6209,-0.09904607267951905
6210,-1.398464685161168
6211,0.8151297109040946
6212,0.48906544348781245
6213,-1.5202437880014004
6214,-0.2713903472594117
6215,0.27432011460310823
6216,0.4794435878175283
6217,-0.2860712142397907
6218,0.09805552112247513
6219,-0.07257767055753712
6220,-0.2849608024437837
6221,0.10657984948832222
6222,-0.20611524365604764
6223,-0.19042724149043666
6224,0.06793613129951293
6225,-0.005049630668602319
6226,-0.2863530458687397
6227,-0.1888374775241914
6228,-0.08919284092855466
6229,-0.0716159682892867
6230,0.4903957614728358
6231,-0.13181104940982127
6232,-0.13810990025121378
6233,-0.013310776018263472
6234,-0.07605541334417103
6235,-0.19824198970440232
6236,0.1918137041609911
6237,-0.12819654793130358
6238,-0.2501175403185568
6239,-0.24422443418080408
6240,-0.19872318748834852
6241,-0.7353272149813721
6242,0.020504600162157494
6243,-1.0269545210472464
6244,-0.23468735712153013
6245,0.11023635348119236
6246,-1.2387181979995192
6247,-0.07753560799777162
6248,-0.276583300139982
6249,-0.867821725651129
6250,-0.23310786468788372
6251,-0.6060856151502686
6252,-0.4520421831115201
6253,0.11404950486515009
6254,-0.3592412251765649
6255,-0.24117870231407956
6256,-0.29415435094734255
6257,0.11404950486515009
6258,-0.423364787042957
6259,-0.3726301532726909
6260,-0.26746389536648973
6261,0.0009436105449894361
6262,-0.11383474872146368
6263,-0.19733464229367467
6264,-0.2335149100655374
6265,-0.45363372449868355
6266,-0.10626990189603316
6267,-1.1052656427157983
6268,-0.48266474538794496
6269,0.0883062842279421
6270,-0.2809932208767374
6271,-0.3065485525613117
6272,0.04652663473708946
6273,-0.9267866630900934
6274,-0.22452420007758692
6275,-0.20712996094188735
6276,-1.005599142293006
6277,-0.2074867113039705
6278,0.11023635348119236
6279,-0.95408598468409
6280,-0.32453125456658405
6281,-0.2574235514373058
6282,-0.20370773286736066
6283,-0.13448527945463337
6284,-0.358482402430978
6285,-0.17517442754773388
6286,0.13881397277936067
6287,-1.45759909357683
6288,-0.06571139457439079
6289,0.26347327094900225
6290,-0.311401813627066
6291,0.12170608358000541
6292,-0.23359349681077757
6293,-0.3232993963823202
6294,0.37988004904226674
6295,-0.29086048624271116
6296,0.0981242182996164
6297,-0.7701023668012255
6298,-0.504262624476853
6299,-0.4856572740267774
6300,-0.10955214836733665
6301,-0.9835384804130224
6302,-0.4779829754141251
6303,-0.30840446129101406
6304,-0.13352784957333083
6305,-0.6598247674477172
6306,-0.4155056132575386
6307,-0.5008120277072179
6308,0.021286049834843987
6309,-0.06919444823332863
6310,-0.9081335136402314
6311,-0.21989556345823733
6312,-0.47762304198149796
6313,-0.5302713041094089
6314,-0.4539454866991348
6315,-0.11843728921572982
6316,-0.5318711508623826
6317,-0.47605908884319736
6318,-0.0605663317975906
6319,-0.11843728921572982
6320,-0.5162957859251512
6321,-0.38850987623603744
6322,-0.3407824024711478
6323,0.11569700879132862
6324,-0.5310465692347337
6325,-0.5244058167463772
6326,-0.4856572740267774
6327,-0.22881483562635052
6328,-0.5162957859251512
6329,-0.5101949256863134
6330,-0.5508819197459794
6331,-0.05866180305172636
6332,-0.19042724149043666
6333,-0.2089400539473208
6334,-0.16957310600801961
6335,-0.2837623625645053
6336,-0.3203194135500969
6337,0.08725749209062843
6338,-0.10680752485173335
6339,0.09541479705139563
6340,-0.24090231650414726
6341,-0.0029490118290452943
6342,0.05009099017229985
6343,-1.2310598495638607
6344,-0.4707929487646456
6345,0.005358354276817716
6346,-1.4299373772916992
6347,-2.5860352961606075
6348,-0.2957942784893247
6349,-0.91449992560777
6350,-1.1560369042970866
6351,0.09165981301018226
6352,-0.47762304198149796
6353,-0.38850987623603744
6354,-0.49957251778371603
6355,-0.028014293669804707
6356,-0.5318711508623826
6357,-0.6604364383907555
6358,-0.3935934615965523
6359,0.16439157452619477
6360,-0.677498943047207
6361,-0.39075296397815795
6362,-0.47946951982646163
6363,0.09959756690722911
6364,-0.541063150436271
6365,-0.6701508579581738
6366,-0.6265317152322658
6367,0.04911450971096218
6368,-0.4372676763358797
6369,-0.5605340114543552
6370,-0.3935934615965523
6371,-0.028014293669804707
6372,-0.4130104932308216
6373,0.031112135153019943
6374,-0.2530244122857952
6375,-0.18490514214044856
6376,-0.3134755033695874
6377,-0.3918800166438875
6378,-0.3407824024711478
6379,-0.019129152821411477
6380,0.016405677244676863
6381,0.08725749209062843
6382,0.40064917819923823
6383,0.08878099726522691
6384,-0.1808400779346456
6385,0.07906325986866158
6386,-0.6721800471332423
6387,-0.06703268622009097
6388,-2.3684354851881126
6389,-0.18095451783625163
6390,-1.302134369673342
6391,0.06880080750540728
6392,-0.8936402540128238
6393,-0.020810067414699984
6394,-1.556680575893183
6395,-0.23261808708488027
6396,-1.3203326607309152
6397,-0.020810067414699984
6398,-1.4984335252545966
6399,-0.4632186384162859
6400,-0.4372676763358797
6401,-0.5101949256863134
6402,0.24633589063310216
6403,-0.3856394576285126
6404,-0.7587815693990575
6405,-0.08741927631244505
6406,-0.2955604126121657
6407,-0.778926356524147
6408,0.19439938919337998
6409,-0.4372676763358797
6410,-0.5101949256863134
6411,-0.1343256620646753
6412,-0.03435018626417455
6413,-0.595497350101117
6414,-0.11691921570692725
6415,-0.46490143309494303
6416,-0.9186047381150592
6417,0.23694365674295062
6418,-1.4741695062503837
6419,-0.4105678761415829
6420,-1.1769410940866
6421,-0.04766898451879137
6422,-1.2007834540165618
6423,-0.7965117887225294
6424,-0.9685063193792881
6425,0.05102788736907817
6426,-1.1937561067062799
6427,-0.8878584988166862
6428,-1.0482401659006078
6429,-0.07595293360317679
6430,-1.4380288949204427
6431,-0.9004262849104838
6432,-0.9597322795865914
6433,-0.15667877026910193
6434,-1.30603484355801
6435,-0.6219723932001886
6436,-1.1356652689628062
6437,-0.07595293360317679
6438,-1.30603484355801
6439,-0.749584170656402
6440,-1.2665904664281482
6441,-0.07595293360317679
6442,-1.2592918834771198
6443,-0.8032882414745119
6444,-1.4199294994443252
6445,-0.07595293360317679
6446,-1.500305447358512
6447,-0.8032882414745119
6448,-1.1078918608531285
6449,-0.11443581994104442
6450,-1.0427050021750373
6451,-0.941836729450049
6452,-1.30603484355801
6453,-1.038681929012552
6454,-1.0531021783352392
6455,-0.6529571186568061
6456,-1.4564545680607788
6457,-0.7372570975446637
6458,-1.2536790159882256
6459,-0.2536323982681922
6460,-0.8624435061920698
6461,-1.3863421735205819
6462,-2.4487992135249157
6463,-1.4229099376031602
6464,-1.4989941923262977
6465,-1.4824251993729194
6466,-0.5803648497103383
6467,-1.407929502554675
6468,-1.713350651677553
6469,-1.5290207600435783
6470,-1.600553951082937
6471,0.33332315494268006
6472,-1.1725101481436357
6473,-0.7537240618240335
6474,-1.6184413310995542
6475,-0.5802445467406702
6476,-1.3212176846451162
6477,-2.530742259977182
6478,0.5385925756868318
6479,-0.349815200747048
6480,-0.6559658171573433
6481,-0.37986709610242664
6482,-0.8498752343224626
6483,-0.3113739701572957
6484,-1.158245460794255
6485,-0.6334756345274684
6486,-2.0454423639675343
6487,0.0026515938124133916
6488,-0.41794695310819613
6489,-0.7932101390983677
6490,-0.5119012509059853
6491,0.22199223323997627
6492,-1.1937561067062799
6493,-0.19042724149043666
6494,-0.013310776018263472
6495,-0.12167376448122455
6496,0.4050028500748603
6497,-0.2849608024437837
6498,0.13457939956691217
6499,-0.09650160119333749
6500,-0.1646626322406883
6501,-0.19042724149043666
6502,-0.013310776018263472
6503,-0.22074676440968985
6504,0.08449881038162661
6505,-0.19042724149043666
6506,-0.5106457824812047
6507,-0.09368140261513919
6508,-0.06562332052546234
6509,-0.19824198970440232
6510,0.07906325986866158
6511,-0.22074676440968985
6512,-0.09543749549181788
6513,-0.1808400779346456
6514,-0.013310776018263472
6515,-0.20611524365604764
6516,-0.066796104770184
6517,-0.19042724149043666
6518,0.07906325986866158
6519,-0.09650160119333749
6520,0.036675965744098454
6521,-0.19824198970440232
6522,-0.013310776018263472
6523,-0.16305543260163002
6524,-0.22729791131771057
6525,-0.17536041400402813
6526,-0.013310776018263472
6527,-0.1218980852093345
6528,-0.06562332052546234
6529,-0.10668006592048253
6530,0.029507541131347723
6531,-0.13760231740517562
6532,0.06350363325830494
6533,0.005358354276817716
6534,-0.011244574719179017
6535,-0.066796104770184
6536,-0.17915352736292997
6537,0.005358354276817716
6538,0.0959376660986087
6539,-0.058869658090548435
6540,-0.17533668113283546
6541,0.1397929521106225
6542,-0.018467403373960686
6543,-0.06562332052546234
6544,-0.28993526489816057
6545,0.08725749209062843
6546,-1.4784348258406914
6547,-0.5378970824215088
6548,-0.3364852710422734
6549,-0.12594651234528614
6550,-1.054824315942661
6551,-0.18480332220628032
6552,-0.013310776018263472
6553,-0.1080160897027242
6554,-0.15573093104779168
6555,0.06793613129951293
6556,-0.24097462588781735
6557,0.06632421354864143
6558,-0.31880820440169044
6559,0.06793613129951293
6560,-0.21093457895757803
6561,-0.11755975790777883
6562,-0.2737694074059842
6563,0.03194820632185635
6564,0.6131728452893339
6565,0.08567748974072727
6566,-0.2849608024437837
6567,0.08725749209062843
6568,-0.23862841769734164
6569,-0.03516063305815488
6570,0.03748664500138673
6571,-1.5786774214267336
6572,1.8994326830460881
6573,0.03565043755699662
6574,-1.7215345915422149
6575,1.7319930590953219
6576,-0.020970886956755926
6577,-1.528016408812469
6578,1.0218929533010765
6579,-0.10257458243694197
6580,-1.418402708272008
6581,1.2582454391395326
6582,-0.020970886956755926
6583,-1.511555708046881
6584,0.9220475602003876
6585,-0.020970886956755926
6586,-1.511555708046881
6587,0.9213716586669457
6588,0.026005587494672817
6589,-1.5274938507851328
6590,0.8366539483487614
6591,-0.26667254409521407
6592,-1.6449195250767505
6593,1.646615027977324
6594,-0.16872513164597874
6595,-1.5274938507851328
6596,1.1314599260681535
6597,-0.06573395528267657
6598,-1.3466062090802329
6599,0.7750927001072621
6600,-0.020876072909566272
6601,-1.4127827093026541
6602,0.7340247961608642
6603,-0.13381371338713688
6604,-0.03808016516626083
6605,-1.1990615997812444
6606,0.7274017127870298
6607,-0.14269885423553014
6608,0.032961610635757824
6609,-1.1198532326148338
6610,0.7998553849798794
6611,0.10927971805413071
6612,0.04120835428183137
6613,-1.0582954677487684
6614,1.0242852586933797
6615,0.12067139703904513
6616,0.025486377863682914
6617,-1.6678399720960255
6618,0.510266815607328
6619,-0.31730938486814425
6620,-0.09561140412937974
6621,-1.4113872124935722
6622,0.6258918911126751
6623,-0.40440023174108664
6624,-0.09561140412937974
6625,-0.8380134889479768
6626,0.6899552412037614
6627,-0.10770510173759384
6628,0.08366367781520873
6629,-1.1154887112342677
6630,0.5517530882417874
6631,0.24419385462748483
6632,-0.7880589133547591
6633,-2.412464092188188
6634,0.7070685958022999
6635,0.06180158209645158
6636,-0.3240256231281716
6637,-1.4411782123198387
6638,1.3178882372446035
6639,0.09213229755116575
6640,-0.03767967103042806
6641,-1.4490988271280796
6642,1.4019471208552376
6643,0.42359882881438266
6644,-1.4045081755129634
6645,1.0260238957034755
6646,0.07454903981297627
6647,-0.9278959222759753
6648,1.5396826748246275
6649,0.01946671094696972
6650,-1.2910450838036291
6651,0.9727338313601676
6652,-0.013082798469290356
6653,-1.4215324209526625
6654,1.2363551575889689
6655,-3.2470106603407554
6656,-1.5500325831452333
6657,-1.0304916944770695
6658,-4.116698915831763
6659,-1.641871252739405
6660,-0.08749653778416253
6661,-0.8721210887640036
6662,-0.025103811626303964
6663,0.4380784765883024
6664,-0.8638389665386476
6665,-0.7423261048337247
6666,-1.8127440269324413
6667,0.32688984264485943
6668,-6.4607194974296025
6669,-1.4754764699243126
6670,-0.23238749188886032
6671,-0.38978676519487065
6672,-0.8112541033400495
6673,-1.275236125513177
6674,0.5640168875933796
6675,0.44523403564019515
6676,0.7674960192346302
6677,0.5298365211475853
6678,0.9196110656250542
6679,0.33628726810946036
6680,-0.7833749829100597
6681,2.086515471047411
6682,0.4770218098661383
6683,0.3068118626634973
6684,-1.321428822858363
6685,1.9707041800462684
6686,0.2676550351671484
6687,-0.036422560915032154
6688,-2.2940323895577786
6689,2.1159085324467783
6690,0.5577181969746704
6691,0.3059167129158979
6692,-1.2507986100793633
6693,2.295404618469112
6694,0.5371457900436184
6695,0.47331058744233123
6696,-1.202086299962118
6697,2.3186866072364323
6698,0.5424599829695435
6699,0.47331058744233123
6700,-1.377169919823582
6701,2.3343190317359426
6702,0.36196572075308947
6703,0.3902979283791284
6704,-1.4107146944941376
6705,2.3182499644675443
6706,0.32475299931617774
6707,0.6241743300092419
6708,-0.358724641656407
6709,0.8422256141312332
6710,-3.607896362004524
6711,2.182140316309385
6712,0.36273444562012835
6713,0.692965953640219
6714,-2.0155370848577308
6715,1.9856623980804342
6716,0.14263207158674518
6717,0.6267856091529971
6718,-0.9284314217097555
6719,1.9950510064104385
6720,0.5542690726820039
6721,0.6730166414580644
6722,-2.188052589113255
6723,2.52301416970093
6724,0.07913627108160122
6725,0.43448022519952295
6726,-1.1319173664424822
6727,2.3336448252705977
6728,-0.32654549885531436
6729,0.5514580001681484
6730,-1.4935843710703738
6731,2.243956415835991
6732,0.5788258698716058
6733,-1.6091615936674872
6734,-0.24497163914965975
6735,0.004267573178496041
6736,-0.003921449892984363
6737,-1.2890117523776004
6738,2.0223528047465282
6739,0.14137486498871826
6740,0.47331058744233123
6741,-1.5249054831785387
6742,2.295404618469112
6743,0.5989852180092463
6744,-0.03675720429166566
6745,-1.805536279216651
6746,2.19374154145521
6747,0.5424599829695435
6748,-0.03808016516626083
6749,-0.8038066035389909
6750,2.043540899210308
6751,0.5833370432614183
6752,0.45061956002227055
6753,-9.040998862268735
6754,2.135193020920647
6755,0.5266938701054763
6756,0.46745262271073085
6757,-2.2940323895577786
6758,2.1358858071700966
6759,0.628855995616312
6760,0.31913085268676344
6761,-0.26295115552714216
6762,0.410007399161753
6763,0.07720394182086567
6764,0.562715137792598
6765,-0.03813101382227603
6766,-0.3634500363434601
6767,0.32326375121089373
6768,-0.5273129859977707
6769,0.08040791301152814
6770,-1.1267167445824644
6771,0.12054101187162151
6772,0.3974336667353165
6773,0.7163320684393426
6774,0.3291575946277776
6775,-0.26953285389692144
6776,0.6128106326828658
6777,1.0309947720508197
6778,0.43828291902892047
6779,-0.577413271906315
6780,0.3522606997852002
6781,0.4264886528980167
6782,0.5460782647387942
6783,-0.5168889289550188
6784,1.1522756752720396
6785,0.5036878687407716
6786,0.457051204329701
6787,-0.5636826387311091
6788,0.1034635255198314
6789,0.8631555725958946
6790,0.302587423636724
6791,-0.6320783640955168
6792,0.10603559248537177
6793,0.6848892312885607
6794,0.5547123674433624
6795,-0.5576116779950246
6796,0.18289576480150085
6797,0.7163320684393426
6798,0.302587423636724
6799,-0.21818789326690896
6800,0.17772210063273985
6801,0.5974379163688437
6802,0.42826458043589877
6803,-0.7935318846087637
6804,0.42905041890372425
6805,0.7163320684393426
6806,0.5636223976680834
6807,-1.2664911594363923
6808,0.33832321332000725
6809,1.2142472566524787
6810,-0.583946548404345
6811,0.9440056011381887
6812,0.7264349166549955
6813,-0.41531818760453676
6814,-0.1963004763420955
6815,1.1364106685830815
6816,-0.6817557885759662
6817,0.700433120387458
6818,0.7705762347308492
6819,0.37557222598411155
6820,-0.03990457125963717
6821,0.3457486571363075
6822,-0.582127730106703
6823,0.40024858675038655
6824,-1.0427222104247447
6825,0.08442609476745233
6826,1.1185779629266057
6827,0.39136344590199335
6828,-0.9730396325968097
6829,-0.16042761109401626
6830,0.756636815423333
6831,-1.0837776208132628
6832,0.33832321332000725
6833,1.2409326619486865
6834,0.24240321183178498
6835,-0.7179134319616217
6836,0.5254220857715509
6837,0.531705334849072
6838,0.19090218796676756
6839,-0.7788184413898849
6840,0.14719209859518442
6841,0.9193659840425341
6842,0.40024858675038655
6843,-0.5442916020513566
6844,-0.3326377153705138
6845,-1.9889270251662148
6846,2.6712560304996567
6847,-1.4288875350066557
6848,-0.456103932854039
6849,-1.424188020589775
6850,2.3127908152466055
6851,0.7469685477745323
6852,-0.3810620980407358
6853,-0.8420664805891968
6854,2.614072443604718
6855,-0.3811338839857503
6856,-1.4647544326445374
6857,2.8040308776077625
6858,-1.267048040227625
6859,-0.34052088528724844
6860,-1.4816634495324896
6861,2.6648338731153065
6862,-1.413655372516948
6863,-1.239447745745249
6864,2.6712560304996567
6865,-1.7224365846482983
6866,-0.5948939836305456
6867,2.510089173538226
6868,-1.2593862068396562
6869,-0.16792658510217612
6870,-1.2971457350174047
6871,-0.2739996603034872
6872,-0.27044897332015494
6873,2.7203878273311486
6874,-1.4246518992608055
6875,-0.4422933886450884
6876,-1.8365259410104129
6877,2.46189506265778
6878,-1.329286041280034
6879,-0.24267411514232537
6880,-1.3640785193460863
6881,2.614072443604718
6882,-1.6978694830990293
6883,-0.3306550887963395
6884,-1.4488696001884072
6885,2.7607954372260233
6886,-1.5814997599616765
6887,-0.14318304903377987
6888,-0.19716828106094644
6889,2.6712560304996567
6890,-1.3587791157654987
6891,-0.5810225171921753
6892,-1.4580915670053445
6893,2.2426957951085176
6894,-1.4325650445629654
6895,-0.2831209049193491
6896,-0.47987987830661333
6897,2.5272092629293295
6898,-1.3544230438968672
6899,-0.20632818472499806
6900,-0.34477876451220346
6901,2.6648338731153065
6902,-1.4280185088521833
6903,0.08812256634020893
6904,-0.6189417069805003
6905,2.6648338731153065
6906,-1.2981693973753867
6907,-0.27285514275250994
6908,-0.5144586428087479
6909,2.080053138770883
6910,-1.352402638984364
6911,0.22314136119115793
6912,0.5726118107449436
6913,0.4787337173217616
6914,-0.7487865433010076
6915,0.6893515748873427
6916,0.5135283565818676
6917,-0.4446095330126716
6918,0.5109048514455418
6919,0.45366351875395977
6920,-0.1961649491016764
6921,0.8871047907158238
6922,0.44499676674327343
6923,-0.2941322000049502
6924,0.6032704914378233
6925,0.44008595967356695
6926,-0.6083332622245206
6927,0.5492728038169011
6928,0.37557222598411155
6929,-0.20523487483248598
6930,0.6925562595909008
6931,0.29370228278833066
6932,-0.15255181232137469
6933,0.190842527916237
6934,0.35668062274981877
6935,-0.5684971810106886
6936,0.6397057973914996
6937,0.49423597358053906
6938,-0.30559234932482826
6939,-0.6276545280326438
6940,-0.31396337691748016
6941,-0.43081242154465205
6942,-0.41988836194105383
6943,-0.614137487499837
6944,-0.5411846912792084
6945,-0.46802220878834566
6946,-0.38551855202009194
6947,-0.3026402023643617
6948,-0.42972787024807946
6949,-0.641240486381729
6950,-0.11177065078247775
6951,-0.2192278889338337
6952,-0.6426830382436275
6953,-0.44294145508663973
6954,0.36235500791201236
6955,-0.33633935419004174
6956,-0.6969209555634472
6957,-0.22497677180269868
6958,-0.5053062004028858
6959,-0.2988728165598791
6960,-3.5891643696113946
6961,-0.30715080739110007
6962,-0.9242703766191368
6963,-1.8566696453804843
6964,-0.3955592928917439
6965,-0.5822433433801183
6966,-0.581406955539506
6967,-0.2479987024976514
6968,-0.7130347706133505
6969,-0.2565806777545474
6970,-1.030245502963504
6971,-0.44331952748090553
6972,0.45750127704924504
6973,-0.9805784039564269
6974,-0.4450512659388814
6975,-0.020367516942294054
6976,-0.2715238144072918
6977,-0.44439073533534
6978,-0.470815250130101
6979,-0.8937166234059415
6980,-0.4468097847249968
6981,-1.346546804427355
6982,-0.444459061993137
6983,-0.38481103315259213
6984,-0.1491947067091945
6985,-1.0469388445733163
6986,-0.11008096214799508
6987,-0.29281367291695815
6988,-0.4390499694014017
6989,-0.5496449831213447
6990,-0.3954699271733282
6991,-0.17532233192952504
6992,-0.5479141682986405
6993,-0.37686996117166655
6994,-0.24354358499325862
6995,-0.3087799520060995
6996,-0.6393698160549308
6997,-0.2726787990100453
6998,-0.24200490099019656
6999,-0.753241248768884
7000,0.04310515609000845
7001,-0.11217861319610113
7002,0.1264685477542886
7003,-0.29920236151753826
7004,0.5165019502569375
7005,0.03963315556377163
7006,0.21311428321450224
7007,-0.13963053589834812
7008,-0.6004027699134955
7009,0.1536538208953336
7010,-0.3628830457312069
7011,-1.7837126565152857
7012,0.3561491112098945
7013,-0.7108348484866509
7014,0.24661012714984426
7015,-0.47031929413612444
7016,0.48207003409129545
7017,-0.7817562247345232
7018,-0.30794228071551594
7019,-0.4372676763358797
7020,-0.5899415935172172
7021,-0.5222991726354728
7022,-0.0636942513455261
7023,-0.9835384804130224
7024,-0.4268871735508739
7025,-0.4949020186545631
7026,-0.11843728921572982
7027,-0.1464833314209763
7028,-0.5101949256863134
7029,-0.5078318429591145
7030,-0.15605248039495043
7031,-0.6276061573389756
7032,-0.8467636150535913
7033,-0.709488614791006
7034,0.1546295894628524
7035,-0.6276061573389756
7036,-1.116767579498188
7037,-0.4941084230891678
7038,-0.3633906747423863
7039,-0.7568273481876835
7040,-0.6763792607302638
7041,-0.44713850073102135
7042,0.011832542285221546
7043,-0.6402494524332751
7044,-0.4268871735508739
7045,-0.4585243195859873
7046,-0.031240333188505484
7047,-0.4372676763358797
7048,-0.884623705000065
7049,-0.35252226549997945
7050,0.14485165704578742
7051,-0.5313579663029738
7052,-0.3563678779713589
7053,-0.48493536835572715
7054,0.04911450971096218
7055,-0.09692138567832348
7056,-1.3630800730879835
7057,-0.10850402203319744
7058,-1.2695896440029941
7059,0.19455289550462612
7060,-1.2007834540165618
7061,-0.8458636583681993
7062,-0.7327683640763096
7063,-1.3272510894557406
7064,-0.8502246710208864
7065,-1.0103851085650126
7066,-1.30603484355801
7067,-0.5608407727240194
7068,-1.2382056541747422
7069,-1.3605536920794314
7070,-1.343965607076546
7071,-1.1300663337860968
7072,-1.3863421735205819
7073,-1.3718181940808243
7074,-0.9668208095959475
7075,0.11330694119209694
7076,-2.300175709695177
7077,-1.01616005542182
7078,-1.0627270886997102
7079,0.1313688061925301
7080,-1.7146425714548221
7081,-0.7025533065076264
7082,-0.9383370152537859
7083,0.031660321547742905
7084,-1.4730775327100907
7085,-0.6684370229823726
7086,-1.0103851085650126
7087,0.14405187659371194
7088,-1.1032026566397195
7089,-0.6229165217946101
7090,-1.03232802086377
7091,0.22530654114355425
7092,-1.2158709631551117
7093,-0.6495773916440001
7094,-1.3069372240802763
7095,0.08192394444529069
7096,-1.3967821432284344
7097,-0.791064595002555
7098,-1.1697891684519226
7099,0.23412046791528926
7100,0.06632421354864143
7101,0.07906325986866158
7102,-0.13760231740517562
7103,-0.5310465692347337
7104,-0.7007262448694036
7105,-0.17007822217470772
7106,-0.11843728921572982
7107,-0.4804767980321746
7108,-0.595497350101117
7109,-0.5579354570893579
7110,-0.3015461344585811
7111,-0.530533384675325
7112,-0.9064198254049609
7113,-0.35155649588991783
7114,-0.028014293669804707
7115,-0.33724717269827953
7116,-2.5104110673994184
7117,-0.9470644962755411
7118,-0.07949260452882662
7119,-0.47009689874506044
7120,0.06481786390212223
7121,-0.09611269515460491
7122,0.2215683623780855
7123,-0.4702027644727307
7124,0.028362908492522543
7125,-0.2526584673761859
7126,0.13518640896373907
7127,-0.19042724149043666
7128,-0.296212014884131
7129,-0.20120060917325755
7130,-0.03641878858760362
7131,-0.3203194135500969
7132,0.06793613129951293
7133,-0.14709952044062358
7134,0.2215683623780855
7135,-0.18946998527743286
7136,0.13186029680323527
7137,-0.1911838074509602
7138,0.15109267429521872
7139,-0.036422560915032154
7140,-1.2200400820528485
7141,0.07454903981297627
7142,-1.2067638863482255
7143,1.2171654429346404
7144,-0.0845440437101035
7145,-1.3467722580964572
7146,1.010328361430269
7147,-0.08564227073549398
7148,-1.2424388768074524
7149,0.8616375889236496
7150,-0.0400658155275054
7151,-1.2131587495134348
7152,1.1216790117140623
7153,-0.23316903374291048
7154,-1.4142693983333585
7155,1.1594976269072397
7156,-0.08564227073549398
7157,-1.0753852061208176
7158,0.7726368239579022
7159,-0.0845440437101035
7160,-1.1924939193658253
7161,0.9546850150994505
7162,-0.0771632740193793
7163,-1.0595194333939868
7164,1.1674910601173216
7165,0.04120835428183137
7166,-1.0504358476122224
7167,1.3898554345949095
7168,0.42969058532088744
7169,-1.4425342160690857
7170,1.0948509470654797
7171,0.32492167752389584
7172,-1.5018984781059865
7173,1.5101460407950615
7174,-0.09561140412937974
7175,-1.5877593649671777
7176,1.64085061492341
7177,0.39066343384097363
7178,-1.3551884251481272
7179,0.9496490799454437
7180,-0.038166213562618866
7181,-1.43941855964667
7182,0.8506197813724431
7183,-1.2592918834771198
7184,-1.6612742660563855
7185,-1.261919834958968
7186,-2.653183349746998
7187,-0.228007445636496
7188,-0.32592192569914397
7189,0.1308282025791721
7190,-0.19829827948756398
7191,-0.9942199765039299
7192,-0.8972272719274663
7193,-0.415969243345171
7194,0.012085095205954676
7195,-0.11349656476393377
7196,2.1358858071700966
7197,0.5417627012015086
7198,0.24873720723616669
7199,-1.7094800777596326
7200,1.8005511667541219
7201,0.07129750057142269
7202,0.7604893317976953
7203,-0.5622572789346094
7204,2.252946959606298
7205,0.40853565135640163
7206,0.6178379820029851
7207,-1.6212609812630432
7208,2.1911955346145686
7209,0.28579324008040285
7210,0.26542895632568214
7211,-0.9917130144098094
7212,2.3106004001997342
7213,0.44420454166574325
7214,0.4160828486084215
7215,-1.2853532393911282
7216,1.6408181425063526
7217,0.6193602023642257
7218,0.5094999840625861
7219,-0.9065653747428444
7220,2.4508769588220294
7221,0.6313323783188293
7222,0.47132909233482567
7223,-1.1338136502166571
7224,2.0668228879776285
7225,0.5577181969746704
7226,0.03986801341930669
7227,-0.7324970071163809
7228,-0.4069180887583736
7229,-0.8498745606216039
7230,0.19620957339132
7231,-0.7624997745601493
7232,-0.10912377931813494
7233,-0.891324252430325
7234,-0.09619259805969257
7235,-1.3604168024556147
7236,-0.3893204420155465
7237,-0.055405705745610996
7238,-0.25143271295399666
7239,-2.102352479681926
7240,-0.3893204420155465
7241,-0.30598288537297985
7242,-0.22413869557676128
7243,-1.7830779626267197
7244,-0.45737548816919293
7245,-0.24605992657239945
7246,-0.30671522168126636
7247,-1.7701417350485642
7248,-0.5371914864957869
7249,-0.1102663433618438
7250,-0.46678747228075024
7251,0.7110518498657095
7252,-0.059006181939823724
7253,0.302587423636724
7254,0.01714118626234681
7255,-0.8694695221475621
7256,0.2927906066561812
7257,-1.1788095912314887
7258,0.01714118626234681
7259,0.43772525196968454
7260,0.026377105490050165
7261,-1.9109137412486432
7262,0.2835058055215452
7263,-0.9179735709870714
7264,0.5424684067493878
7265,-1.2479221995862195
7266,-0.002256724372771829
7267,-1.1751172655637687
7268,-0.269832574148982
7269,-2.7537464766049595
7270,0.173556828647953
7271,-1.0204353773794042
7272,-0.11932714812808319
7273,0.7472219637848551
7274,0.5458171061553412
7275,0.3612769148239121
7276,-0.4742594658470155
7277,0.23667206198668
7278,0.4033558836093317
7279,0.40024858675038655
7280,-0.3683132658671985
7281,0.6247521345225822
7282,0.646094010152222
7283,0.6402237096886494
7284,0.47951122222730197
7285,-0.20285861515641818
7286,-0.36534519186978276
7287,-0.7605075706404657
7288,-0.3329737469133876
7289,-1.4647544326445374
7290,1.9531856412516369
7291,-1.5350839253654225
7292,-0.32555466274574435
7293,-0.6787029625531679
7294,2.6648338731153065
7295,-1.8788738184948757
7296,-0.12597813617091863
7297,-1.2643030811787843
7298,1.9905873992303056
7299,-1.7781632075403186
7300,-0.1735016303567003
7301,-0.8361224150950007
7302,2.614072443604718
7303,-1.6978694830990293
7304,-0.4731521367829185
7305,-1.334972699030789
7306,2.547139922665354
7307,-1.2812131444333557
7308,-0.6308601836626636
7309,-0.49886824641055555
7310,2.46189506265778
7311,-1.4002260540545242
7312,-0.5800116735933686
7313,2.177613077443014
7314,-1.0739120622999363
7315,-0.32555466274574435
7316,-0.61179235239534
7317,2.9128201414596613
7318,-1.7589754315472192
7319,-0.06529401509644271
7320,-1.1870794515848544
7321,2.3127908152466055
7322,0.07938780936159417
7323,-0.10900019856413667
7324,-1.2018245891700405
7325,2.2237003238866904
7326,-1.6377209408215858
7327,-0.11315253164888946
7328,-1.1342194159427772
7329,2.681923200757676
7330,-1.716907259133398
7331,-0.1308458111175437
7332,-1.3953006322304504
7333,2.1347267556239924
7334,-1.1813942340747483
7335,-0.12319489733646334
7336,-0.6621406558161167
7337,-0.4023881137236732
7338,-0.45665092065773066
7339,-0.49892387380508674
7340,-0.35489245900379396
7341,-0.439783041248318
7342,-0.3350538145989542
7343,-1.8971200738829757
7344,0.17286963897566796
7345,-0.48297351673606564
7346,-0.3358920942612082
7347,-1.2919437568413967
7348,-0.2822711008609051
7349,-0.4443191906068019
7350,-0.3202960408370965
7351,-0.5741896315222212
7352,0.11361288810798666
7353,-0.3133380411452665
7354,-0.3457791196250221
7355,-2.5488204511293286
7356,-0.0860489580346199
7357,-1.7423339548591446
7358,-0.39646498432678856
7359,-1.3094630805883214
7360,0.45045306567626137
7361,-0.615310359629502
7362,-1.0499376225176116
7363,-1.8024295906638372
7364,0.34549635518255145
7365,-1.7084308275297486
7366,0.03301168339598318
7367,0.9152594604319264
7368,-1.0491470715232856
7369,-0.6103177542453858
7370,-1.2849240999101064
7371,0.4361260006071455
7372,-0.4055834006203096
7373,-0.1352970557388346
7374,-0.23545250374400067
7375,-0.3933268635615613
7376,-0.5386533990516579
7377,-0.005798223945689472
7378,0.011630597443502122
7379,-0.36226271126324794
7380,0.6032704914378233
7381,0.3291575946277776
7382,-0.5406951921388199
7383,0.6590406195632824
7384,0.4264320735487394
7385,-0.0040820949409803384
7386,-1.1688377949568372
7387,0.5135283565818676
7388,-0.24504538082779156
7389,-0.01977916066982573
7390,0.45333024368320446
7391,-0.21035457449451395
7392,-0.3484527604629082
7393,0.2132512217919931
7394,0.5428919498035933
7395,-1.0389413485622199
7396,-1.1026727090462416
7397,-0.7536326571016804
7398,0.4782370779116903
7399,-0.6841769808876583
7400,-0.9632276466611877
7401,-0.6388442758354057
7402,-2.5388272205712963
7403,1.0298035094986002
7404,-0.44294196696602484
7405,0.3338491051505236
7406,-0.9606794916644495
7407,1.2231914063194724
7408,-0.18461194586621596
7409,0.11157752121246792
7410,0.44504076538085674
7411,-0.2659451635882867
7412,0.035579936432486844
7413,0.010120916145221516
7414,-0.46937908144974927
7415,0.13186029680323527
7416,-0.09126490867399736
7417,-0.19042724149043666
7418,-0.039255918978693696
7419,-0.018467403373960686
7420,-0.4707929487646456
7421,0.1682738590380846
7422,-0.41131905037063277
7423,-0.1062830212547702
7424,-0.015934790598959366
7425,-0.03424391493042969
7426,-0.14282362867611106
7427,0.10657984948832222
7428,0.010120916145221516
7429,-0.4707929487646456
7430,-0.019989697869629446
7431,-0.23026950075474087
7432,0.9432260902063403
7433,-0.14935026576940133
7434,-0.20370773286736066
7435,-1.0833819536229194
7436,-0.18316842439350753
7437,-0.026916138492167486
7438,-1.6027342780256137
7439,-0.20655770524436803
7440,0.04652663473708946
7441,-1.2281153867325423
7442,-0.36318526135736834
7443,-0.2774952925725218
7444,-0.27664631711026316
7445,-0.423364787042957
7446,-0.23310786468788372
7447,-0.30917475170556097
7448,-0.3504768773295384
7449,-0.29415435094734255
7450,0.34278938307946344
7451,0.11023635348119236
7452,-1.0553871150567673
7453,-0.043857222794768336
7454,-0.026916138492167486
7455,-0.95408598468409
7456,-0.19872318748834852
7457,-0.19114364461232022
7458,-0.9999346023229315
7459,-0.19146714488676683
7460,-0.1530484167964164
7461,-0.8777015983547374
7462,-0.2994207384423064
7463,-0.08405212764080013
7464,-0.921974178686066
7465,-0.34209683840080274
7466,0.005588805090943193
7467,-1.0553871150567673
7468,-0.23359349681077757
7469,-0.25949283491506503
7470,-0.047583581415737
7471,-0.19744097948459582
7472,0.587000074533612
7473,-0.12063299485701784
7474,0.274251741267373
7475,-0.20655770524436803
7476,0.15480522932864033
7477,0.42877731256590457
7478,0.030038404423814547
7479,0.36068969381434607
7480,-0.47762304198149796
7481,-0.38850987623603744
7482,-0.15685485693916865
7483,-0.30216500665572515
7484,-0.5162957859251512
7485,-0.6763792607302638
7486,-0.3362144059793375
7487,-0.05866180305172636
7488,-0.5318711508623826
7489,-0.47605908884319736
7490,-0.15828481997225488
7491,0.001236817464257079
7492,-0.24756438244500367
7493,-0.4232106106569871
7494,-0.4949020186545631
7495,0.17381392647039837
7496,-0.14766751167455502
7497,-0.7235412868442204
7498,-0.27857221157742673
7499,-0.10288127616343494
7500,-0.530533384675325
7501,-0.1325205507258057
7502,-0.3407824024711478
7503,0.05415252510054688
7504,-0.4372676763358797
7505,-0.5702578611640777
7506,-0.8629701827294785
7507,0.001236817464257079
7508,-0.39099137047055843
7509,-0.5101949256863134
7510,-0.4856572740267774
7511,-0.00829656999424292
7512,0.07194437759405879
7513,0.7445197753841456
7514,-0.23862841769734164
7515,-0.1436220176009515
7516,-0.2479114011930233
7517,0.013912611282732216
7518,-0.22323841700257022
7519,0.2619418507322457
7520,-0.19042724149043666
7521,0.09678204259153074
7522,0.23784688414051444
7523,-0.8140217356443775
7524,-0.18946998527743286
7525,0.08725749209062843
7526,-0.11159216155093868
7527,0.11305812097263274
7528,-0.5310465692347337
7529,-0.38850987623603744
7530,-0.19901749540822777
7531,-0.4372676763358797
7532,-0.5101949256863134
7533,-0.4949020186545631
7534,-0.2571851793205583
7535,-0.9835384804130224
7536,-0.4779829754141251
7537,-0.3407824024711478
7538,-0.0856175770226045
7539,-0.580160272998994
7540,-0.5935258282329277
7541,-0.569362308771708
7542,-0.13352784957333083
7543,-0.14930296018913838
7544,0.13457939956691217
7545,-0.4165089842723495
7546,-0.13073678771573471
7547,-0.4372676763358797
7548,-0.26197973572150046
7549,-0.40016537409534203
7550,-0.18918883660171165
7551,-0.16832643411429316
7552,0.029507541131347723
7553,-0.2353800308348346
7554,-0.5318711508623826
7555,-0.28352947582556626
7556,-0.039255918978693696
7557,-0.5318711508623826
7558,0.06880080750540728
7559,-1.581047258795079
7560,-0.14655005587215292
7561,-1.6130787893152934
7562,-0.022849284334763544
7563,-1.4984335252545966
7564,-0.006851187755187681
7565,-1.150288192957361
7566,-0.03675720429166566
7567,-1.302134369673342
7568,-0.16377470537233457
7569,-1.095319817790077
7570,-0.27358538596210996
7571,0.34200135620954764
7572,-0.5935258282329277
7573,-0.19086166871635815
7574,-0.46490143309494303
7575,-0.96993518191575
7576,0.11874496967467947
7577,-0.25621411927070464
7578,-0.7282630751671241
7579,0.6704372679464977
7580,-0.4372676763358797
7581,-0.8414499200834705
7582,0.08322163601865959
7583,-1.1120772929615632
7584,-0.9339772782094691
7585,-1.3631612915024431
7586,0.14577236191094411
7587,-1.1032026566397195
7588,-0.7537240618240335
7589,-1.1426821200294972
7590,0.1608629222685454
7591,-1.158245460794255
7592,-0.8437048954594318
7593,-1.5399527196180878
7594,0.0704483510720303
7595,-0.985300620341208
7596,-0.46130254469182785
7597,-1.0138520414004368
7598,0.14993563576622393
7599,-1.1637425564481305
7600,-0.9481152564286071
7601,-1.0777145110898165
7602,0.2084172811968818
7603,-1.2933035878960444
7604,-0.936170172399283
7605,-1.567015180903113
7606,-0.07595293360317679
7607,-1.0531021783352392
7608,-0.6229165217946101
7609,-1.2316653538164875
7610,-0.06086237324557561
7611,-1.2784336522045743
7612,-0.8843629453840726
7613,-1.3685710350250213
7614,-0.8032882414745119
7615,-1.678756940070837
7616,-0.337216624468999
7617,0.5215169136768895
7618,-1.2933035878960444
7619,-0.5888840273472985
7620,-1.5290207600435783
7621,-0.2678090692543996
7622,-1.2007834540165618
7623,-0.7537240618240335
7624,-1.3289361657269414
7625,-0.7572436401538717
7626,-1.0379349169450656
7627,-1.3425398779007591
7628,-1.4162327745155467
7629,-0.5802445467406702
7630,-1.2061015191946263
7631,-0.46130254469182785
7632,-1.1109173846234772
7633,-2.4234113550070426
7634,-0.9042358338216331
7635,-0.7879628426773824
7636,-1.0526727030155076
7637,-0.2674891630028613
7638,-1.30603484355801
7639,-0.7271384261760979
7640,-1.3080058783089
7641,-0.2042094244477975
7642,-0.5263786449995829
7643,-0.685036752751197
7644,-0.9851865909763436
7645,0.17206659008081707
7646,-0.4478639176686525
7647,-0.16574951757704434
7648,-0.059335022708343545
7649,-0.18283268975016875
7650,0.12018406467831984
7651,-0.35334200605479954
7652,-0.0793578242816904
7653,-0.14709952044062358
7654,0.028991327508039653
7655,-0.29529109212320387
7656,-0.12594651234528614
7657,-0.09650160119333749
7658,0.11188533672791101
7659,-0.17533668113283546
7660,-0.35023553490091175
7661,-0.11159216155093868
7662,-0.16574951757704434
7663,0.06793613129951293
7664,-0.0033213821599118705
7665,-0.066796104770184
7666,-0.19042724149043666
7667,-0.021112474203192868
7668,-0.09650160119333749
7669,-0.09543749549181788
7670,-0.5003179022298694
7671,-0.013310776018263472
7672,-0.18058676003081725
7673,0.03077501424723256
7674,-0.28649697367226334
7675,-0.059335022708343545
7676,0.04338442554190803
7677,-0.004550476263362119
7678,-0.2718248597372393
7679,-0.0944581790504453
7680,0.4554956968825509
7681,-0.16514135855231962
7682,-1.7961525599329593
7683,-0.14754545893538434
7684,0.07906325986866158
7685,-0.11755975790777883
7686,0.016405677244676863
7687,-0.12594651234528614
7688,-0.12167376448122455
7689,-0.2756958859022434
7690,-0.3364852710422734
7691,-0.022075313694924412
7692,-0.004987915056532668
7693,-1.8259890637539953
7694,-0.19042724149043666
7695,0.08725749209062843
7696,-0.06822071410316778
7697,-0.25873666852754085
7698,-0.22294146684668034
7699,0.10402615044388748
7700,-0.047046457885242525
7701,0.046214325545554755
7702,-0.5481071091869089
7703,0.08725749209062843
7704,-0.20120060917325755
7705,0.054064194132842754
7706,-0.5022174922348375
7707,-0.059335022708343545
7708,-0.09126490867399736
7709,-0.08709707044047134
7710,-0.8052748770983604
7711,0.07906325986866158
7712,-0.19407373586733292
7713,-0.2807048118654019
7714,-0.14655005587215292
7715,-1.5330384184948016
7716,1.6874549764437001
7717,-0.020970886956755926
7718,-1.3466062090802329
7719,0.9727338313601676
7720,-0.0845440437101035
7721,-1.6083785349284463
7722,1.1624337933500326
7723,-0.05508538054134865
7724,-1.7527526875746848
7725,0.9706597843428256
7726,-0.0845440437101035
7727,-1.5665539518774048
7728,0.9058792320054285
7729,0.03748664500138673
7730,-1.5848500035929027
7731,1.21828240808523
7732,-0.00426300705839661
7733,-1.5786774214267336
7734,1.7945873120010003
7735,-0.09692138567832348
7736,-1.6355634172149205
7737,1.8215652828018416
7738,0.03565043755699662
7739,-1.3651577983194465
7740,-0.16803191190735103
7741,-0.004102187516340677
7742,-1.6297210663341082
7743,-0.035073052700605234
7744,0.4271351413632577
7745,-1.5393332934292434
7746,0.8199462860313383
7747,0.32157982166558635
7748,0.03748664500138673
7749,-1.4620723973000265
7750,0.8346567029742988
7751,0.2589094890731746
7752,0.25272700500531087
7753,-1.8440585928955433
7754,0.9437686601863496
7755,0.4997854327638346
7756,-0.0400658155275054
7757,-1.4067539642470726
7758,1.0218929533010765
7759,0.09962929078064763
7760,-0.7626545289506641
7761,1.5362709862682928
7762,-0.09561140412937974
7763,-1.4850749795560565
7764,0.9242757776329479
7765,-0.2152928299250563
7766,-1.5659415058709703
7767,0.6532785528459296
7768,-0.020970886956755926
7769,-1.3066813989641937
7770,1.831501517343507
7771,0.03748664500138673
7772,-1.104326848854362
7773,0.9242757776329479
7774,0.08533666953592556
7775,-1.871083962612518
7776,-1.3262880193149889
7777,-0.06516948424011519
7778,-0.7013837824808972
7779,-0.06962496434321244
7780,-1.1186543319689735
7781,0.17685973658167153
7782,-0.2633351215825644
7783,0.2689879244633122
7784,-0.426738005933379
7785,0.05929694723898347
7786,0.17044790159912782
7787,-0.19194198829664647
7788,0.06668667698831807
7789,0.602309218932338
7790,0.8801086079028212
7791,0.3908221330223153
7792,0.46745262271073085
7793,-1.1854535930998906
7794,1.8731091936270334
7795,0.5139728768938788
7796,-0.11349656476393377
7797,-1.452815944751559
7798,2.1159085324467783
7799,0.5424599829695435
7800,0.012192262889732387
7801,-1.2606627915478936
7802,2.1885202510829735
7803,0.5424599829695435
7804,0.04120835428183137
7805,-1.2735556345115837
7806,2.2958910217545734
7807,0.6193602023642257
7808,0.4160828486084215
7809,-1.4107146944941376
7810,2.3182499644675443
7811,0.5154480914113915
7812,0.3689017297657899
7813,-1.1142196974144027
7814,2.0668228879776285
7815,0.5833370432614183
7816,0.49965570961087014
7817,-1.377169919823582
7818,1.574213527869806
7819,0.5424599829695435
7820,0.5679470641309408
7821,-1.2500120008395992
7822,2.3035405860223834
7823,0.3255528801202649
7824,0.8618869137180325
7825,-2.4967881173680744
7826,2.0668228879776285
7827,0.28804921974312836
7828,0.8293807806157699
7829,-1.0003377699084461
7830,2.5384090305039835
7831,0.8510599029260071
7832,0.045796131156814184
7833,0.045550148018045244
7834,-0.9694573105553418
7835,-1.2222361705208717
7836,-0.3307467573213265
7837,0.08548795013945479
7838,0.7027586378126316
7839,-1.0726720288761442
7840,2.3877263397673514
7841,0.49192694063154957
7842,0.3059167129158979
7843,-1.7143165786154146
7844,2.3103628365032773
7845,0.5577181969746704
7846,0.24873720723616669
7847,-1.3599236551098908
7848,2.4067332280035703
7849,0.6045694582261251
7850,0.03748664500138673
7851,-1.30209524632033
7852,1.8882552148410823
7853,0.6855488593140515
7854,0.03565043755699662
7855,-0.6905635824239703
7856,2.1287501256787107
7857,0.6197320479697319
7858,0.410007399161753
7859,0.062370734347003506
7860,0.6404516540354007
7861,-0.20104881802496843
7862,-0.8758843186214087
7863,0.2274866020980856
7864,-0.881523270438303
7865,0.3653086489190876
7866,0.35499484481479426
7867,0.6658330512411117
7868,0.302587423636724
7869,-0.48903002986339167
7870,0.7390771773518746
7871,0.5081148628525872
7872,0.302587423636724
7873,-0.46292657818599814
7874,0.7997803696591854
7875,0.4588949959403447
7876,0.302587423636724
7877,-0.6799214674563869
7878,0.13471536002568915
7879,0.4426460234004427
7880,0.40024858675038655
7881,-0.6801525212505186
7882,0.697976099590767
7883,0.1359662792946889
7884,0.44836524193867155
7885,-0.6365882222814535
7886,0.6711671658663984
7887,0.9861223295810414
7888,-0.053028009914102434
7889,1.2124667836005794
7890,1.1960101436312973
7891,-0.5998619248307411
7892,-0.11271572785815989
7893,0.5094467877669336
7894,-0.48740864917233806
7895,0.6670644230305127
7896,1.0550446316274626
7897,0.5240932366624004
7898,-0.7342734903270878
7899,0.4756798693241867
7900,0.891226777731982
7901,0.571168622420393
7902,-0.9144741679702809
7903,-0.007888984742741741
7904,0.7940521461493072
7905,0.3291575946277776
7906,-0.005259754077245445
7907,0.563554513461244
7908,0.5065624964222338
7909,0.5547123674433624
7910,-0.256650567151371
7911,0.713778555903442
7912,0.7587692022219418
7913,0.4743263806980402
7914,-0.5084979411900219
7915,-0.4079021340561695
7916,-1.32740048533011
7917,2.1267379927345087
7918,-0.83308957082159
7919,-1.2222361705208717
7920,-0.6865774743581944
7921,-0.00825566783329568
7922,0.16247438859078359
7923,-0.28134629680267165
7924,-1.8897330987063476
7925,2.537876433187349
7926,-1.8264365394466116
7927,-0.3810620980407358
7928,-0.5334672406233446
7929,2.671634635269212
7930,-1.2742338459051594
7931,-0.8707778207977575
7932,-1.3630946347775246
7933,2.681923200757676
7934,-1.7538788135396501
7935,-0.24644704751937513
7936,-1.2493207028058628
7937,2.4994220032802064
7938,-1.8490269502197563
7939,-1.4387677479514798
7940,-1.1317228897420817
7941,-1.1543590011997305
7942,-1.5773826253795449
7943,2.1652602424400156
7944,-1.6865788426443844
7945,-0.4721448630707673
7946,-0.5878502321957468
7947,2.8694929025913596
7948,-1.4940972977465066
7949,-0.374631190973511
7950,-0.16618379175838918
7951,-1.2088765817125136
7952,-0.3586547597338906
7953,-0.9083719528339853
7954,2.5534952470207366
7955,-1.1025378442497216
7956,-0.2554363770665195
7957,-0.9354068023459597
7958,2.681923200757676
7959,-1.235922698599468
7960,0.7822433939186377
7961,-0.5751063633783953
7962,-0.0011428124108617778
7963,-0.963642908030533
7964,2.4573368673976375
7965,-1.869153261421611
7966,-0.47046743243359507
7967,0.7661896233819824
7968,0.302587423636724
7969,-0.3877200584317284
7970,0.8181525208333008
7971,0.302587423636724
7972,-0.17532233192952504
7973,0.7835346963934984
7974,0.29370228278833066
7975,-0.08252878742955272
7976,0.8215473304834958
7977,0.44836524193867155
7978,-0.5466192521310497
7979,0.522018414961806
7980,0.457051204329701
7981,-0.12129881191274437
7982,1.0133891892308924
7983,0.457051204329701
7984,-0.20550867301460138
7985,0.9173494142400782
7986,0.44008595967356695
7987,-0.06013883309215759
7988,1.0846059158538588
7989,0.4337706274625608
7990,-0.6393534233151118
7991,-0.38248528461568304
7992,-0.16405129761034928
7993,-0.26034237528879567
7994,-0.44040657429298496
7995,-0.33719356055466426
7996,-0.753241248768884
7997,-0.5003606797753427
7998,0.034371260778695345
7999,-0.22039911125708142
8000,-0.5386533990516579
8001,-0.6403323395061905
8002,-0.436581380324543
8003,-0.444459061993137
8004,-0.5277492061053008
8005,-0.17532233192952504
8006,-0.4546380548456539
8007,-0.4021823230712961
8008,-0.34617939538109926
8009,-0.4546380548456539
8010,-0.48492799679930393
8011,-0.8278622715397855
8012,-1.0254710729001737
8013,-0.2726787990100453
8014,0.06222217919294961
8015,-0.2252649751356192
8016,-0.4789903116083632
8017,-0.544654721386988
8018,0.09285301409220133
8019,-0.27900297410601194
8020,-0.5875630833053559
8021,0.020128109951739317
8022,-0.2305737049993992
8023,-0.4964154084292968
8024,-0.5168782905495485
8025,-0.2172661181803184
8026,-0.24185369872570883
8027,-0.5452899735620056
8028,-0.05609972291024361
8029,0.1264685477542886
8030,0.0064039642197648485
8031,0.09843418197066259
8032,-0.06483033799069607
8033,0.29436421716807365
8034,0.002198634089191776
8035,0.04652663473708946
8036,-1.107055014941048
8037,0.16967349416995445
8038,-0.4535381365195341
8039,-0.07287118356693446
8040,0.5683542344380003
8041,0.11023635348119236
8042,0.22993235387001912
8043,0.2069962977280706
8044,0.11332130409889114
8045,0.33430963531482616
8046,-0.055050563210811504
8047,0.27561252191821156
8048,-0.06516948424011519
8049,-0.3010851880949348
8050,-0.5899415935172172
8051,-0.6051502301685646
8052,-0.11843728921572982
8053,-0.9833046145358634
8054,-0.6848189957776847
8055,-0.02990413471936649
8056,-0.05866180305172636
8057,-0.6173992780675155
8058,-0.8414499200834705
8059,-0.724018594090826
8060,-0.10155076378626349
8061,-0.7872888775612528
8062,-0.6604364383907555
8063,-0.7154551432577667
8064,-0.19165202522004934
8065,-0.7143133353468781
8066,-0.7866364914465803
8067,-0.4371137572927789
8068,0.010935905802465076
8069,-0.47996361347276595
8070,-0.9339547177519948
8071,-0.7049236172791222
8072,0.6205066338268956
8073,-0.5379346604383395
8074,-0.5101949256863134
8075,-0.3407824024711478
8076,0.08416521726970953
8077,-0.47762304198149796
8078,-0.595497350101117
8079,-0.5029308637054277
8080,0.01076082842049854
8081,-0.6598247674477172
8082,-0.7007262448694036
8083,-0.5469194822145724
8084,-0.11843728921572982
8085,-0.6598247674477172
8086,-0.6472330878832764
8087,-0.4949020186545631
8088,-0.05866180305172636
8089,0.4868455562931769
8090,-1.5064877963980066
8091,0.44117141584480224
8092,-1.4670905063727537
8093,0.01946671094696972
8094,-1.4471661754621141
8095,0.03748664500138673
8096,-1.4581590924237806
8097,-0.11349656476393377
8098,-1.7964166027332213
8099,0.17150650660355324
8100,-1.1937561067062799
8101,-0.8903404054968621
8102,-1.0138520414004368
8103,-0.9450854859038861
8104,-0.5078621893712516
8105,-0.9569934994295707
8106,-1.5830870857241768
8107,-0.8878584988166862
8108,-0.6808891048194342
8109,-1.2007834540165618
8110,-0.6575329103557908
8111,-1.2161949103561787
8112,-0.07595293360317679
8113,-1.3605536920794314
8114,-0.8498025655760733
8115,-1.0015846191563316
8116,-0.07595293360317679
8117,-0.985300620341208
8118,-0.966093846121635
8119,-0.9419029390719695
8120,0.11622013893275619
8121,-1.5242213810259384
8122,-0.8640612557816452
8123,-0.9330177982235762
8124,0.06723010868800251
8125,-1.3215472436915476
8126,-0.7383619578821362
8127,-1.1304168795289857
8128,0.029091309806760998
8129,-1.2140463957662098
8130,-0.7505713383062399
8131,-1.2316653538164875
8132,0.36510607575101217
8133,-1.1332098601468734
8134,-0.9337337311882867
8135,-0.8988461859483142
8136,0.14112699190645459
8137,-1.3389912847395686
8138,-0.4592799136111175
8139,-1.2318002072517795
8140,0.34723447102647437
8141,-1.3969797335724305
8142,-0.9965117816912377
8143,-1.4618680455451598
8144,0.11622013893275619
8145,-0.22729791131771057
8146,-0.04259277043882394
8147,0.09922761927782253
8148,-0.4372676763358797
8149,-0.38850987623603744
8150,-0.47946951982646163
8151,-0.19901749540822777
8152,-0.5160619200479922
8153,-0.5101949256863134
8154,-0.3378841491145879
8155,-0.1601792517402723
8156,0.25008172621706093
8157,-1.0933384482997384
8158,-0.19080684211462634
8159,-0.9278409844489695
8160,-0.6668964014004508
8161,-0.31931750779712936
8162,0.0666584357868294
8163,-0.19042724149043666
8164,0.03194820632185635
8165,-0.06382993383112091
8166,0.21653084739862494
8167,-0.2737694074059842
8168,-0.048869654979462766
8169,-0.2911154947257371
8170,-0.061042333187735824
8171,0.05823676918175748
8172,-0.013310776018263472
8173,-0.2526584673761859
8174,-0.06853218032801926
8175,-0.35723749230909957
8176,0.10657984948832222
8177,-0.4821467275118671
8178,0.028991327508039653
8179,0.00257859654204609
8180,-0.013310776018263472
8181,-0.13363012338509472
8182,0.11296124581455773
8183,-0.09956276302421212
8184,-1.3009113179945733
8185,0.9650462532654387
8186,-0.14216650290212368
8187,-1.369690727690703
8188,0.7722717558680233
8189,-0.23261808708488027
8190,-1.4389058059536348
8191,0.8391950390212516
8192,-0.19471992843703959
8193,-1.3325936569940797
8194,0.7858337730623337
8195,-0.020810067414699984
8196,-1.169191651980669
8197,1.8335512184868812
8198,-0.013082798469290356
8199,-1.3358220214663792
8200,1.0272240123556657
8201,-0.03767967103042806
8202,-1.494512760343004
8203,1.3850766011140359
8204,0.33929738283250443
8205,-0.6166905809327277
8206,0.7200066585770609
8207,-0.013082798469290356
8208,-1.0530635045433627
8209,0.829565964850688
8210,0.06880080750540728
8211,-1.2491233206656578
8212,1.0067181692459852
8213,-0.09561140412937974
8214,-1.2360161744617553
8215,1.224003443799298
8216,-0.020970886956755926
8217,-1.4984335252545966
8218,0.9269604554865877
8219,-0.038166213562618866
8220,-1.4045081755129634
8221,0.8152204363465778
8222,-0.0017282293989857524
8223,-1.7964166027332213
8224,1.1115817734051194
8225,0.09033557584311397
8226,-1.4425342160690857
8227,0.8218878263052556
8228,-1.1937561067062799
8229,-0.9735928985990429
8230,-0.5840993472391913
8231,-1.4162327745155467
8232,-1.0761026883318063
8233,-0.8727670634759243
8234,-1.268924825878124
8235,-1.7174120429698154
8236,-0.6751142463309341
8237,-1.5097513572939683
8238,-0.32675931702327193
8239,-1.0116465680264277
8240,-1.3361689810856252
8241,-0.5684619344359136
8242,-2.6870388899976128
8243,-0.9212068261120225
8244,-0.235778114126837
8245,-0.002408974053044728
8246,0.27947966195127216
8247,0.6194553870155388
8248,2.318487528164001
8249,0.6430447821647547
8250,0.22454962750421428
8251,-1.4788615503981593
8252,2.1205511784244844
8253,0.4652337990516147
8254,0.7906868146976509
8255,-0.40675185994037427
8256,0.5105741506702547
8257,0.3192815863740564
8258,-2.3760147864807526
8259,2.3186866072364323
8260,0.6029322219965139
8261,0.6214567965326171
8262,-2.162444187466795
8263,2.1679135458472483
8264,0.4498262068699359
8265,0.7582389071463638
8266,-1.6212609812630432
8267,2.3340814680394857
8268,0.6634494099034716
8269,0.8909583340221031
8270,-1.2448401329730847
8271,2.0805434257654407
8272,0.7605495662032666
8273,0.3864253825737262
8274,-1.4354079093772198
8275,2.3785630415979027
8276,0.5577181969746704
8277,0.3746999422706063
8278,-1.5249054831785387
8279,2.3182499644675443
8280,0.5424599829695435
8281,0.34471415003383754
8282,-1.5056910768932013
8283,2.4031995058646785
8284,0.5577181969746704
8285,0.47953713655407365
8286,-0.8235990783550721
8287,2.3103628365032773
8288,0.5191288291872739
8289,0.08908189483613951
8290,-0.7552629195792891
8291,-0.09619259805969257
8292,-1.9312192210070485
8293,0.03754067571409164
8294,-0.7552629195792891
8295,0.17073801812388079
8296,-0.9821323050295703
8297,0.5599177402294281
8298,-1.4359398925749418
8299,-0.24497163914965975
8300,-0.3965447665546629
8301,-1.3641149553745644
8302,-0.24497163914965975
8303,-0.07987886866201506
8304,-0.037973775302399426
8305,-1.7067908222745807
8306,-0.43983580985518417
8307,-0.08499083039574869
8308,-0.1446923612275989
8309,-1.4565031338655934
8310,-0.7143520481306851
8311,-0.09305490727424695
8312,-0.3317412872828232
8313,-1.6103380997353514
8314,-0.4025616469161206
8315,-0.019583254329243877
8316,-0.2526816096929901
8317,0.4787337173217616
8318,-0.20885811039981103
8319,0.6893515748873427
8320,0.4264320735487394
8321,0.006149602192659941
8322,-0.9899390052972602
8323,0.44333559746327056
8324,-1.0493943450334855
8325,0.01714118626234681
8326,0.3015775852297031
8327,-0.8694695221475621
8328,0.01714118626234681
8329,-1.8495735507267799
8330,0.3700343947364656
8331,-1.0765341853335375
8332,0.4404714703062112
8333,-2.1279567133176602
8334,0.7213446174348082
8335,-1.5084857868828168
8336,0.5836860735432925
8337,-0.8859990623589937
8338,0.006149602192659941
8339,-0.776032542075718
8340,0.3097469219924398
8341,0.6667070845839386
8342,0.8279419240602338
8343,1.2719413810172966
8344,0.6257854635821252
8345,0.4428197180613848
8346,0.552204897339294
8347,1.187347872900483
8348,0.6579284177844034
8349,-0.34602271080498154
8350,0.8043697314064897
8351,0.9861223295810414
8352,0.6162075058826755
8353,0.41706269390984557
8354,0.7037337311929841
8355,1.238720682250852
8356,0.6195206616470956
8357,-0.504120590220993
8358,-1.4285609643641124
8359,-0.2998700144723485
8360,-1.7630154216054044
8361,2.0385811673934997
8362,-1.558009350820138
8363,-0.32555466274574435
8364,-0.5761447193783282
8365,2.6648338731153065
8366,-1.1401711649725328
8367,-0.18881639854350915
8368,-0.2845761893839585
8369,2.5001316571172243
8370,-1.4288875350066557
8371,-0.46609698740119293
8372,-1.7663712439929873
8373,2.2237003238866904
8374,-1.0713874326660713
8375,-1.5809880931525664
8376,2.0409209534053057
8377,-1.1505996808131014
8378,-0.03239046428887189
8379,-2.009091813358303
8380,2.681923200757676
8381,-1.267048040227625
8382,-0.7112403305145235
8383,-0.7490963094214724
8384,2.0842438599384177
8385,-1.5374336150528325
8386,-0.1878697726171512
8387,-1.364107989124477
8388,2.675501043373326
8389,-1.7897154076162647
8390,-0.9850512229760514
8391,-0.6525017690567424
8392,2.6648338731153065
8393,-1.1271637999883364
8394,-0.3618717428128151
8395,-0.8288663923933215
8396,2.6712560304996567
8397,-1.29632788464844
8398,-0.5688534380597704
8399,-1.2847166860894308
8400,2.606441114808814
8401,-1.5551911053205505
8402,-0.10900019856413667
8403,-0.9733478747113934
8404,2.537876433187349
8405,-0.312236809238425
8406,-0.38481103315259213
8407,-0.13230265138315697
8408,-0.4964154084292968
8409,-0.3769638426322519
8410,-0.41439706054512493
8411,-0.4213031787632304
8412,-2.0910457694645648
8413,0.5106366372352868
8414,-0.2869271408348977
8415,-0.48524255749029543
8416,-0.3710920311036062
8417,0.5710816667663619
8418,-1.193367927689487
8419,-0.20779829802755068
8420,-0.21178421824551322
8421,0.5953830498158117
8422,-0.2032050791005334
8423,-0.37581079035741677
8424,-1.5730935828746018
8425,0.34249652807094394
8426,-0.22248037021035516
8427,-0.28335963145650517
8428,-1.2301424834923809
8429,0.6863066334648155
8430,-1.6059988632218754
8431,-0.2838963409699228
8432,-0.8783033329287239
8433,0.28241623723406356
8434,-0.37231407577825776
8435,-0.02778619808827975
8436,-0.9093121402024662
8437,0.9709731678454875
8438,-0.6247733730017734
8439,-0.42972787024807946
8440,-0.4807175378597877
8441,0.33305108201473654
8442,-0.5496449831213447
8443,-0.44439073533534
8444,-0.5537595957095375
8445,0.2094920000551796
8446,0.47951122222730197
8447,-0.4992869737443769
8448,0.843023569496794
8449,0.6104607048907165
8450,-0.09958724103955953
8451,0.6332240553661007
8452,0.6775382542146448
8453,-0.570860464711244
8454,0.7014127566909014
8455,0.5831584753825645
8456,-0.13390455781294008
8457,0.5924463334488306
8458,-0.2905194455437268
8459,0.030038404423814547
8460,-0.8797369013169267
8461,0.7303119015882596
8462,-1.219369961613597
8463,0.5392803544901807
8464,-0.29086048624271116
8465,0.25966521484917987
8466,0.5208759753898998
8467,-0.3667786245696688
8468,-0.6466084682113002
8469,0.346488805940478
8470,-1.6252395064805483
8471,-1.1315004657731609
8472,0.7638026385641145
8473,-0.7246176703242442
8474,-1.643840324415572
8475,0.7616941219044269
8476,0.001943467482865456
8477,-1.3792033684590355
8478,1.32120819138036
8479,-1.7455031844005935
8480,-1.455060008351404
8481,0.6591532298183593
8482,-1.0484760063724115
8483,-1.3390688298090727
8484,0.7532567527304003
8485,-0.6857232736049035
8486,-1.05991376383376
8487,0.5086302546890774
8488,0.03759829087608409
8489,-1.1546992311175903
8490,0.2351382383533028
8491,0.11615627644303878
8492,0.5277938988530974
8493,-0.386683830770986
8494,0.08725749209062843
8495,-0.18283268975016875
8496,-0.19042724149043666
8497,0.13457939956691217
8498,0.07977437562076473
8499,-0.2659451635882867
8500,-0.04259277043882394
8501,-0.05884962139024358
8502,-0.11916951450328553
8503,-0.013310776018263472
8504,-0.053814791713845365
8505,-0.16989275811594742
8506,0.4554956968825509
8507,-0.3606859663991914
8508,-0.47089029059815574
8509,0.7197734199517799
8510,0.17259725192380992
8511,-0.1562482187913631
8512,0.13186029680323527
8513,-0.12819654793130358
8514,-0.2849608024437837
8515,0.13186029680323527
8516,-0.23862841769734164
8517,-0.20655770524436803
8518,0.29728223351897787
8519,-0.15229040704246788
8520,-0.9920983923344368
8521,-0.04756360476920338
8522,-0.6321291465800144
8523,-0.25448510171339944
8524,0.04652663473708946
8525,-0.7194847072225131
8526,-0.057476539069753196
8527,-0.06022983000550301
8528,-1.3115214077928317
8529,-0.07487862636720133
8530,-0.29021031476653913
8531,-0.3532051489475198
8532,0.021006801055245716
8533,-0.3532051489475198
8534,-0.28799217114214004
8535,-0.49894458863482494
8536,-0.11383474872146368
8537,0.30737720256466583
8538,0.10282277217110604
8539,-0.004718094732771154
8540,-0.06641903850485119
8541,-0.2816559898115687
8542,-0.1611631047163402
8543,-0.29415435094734255
8544,-0.09484386090270666
8545,-0.10276474450908163
8546,-1.0553871150567673
8547,-0.2453972184255258
8548,-0.2015070143411016
8549,-1.1289230590436976
8550,-0.01990961050314059
8551,-0.1526089457595464
8552,-1.0553871150567673
8553,-0.2481509739946274
8554,0.12212934594039103
8555,-1.101353213281652
8556,-0.24422443418080408
8557,-0.04756360476920338
8558,-1.059299544490914
8559,-0.2652081006761579
8560,0.08128498578237468
8561,-0.9565598515637116
8562,-0.2652081006761579
8563,-0.009137732908114368
8564,-0.3481153795973423
8565,0.28433384475383805
8566,0.4579179461185345
8567,-0.04953760549356456
8568,0.44875566185660254
8569,0.02610233925276175
8570,-0.32453125456658405
8571,0.055014621260114964
8572,0.3933532795774729
8573,-0.23753941239339724
8574,0.11668398561833639
8575,-0.6730741494624655
8576,-0.41961612490602795
8577,-0.43629225482360373
8578,0.01076082842049854
8579,-0.5318711508623826
8580,-0.6472330878832764
8581,-0.2165978999549674
8582,-0.028143351630636346
8583,-1.4454940934825988
8584,-0.8164464602033634
8585,-0.4856572740267774
8586,-0.4372676763358797
8587,-0.47605908884319736
8588,-0.04678245089228554
8589,0.29115942498344116
8590,0.0065447365074213434
8591,-1.0553871150567673
8592,-0.3984238581431479
8593,-0.47605908884319736
8594,-0.19983002905807856
8595,-0.01614977283090433
8596,-0.4372676763358797
8597,-0.504262624476853
8598,-0.4856572740267774
8599,0.027354371583993856
8600,-0.4372676763358797
8601,-0.595497350101117
8602,-0.409372664155482
8603,0.09165981301018226
8604,-0.6730741494624655
8605,-0.5101949256863134
8606,-0.4539454866991348
8607,-0.03507541868718021
8608,-0.6598247674477172
8609,-0.5244058167463772
8610,-0.17007822217470772
8611,-0.0737523634093275
8612,-0.35334200605479954
8613,-0.013310776018263472
8614,-0.09970865280592373
8615,0.03026669555388554
8616,-0.28649697367226334
8617,0.005358354276817716
8618,0.06363145815693193
8619,0.0002946787812920064
8620,-0.12987292483483062
8621,-0.059335022708343545
8622,-0.20874685242244037
8623,-0.12251175704757447
8624,-0.5943844186645547
8625,0.008695205736947962
8626,-0.07177529601907393
8627,-0.066796104770184
8628,-0.5160619200479922
8629,-0.8164464602033634
8630,-0.26262569660122104
8631,-0.050889807956531
8632,-0.5512178020780658
8633,-0.7007262448694036
8634,-0.6323145054350896
8635,-0.2167684781484718
8636,-0.3981899922659889
8637,-0.6568040637520625
8638,-0.4941084230891678
8639,-0.031240333188505484
8640,-0.03317165997380998
8641,-0.6332939375624549
8642,-0.36770844217960674
8643,0.29115942498344116
8644,-0.9833046145358634
8645,-0.9187222367906124
8646,-0.3407824024711478
8647,-0.03647060663586531
8648,-0.5318711508623826
8649,-0.3690740125443769
8650,-0.22283357062397727
8651,-0.3136932225519856
8652,-0.2863530458687397
8653,0.005358354276817716
8654,-0.14709952044062358
8655,-0.3856394576285126
8656,-0.3394732665964957
8657,0.005358354276817716
8658,-0.7534464190977557
8659,0.009918903281329034
8660,-1.2710306902504582
8661,-0.1372524593398564
8662,-1.0510350387131744
8663,-0.10257458243694197
8664,-1.0722551757806542
8665,0.07454903981297627
8666,-1.4984335252545966
8667,-0.039295654746662155
8668,-1.4039016614238353
8669,-0.020970886956755926
8670,-1.153075873322695
8671,-0.36082731602136153
8672,-0.7043169716518156
8673,0.1808775494323291
8674,-0.5318711508623826
8675,-0.7007262448694036
8676,-0.02561421727934825
8677,-0.4372676763358797
8678,-0.913849316883569
8679,-0.20384673165163433
8680,-0.9835384804130224
8681,-0.5101949256863134
8682,-0.06448803589988956
8683,-0.5318711508623826
8684,-0.47605908884319736
8685,-0.06882210475655058
8686,-0.259559830166989
8687,-0.7007262448694036
8688,-0.5735572392448142
8689,-0.42955301615169195
8690,-0.5101949256863134
8691,-0.06950371685704416
8692,-1.4741695062503837
8693,-0.6634888892287488
8694,-1.2317483434223144
8695,0.25083837940649717
8696,-1.158245460794255
8697,-0.7271384261760979
8698,-1.4117524877258505
8699,0.08683403017594861
8700,-1.3863421735205819
8701,-0.6219723932001886
8702,-1.2783900299911937
8703,0.08583884134301138
8704,-0.9935960076027546
8705,-0.8576877654538516
8706,-1.0179684022730924
8707,0.0661184477266794
8708,-1.214524749319945
8709,-0.49549012005958887
8710,-1.2939815027345614
8711,0.11622013893275619
8712,-1.2007834540165618
8713,-0.6147483137120949
8714,-1.3008221942041205
8715,0.14112699190645459
8716,-1.331943309920124
8717,-0.6147483137120949
8718,-1.3940516733032722
8719,0.1556742953695826
8720,-1.2592918834771198
8721,-0.7965117887225294
8722,-1.5150504696382152
8723,0.12704758368177763
8724,-1.2140463957662098
8725,-0.07971692674332279
8726,-1.3710107276569279
8727,-0.45038374613604143
8728,-1.3015001839702307
8729,-0.6191135447853625
8730,-1.0485095558064088
8731,-0.9799395005764102
8732,0.3273496376043647
8733,-1.3863421735205819
8734,-0.6229165217946101
8735,-1.2282250576947602
8736,-0.7025533065076264
8737,-1.294255713442267
8738,-0.5802445467406702
8739,-1.1948274056446788
8740,-0.7537240618240335
8741,-1.2869380548139626
8742,-0.7507553395097224
8743,-1.30603484355801
8744,-0.834304975131471
8745,-1.3685710350250213
8746,-0.46130254469182785
8747,-1.463432925964015
8748,0.3370894269378068
8749,-1.4137789208219609
8750,-0.834304975131471
8751,-1.2806652203811337
8752,-0.074326639279774
8753,-1.2140463957662098
8754,-0.4265344691948481
8755,-1.1163555821729714
8756,0.08192394444529069
8757,-1.3129445800957211
8758,-0.6229165217946101
8759,-1.1893287105414971
8760,0.23412046791528926
8761,-1.2140463957662098
8762,-0.8498025655760733
8763,-0.9851865909763436
8764,0.14577236191094411
8765,-1.30603484355801
8766,-0.17533668113283546
8767,0.13457939956691217
8768,-0.16251839196833967
8769,-0.026275492209761664
8770,-0.20456054563503412
8771,-0.059335022708343545
8772,-0.2353800308348346
8773,-0.148999357646044
8774,-0.1808400779346456
8775,-0.059335022708343545
8776,-0.2684561970658092
8777,0.11305812097263274
8778,-0.24090231650414726
8779,0.006451318119707263
8780,-0.12167376448122455
8781,0.11305812097263274
8782,-0.24420996679065135
8783,0.10657984948832222
8784,-0.23363639184143906
8785,0.08578130889345502
8786,-0.677498943047207
8787,-0.45776011809274947
8788,-0.5161018016265314
8789,0.08126195185552063
8790,-0.15573093104779168
8791,-0.1732233227166625
8792,-0.13363012338509472
8793,-0.026275492209761664
8794,0.00257859654204609
8795,-0.059335022708343545
8796,-0.005049630668602319
8797,0.058122336665792904
8798,-0.2849608024437837
8799,-0.013310776018263472
8800,-0.23272196561456787
8801,-0.148999357646044
8802,-0.19042724149043666
8803,-0.013310776018263472
8804,0.15592817098445572
8805,-0.3954405763861772
8806,-0.36223810610556706
8807,0.10657912822813606
8808,-0.00870927193705541
8809,-0.15092405869066208
8810,-0.2863530458687397
8811,0.13186029680323527
8812,-0.09126490867399736
8813,-0.18033659599683
8814,-0.19824198970440232
8815,-0.013310776018263472
8816,-0.004398360011673391
8817,-0.25527806068409054
8818,-0.2849608024437837
8819,0.13186029680323527
8820,-0.018922251824567065
8821,0.0674969977933631
8822,-0.2712624855111389
8823,-0.059335022708343545
8824,-0.34149561117127075
8825,-0.3136066844108684
8826,-0.24977930609611015
8827,0.029507541131347723
8828,-0.09543749549181788
8829,-0.14698744954438056
8830,0.035579936432486844
8831,-0.27011482334383186
8832,-0.148999357646044
8833,-0.2883556735143459
8834,-0.013310776018263472
8835,0.11635501055010303
8836,-0.06562332052546234
8837,-0.2187269774714411
8838,-0.4042927423413322
8839,-0.09105357231776745
8840,-0.08906349564804275
8841,-0.1808400779346456
8842,0.11265152352927513
8843,-0.09650160119333749
8844,-0.00622370064235376
8845,0.012085095205954676
8846,-1.3466062090802329
8847,0.9660793418060314
8848,-0.10257458243694197
8849,-1.6447322028476696
8850,1.0469030807823034
8851,0.026005587494672817
8852,-1.555623188393241
8853,0.8426180729032136
8854,-0.0845440437101035
8855,-1.6449195250767505
8856,0.890494783363537
8857,0.03748664500138673
8858,-1.6619437705164497
8859,0.9371381205579886
8860,-0.13185621518384746
8861,-1.401378462832309
8862,1.3850766011140359
8863,0.01805506613335205
8864,-1.644601761367309
8865,0.9593466407047434
8866,-0.014371231868401581
8867,-1.080784214621174
8868,1.8881309843859169
8869,-0.09692138567832348
8870,-1.3710656600212319
8871,0.6815169757564031
8872,-0.009507602704817037
8873,-0.020810067414699984
8874,-1.7044765879824257
8875,0.7034738019231557
8876,-0.10304637672292755
8877,-0.013082798469290356
8878,-1.202722617050483
8879,0.6685365320976072
8880,0.32157982166558635
8881,0.03565043755699662
8882,-1.6830045089963763
8883,1.1069302261077152
8884,-0.10533009190501542
8885,0.06880080750540728
8886,-1.5034583320999495
8887,0.9101077431999406
8888,-0.0953212865535048
8889,-0.1372524593398564
8890,-1.3486955181837246
8891,0.9029706932373418
8892,-0.23836962078562893
8893,-0.07063528542219197
8894,-1.6830045089963763
8895,0.9430807269024281
8896,0.03877343985621326
8897,0.14479325423485323
8898,-1.6194658832091637
8899,1.017194575293679
8900,-0.03906456595819057
8901,0.03748664500138673
8902,-1.4725363224974886
8903,1.014262495347739
8904,0.22494742593936984
8905,-0.020810067414699984
8906,-1.4425342160690857
8907,1.2347408451545683
8908,0.002270537023866026
8909,-1.1869013125986463
8910,0.9477394538012295
8911,-0.036422560915032154
8912,-1.3467722580964572
8913,1.177953604775143
8914,-0.08317414682345824
8915,-1.4215324209526625
8916,0.7722717558680233
8917,-0.37506326068844
8918,-0.04300559030154356
8919,0.5199185485610722
8920,-0.1548937178464326
8921,-0.6755749767309593
8922,0.2197230288903655
8923,-0.4121002498576439
8924,-0.42068839215222625
8925,-0.34022233535788154
8926,-0.5522655916678786
8927,-0.3308344025589207
8928,-0.18270543212275717
8929,-0.3686652594876072
8930,0.4378161446474206
8931,-0.2889330780429542
8932,-0.24871567610113415
8933,0.3998760992481171
8934,-0.369099046092696
8935,-0.2849878496409858
8936,0.6459344735724998
8937,0.7352302692464878
8938,0.6825683846570173
8939,0.6296440737372787
8940,0.4160828486084215
8941,-1.311951569319977
8942,1.9832471504424714
8943,0.47331058744233123
8944,-1.2840768974904153
8945,1.7344553131610838
8946,0.5680788292562913
8947,0.47331058744233123
8948,-1.5753732863921668
8949,2.52301416970093
8950,0.48461232516257624
8951,0.47331058744233123
8952,-1.4825885338858502
8953,2.1679135458472483
8954,0.4770218098661383
8955,0.3689017297657899
8956,-1.4090981229621036
8957,2.0672595307465165
8958,0.4770218098661383
8959,-1.4577360129798378
8960,-0.5978492535814512
8961,0.0015511708498122184
8962,0.4160828486084215
8963,-1.2555874409747483
8964,2.0521135095324676
8965,0.621056430200134
8966,0.3689263515489276
8967,-1.3970605166029002
8968,2.3182499644675443
8969,0.5266938701054763
8970,0.42359882881438266
8971,-1.3144585822338026
8972,2.0288315207651473
8973,0.5404347228925062
8974,-0.04855270238301017
8975,-1.2507986100793633
8976,2.043540899210308
8977,0.5358490918564321
8978,0.7517628002924809
8979,-1.5489365039949357
8980,2.1159085324467783
8981,0.4282784465190561
8982,0.7176532687787681
8983,-1.388671393472312
8984,2.295404618469112
8985,0.4488826103424341
8986,0.7331147759358975
8987,-1.3035778376220326
8988,1.986099040849322
8989,0.41830676207380196
8990,0.5849527164755707
8991,-1.1319173664424822
8992,2.0805434257654407
8993,0.9534211854500836
8994,0.30503865307505307
8995,-1.2920777085569521
8996,2.52301416970093
8997,0.4283508586186988
8998,0.24873720723616669
8999,-1.4469411951420579
9000,2.180356290339935
9001,0.32237878589427044
9002,0.6730166414580644
9003,-1.2626112812192463
9004,2.3182499644675443
9005,0.551029053145657
9006,0.24873720723616669
9007,-1.1338136502166571
9008,2.2951364600000863
9009,0.5424599829695435
9010,0.3689017297657899
9011,-1.131445322544074
9012,2.52301416970093
9013,0.5680788292562913
9014,0.5849527164755707
9015,-1.757208622783546
9016,2.387115001384313
9017,0.5455170340607493
9018,0.47331058744233123
9019,-2.32064635348644
9020,2.1358858071700966
9021,0.509924782029513
9022,0.5542496500859329
9023,-0.10971941742553083
9024,0.5624228495547223
9025,-0.20104881802496843
9026,0.6404516540354007
9027,-0.05971583035726228
9028,-0.9821323050295703
9029,0.37808539081577525
9030,-0.6247649341921161
9031,0.3206435868011363
9032,-0.6699135445455435
9033,0.04738744178342467
9034,0.5500973997632941
9035,0.6180806415539739
9036,0.9084289659704419
9037,-0.604832575515769
9038,0.7148117810526324
9039,0.6255262970848477
9040,0.4878280035738846
9041,-0.692346334521388
9042,0.1390963016771686
9043,0.3943571145721923
9044,0.40024858675038655
9045,-0.7997526652051626
9046,0.6990980178113082
9047,0.7163320684393426
9048,0.457051204329701
9049,-0.6365882222814535
9050,0.7133206535999551
9051,0.7468665639857793
9052,0.4787337173217616
9053,-0.4929258694043058
9054,0.20847770377271138
9055,0.8183645379149909
9056,0.302587423636724
9057,-0.5623227115487138
9058,0.41888405781889204
9059,0.6386299421200564
9060,0.40024858675038655
9061,-0.5168889289550188
9062,0.35104060658360703
9063,0.6848892312885607
9064,0.4264320735487394
9065,-0.5201183397620441
9066,0.3753995905639073
9067,0.8565120520346273
9068,0.5239046778351758
9069,-0.636357168487322
9070,0.38264093943890637
9071,0.475495614605177
9072,0.32100815689636414
9073,-0.577413271906315
9074,0.52029563553586
9075,1.1600429699506711
9076,0.5152555856196415
9077,-0.4769098784697298
9078,0.04134818236530607
9079,0.8177770752342137
9080,0.46318788928190463
9081,-0.8989153730542584
9082,0.16198785744942093
9083,0.7940521461493072
9084,-0.7674086440266092
9085,0.33047178062105986
9086,0.6945205391337098
9087,0.302587423636724
9088,-0.21999899019220315
9089,0.31086298004811846
9090,0.8632981157892095
9091,0.5919349052481501
9092,-0.5891359397018175
9093,0.5078018406822706
9094,0.7823113151060518
9095,0.5127995417770541
9096,-0.5604151730231315
9097,0.3806389238114665
9098,0.6691206678332106
9099,0.302587423636724
9100,-0.8633062661176512
9101,0.6775798801088062
9102,0.6386299421200564
9103,0.302587423636724
9104,0.09349498192496794
9105,0.4112724853699987
9106,0.756636815423333
9107,0.4878280035738846
9108,-0.7727796611377283
9109,-0.32555466274574435
9110,-1.3771052768728718
9111,2.783187110331371
9112,0.13934435661108416
9113,-0.38596581490018944
9114,-1.1377845483920703
9115,2.6802277695414505
9116,-1.4784901223987683
9117,-0.32555466274574435
9118,-1.424188020589775
9119,2.4994220032802064
9120,-0.3368793847812567
9121,-1.3574626259178413
9122,2.537876433187349
9123,-1.189277593042423
9124,-0.2627715339329126
9125,-1.4285609643641124
9126,2.4994220032802064
9127,-1.1614469195632238
9128,-0.3613093929144712
9129,-1.4647544326445374
9130,2.4395194423665796
9131,-1.2871728706315297
9132,-1.522229861587252
9133,2.6648338731153065
9134,-1.8788738184948757
9135,-1.5356826832696482
9136,2.6648338731153065
9137,-1.047814715903897
9138,-0.9961867266627162
9139,2.5534952470207366
9140,-1.3300745855060494
9141,-0.012867923114984421
9142,-0.5948939836305456
9143,2.471694206890281
9144,-1.1052778466425024
9145,-0.010488394354721316
9146,-0.6164293148827972
9147,2.713962428158007
9148,-1.468837327912076
9149,-0.34212434517367024
9150,-1.8421542633032317
9151,2.6712560304996567
9152,-1.7538788135396501
9153,-0.3810620980407358
9154,-1.3567370728773105
9155,2.458785839993822
9156,-1.1202005402273927
9157,-0.3399326485675048
9158,-0.4247021156278313
9159,2.7081702358421618
9160,-1.5068773598011187
9161,-0.24267411514232537
9162,-1.3574626259178413
9163,2.510089173538226
9164,-1.8008245031614074
9165,-0.35585213472636923
9166,-1.1759913532018835
9167,2.056928143022391
9168,-1.413655372516948
9169,-0.3326377153705138
9170,-1.03690338159559
9171,2.079677890590222
9172,-1.4192571067432054
9173,-0.32555466274574435
9174,-1.0507609950312784
9175,2.453943587581065
9176,-1.8560011337451272
9177,-0.0469387021475355
9178,-1.4281251262802201
9179,2.123909582819469
9180,-1.5274872511875206
9181,-0.12325942432422649
9182,0.6925562595909008
9183,0.457051204329701
9184,-0.5087090511198271
9185,0.7537614535069437
9186,0.29370228278833066
9187,-0.2112555094592776
9188,0.5109048514455418
9189,0.4264320735487394
9190,-0.3590555141525226
9191,0.6397057973914996
9192,0.29370228278833066
9193,-0.18446525027583233
9194,0.49567588454920475
9195,0.302587423636724
9196,-0.634216583457655
9197,0.6443568122278136
9198,0.302587423636724
9199,-0.21544937028220737
9200,0.6899264470165638
9201,0.5945728894372561
9202,-0.6875499468572126
9203,-0.4818409610417758
9204,-0.3817106701837531
9205,-0.354820465415163
9206,-0.3105031049738117
9207,-0.48492799679930393
9208,-0.585241133767615
9209,-0.45346031324778935
9210,0.052002609319280815
9211,-0.46384044190480817
9212,-0.49129750668786143
9213,-0.6368518868567165
9214,-0.386085586393616
9215,-0.39862185195492156
9216,-0.426547135578484
9217,-0.3201823253905866
9218,-0.38481103315259213
9219,-0.26687073642108666
9220,-0.4818409610417758
9221,-0.4023881137236732
9222,-0.25809608011986046
9223,-0.42972787024807946
9224,-0.4588492773219091
9225,-0.7892894140368223
9226,-0.4904492471046
9227,-0.3365681837204358
9228,-0.2305399306398087
9229,-0.4904492471046
9230,-0.49189189137085176
9231,0.02050681677391977
9232,-0.20421836640613503
9233,-0.4477450805571318
9234,-0.3817106701837531
9235,-0.3109778162015949
9236,-0.753241248768884
9237,-0.3769638426322519
9238,-0.5339134843494041
9239,-0.5264320550597348
9240,-0.35764697552103913
9241,-0.355927138362334
9242,-0.03521115425552866
9243,-0.45346031324778935
9244,-0.12533836233340495
9245,-0.20746726654850933
9246,-0.49021564004528434
9247,-0.4588492773219091
9248,-0.23695706562757443
9249,-0.5479141682986405
9250,-0.39614788590318345
9251,-0.14457779090692324
9252,-0.09775651082268673
9253,-0.6544551942944589
9254,-0.3872300825422488
9255,-0.22032543519008715
9256,-0.5622800640920256
9257,-0.39614788590318345
9258,0.04652663473708946
9259,0.19802372285690045
9260,-0.04756360476920338
9261,-1.5788547620070348
9262,0.19802372285690045
9263,0.020504600162157494
9264,-1.0504293344998357
9265,0.15387606116158506
9266,-0.12468093071364986
9267,-0.026916138492167486
9268,-0.9999346023229315
9269,0.14707207947714246
9270,-0.11217861319610113
9271,-1.101353213281652
9272,0.22993235387001912
9273,-0.3503400267071126
9274,-0.4755582266613295
9275,0.20375797529114897
9276,0.3855404092809777
9277,-0.29468128726440784
9278,0.2903744656827031
9279,-0.05613256377757381
9280,-0.19470657381112816
9281,-0.41772758279625166
9282,0.01964596926889167
9283,-0.46490143309494303
9284,-0.38850987623603744
9285,-0.6379563500905058
9286,-0.09208336316271881
9287,-0.5162957859251512
9288,-0.5101949256863134
9289,-0.37109612775534795
9290,0.021286049834843987
9291,-0.47996361347276595
9292,-0.6023794306856158
9293,-0.8725213307732923
9294,0.08599748791403376
9295,-0.6598247674477172
9296,-0.8259065798857502
9297,-0.6821892788739068
9298,0.021286049834843987
9299,-0.46490143309494303
9300,-0.5101949256863134
9301,-0.4856572740267774
9302,-0.19901749540822777
9303,0.5373535878817037
9304,0.27458513812981933
9305,-0.3414286016798976
9306,0.41743821974654455
9307,0.4822855729863029
9308,-0.3414787388608899
9309,-0.1465001826420988
9310,-0.5244058167463772
9311,-0.5964229086405102
9312,0.5170334267198782
9313,-0.36876080488282026
9314,-0.2837735675655994
9315,-0.2923782091937521
9316,0.0499873056883563
9317,-0.09561140412937974
9318,-1.0212097115274281
9319,0.012085095205954676
9320,-1.4606176896264205
9321,-0.020876072909566272
9322,-1.4079684822505574
9323,0.09033557584311397
9324,-1.608913652099738
9325,0.05268941178854528
9326,-1.6100747847766572
9327,-1.1637425564481305
9328,-0.6142877442664963
9329,-0.7581805303382451
9330,-0.8550262525744183
9331,-1.176524965873031
9332,-0.4886572805992221
9333,-1.686082415437676
9334,-1.30603484355801
9335,-0.7421285030616883
9336,-1.1481069795359726
9337,-1.1332098601468734
9338,-1.112543137491708
9339,0.1019245905335499
9340,-1.1349798879249908
9341,-1.2184692128091337
9342,-1.1679919271538364
9343,0.08583884134301138
9344,-1.4242140913165124
9345,-0.7280183763750323
9346,-1.1078918608531285
9347,0.09795832290470997
9348,-1.3445960849776788
9349,-0.8387365049132997
9350,-1.366622434869329
9351,-0.9318365142264751
9352,-0.6882903273361453
9353,-1.4285403374068506
9354,0.06892021489257558
9355,-1.1476070432086494
9356,-0.6882903273361453
9357,-1.674630310481254
9358,0.15985396955928996
9359,-1.4229099376031602
9360,-0.914932615339119
9361,-1.2088023129125611
9362,0.28822496825436816
9363,-1.1937561067062799
9364,-1.5063509920377465
9365,-1.172307735376835
9366,0.027818543263317983
9367,-0.066796104770184
9368,0.1918137041609911
9369,-0.28137020091943954
9370,0.06632421354864143
9371,-0.5162957859251512
9372,-0.3918800166438875
9373,-0.3417716380285105
9374,-0.1264256850622501
9375,-0.3856394576285126
9376,-0.8414499200834705
9377,-0.7180590314850873
9378,-0.11024674635161333
9379,0.3295585678744496
9380,-0.5101949256863134
9381,-0.6079866254382039
9382,0.052096665028885124
9383,-0.5162957859251512
9384,-2.15294699587533
9385,-0.0032187405747544397
9386,0.028986613102921832
9387,-0.1562482187913631
9388,-0.015934790598959366
9389,0.4155759378911135
9390,-0.34737409437426764
9391,-0.14498470647950817
9392,-0.059335022708343545
9393,-0.13363012338509472
9394,0.12018406467831984
9395,-1.5778718987158173
9396,-0.2626688097725478
9397,-0.7593367393990509
9398,-0.48160349996226093
9399,-1.5063817721846156
9400,-0.21105573584668608
9401,-0.9783315387056146
9402,-0.32609224885275667
9403,-0.0944581790504453
9404,0.005358354276817716
9405,-0.1295441152393291
9406,0.18817192193466675
9407,-0.020810067414699984
9408,-0.1173443404373099
9409,-0.13765443531631225
9410,-0.2997330826817935
9411,-0.0713776210811663
9412,-0.1962587870791418
9413,-0.020810067414699984
9414,-0.7561934030636908
9415,-0.13258076601145774
9416,-1.0530635045433627
9417,1.0705707139834535
9418,-0.23772002304138384
9419,-1.1924939193658253
9420,1.1671714641648423
9421,-0.34416448543957356
9422,-1.4031669270653628
9423,0.9650462532654387
9424,-0.042035319523120576
9425,-1.1476112044297466
9426,0.9434964550543846
9427,-0.022849284334763544
9428,-1.3448434628099675
9429,1.0377473670417365
9430,-0.2152928299250563
9431,-1.1476112044297466
9432,0.9007617828024114
9433,0.4307217847313131
9434,-1.355356284772032
9435,0.8673380149182158
9436,-0.020810067414699984
9437,-1.171732003729077
9438,1.2714815407848237
9439,0.03748664500138673
9440,-1.4776613836126156
9441,0.8758782897119892
9442,0.05268941178854528
9443,-1.686321486796452
9444,1.2752080355799724
9445,0.026005587494672817
9446,-1.6445563407646593
9447,1.0655289554529568
9448,-1.1937561067062799
9449,-1.560778084094372
9450,0.8303134535679998
9451,-1.1625225346369248
9452,-2.3859053073777385
9453,-0.7872057547348814
9454,-1.4530728856096813
9455,-0.7383619578821362
9456,-0.5735854288624109
9457,-1.5464491171205097
9458,-1.226395509580367
9459,-0.8956642932342981
9460,-1.487988020771084
9461,-0.8533634621109667
9462,-0.9471872529134291
9463,-1.9267588587237008
9464,-0.5191129935324825
9465,-0.9332707625173352
9466,0.23115458339638104
9467,0.3603003996819363
9468,-1.2393298199731133
9469,2.043540899210308
9470,0.582221404365963
9471,-0.07061403743240924
9472,-1.2836216116658594
9473,2.3340814680394857
9474,0.36196572075308947
9475,0.24873720723616669
9476,-1.2314543842541619
9477,2.0441460262790585
9478,0.49228002387126535
9479,0.7784652395859956
9480,-1.4828488473887431
9481,2.1679135458472483
9482,0.49228002387126535
9483,0.3059167129158979
9484,-1.4809627810176194
9485,2.3107994792721653
9486,0.621056430200134
9487,0.7003813633615176
9488,-1.1646944349857866
9489,2.043540899210308
9490,0.4483362173536154
9491,0.6622763772428445
9492,-1.1484362359118272
9493,2.1347451022592114
9494,0.47132909233482567
9495,-1.2578224503238609
9496,2.5377098576243724
9497,-0.013082798469290356
9498,-1.2448401329730847
9499,2.295404618469112
9500,0.5287875846356057
9501,0.3734890203483951
9502,-1.3546850864078497
9503,2.043977541979196
9504,0.5680788292562913
9505,0.3941519780035595
9506,-1.2688711537894812
9507,2.518793528364497
9508,0.4770218098661383
9509,0.24984282364576346
9510,-1.2578224503238609
9511,2.043977541979196
9512,0.5680788292562913
9513,0.04738744178342467
9514,-1.0851667495887856
9515,-0.09198635734901442
9516,-1.3383784103342615
9517,0.04738744178342467
9518,-1.622476897687159
9519,0.08063854010404767
9520,-1.620100645905041
9521,0.08063854010404767
9522,-1.4174963415623876
9523,-0.3444974317501521
9524,0.001408520990686651
9525,-0.04166151704691273
9526,-1.555350177794065
9527,0.226888034838746
9528,0.0411842062758929
9529,-0.2519711375311828
9530,-1.2249680085225714
9531,-0.5395832734746676
9532,-0.019583254329243877
9533,-0.028294193584102352
9534,-1.3794642105629447
9535,-0.3893204420155465
9536,-0.07230163536188522
9537,-0.32489117744048
9538,-2.0047244885129407
9539,-0.3119772917185262
9540,-0.055405705745610996
9541,-0.2914541960673329
9542,0.5547123674433624
9543,0.3806389238114665
9544,0.5726118107449436
9545,0.302587423636724
9546,-0.7224793329215253
9547,0.006149602192659941
9548,0.2935655599027768
9549,0.27845468893033726
9550,-0.9421592880522001
9551,0.48208937593225853
9552,0.6959717331022472
9553,-1.8222773024509895
9554,0.19264688345464273
9555,-1.6207831797050951
9556,0.16045688879864844
9557,-1.003360843981196
9558,0.3508440395085447
9559,-1.0969495488734307
9560,0.03771596000404773
9561,-0.40226763041583463
9562,0.12877507034174734
9563,0.6622335222292337
9564,0.008685471901991797
9565,-1.4144685118838258
9566,0.021518043866374407
9567,0.7013122842848033
9568,0.7553254695033712
9569,0.24111157946409054
9570,-0.34602271080498154
9571,0.6279734398127665
9572,0.7927495622829143
9573,0.3291575946277776
9574,0.02126733481838136
9575,-0.4455218001875272
9576,-0.748353622390384
9577,0.7951743661724953
9578,0.6286721344491096
9579,0.5154461567929105
9580,0.3291575946277776
9581,-0.8569628986418696
9582,-1.5350381249074294
9583,-1.7707377622774176
9584,-0.32555466274574435
9585,-1.285514171086288
9586,2.713962428158007
9587,-1.2124584144130572
9588,-0.4020464164742841
9589,-0.7567950408900428
9590,2.5851193018883856
9591,-1.8024153955654645
9592,-0.18925053827119986
9593,-1.2277574805428653
9594,2.671634635269212
9595,-1.4039480339321682
9596,-0.2627715339329126
9597,-1.989613263244421
9598,2.7747261335357094
9599,-1.3300745855060494
9600,-0.2780109791762815
9601,-0.6833331029052391
9602,2.46189506265778
9603,-1.8264365394466116
9604,-0.16402505907903614
9605,-1.9774297347876435
9606,2.6648338731153065
9607,-1.664254597760009
9608,0.15119749977464828
9609,-1.1552904105177553
9610,2.4332397769831386
9611,-1.3647276275380869
9612,0.02371912853736332
9613,-1.424188020589775
9614,2.6712560304996567
9615,-1.07059795283528
9616,-0.3875457737339559
9617,-1.2667937410626366
9618,2.675501043373326
9619,-1.3166635157191187
9620,-0.3598235129122132
9621,-1.1123512554242072
9622,2.5221313385113193
9623,-1.455626833692917
9624,-0.32555466274574435
9625,-1.4816634495324896
9626,2.537876433187349
9627,-1.3078767359601666
9628,-0.24736769022075308
9629,-0.5163707405180364
9630,2.6648338731153065
9631,-1.6830043557753636
9632,-0.49021564004528434
9633,-0.4468097847249968
9634,0.025935347448306747
9635,-0.4482644177742014
9636,-0.4468097847249968
9637,-0.926631594510764
9638,-0.4984537015052638
9639,-0.5478284456526181
9640,-0.134296234663782
9641,-0.6574684686927973
9642,0.8910329371178153
9643,-0.9629337721903034
9644,-0.48102176365422245
9645,-0.7655223915310436
9646,0.2518142199449174
9647,-0.1102929659836081
9648,-0.31659929385720587
9649,-2.0403951027484264
9650,0.706755944716069
9651,-0.15009542490143413
9652,-1.1181164973622055
9653,-0.5923049007815379
9654,0.10557692891281507
9655,-1.5717367371720157
9656,-0.23906960258488597
9657,-1.0352141539035928
9658,0.44947814815114484
9659,-0.4221365772089893
9660,-2.3759344854678988
9661,0.8107455182020349
9662,-0.23262287083259636
9663,0.1761147853930395
9664,-0.5389395188518802
9665,-0.40583357738326287
9666,-0.06332823035000323
9667,-0.4597898913040108
9668,-0.25960192868785475
9669,0.03238373011291281
9670,0.25408891546691553
9671,0.025935347448306747
9672,0.47916814219758097
9673,0.27370766951715597
9674,-0.17803496536697572
9675,0.6128483479551354
9676,0.37369918863094653
9677,-0.5203357689844641
9678,0.9273057444859468
9679,0.302587423636724
9680,0.6861911047128103
9681,0.43359050640424823
9682,-1.2258959068593744
9683,2.229516756427294
9684,0.007473904757994476
9685,-0.18450979822615335
9686,-0.46348903198786007
9687,0.712272719349171
9688,-0.6140899402989606
9689,-0.05242319937461433
9690,0.7632668526510663
9691,0.6080982600148578
9692,-0.5760856105551482
9693,-0.7774310003763503
9694,-1.6220264633706873
9695,0.6738955281606277
9696,-0.43073736168545057
9697,-0.31238381806332816
9698,-0.2811032703207571
9699,-1.1520267231118722
9700,0.6050208894833381
9701,-1.6898640924382657
9702,-0.9654429465044838
9703,0.7697763194638402
9704,-1.0979529914371107
9705,-1.3792033684590355
9706,-0.9108361268581681
9707,0.01714118626234681
9708,-0.8147691282810052
9709,-0.14979708918617962
9710,-1.1028583226555608
9711,-1.4041356484804037
9712,0.7552560902001585
9713,0.023422976489619014
9714,0.5261218126245646
9715,0.8831649825399172
9716,-0.012921079514116453
9717,0.1397929521106225
9718,-0.6403774312213865
9719,-0.24090231650414726
9720,0.03194820632185635
9721,-0.05884962139024358
9722,-0.29056307606812404
9723,0.10657984948832222
9724,-0.27011482334383186
9725,-0.5978795253146534
9726,-0.7504400841252917
9727,-0.42940507919514737
9728,0.08725749209062843
9729,0.09803448443410184
9730,-0.18946998527743286
9731,-0.013310776018263472
9732,-0.13181104940982127
9733,-0.0893803876177922
9734,0.03194820632185635
9735,0.12183997662258371
9736,0.37260653226986207
9737,-1.1627758697453128
9738,0.030038404423814547
9739,-0.13004989262941832
9740,-0.4047007427735206
9741,0.6928427558468288
9742,-0.08620840367526154
9743,-0.2811668522853066
9744,0.02292295495434548
9745,-0.23310786468788372
9746,-0.40103392163415374
9747,0.11404950486515009
9748,-0.2772614266953629
9749,-0.3532051489475198
9750,-0.1395596445094805
9751,-0.06641903850485119
9752,0.021006801055245716
9753,-0.08698090889975006
9754,-0.23310786468788372
9755,-0.4029390007863952
9756,-0.23310786468788372
9757,-0.022658960635802406
9758,-0.043857222794768336
9759,-0.004895493237943134
9760,-0.2994207384423064
9761,0.04967127384712168
9762,-0.3051290237282512
9763,0.282275629924544
9764,0.6848892312885607
9765,0.24955933396226668
9766,0.04652663473708946
9767,-0.9257791173156226
9768,-0.2849878496409858
9769,0.03963315556377163
9770,-1.101353213281652
9771,-0.2266567124712053
9772,0.0577010307567062
9773,-1.0899350334996372
9774,-0.29063904133994
9775,0.19380530460533754
9776,0.6691206678332106
9777,0.04989484382743623
9778,0.14149691283913818
9779,-0.150066781264416
9780,0.37507651476671144
9781,-0.29086048624271116
9782,-0.25615781379996266
9783,0.11501798353357819
9784,0.4003663996475693
9785,-0.32648812614995043
9786,0.6209009149061577
9787,0.4048059878012628
9788,1.2442973640121942
9789,0.42357558184152494
9790,0.8744770408987272
9791,-0.6598247674477172
9792,-0.5605340114543552
9793,-0.3407824024711478
9794,-0.01614977283090433
9795,-0.7701023668012255
9796,-0.6938856341618176
9797,-0.13469909885439113
9798,0.005307314180505573
9799,-0.5568801274514165
9800,-0.6472330878832764
9801,-0.5078318429591145
9802,-0.15605248039495043
9803,-0.237621476652542
9804,-0.7107391893227338
9805,-0.19983002905807856
9806,0.3108691949164818
9807,-0.9835384804130224
9808,-0.4779829754141251
9809,-0.17007822217470772
9810,0.18631247801464798
9811,-0.9833046145358634
9812,-0.5302713041094089
9813,0.027086116652570023
9814,0.08586842995320211
9815,-0.3947076861460943
9816,-0.47605908884319736
9817,-0.0605663317975906
9818,0.006195489477242817
9819,-0.36876080488282026
9820,-0.6460240523502239
9821,-0.4539454866991348
9822,-0.13352784957333083
9823,-0.5162957859251512
9824,-0.8414499200834705
9825,-0.44713850073102135
9826,0.08599748791403376
9827,-0.4804767980321746
9828,-0.5101949256863134
9829,-0.5523835769091207
9830,0.2990243542686424
9831,-0.12453514931260211
9832,0.10657984948832222
9833,0.0055514955007532245
9834,-0.16106891528232073
9835,-0.19042724149043666
9836,0.07906325986866158
9837,-0.1295441152393291
9838,-0.07106053476909491
9839,-0.404558148309407
9840,-0.018467403373960686
9841,-0.13760231740517562
9842,-0.16832643411429316
9843,-0.059335022708343545
9844,-0.22074676440968985
9845,-0.066796104770184
9846,-0.4278512137315067
9847,-0.5101949256863134
9848,-0.3732057295977958
9849,0.001236817464257079
9850,-0.6278400232161346
9851,-0.5757307024571534
9852,-0.16029411327101795
9853,-0.11843728921572982
9854,-0.4278512137315067
9855,-0.7235412868442204
9856,-0.5222991726354728
9857,0.12201340162235369
9858,-0.9835384804130224
9859,-0.5161862088871342
9860,-0.4539454866991348
9861,-0.3076607669242006
9862,-0.4372676763358797
9863,-0.8467636150535913
9864,-0.3407824024711478
9865,-0.21410805576582892
9866,-0.26987024208618243
9867,-0.013310776018263472
9868,-0.12167376448122455
9869,-0.09475493807023647
9870,-0.9835384804130224
9871,-0.5935258282329277
9872,-0.5078318429591145
9873,-0.11843728921572982
9874,-0.10211971492720215
9875,0.1379326921043743
9876,-0.09650160119333749
9877,-0.5318711508623826
9878,-0.3394732665964957
9879,0.06887277117279235
9880,-0.7289807390977653
9881,0.9349257162396117
9882,-1.4984335252545966
9883,-0.004102187516340677
9884,-1.1774483183610451
9885,0.012085095205954676
9886,-1.5235994901811638
9887,0.05268941178854528
9888,-1.395415504068141
9889,0.026005587494672817
9890,-1.602539424651407
9891,-0.2633438773215623
9892,-1.2733102995623908
9893,-0.9316660275949875
9894,-0.13515802097672744
9895,-0.5101949256863134
9896,0.2237806624236359
9897,-0.5318711508623826
9898,-0.5935258282329277
9899,0.06479024474864767
9900,-0.530533384675325
9901,-0.4779829754141251
9902,-0.3819342794006623
9903,-0.42622868915128975
9904,-0.4779829754141251
9905,0.042305199859783774
9906,-0.5318711508623826
9907,-0.5101949256863134
9908,-0.0898600771792577
9909,-0.4372676763358797
9910,-0.7043169716518156
9911,-0.08635014570506648
9912,-0.4372676763358797
9913,-0.504262624476853
9914,-0.08635014570506648
9915,-1.268924825878124
9916,-0.7132500143058605
9917,-1.1530566837121203
9918,0.336177036815878
9919,-1.075318779137022
9920,-0.6907098213039531
9921,-1.1078918608531285
9922,-1.37157062032885
9923,-0.6030114898436634
9924,-1.0497610850110606
9925,0.06053694282952351
9926,-1.4380288949204427
9927,-0.6219723932001886
9928,-1.5778099343769614
9929,0.1019245905335499
9930,-1.1937561067062799
9931,-0.8008208134146654
9932,-1.1078918608531285
9933,0.07074828098541024
9934,-1.2007834540165618
9935,-0.36440189761004393
9936,-1.297474891295277
9937,0.2084172811968818
9938,-1.30603484355801
9939,-0.48571611331728587
9940,-1.0808273438758171
9941,-0.07595293360317679
9942,-1.2773346199193738
9943,-0.5070717796709744
9944,-0.8348625712302197
9945,0.08143646022462671
9946,-1.30603484355801
9947,-1.1357492538956548
9948,-1.4162327745155467
9949,-0.46130254469182785
9950,-1.4682860044411528
9951,-1.0123662828251028
9952,-1.1567152091378488
9953,-0.7518951815296315
9954,-1.1937561067062799
9955,-0.7787492505700899
9956,0.415737759735078
9957,-0.985300620341208
9958,-0.9152306728506933
9959,-1.4380288949204427
9960,-1.084427911327353
9961,-1.2007834540165618
9962,-0.8724423209644
9963,-1.2869380548139626
9964,-0.535979102586288
9965,-1.4979219181060384
9966,-0.6534229339951737
9967,-1.3685710350250213
9968,-0.8279821137901242
9969,-1.2869380548139626
9970,-1.1454101959394851
9971,-1.0759024819940366
9972,-1.2140463957662098
9973,-0.46130254469182785
9974,-1.0208563419092722
9975,-1.2007834540165618
9976,-0.7089955793927147
9977,-0.961218027381986
9978,-0.985300620341208
9979,-0.3922689151706126
9980,-1.1113032188074383
9981,0.19662369287174547
9982,-1.1032026566397195
9983,-0.9146045849116236
9984,-0.9228889058548729
9985,0.049224523963202364
9986,-0.9862164884781575
9987,-0.2849608024437837
9988,-0.048869654979462766
9989,-0.1295441152393291
9990,0.2919734809751109
9991,-0.2849608024437837
9992,-0.02822926178113124
9993,-0.19407373586733292
9994,-0.06562332052546234
9995,-0.28020053176560306
9996,-0.015934790598959366
9997,-0.09650160119333749
9998,-0.18889290935760036
9999,0.09712824924354918
10000,-0.013310776018263472
10001,-0.18283268975016875
10002,-0.06562332052546234
10003,-0.28649697367226334
10004,0.10657984948832222
10005,-0.09650160119333749
10006,0.11177562246080433
10007,-0.28649697367226334
10008,-0.013310776018263472
10009,-0.12167376448122455
10010,-0.0517848238216232
10011,-0.19042724149043666
10012,-0.12594651234528614
10013,-0.18373271800276894
10014,0.05813219150753724
10015,0.06360056197719956
10016,-0.12594651234528614
10017,-0.2020230449780894
10018,0.0007071091173043034
10019,-0.19824198970440232
10020,0.06793613129951293
10021,-0.12167376448122455
10022,0.2816322641578414
10023,-0.35723749230909957
10024,-0.059335022708343545
10025,-0.148999357646044
10026,-0.3364852710422734
10027,0.03194820632185635
10028,0.0032548531416524184
10029,-0.11755975790777883
10030,-0.08487553485924698
10031,-0.059335022708343545
10032,-0.04370360017619476
10033,0.17426074183534573
10034,-0.2849608024437837
10035,0.008695205736947962
10036,-0.12167376448122455
10037,-0.18033659599683
10038,-0.47515605062298777
10039,0.07906325986866158
10040,-0.06090939213012221
10041,-0.16524603563922874
10042,-0.14698744954438056
10043,0.13186029680323527
10044,-0.1295441152393291
10045,-0.1529744445148818
10046,-0.33535889458016915
10047,0.008695205736947962
10048,-0.379002827163435
10049,0.12071138150857097
10050,0.0314962376022781
10051,-0.013310776018263472
10052,-0.28137020091943954
10053,-0.016136350419672898
10054,-0.4593562764916423
10055,-0.059335022708343545
10056,-0.053814791713845365
10057,-0.148999357646044
10058,-0.01871234975199761
10059,-0.11812465857057915
10060,-0.14709952044062358
10061,-0.2260895204748137
10062,-0.2849608024437837
10063,-0.059335022708343545
10064,-1.5311350414986726
10065,-0.18373235789572684
10066,0.07454903981297627
10067,-1.5664647875847668
10068,1.3572574868503013
10069,-0.06703268622009097
10070,-1.287705804924091
10071,1.0583982467362083
10072,-0.03675720429166566
10073,-1.611361821779431
10074,0.7771583120303073
10075,0.09033557584311397
10076,-1.5848500035929027
10077,0.7350972189346621
10078,-0.020970886956755926
10079,-1.4425342160690857
10080,1.0624747730601343
10081,-0.020810067414699984
10082,-1.581047258795079
10083,1.5591134269477243
10084,0.026005587494672817
10085,-1.4215324209526625
10086,1.2749226164578205
10087,-0.05656575249822296
10088,-0.9258689729147036
10089,1.161376700638139
10090,-0.2825411168843313
10091,-1.4736689830338687
10092,0.9309710230316128
10093,-0.027155553525116533
10094,0.05268941178854528
10095,-1.4725363224974886
10096,0.9652914300984492
10097,-0.06282410505487036
10098,-0.020810067414699984
10099,-1.493112757601389
10100,0.5766746723621907
10101,0.160705357185899
10102,-0.020810067414699984
10103,-1.6062312803156138
10104,1.0716099660339011
10105,0.025920359692548956
10106,-0.0845440437101035
10107,-1.4126705195170537
10108,0.9254194716110334
10109,-0.025239137357444274
10110,0.03748664500138673
10111,-1.6194658832091637
10112,0.882849835849228
10113,0.04638885416231943
10114,0.29534872885773733
10115,-0.5010523537443641
10116,0.42708924809968163
10117,-0.013082798469290356
10118,-0.9695653052111711
10119,1.0313590085862985
10120,0.04638885416231943
10121,-0.23409594714599846
10122,-1.5034583320999495
10123,1.1792588962367188
10124,-0.13381371338713688
10125,0.07454903981297627
10126,-1.000108249479352
10127,1.4220679452259928
10128,-0.2583420103652436
10129,-0.6744997329986604
10130,0.8391664954757352
10131,-0.6291503581807829
10132,-1.5141986072691582
10133,1.104605188638553
10134,-0.0400658155275054
10135,-1.4215324209526625
10136,0.9058881546203521
10137,-0.8490793472250157
10138,0.4518765470686436
10139,-0.4127891457040141
10140,0.20122269538536633
10141,-1.389745641500861
10142,0.05405506383266668
10143,-0.5233113583492335
10144,-0.08320967408158125
10145,-0.3391414306696004
10146,0.07806860898968045
10147,-0.5408187955247901
10148,0.5182258372320213
10149,-0.3907632002476802
10150,0.3258329747808122
10151,-0.8913848528687002
10152,0.33280842124823434
10153,-0.4712303433269105
10154,-0.06549037031964659
10155,-0.2501175403185568
10156,0.16560943524256663
10157,-0.25448510171339944
10158,0.924535309229373
10159,0.924535309229373
10160,0.8050114505176006
10161,0.7536294082624714
10162,0.5918847462170768
10163,0.44117141584480224
10164,-1.2555874409747483
10165,2.3338823889670546
10166,0.5424599829695435
10167,-0.09692138567832348
10168,-1.4866601008682863
10169,1.979656145607385
10170,0.5570821194678979
10171,0.4282655289797179
10172,-1.1578446710330537
10173,2.2903640488048445
10174,0.4706939130200838
10175,0.47331058744233123
10176,-1.3402170067347954
10177,2.12665513623142
10178,0.5424599829695435
10179,0.3689017297657899
10180,-1.2507986100793633
10181,2.3107994792721653
10182,0.5680788292562913
10183,0.47331058744233123
10184,-1.4107146944941376
10185,1.8693127094661335
10186,0.49228002387126535
10187,0.3059167129158979
10188,-1.6212609812630432
10189,2.3336448252705977
10190,0.6469490557795571
10191,0.35269944574339435
10192,-1.562414372067827
10193,2.5377098576243724
10194,0.6855488593140515
10195,-0.03808016516626083
10196,-1.560788619199596
10197,2.0288315207651473
10198,0.5391522243806777
10199,0.8947468540547743
10200,-1.5006338206911294
10201,2.3182499644675443
10202,0.21638456932902833
10203,0.30946486377288174
10204,-1.5827444807515354
10205,2.3305894832955607
10206,0.5821381079990261
10207,0.7759503800244332
10208,2.150339042134696
10209,0.5266938701054763
10210,0.3932556932625831
10211,-1.2853532393911282
10212,2.149902399365808
10213,0.5417627012015086
10214,0.44117141584480224
10215,-1.4379100212385085
10216,2.043540899210308
10217,0.5404347228925062
10218,-0.038166213562618866
10219,-1.4383360064566972
10220,2.3340814680394857
10221,0.5274202673659949
10222,-0.0530569153126331
10223,-1.4090981229621036
10224,2.103825414532761
10225,0.5424599829695435
10226,0.30946486377288174
10227,-1.4090981229621036
10228,2.3103628365032773
10229,0.6057135320320819
10230,0.49965570961087014
10231,-1.4425166650250438
10232,2.3298509484858276
10233,0.6600094341815037
10234,0.44117141584480224
10235,-1.2805527673065757
10236,2.1349441813316425
10237,0.32329443676976316
10238,-1.1080371699170928
10239,-1.2751722060436173
10240,2.5106217708548604
10241,0.6193602023642257
10242,0.47331058744233123
10243,-1.3119672033197896
10244,2.2955731027689743
10245,0.6643087027837664
10246,0.026005587494672817
10247,-2.32064635348644
10248,2.3186866072364323
10249,0.509924782029513
10250,0.5542496500859329
10251,0.10480103746527078
10252,0.687617824863887
10253,-0.2328593337442915
10254,0.5542496500859329
10255,-0.07251116946214926
10256,-1.4095955323615317
10257,0.5580648072998636
10258,-0.8594765125750504
10259,-0.04616807928817226
10260,-1.620100645905041
10261,-0.06125863964577345
10262,0.5078018406822706
10263,0.664563170884362
10264,0.48021927186982677
10265,-0.7453671850850303
10266,0.8069696751058337
10267,1.135161854522547
10268,0.4264320735487394
10269,-0.29569828938637993
10270,0.10207647851372056
10271,0.8405369305451919
10272,0.40024858675038655
10273,-0.5636826387311091
10274,1.4186625094973224
10275,0.8813294193631237
10276,0.4787337173217616
10277,-0.6169878037379151
10278,-0.17803496536697572
10279,-1.1261295108588831
10280,0.5707374325091374
10281,-0.47100069744267525
10282,-0.9740842831160359
10283,0.7616941219044269
10284,0.06645425572969568
10285,-1.0950718102649417
10286,0.7638026385641145
10287,0.584218543357318
10288,1.1639990051226603
10289,0.18722829514774855
10290,-0.5069857989277724
10291,0.7198126705467471
10292,0.7528989938791887
10293,0.44499676674327343
10294,-0.6801525212505186
10295,0.20522721792360707
10296,-0.8555609218749533
10297,0.08841304081127008
10298,0.615354998089285
10299,0.3464879784013187
10300,-0.4769098784697298
10301,-0.8126933103398651
10302,-0.9291576064147024
10303,0.15500908349645798
10304,0.9368092069555856
10305,-1.039931070480303
10306,0.2832621733629935
10307,0.5033519219496451
10308,0.457051204329701
10309,-0.8896214309166767
10310,-0.1961649491016764
10311,-1.2447953828160823
10312,0.6617639513570094
10313,0.73417205038246
10314,1.033334758042478
10315,0.44008595967356695
10316,-0.40548952879802097
10317,0.1833816389615477
10318,0.165860969576502
10319,-1.2701963258814741
10320,0.302587423636724
10321,-0.5765544355283941
10322,-0.16479583954227187
10323,-0.42358464092919124
10324,0.6550727588173642
10325,-0.2922440716088469
10326,-1.3484879133314653
10327,2.4536850784122346
10328,-1.6405701800247128
10329,-0.04371342923923802
10330,-0.61179235239534
10331,2.661926982595736
10332,-1.9208317594782693
10333,-0.2910075911703446
10334,-1.524258767822441
10335,2.675501043373326
10336,-1.7667270503935955
10337,-0.3467330963055254
10338,-1.3574626259178413
10339,2.517318658844546
10340,-1.299976847379262
10341,-0.3808602087462422
10342,-1.097780582996472
10343,2.6712560304996567
10344,-1.0573062031272966
10345,-0.3091440234952702
10346,-1.522229861587252
10347,2.6648338731153065
10348,-1.2240444631699525
10349,-0.3368793847812567
10350,-1.4860363933068268
10351,2.537876433187349
10352,-1.520026238795977
10353,-1.30561920583481
10354,2.537876433187349
10355,-1.2981693973753867
10356,-0.5788321073790299
10357,-2.0277651399820775
10358,-1.3300745855060494
10359,-0.5068060480002977
10360,-1.6435290106623845
10361,2.510089173538226
10362,-1.5606495154587539
10363,-0.07753994049302367
10364,-0.18520647310778296
10365,2.4573368673976375
10366,0.2369458736858653
10367,-0.4077305935016876
10368,-1.783235618695955
10369,2.6648338731153065
10370,-1.5356266867070059
10371,-0.15565956269990736
10372,-0.5927239757498103
10373,2.537876433187349
10374,-1.8040538753334794
10375,-0.22354297004047471
10376,-1.4816634495324896
10377,2.8040308776077625
10378,-1.189277593042423
10379,-1.1846854998046852
10380,-0.5510712924657873
10381,2.537876433187349
10382,-1.3460209792904252
10383,-0.2627715339329126
10384,-1.231589553533358
10385,2.537876433187349
10386,-1.7542866318055195
10387,-0.0011428124108617778
10388,-0.4478145931326967
10389,2.537876433187349
10390,-1.3133162531465792
10391,-0.2627715339329126
10392,-0.7690730522967518
10393,2.1000589013099966
10394,-1.3587791157654987
10395,-0.24985994024153788
10396,-0.5983178062173778
10397,2.6648338731153065
10398,-1.282964981411505
10399,-0.8745826643798099
10400,0.9301767688955682
10401,0.3291575946277776
10402,-0.21539128496100662
10403,0.6670303570076267
10404,0.47701707308425695
10405,-0.1961649491016764
10406,0.657363563021878
10407,0.29370228278833066
10408,-0.21342331492039235
10409,0.6397057973914996
10410,0.29370228278833066
10411,-0.22032543519008715
10412,0.7523720394856486
10413,0.5127995417770541
10414,-0.17532233192952504
10415,0.7941830554466717
10416,0.3730041141125198
10417,-0.6193623922618068
10418,0.7861645089678354
10419,0.6320111081218676
10420,-0.19312552572457692
10421,-0.45820155413766944
10422,-1.1868883658857887
10423,-0.21151005159308142
10424,-0.4588492773219091
10425,-0.7672724143569465
10426,-0.4529382680749369
10427,-0.13230265138315697
10428,-0.42381945426555007
10429,-0.20126046224390962
10430,-0.3087799520060995
10431,-0.5345544227637437
10432,-0.3955592928917439
10433,-0.2172661181803184
10434,-0.26923002623967096
10435,-0.2479987024976514
10436,-0.5238882535082339
10437,-0.39192868938460274
10438,-0.8602078664777408
10439,-0.6611712841117366
10440,-0.5484820640072436
10441,-0.5297505178753554
10442,-4.90613179137445
10443,-0.6001762471496924
10444,-0.3365681837204358
10445,-0.5234940777501265
10446,-1.0888574839094518
10447,-0.45820155413766944
10448,-0.12325942432422649
10449,-0.6722139074887453
10450,-0.2738666684092772
10451,0.05651433749519453
10452,-0.45665092065773066
10453,-0.30715080739110007
10454,-0.03470042152450511
10455,-0.7110709189177361
10456,-0.5297505178753554
10457,-0.5238882535082339
10458,-0.24185369872570883
10459,-0.38481103315259213
10460,-0.305539133842716
10461,-0.5345544227637437
10462,-0.4603385467325146
10463,-0.11177065078247775
10464,-0.08029075588492991
10465,-0.44891822547600013
10466,-0.45820155413766944
10467,-0.20523487483248598
10468,-0.44891822547600013
10469,-0.31396337691748016
10470,-0.17803496536697572
10471,-0.46155355768413436
10472,-0.2482490639382078
10473,-0.1943479459814261
10474,-0.4964154084292968
10475,-0.3365681837204358
10476,0.04425423764360151
10477,0.16967349416995445
10478,-0.00875631867051332
10479,-0.6887932983639726
10480,0.5846757354243106
10481,-0.15350403834137982
10482,-0.0015651132666862654
10483,0.5066095583100824
10484,-0.08405212764080013
10485,0.28628362294265935
10486,-0.08110241859103719
10487,0.19363857306114904
10488,0.5363421689819402
10489,-0.1526089457595464
10490,-0.9267866630900934
10491,0.2913692441619703
10492,-0.058698728794895114
10493,-0.2807741290124529
10494,-0.046680231973542215
10495,-0.4016376667496539
10496,-0.3091389154667819
10497,0.5374449312853508
10498,0.27478515699231204
10499,-0.6194411247782318
10500,0.01216937020212949
10501,-0.9913637650230025
10502,-0.4225767130526279
10503,-0.6173992780675155
10504,-0.5360951926230761
10505,-0.8495543947980222
10506,0.031153881365376713
10507,-0.9278409844489695
10508,-0.7083213850077373
10509,-0.7005427550775462
10510,0.25432996031890276
10511,-0.8761934184313546
10512,-0.4779829754141251
10513,-0.4949020186545631
10514,-0.0008115578072177469
10515,-2.144060946086952
10516,0.23448936675214999
10517,-0.24021550492770744
10518,-0.6206493867065781
10519,0.2656560145677196
10520,-0.8647845587724344
10521,0.4910407471437999
10522,-0.23787531548724974
10523,-0.1486624081634068
10524,-0.28246799769396813
10525,0.4016748736903468
10526,-1.1543471057716925
10527,0.02372666633002425
10528,-0.8755843354644642
10529,-0.12741705705265194
10530,-1.1443000727131656
10531,-1.0946117258517665
10532,-0.2463933905118487
10533,-0.022807094401146012
10534,-1.4215324209526625
10535,0.13548608391042652
10536,0.318465760424757
10537,-0.4720908115218973
10538,0.37686812921269847
10539,-1.2784336522045743
10540,-0.3462676138963994
10541,-0.9213790139647304
10542,-0.10224763044092586
10543,-0.08547504118633548
10544,-1.1332098601468734
10545,-1.0333561175820596
10546,0.22746453882442594
10547,-1.5946848923585462
10548,-0.6830090132313376
10549,0.25828726483733916
10550,-1.30603484355801
10551,-1.018379795001477
10552,-0.1492241276706935
10553,-1.6714746208420277
10554,-1.2933035878960444
10555,-0.6911925690999807
10556,0.3317983349959923
10557,-1.5479810084505845
10558,-0.5443583457479511
10559,0.08180379189696543
10560,-1.1332098601468734
10561,0.5977636857634053
10562,0.2053662537717066
10563,-1.2869380548139626
10564,-0.46130254469182785
10565,-1.4141195973191552
10566,0.04737987373912234
10567,-0.985300620341208
10568,-0.8343589134216999
10569,-1.3054734708427
10570,0.07074828098541024
10571,-0.2954611961635652
10572,-0.17132985148681779
10573,0.6560635292700993
10574,-1.37157062032885
10575,-0.6147483137120949
10576,-1.172307735376835
10577,0.2291714805819581
10578,-0.47549940848592226
10579,0.6981087235336151
10580,-1.0248619262574705
10581,-0.40100797593489196
10582,-0.47996361347276595
10583,-1.218518568782506
10584,-0.3407824024711478
10585,0.0058419382231640555
10586,-0.6253587007384191
10587,-0.6097082411611808
10588,-0.5381777393215278
10589,0.08839087942612771
10590,0.5592041815320765
10591,0.38838564555834715
10592,-0.5310274407313295
10593,-0.5313579663029738
10594,1.1815867629467893
10595,-0.5198425669106466
10596,0.12631832654662545
10597,-1.495323044846177
10598,-1.7247377323836122
10599,0.12383693176200974
10600,-1.126109903676076
10601,-0.051591186011127624
10602,-0.7332298889068348
10603,-0.4119437196178957
10604,-0.2863530458687397
10605,0.1947453069216257
10606,-0.12167376448122455
10607,-0.06810026650506391
10608,-0.1528323448550717
10609,0.4342671060223328
10610,-0.7822375815489053
10611,-0.321379143703436
10612,0.9112387858307789
10613,-0.6926219870005984
10614,-0.27107727999385944
10615,-0.4562024631718092
10616,-0.39111989991530716
10617,-0.8694695221475621
10618,-0.247101853989398
10619,0.1641100226274523
10620,-0.061366162496881725
10621,0.10936391796773692
10622,0.03336033775584259
10623,0.23646996027136605
10624,0.3696410743003615
10625,-0.0938828347007375
10626,-1.4045081755129634
10627,1.2522038477449755
10628,-0.18805227549696918
10629,-0.19156957791345564
10630,0.3051367369132024
10631,0.3689017297657899
10632,-1.0083786992777075
10633,1.1466059472822023
10634,0.05268941178854528
10635,-0.5271398461321449
10636,0.10936391796773692
10637,-0.08487868708673701
10638,-1.6586174896259653
10639,0.9690757730654541
10640,-0.09561140412937974
10641,-1.0246112586396277
10642,1.9942598478911344
10643,0.23219273514885347
10644,0.28260980842139805
10645,0.5378271641999605
10646,-0.07263243163930759
10647,-0.22852796474633855
10648,0.3517476362306218
10649,0.21597351098542616
10650,-0.594201588869128
10651,0.6312681622562023
10652,0.21118674453947875
10653,-0.07850621187352767
10654,0.5254193062295865
10655,0.05268941178854528
10656,-1.3326849727798176
10657,0.9706597843428256
10658,0.3431168095364968
10659,-0.0772231229463785
10660,-0.050028665720250956
10661,0.018870703742086794
10662,-0.2628260808892022
10663,0.5459518377662435
10664,0.447917111337176
10665,-1.525719858898445
10666,1.4647052030414789
10667,-0.31556788184498696
10668,-1.061109563057616
10669,-0.00531268944904186
10670,0.25893291263177165
10671,-0.5391938807907016
10672,-0.23788356233325902
10673,0.17054564834205174
10674,-1.3685710350250213
10675,-1.021511934645635
10676,-0.4953785170757587
10677,-0.9934789063057816
10678,-0.8971090548447247
10679,-1.7728499765866663
10680,-0.41201485301715063
10681,-0.4815098397907764
10682,-0.004102187516340677
10683,-1.018951069141746
10684,-0.17643960665181802
10685,0.33628726810946036
10686,2.394420881727557
10687,-1.295710351110363
10688,-0.49455087839862927
10689,-0.9368280043744374
10690,0.3616325357477298
10691,-1.2735556345115837
10692,2.3107994792721653
10693,0.6469028778304206
10694,0.6667015753158623
10695,-0.029821942293539613
10696,0.33718241785705977
10697,-1.2433696649123054
10698,1.8865688502808982
10699,0.21851656058392468
10700,0.7298098976838333
10701,-1.1624421190697183
10702,2.3807096910071475
10703,0.6634494099034716
10704,-1.2725507880804279
10705,2.6897917888237663
10706,-0.20775888249020752
10707,-1.1583665696430259
10708,-0.495352111202496
10709,-0.07230163536188522
10710,0.24873720723616669
10711,-1.2330709557861959
10712,1.8005511667541219
10713,0.5424599829695435
10714,0.5805357238966816
10715,-1.2647307297524029
10716,2.043977541979196
10717,0.5577181969746704
10718,0.44117141584480224
10719,-1.5550034493648186
10720,2.150339042134696
10721,0.5424599829695435
10722,-1.107519423323352
10723,0.676556479952722
10724,-0.8155182932754191
10725,-0.8498745606216039
10726,0.4432962446771043
10727,-0.891324252430325
10728,0.08908189483613951
10729,-1.6751841304593602
10730,-1.6303835110784697
10731,-1.2200595621415724
10732,2.601199596943505
10733,-1.6606216916622314
10734,-1.0206166054064119
10735,-0.04884664647101772
10736,0.1621233038270899
10737,-0.3644851441739964
10738,-0.1528533162338933
10739,-0.36347718669515894
10740,0.8353054341474304
10741,-0.7347340776903327
10742,0.14595422382516984
10743,-0.3035504624319111
10744,0.655089811577158
10745,0.23667206198668
10746,0.09842404338764281
10747,0.8023835671180194
10748,0.22500874324122275
10749,-0.20734094834833658
10750,0.5975660595054427
10751,-1.2044646706901594
10752,-0.08508836727473416
10753,0.23484191225916826
10754,-0.7570354101153763
10755,0.26516335241283323
10756,-0.8876503500722036
10757,0.03333487533370479
10758,-0.690145110004606
10759,0.2858107841013243
10760,0.31474321490874846
10761,0.6734474091904521
10762,0.4555164840191228
10763,0.5464336553438128
10764,0.47856690042363303
10765,-0.6857826410245585
10766,-2.230057041524478
10767,0.44333559746327056
10768,-1.0403106492998488
10769,0.41394038167532793
10770,0.08151331262924025
10771,0.37824627130090427
10772,0.7902306264709626
10773,1.0080332891688772
10774,0.5612704004821852
10775,-0.33245100682572964
10776,-0.21544937028220737
10777,-1.0317746300970065
10778,0.26508028106361065
10779,0.7474343692712204
10780,0.8773014628843742
10781,1.2250478517244476
10782,0.6988976830991676
10783,1.1600429699506711
10784,1.1015914934139346
10785,-0.7190433487464576
10786,-0.21455249019304967
10787,-1.6435290106623845
10788,-1.1964856474935053
10789,-0.13630030581948674
10790,-0.35317484241112124
10791,2.7747261335357094
10792,-1.267048040227625
10793,0.04438164008006273
10794,-0.3661301318513573
10795,2.6610167769655355
10796,-1.6806261604797759
10797,-0.34052088528724844
10798,-0.22138457690239524
10799,0.014651231134167244
10800,-0.22101250111486123
10801,-0.4197426842946139
10802,-0.3821594998825303
10803,-0.11856767327460134
10804,-0.018517336118742
10805,-1.266971410144227
10806,-0.2830347539447658
10807,-0.08031706693189784
10808,-0.41846567305981597
10809,-0.57076374010956
10810,0.34772637343108465
10811,-2.871589496639873
10812,-0.3810620980407358
10813,-1.565035498720789
10814,2.808101566499592
10815,-1.1493765658086759
10816,-0.49668453965655157
10817,-1.3336962835078825
10818,2.6648338731153065
10819,-1.2704501660594063
10820,-0.3810620980407358
10821,-1.7663712439929873
10822,2.675501043373326
10823,-0.2317839512918438
10824,-0.1307547850655239
10825,-2.867999189087994
10826,0.6436593910825924
10827,-0.5746288399232868
10828,-0.06051369991494594
10829,0.12009944392958799
10830,-0.3419953801521445
10831,-0.5053062004028858
10832,-0.49256202656146836
10833,-0.9081335136402314
10834,0.330680377452856
10835,-0.17485036041396837
10836,-0.5269472172262185
10837,-1.1576590609969806
10838,0.09483967885842413
10839,-0.657022993739282
10840,-0.3813498714339106
10841,-0.3769638426322519
10842,-0.32625340247598555
10843,-0.42972787024807946
10844,-0.49804940781768126
10845,-0.16275003668717303
10846,-0.23514769086589354
10847,-0.4827501522625201
10848,-0.3365681837204358
10849,-0.09775651082268673
10850,-0.36119682191750546
10851,0.46975936219706654
10852,0.492039527633941
10853,-0.4824533121122144
10854,-0.6970222991695958
10855,0.798087412854978
10856,-0.3525654974018525
10857,-0.4934241547436279
10858,-1.7674361769582958
10859,-0.2967034392085839
10860,-0.6794717149648335
10861,-0.9257630106142062
10862,0.6155770511608967
10863,-0.282985328416447
10864,0.6319449340172375
10865,1.0582430686254733
10866,-0.48448058183856796
10867,-0.9131008501226371
10868,0.269696262857098
10869,0.052002609319280815
10870,-0.6709191263403586
10871,-0.3740115644451167
10872,0.4339689252498028
10873,0.3291575946277776
10874,-0.2305399306398087
10875,0.7099142724601413
10876,0.37557222598411155
10877,-0.12129881191274437
10878,0.9532797201932506
10879,0.6101863738840856
10880,-0.18450979822615335
10881,0.7312437465483922
10882,-0.5712011489102373
10883,-0.29086048624271116
10884,0.19363857306114904
10885,0.4632069447448139
10886,-0.4961923556290389
10887,-0.48909245677921953
10888,0.7273450174492854
10889,-0.13467132814966007
10890,-1.1948768240410188
10891,0.35474987573328126
10892,-0.5396478717154546
10893,-1.2047945931070962
10894,-0.9471908991276744
10895,-1.0522138180866458
10896,-1.6765656444829322
10897,-1.2069352928696087
10898,0.6591532298183593
10899,-1.1741906412242147
10900,-1.0094791515552322
10901,0.752099979935052
10902,-0.7892408046129138
10903,-0.8853461893222528
10904,0.6151792432257972
10905,-0.6925638351852017
10906,-0.9765323956533042
10907,-2.3372986295856366
10908,-1.2172017765258536
10909,0.8467288567493629
10910,0.15488627141835226
10911,0.6710043251984225
10912,0.3534642108318256
10913,-0.9209829840188016
10914,-0.06835309424828731
10915,0.07703197765348292
10916,-0.5745811710789769
10917,0.005358354276817716
10918,-0.053814791713845365
10919,-0.44098879699427684
10920,0.07494516647393146
10921,-0.599816952536133
10922,-1.8126267909608316
10923,-0.12953633233466427
10924,-0.1430879562689535
10925,-1.3449397268621062
10926,-0.051591186011127624
10927,-0.7332298889068348
10928,-1.1844485481041735
10929,0.6918347749826308
10930,-0.8557040651935468
10931,-0.16014096200188574
10932,-1.6275966375321702
10933,0.1433774494648542
10934,-0.3462834904876648
10935,-0.25448510171339944
10936,0.29090222407145233
10937,-0.39846275773631273
10938,-1.2102186131700448
10939,0.04652663473708946
10940,-0.9999346023229315
10941,-0.2501175403185568
10942,0.13479557117669072
10943,0.3515145102556218
10944,-0.2652081006761579
10945,-0.24156745255023368
10946,0.09699927162092888
10947,0.6461635762146105
10948,-0.4418473848062297
10949,2.1427316354820536
10950,-1.6538644636052582
10951,0.6847028460209373
10952,-0.1395596445094805
10953,-0.3718421049822779
10954,-0.2501175403185568
10955,-0.9903612094110716
10956,-0.06549037031964659
10957,-0.32623133915060415
10958,-1.0597869678746348
10959,-0.13775077306950528
10960,-0.11217861319610113
10961,-1.0293722948829596
10962,-0.12383328102290339
10963,-0.6320347614695354
10964,-0.9503518549531719
10965,-0.4421486847360304
10966,-0.05609972291024361
10967,-1.0504293344998357
10968,-0.07695136515239553
10969,0.31335155251846886
10970,-0.959021928919802
10971,-0.07263702257346898
10972,0.09050017681427404
10973,0.23028083528135995
10974,-0.5460494272595419
10975,-0.047583581415737
10976,-0.12579573722924461
10977,0.8430707488579997
10978,-0.1788614206208842
10979,-0.09607301762051422
10980,-0.29086048624271116
10981,0.03163962509150072
10982,0.05400124835080343
10983,0.0375957802443397
10984,0.049697740800465955
10985,-0.9835384804130224
10986,-0.8060923228844498
10987,-0.4941084230891678
10988,-0.05866180305172636
10989,-0.6598247674477172
10990,-0.4779829754141251
10991,-0.19983002905807856
10992,-0.09321663597072515
10993,-0.39456206042827
10994,0.20151887374204838
10995,-0.36665828455746746
10996,-0.5318711508623826
10997,-2.15294699587533
10998,-0.3407824024711478
10999,-0.2077169500628688
11000,-0.5162957859251512
11001,-0.504262624476853
11002,-0.4941084230891678
11003,-0.10955214836733665
11004,0.8705447313746041
11005,-0.13131293315522807
11006,0.23627209438512145
11007,-0.0910465624596449
11008,0.6324682611985784
11009,-0.8627918118913818
11010,-0.5101949256863134
11011,-0.8032561533238048
11012,-0.2628226084242701
11013,0.08725749209062843
11014,0.21504101056424837
11015,-0.1436220176009515
11016,-0.16014096200188574
11017,0.11009854574502652
11018,-0.7593367393990509
11019,-0.1729452677843636
11020,-2.0839020330549447
11021,-0.13366383030528955
11022,-0.2703693477329883
11023,-0.2640772586851996
11024,-0.11812465857057915
11025,-0.14709952044062358
11026,-0.11281779284294023
11027,-0.3010851880949348
11028,-0.6181005343822616
11029,-0.17007822217470772
11030,0.21620655501924604
11031,-0.6730741494624655
11032,-0.26670499205419246
11033,-0.18010455624002286
11034,-0.6173349560312938
11035,0.06597539447143128
11036,-0.7503092022816318
11037,0.513933579888355
11038,-0.07818227843792216
11039,-2.651707980446353
11040,-0.09626424963642212
11041,-0.8493183375194481
11042,-0.12913767767564063
11043,0.4947704736995787
11044,-0.07287118356693446
11045,-0.13760231740517562
11046,0.6934799353315274
11047,-0.41441183728865544
11048,0.059306916141841734
11049,-0.4421143968445763
11050,-0.7263506688726038
11051,-1.0838514796575827
11052,0.009918903281329034
11053,-1.7429500056740215
11054,0.09033557584311397
11055,-1.4022759085556045
11056,-0.46371913077512816
11057,-0.15941415803964548
11058,0.03748664500138673
11059,-1.2749253174435022
11060,-0.09561140412937974
11061,-1.4961699441831615
11062,-0.9647355242522333
11063,-0.19452825429278503
11064,0.7634464998788145
11065,0.4264886528980167
11066,0.0037155073050379453
11067,-0.6333520119340323
11068,-0.3196573650514751
11069,0.16489078338236712
11070,0.8868706498960301
11071,0.616992537190989
11072,-0.674612984975164
11073,-0.29658143082418986
11074,-0.6433457940036484
11075,-0.02561421727934825
11076,0.21674395090568652
11077,-0.819351803219411
11078,-0.677498943047207
11079,0.3433508556052537
11080,-0.9918464411885631
11081,-0.032059141345629955
11082,-0.02927538174220434
11083,-1.331943309920124
11084,-0.15481237000913428
11085,0.6164792345184482
11086,-1.2887521162576074
11087,-0.05230081881308252
11088,0.3706340594097863
11089,-1.2277209909325286
11090,-0.11774379988032392
11091,0.19027569341410544
11092,-1.2784336522045743
11093,-0.7583374544147197
11094,-1.1109173846234772
11095,0.0661184477266794
11096,-0.11211178543016123
11097,-0.37902773185440086
11098,0.30818219251244283
11099,-0.2807978423416972
11100,0.6426553237249648
11101,-1.214524749319945
11102,-0.49042921530584827
11103,0.06358163609683505
11104,-1.2140463957662098
11105,-0.36440189761004393
11106,-1.1051909542505776
11107,0.27947841074597796
11108,-0.022849284334763544
11109,-0.37246587001664355
11110,0.3984661460965582
11111,-1.0427050021750373
11112,-0.7575809256598677
11113,-1.796790417827539
11114,-0.337216624468999
11115,-1.6184413310995542
11116,-0.07411542327905701
11117,-0.07725026374395541
11118,-2.5113425805421645
11119,-0.11844538797509728
11120,-0.16736701823759575
11121,-1.4828051582000596
11122,0.17238456006736003
11123,-1.0228170789577358
11124,-1.3650201340413721
11125,-1.5718582303640902
11126,-0.4942867212631895
11127,-1.0161300472360912
11128,-0.30281237318963866
11129,-0.9213917174565787
11130,-1.0971175057647944
11131,-1.1476070432086494
11132,-0.36440189761004393
11133,-1.0511922098482382
11134,-1.2094890765093766
11135,-1.0448221565244538
11136,-0.9468773821771371
11137,-1.0890448964645238
11138,-0.20961253053809878
11139,0.11473801604605978
11140,-0.3720108596236046
11141,0.873480939799826
11142,-0.9727085188298535
11143,-0.36440189761004393
11144,-1.0138520414004368
11145,0.11369246615123907
11146,-0.5544235820889223
11147,-0.7617631363099364
11148,-1.0044378803822605
11149,0.20323677665596007
11150,-0.8818262115044474
11151,-0.5727068322217485
11152,-1.09437846145737
11153,0.13484507540862276
11154,-0.37686587273314975
11155,-0.01871234975199761
11156,-2.038713106412089
11157,-0.18283268975016875
11158,-0.07106053476909491
11159,-2.2417116147987004
11160,-0.36801989480364655
11161,-0.4592803374017047
11162,-0.13240644233699078
11163,-0.19042724149043666
11164,-0.3209824675775026
11165,0.19249212814364428
11166,-0.8185293336126287
11167,-0.3364852710422734
11168,-0.1732233227166625
11169,0.3989228956148255
11170,-0.06562332052546234
11171,-0.2890269048396442
11172,0.06793613129951293
11173,-0.9783315387056146
11174,-1.1048898178752218
11175,-2.484922818925552
11176,-0.2626688097725478
11177,-0.01714030043145423
11178,-0.9708811491377853
11179,-0.24090231650414726
11180,0.03194820632185635
11181,-0.1392659643943116
11182,-0.25165762901673605
11183,-1.587033572722664
11184,-0.15725584548216615
11185,-0.7980277847492769
11186,-0.1524743461846438
11187,-0.2849608024437837
11188,0.013912611282732216
11189,-0.18994523159764984
11190,0.08632679696720971
11191,-0.6895440097587516
11192,0.13186029680323527
11193,-0.16106891528232073
11194,0.2751557737546465
11195,-0.059335022708343545
11196,-0.09650160119333749
11197,-0.05673817967706911
11198,-0.493694566394093
11199,-0.11335854272512445
11200,-0.1911838074509602
11201,-0.8141970017128548
11202,-1.0544418084201332
11203,-0.020810498983824276
11204,-0.2699405114905164
11205,-0.9087953910834063
11206,-0.1609358391663585
11207,-0.2863530458687397
11208,-0.059335022708343545
11209,-0.18373271800276894
11210,0.07934707567086689
11211,-0.17533668113283546
11212,0.303718963430569
11213,-0.07142480925070323
11214,-1.1562274987804106
11215,-0.19042724149043666
11216,-0.12476128669526934
11217,-0.2911154947257371
11218,-0.2755947935632688
11219,-1.6833630108608095
11220,-0.6391111517812713
11221,-0.01866324816318805
11222,-0.862743412013586
11223,-0.1808400779346456
11224,-0.013310776018263472
11225,-0.12167376448122455
11226,-0.3213872354367388
11227,-0.20456054563503412
11228,0.029507541131347723
11229,-0.7332298889068348
11230,-0.1447395124785683
11231,0.03748664500138673
11232,-1.3267047485749572
11233,0.897876399940367
11234,-0.08487868708673701
11235,-1.2199839192775133
11236,0.8958760920543661
11237,-0.020970886956755926
11238,-1.7964166027332213
11239,0.48957456964268303
11240,0.688686906614465
11241,0.22683654803106626
11242,-0.09638025231805863
11243,-0.020970886956755926
11244,-1.6680819075602544
11245,-0.10326198266487631
11246,0.026005587494672817
11247,-1.6205912754446807
11248,1.585291213296138
11249,-0.004102187516340677
11250,-1.5066792516326672
11251,1.7689114577578724
11252,0.34721807976413
11253,0.248191571971795
11254,0.3781978999106072
11255,-1.1834062121025366
11256,0.9759806792397361
11257,-0.007885549310238198
11258,-1.3304125519846792
11259,0.9520481504349397
11260,0.09182260362138582
11261,0.5618625457027429
11262,0.7258081956476429
11263,-1.144595919304376
11264,0.3049372662282678
11265,-0.020810067414699984
11266,-0.9389849183161192
11267,0.8616375889236496
11268,0.050244340956989236
11269,-0.6325637147925213
11270,0.9007617828024114
11271,-0.9316660275949875
11272,0.10136684392451951
11273,0.2665711894626444
11274,0.026005587494672817
11275,-1.6830045089963763
11276,0.855942480372275
11277,-0.06694833083435714
11278,0.05268941178854528
11279,-1.581047258795079
11280,1.1804889152511389
11281,0.38638898781021136
11282,-1.2843946426082344
11283,0.8680884376125644
11284,0.04638885416231943
11285,0.09033557584311397
11286,-1.6449195250767505
11287,0.7266251810574473
11288,0.05268941178854528
11289,-1.1786099177898226
11290,0.928623542578145
11291,0.03748664500138673
11292,-1.3267047485749572
11293,0.6749460247489832
11294,-0.0400658155275054
11295,-0.220904194739504
11296,0.40387874780818683
11297,-0.43734436922015196
11298,0.10710570458658074
11299,-0.6420825136628077
11300,0.30475131832485997
11301,0.21159078940157716
11302,0.3752502695832486
11303,-0.0206930919489583
11304,0.2040316965369043
11305,-0.023281609013338665
11306,0.03221420687125113
11307,0.259771293314856
11308,-0.49462048618442617
11309,0.5049271878225575
11310,-0.2478345801020085
11311,-0.11750174793576977
11312,-0.2565338245971762
11313,0.2576256566874585
11314,-0.006152109385659568
11315,0.860911546553213
11316,0.12581844463984004
11317,0.8817095643618714
11318,0.9124856935635265
11319,0.46622546608542054
11320,0.10225158277345643
11321,0.6719886463597693
11322,0.38638898781021136
11323,-1.451199373219525
11324,0.0015511708498122184
11325,-1.1765631612153142
11326,-0.5244913926887348
11327,0.009656827628845852
11328,0.17276443243501294
11329,-1.5249054831785387
11330,2.3186866072364323
11331,0.5680788292562913
11332,0.41933672980796494
11333,-1.1315694531341596
11334,-0.04649460256019665
11335,-0.09561140412937974
11336,-0.4892629593817601
11337,-0.008021801956136708
11338,0.0840761456298404
11339,-1.2688711537894812
11340,2.1358858071700966
11341,0.5154480914113915
11342,0.46745262271073085
11343,-0.776755821292585
11344,2.210651338611389
11345,-0.5418272672869723
11346,-0.3550672105661501
11347,-0.3119772917185262
11348,-0.1435917167437747
11349,1.0377199569932922
11350,-1.5412190901130585
11351,2.4155118521406918
11352,0.6350749047214841
11353,-1.5996073515183982
11354,-0.3307467573213265
11355,-1.1098369363962481
11356,-1.0438299842283356
11357,2.5709338794034986
11358,-1.5975303916490258
11359,0.06563484480855954
11360,-1.1097538121394983
11361,2.3035405860223834
11362,0.39046066404252644
11363,-0.6900699256317725
11364,-0.24497163914965975
11365,0.0015511708498122184
11366,-0.16731128388199928
11367,-0.4288288361468533
11368,-0.134310855169842
11369,0.24873720723616669
11370,-1.5018798795124062
11371,1.9289292138500218
11372,0.4859521270252107
11373,-0.7556953416126964
11374,-0.5000469839640949
11375,-1.2363357110037791
11376,-0.5773129724337849
11377,2.299340019367446
11378,-1.6171226083949841
11379,0.3431168095364968
11380,-1.3143417248591225
11381,0.015279769657783014
11382,0.6730166414580644
11383,-0.46469336986843307
11384,-0.3293839336229106
11385,0.47331058744233123
11386,-10.617866720925843
11387,1.9349667336825667
11388,0.6045694582261251
11389,0.5542496500859329
11390,0.410007399161753
11391,-0.20104881802496843
11392,0.5222168148959532
11393,-0.3284346917477787
11394,-0.36696248360322553
11395,0.7650336156949079
11396,-0.969920953612083
11397,0.04240599390871024
11398,-1.2379302749926366
11399,0.32665750495381063
11400,0.52029563553586
11401,0.43918585516017394
11402,0.40024858675038655
11403,-0.012055474897888649
11404,-1.50976232207384
11405,0.30432429126036104
11406,0.7279095954847168
11407,0.20151887374204838
11408,0.2716943642332255
11409,0.9333044972382079
11410,0.6755018836790389
11411,0.302587423636724
11412,-0.769558403256698
11413,0.7133206535999551
11414,0.5073553486747469
11415,0.29370228278833066
11416,-0.5636826387311091
11417,-0.42667834648128095
11418,0.5719900778858201
11419,0.302587423636724
11420,-0.6320569321000994
11421,0.3141424643460892
11422,0.44135479860007437
11423,0.36064124446930146
11424,-0.6442204281302166
11425,0.08053589512514446
11426,0.21023516313166798
11427,0.5241459889504702
11428,-0.7834975608817082
11429,-0.08475544654629756
11430,-0.5705924381014743
11431,0.20865695820642616
11432,0.04431227699793562
11433,-1.0833574199844387
11434,0.24568558665045215
11435,-1.2447953828160823
11436,0.5665662448111007
11437,0.6185914699681975
11438,1.1553109194201052
11439,0.5768878058095135
11440,0.4581592362418698
11441,0.18060415896956442
11442,-0.8384015606295961
11443,0.5307592120852442
11444,-0.7828102397760177
11445,0.4526638777792141
11446,0.7656632064405767
11447,0.20151887374204838
11448,0.4235535468822098
11449,-1.0300043890039323
11450,0.5768878058095135
11451,1.238720682250852
11452,0.4878280035738846
11453,-0.464363718193272
11454,0.7797431326008796
11455,1.0091032503558823
11456,0.47951122222730197
11457,-0.6018620517865451
11458,1.0669019135122693
11459,0.337694449250774
11460,-0.5183165034783969
11461,0.25620203244032597
11462,0.6691206678332106
11463,0.302587423636724
11464,0.3923880211878814
11465,0.6590523741028158
11466,-0.8136341544483009
11467,0.7685872598528988
11468,-0.05662346110956734
11469,-1.4505889733023964
11470,2.46189506265778
11471,-1.2739452205353075
11472,-0.4512396100436101
11473,-0.23397963388483473
11474,-0.04787842329321805
11475,-0.08305829770238381
11476,-0.39375081442356774
11477,-1.121268376581487
11478,2.675501043373326
11479,-1.0573062031272966
11480,-0.2317839512918438
11481,-0.3209824675775026
11482,-0.1494037573007065
11483,-0.10091515908629237
11484,-0.1469479925993248
11485,-0.42432114612443417
11486,-0.1613072508185707
11487,0.056256088654328344
11488,-0.6614673164383428
11489,-0.3667360584721744
11490,-1.6744344332311707
11491,1.2225099647587838
11492,-1.1552904105177553
11493,0.08858960274259736
11494,1.4072754022236893
11495,-1.360673575451939
11496,0.0885735120243075
11497,0.4224883167184443
11498,-0.2079752725023795
11499,-0.6675860656439431
11500,0.0061069765254548524
11501,-0.22485467646579754
11502,1.2520307615856388
11503,-0.2998700144723485
11504,-0.28767453697310164
11505,0.2028122146633646
11506,-0.2174266723956532
11507,-0.47768646822272604
11508,-0.39249928950707963
11509,0.052420142779629586
11510,-0.09667274754513436
11511,-0.5849795553476824
11512,-0.2563742481574554
11513,-0.04787842329321805
11514,-0.0706875730777441
11515,-0.370350447128093
11516,-1.7531863881580343
11517,2.5915414592727357
11518,-1.4246518992608055
11519,-0.3378025813479192
11520,-0.8720616972413996
11521,-0.15742004198934864
11522,-0.022940577825538124
11523,-1.3939081746194404
11524,0.48725383761682384
11525,-0.49144094039461356
11526,0.360726568001592
11527,-0.32555466274574435
11528,-1.1787438055242014
11529,2.675501043373326
11530,-0.1667993739162181
11531,-0.6802399644126836
11532,-0.04787842329321805
11533,-0.13432240991489186
11534,0.9316213596093578
11535,0.15765525813514322
11536,-0.6867957181984828
11537,0.014651231134167244
11538,0.02021468453610079
11539,-0.4531283880201132
11540,-1.1462305022786208
11541,2.58922214847714
11542,-1.279742307415104
11543,-0.32290405934473504
11544,0.43918585516017394
11545,0.3291575946277776
11546,-0.6625430688215792
11547,-1.0268724101217186
11548,0.7320720170796551
11549,-1.440369852637043
11550,-0.895943156260269
11551,0.5943597618741857
11552,-0.22237213283267446
11553,0.5292550988508153
11554,0.3291575946277776
11555,-0.7355399550044142
11556,-1.18812420444355
11557,0.5086302546890774
11558,-0.2913991499839252
11559,0.4317063932559285
11560,0.6912350632399329
11561,0.14075813040762908
11562,-0.7854752908479261
11563,0.37557222598411155
11564,0.294664576762842
11565,0.3924602128464019
11566,0.4764039450501526
11567,-0.11954129914559392
11568,0.5288239574387315
11569,0.13402005754077168
11570,-0.5048890837642058
11571,-0.23470134450985128
11572,-0.49129750668786143
11573,-0.12308447180531075
11574,0.15851472239379222
11575,-0.24938849001013683
11576,-1.1173620017357713
11577,0.21311428321450224
11578,-0.24525792186282758
11579,-1.1173620017357713
11580,0.23559620353651872
11581,-0.4096348884672368
11582,-1.014048453888834
11583,0.3032103475557747
11584,-0.6309645670643501
11585,-1.1465030513866634
11586,0.43572736857441824
11587,-0.6679700110164063
11588,-1.024399880363961
11589,-0.7179420082374321
11590,-0.4839143712464447
11591,0.09363607513932246
11592,-0.7179420082374321
11593,-1.3145178339499122
11594,-0.10673654579383694
11595,-0.17803496536697572
11596,-0.42347803977704057
11597,-0.6186321080921847
11598,-0.9503518549531719
11599,0.5419157396595635
11600,0.13402005754077168
11601,-0.09775651082268673
11602,-0.4422894823221239
11603,-0.8073611972573157
11604,-0.7926999782879107
11605,0.21023516313166798
11606,0.494094767837875
11607,-0.4837465922117946
11608,0.29436421716807365
11609,-0.3636173928086808
11610,-0.7591804278408137
11611,-1.033829435521816
11612,-0.2347927543402736
11613,-0.44891822547600013
11614,-1.089013335917449
11615,-0.12247769932274608
11616,0.03388188637193275
11617,-0.09215301054403108
11618,0.42034173770479116
11619,0.03592640537163252
11620,-0.4328341811367968
11621,-0.8090026089188613
11622,0.33618310798905043
11623,-0.3889271713297644
11624,0.13198151911954126
11625,-0.3484527604629082
11626,-0.3954313306316472
11627,0.6040275050345061
11628,-0.0657172313596493
11629,0.27432011460310823
11630,0.4264320735487394
11631,0.23227889330818685
11632,-0.8484599451623261
11633,0.6093085151624444
11634,-0.04756360476920338
11635,-1.1052656427157983
11636,0.3858741220264037
11637,-1.0544166895125937
11638,0.020504600162157494
11639,-0.5478802918802611
11640,0.15245671441596867
11641,-0.20554725356707612
11642,-0.5957629576152041
11643,0.30054217768223396
11644,-1.5019183144318005
11645,0.14173368319603574
11646,-0.6126623985109964
11647,-0.007267072903333201
11648,-1.223994426428
11649,-0.7230517991302507
11650,0.6236865665017335
11651,-0.8651067286655229
11652,-0.3359761108135391
11653,-0.855940224207442
11654,0.13984184146885872
11655,0.22176546880788456
11656,0.2932325993542515
11657,0.25049319292262745
11658,-0.5357194033996234
11659,-1.1572527870535574
11660,-0.13047656390087597
11661,-0.5809638453103196
11662,-0.6690406217832051
11663,-0.6576827360286497
11664,-0.5421347244322654
11665,-0.3155383936190182
11666,-0.3549049078236528
11667,-0.0344924167709199
11668,-0.6483536559351121
11669,-2.0557415256616087
11670,-0.7245921430831164
11671,-0.9771523353282143
11672,0.10381426963757184
11673,-1.0670945003366292
11674,-0.9322209570735626
11675,0.13758434190388316
11676,0.49951146120343015
11677,-2.4354697918687673
11678,-1.1507670722879475
11679,-0.004583211142174318
11680,-0.14874426085101555
11681,-1.3454976036161417
11682,0.4409993857515203
11683,-0.7119630715542258
11684,-0.01697994811125765
11685,-0.4538542910424173
11686,-1.8183170231393377
11687,-0.5358538323017433
11688,-0.23791205031421997
11689,-2.270146203633393
11690,-0.006380006700235133
11691,-0.9184557209214823
11692,0.0923201443019742
11693,0.1307659722960885
11694,0.48144098028039595
11695,-0.8800971932798843
11696,-0.4214404838105731
11697,-0.45916237811967947
11698,-1.4167420231918482
11699,-0.08655598672986388
11700,-0.5349986671476121
11701,-0.25479638294995427
11702,-0.29953227411849154
11703,-0.3293524973408393
11704,-0.9487913485649095
11705,-0.3317166924463092
11706,0.37668399070831243
11707,0.4652706830401352
11708,0.22937756859069217
11709,0.1008044500454354
11710,-0.20667914992744915
11711,0.46428376227311224
11712,0.7424738188256336
11713,-0.20386090303783694
11714,-0.12144963191276792
11715,-0.7847440499443545
11716,0.8284057999030128
11717,-1.4156071453873487
11718,-0.06127395076991722
11719,-1.0864849560620904
11720,-0.9083287658771737
11721,0.23219273514885347
11722,0.1147909009354605
11723,-1.6417971404775416
11724,0.4294757202288468
11725,-0.9154356203724465
11726,-0.9549432710503372
11727,-0.29504383757738134
11728,0.059380449888063014
11729,-0.3835774379735167
11730,0.31778929814301254
11731,-1.1032649277751403
11732,0.41962468121901747
11733,-0.9647355242522333
11734,0.1926301268713767
11735,0.28677852397886533
11736,-0.39495998253826103
11737,-0.8757373877917556
11738,0.24697603428130127
11739,-0.6369198495645627
11740,0.042051645816728156
11741,-0.45226134913119626
11742,0.06302812082077762
11743,-0.23598562521612257
11744,-0.2537414874526139
11745,0.40387688086326173
11746,-0.3526987113620076
11747,-0.3124112356737662
11748,-0.7184366551340361
11749,0.36870745648357095
11750,-6.842128756017122
11751,0.3928985500222681
11752,-0.5970384349387342
11753,-1.3097279518839497
11754,-1.813413364228784
11755,0.051016926152004066
11756,-0.3934328964598307
11757,1.117713214492116
11758,0.580020469107439
11759,-0.44822432655780137
11760,-1.1937561067062799
11761,-0.37073305389526745
11762,0.10331877677846278
11763,0.06186266717191595
11764,0.2385854402600967
11765,-1.2222361705208717
11766,-0.5057011032828533
11767,-0.6067522650639179
11768,-0.09115366114334332
11769,-0.3922852068137365
11770,1.83359763262173
11771,0.825999214142266
11772,0.3031260768709871
11773,-0.5327705309397357
11774,0.2391349942519249
11775,0.11940145646601347
11776,-0.5407923776806564
11777,-0.32162768788479057
11778,-0.5339039704486821
11779,-0.42479465842314934
11780,-0.307042069540398
11781,0.3911210950892629
11782,-0.5007816969292374
11783,-1.260535331663416
11784,0.892817726062802
11785,-0.34135527430535617
11786,-0.13001837036607822
11787,-0.40932168531764107
11788,-1.1333570479198511
11789,-1.2383611326084643
11790,-0.47932334428217854
11791,0.5482335352747522
11792,0.9939951359132732
11793,-0.3139226288035651
11794,0.5879750335803293
11795,-0.0011444877814979107
11796,0.38357745934159154
11797,-0.2507561713585952
11798,0.8831024643760522
11799,-0.46640303048320103
11800,-0.6343428133891946
11801,-0.04663927392966269
11802,0.2400166853522641
11803,0.7335838102959947
11804,-0.03721554876190756
11805,0.8140116865008049
11806,0.3382858885493597
11807,-0.5098810248259065
11808,-0.21113236331208549
11809,-0.6216847780130755
11810,-0.038166213562618866
11811,-0.07299015716245495
11812,-2.0155370848577308
11813,0.5662761778126385
11814,-0.08074648372536271
11815,-2.105225031515569
11816,-0.2782592624352989
11817,0.8460350388496458
11818,2.5745578186072278
11819,-0.6667828023791483
11820,-1.1824167953554645
11821,-0.3065225618548005
11822,0.1712581099690258
11823,-0.11736032676806014
11824,0.860079043732666
11825,-0.07263243163930759
11826,-0.608049740749546
11827,1.396232719566817
11828,-0.1704291453035641
11829,-0.48845838505135786
11830,0.507261184560177
11831,-0.015482036026624046
11832,-0.5413769239724732
11833,-0.2088584780584137
11834,-1.2592976673152119
11835,-0.5045638497642232
11836,0.026563153960806017
11837,-0.6098086584245536
11838,0.15528181777300543
11839,0.5086302546890774
11840,0.8218821344716305
11841,0.5086302546890774
11842,0.09466011969426143
11843,-1.0982174757332874
11844,-0.3445030506483743
11845,-0.5503840032795463
11846,-0.7164848928186517
11847,0.5829590680902331
11848,-0.0704982221042735
11849,-0.2229383721877979
11850,-0.8372674509756536
11851,-0.4212616223486213
11852,0.2609888778770729
11853,0.447873713529026
11854,-0.29469637384171027
11855,-0.8055703065784029
11856,-0.006789003516852908
11857,-0.154800711666896
11858,-1.164621287355054
11859,-0.6154482067736585
11860,-0.525437042635248
11861,-1.07737239843816
11862,-0.547180605026293
11863,0.2629800813556383
11864,-0.18111538931390098
11865,0.5933751595606601
11866,0.009122555835058907
11867,0.4587293867497239
11868,-0.1368006804176641
11869,-0.4588999373599385
11870,0.2317322876808536
11871,-1.3563167419437352
11872,-0.016410903227519296
11873,-0.7186426782811182
11874,-0.25177719205245397
11875,-0.29527369763139133
11876,-0.30399199042235747
11877,-0.7218025062667796
11878,0.26964596373712224
11879,0.3230898049415645
11880,0.5585112521587214
11881,-0.7917798970134747
11882,1.5225279346082843
11883,-0.7909273205068598
11884,-0.07910514279524421
11885,-0.03537022238653162
11886,0.13010591214834763
11887,0.2084986038215346
11888,-0.48142184985839837
11889,1.082740620111985
11890,0.14413165228437116
11891,-0.2527308834411818
11892,-1.3049677144929879
11893,-1.2124544618064614
11894,-0.07430738150958771
11895,0.38763185122822297
11896,0.4524524087433526
11897,0.2089496822371828
11898,0.7849015722610861
11899,0.480823681272005
11900,2.650058634459336
11901,0.03513889198583507
11902,0.4416194141682283
11903,1.5416053300031407
11904,-0.08392723129678081
11905,2.008250941154755
11906,-0.6017340324134016
11907,0.5949151821458529
11908,0.3531958099589506
11909,-1.411808431740284
11910,0.016856992072212678
11911,0.7892758999838294
11912,-0.23358884253659842
11913,-0.30883802736709515
11914,-0.7625321254172146
11915,-0.6545510793161055
11916,-0.6499720862881356
11917,-0.6138507596528907
11918,-0.9445032263322545
11919,-0.42205165997063976
11920,-0.0845440437101035
11921,-4.731182467488855
11922,-0.26534663939652625
11923,-1.043477342253547
11924,-0.5079480810849547
11925,0.13614307248637791
11926,0.3026600134816808
11927,-1.338984990279692
11928,-0.4650413716836121
11929,0.6295238414931932
11930,0.3080488489694382
11931,-0.10664093969576104
11932,0.38209747985219344
11933,-1.1021532276430255
11934,0.5177703581800356
11935,-0.7423604016535329
11936,-0.2977425059024215
11937,-0.5945112724941944
11938,-0.33645571029115745
11939,-1.1832842040538676
11940,0.3416389100591173
11941,-0.44905423454235976
11942,-0.6031580468600345
11943,-0.3245639282822566
11944,0.8060584088798997
11945,0.22075267236290358
11946,-0.07829969769284544
11947,-0.6437873129580322
11948,-0.4015640403903621
11949,-0.685110433148528
11950,0.6430331359174408
11951,0.6335621118826175
11952,-0.5351584273332624
11953,-0.49931877691948895
11954,-1.1298677362329466
11955,-0.2867290962198679
11956,-0.8902164649689944
11957,-1.3767427905531227
11958,-1.1630928108843273
11959,-0.026214544953769667
11960,-0.37256680048896745
11961,-0.18236842388061664
11962,0.04344808194823672
11963,-0.4016518608854449
11964,-1.4909211413039085
11965,0.01372283481313082
11966,0.16242486303828196
11967,-0.5128512310715099
11968,-0.08222173550474156
11969,-0.00908376817493653
11970,-1.9247105478635418
11971,0.008282508240857675
11972,-0.3620346882848115
11973,-1.602927728676904
11974,-0.2615783427356858
11975,0.33880204967125377
11976,-0.1941532747573625
11977,-1.9009334521845025
11978,0.22305151815476715
11979,0.1903488527176622
11980,-0.8798738643818225
11981,-2.6902246591195
11982,-0.0038033983516589124
11983,-2.1534307539353543
11984,0.3441163682661177
11985,0.6164792345184482
11986,0.031355359899900556
11987,-0.04855270238301017
11988,-1.3389912847395686
11989,-0.694645776162784
11990,0.03909388949812462
11991,-1.485182678992071
11992,-0.3522231582066962
11993,-2.2947581392001117
11994,-0.742740852076399
11995,-1.4593505917028982
11996,0.19355207402709865
11997,-4.125325300468559
11998,0.014608288254609279
11999,0.4686599496415915
12000,-0.4362864061974057
12001,-2.0934689666375736
12002,-0.00791330421845223
12003,-1.0270700534074162
12004,0.548241461192741
12005,0.27177071521743945
12006,-0.9212068261120225
12007,0.458714069817382
12008,-0.6209314307652886
12009,-1.904274949826589
12010,0.3926708405729394
12011,0.11763864614636822
12012,0.9898026649214832
12013,-0.4071806625796871
12014,-0.852421120866339
12015,0.3047290847896402
12016,-0.6079771419118296
12017,0.010141060283914326
12018,-0.028014293669804707
12019,-2.288359777251824
12020,-0.542081392983842
12021,0.19249212814364428
12022,0.7598058850477254
12023,-0.6433457940036484
12024,0.6761886968693356
12025,-0.6571233471311441
12026,0.02160269870221519
12027,-2.2819947457571117
12028,-0.6477242193783687
12029,-0.17007822217470772
12030,-0.5020293307389307
12031,-0.10892073759464704
12032,0.2707300755677305
12033,-0.5084535700819562
12034,0.19825836357372437
12035,3.1552119547014956
12036,-0.5935258282329277
12037,0.7489867423080073
12038,-0.026487336493666504
12039,-0.5089505990898274
12040,0.008635526059823847
12041,0.006183883211647955
12042,-0.4301130011849186
12043,0.4245377154721204
12044,0.32356530122846183
12045,-0.6187021267342195
12046,-2.051169037531632
12047,-0.6724618926362171
12048,-0.5521825077967364
12049,-0.3798247608661457
12050,0.43882815673101727
12051,-0.45858035931725916
12052,1.3737909095417566
12053,0.4055733335398803
12054,0.8363851585928996
12055,-0.052931871676624984
12056,-3.616010472504223
12057,-0.6684253352331938
12058,0.14527003435978836
12059,0.16988737808409415
12060,-0.3819737455695534
12061,-0.09411651485179097
12062,-1.027972594331109
12063,0.09617582761105457
12064,0.2358186728635809
12065,-0.09823591082993421
12066,0.5600275081065353
12067,-0.1318871647972019
12068,1.3162513324266734
12069,0.1602432734554378
12070,-0.6224839555449366
12071,-0.09472721879818906
12072,-0.4992328938886918
12073,-0.4965769427307855
12074,-0.4641822933991343
12075,-0.41240805782863166
12076,-0.3421603257249702
12077,-0.23165227599263064
12078,-0.6663900860198009
12079,0.035395354089683174
12080,-0.48536578068528774
12081,0.27523611890165894
12082,-0.5692393368734792
12083,-0.5262100111081205
12084,-0.7463155610185582
12085,0.5018934662352841
12086,-1.1801651015419907
12087,0.2396467739832293
12088,-1.5888384458113594
12089,0.713237708319459
12090,-0.8489369263008476
12091,0.11075429644177684
12092,-3.2344042736317733
12093,0.5578573554260579
12094,-0.7459978391938136
12095,-0.5001376653672651
12096,0.6600200868632846
12097,-0.006851187755187681
12098,-1.3603002824264974
12099,-0.6002551229987703
12100,-0.3222727181651495
12101,-0.2678158624198231
12102,0.7806723373466751
12103,-0.529717662127916
12104,-0.22151390310171942
12105,-2.0551280844363653
12106,-0.2509950486921549
12107,0.8097901783511912
12108,0.1388700029738287
12109,-2.8203632040121644
12110,-0.6957765304455946
12111,-1.2595003984129827
12112,-0.9338233734059627
12113,-1.2661919126511536
12114,0.059847370667643576
12115,-0.6782638053031415
12116,-0.26134361147739466
12117,-0.14446805339604066
12118,-0.18663050515755755
12119,0.8967180539084985
12120,-0.5108920512256249
12121,1.197682150644635
12122,-1.3277044557256914
12123,0.2724365847846086
12124,-0.18404590815699867
12125,0.6100725698824228
12126,-1.0222572678894029
12127,1.8534377594424498
12128,-0.21523019690724476
12129,-0.1132705376846498
12130,-0.22967675264036186
12131,-0.028820553360466596
12132,0.24101076131125257
12133,0.7856816735594119
12134,0.6794917225871803
12135,0.6105570571635026
12136,1.1052399936775756
12137,-0.12888243850471068
12138,-1.3303357485308294
12139,0.9249682455367968
12140,-0.5085154624247936
12141,-1.6176677021633457
12142,0.33836385391977514
12143,-0.7042707919329153
12144,0.0628627482992121
12145,-0.9567167076047836
12146,0.5120744628802643
12147,-0.8932424926526674
12148,-1.0297375702573583
12149,0.5932879988943728
12150,0.9343614912314802
12151,-0.04231998629065705
12152,0.7141138083232217
12153,0.859066707130634
12154,0.5198778242388735
12155,-0.2634061128675743
12156,0.3100774153602584
12157,1.1736813654334368
12158,-0.8718334698480007
12159,0.8493622494098346
12160,-0.2475563977061535
12161,-0.43706140743406136
12162,-1.4883608533348593
12163,-0.5910799083512387
12164,0.008438254513419301
12165,-1.1854325993142467
12166,0.09025467908086121
12167,-0.835816851066012
12168,-1.1474072439790308
12169,0.1486505979771461
12170,-0.8590183350152564
12171,0.41888405781889204
12172,-0.9821267602808553
12173,-1.1292457217642873
12174,0.3043721802046437
12175,0.47174142450614376
12176,-0.5995488349035831
12177,0.020969216057111998
12178,-0.002960482805388873
12179,0.6621638608084186
12180,0.7030771897596667
12181,-0.38153041706896657
12182,0.30421299040833444
12183,0.5105346974968555
12184,0.05846949982275103
12185,-1.4053771375127266
12186,0.06365681859873475
12187,0.05195377740758649
12188,-0.04656167888551689
12189,0.31802126996551405
12190,-0.1226812400821708
12191,-1.2919791513888452
12192,-0.9384733086648176
12193,-0.49335535581001083
12194,-1.1679342351797122
12195,0.25165151605273356
12196,-0.06309674630413073
12197,0.733803754578341
12198,-0.389024270318753
12199,0.22730950382789042
12200,0.01611337365249619
12201,-0.32440151514719034
12202,-0.789810914480597
12203,-0.8798738643818225
12204,-0.5113444473774956
12205,-1.8058900121195258
12206,0.4805898664669235
12207,0.44117141584480224
12208,2.2725864699287714
12209,0.8883235031412047
12210,-0.7949985737871781
12211,0.9778427452174654
12212,-0.5954924298525353
12213,1.7630627441476638
12214,0.8866545475677455
12215,-1.2630567568213606
12216,-0.06644874861057132
12217,1.0572958002003834
12218,-0.1393091954371009
12219,-1.107687832575018
12220,-0.0031999489141684386
12221,-0.32893655636092517
12222,-0.5388974744746742
12223,1.5054880268264066
12224,0.12204160337916055
12225,-0.2989026861754538
12226,1.0054987104911484
12227,1.1515555132728932
12228,-0.9377508909419354
12229,-0.5360466292831164
12230,-0.020810067414699984
12231,-0.16022658118631886
12232,0.7679311436464862
12233,-1.196187072473205
12234,0.06601890279677726
12235,-0.9479362734641595
12236,-0.10701285293760918
12237,0.05527282531863667
12238,-0.7403566509680903
12239,-1.2416044033726616
12240,-0.1726664554641218
12241,-0.584288997545718
12242,-1.1248367500505565
12243,0.3627693893511835
12244,0.4679027259069808
12245,-0.9491803791519328
12246,0.7163270525667917
12247,-1.001901848008594
12248,0.37012650162935934
12249,-0.18891797782028014
12250,-0.9359323678350067
12251,0.6236245851645658
12252,-0.8353910431814378
12253,0.5742753778997522
12254,0.4311871280804972
12255,-0.9235611242585922
12256,-0.01045939705968019
12257,-0.2998700144723485
12258,-0.054091953427021236
12259,0.18296614423352706
12260,0.09207813613361504
12261,-0.575925978033022
12262,-0.8713061370299473
12263,-0.8617916480372768
12264,0.5421067713105637
12265,0.9289664800277686
12266,0.25146361801599076
12267,-0.27966823685385517
12268,0.22571632479580064
12269,0.01863567250436499
12270,-0.3618717428128151
12271,0.46011756156596345
12272,-0.26992035596082625
12273,-0.42162839121175644
12274,-0.46101008765852136
12275,-1.3505698164457751
12276,-0.0496244202564443
12277,-0.832664809606315
12278,-0.04411971348383051
12279,-2.768604605871827
12280,-0.720316253616579
12281,0.09120221184423428
12282,0.190531285169188
12283,0.6825600503847558
12284,-0.2790369136806644
12285,-0.004278334771973846
12286,-0.5362036048459026
12287,-0.3752491942184415
12288,-1.4443085777613958
12289,-1.2292100476823116
12290,-1.3642226859911846
12291,-0.5067095974997345
12292,-0.8299010191367544
12293,-0.11873422791802947
12294,-1.7349961850272477
12295,-1.049146893713715
12296,-3.319867257326281
12297,-1.787847848996126
12298,-2.789501776898653
12299,0.48297264510917637
12300,0.9927973112648782
12301,-0.003930863036262394
12302,0.13500932765198412
12303,0.4842559419852856
12304,0.2858981812047326
12305,-0.6077014611191083
12306,-0.8164464602033634
12307,-0.4539454866991348
12308,0.01076082842049854
12309,-0.2711489435574702
12310,-0.6433457940036484
12311,-0.6609062029168918
12312,-0.14131280350245604
12313,0.4270949247481804
12314,0.43445877586707954
12315,-0.36665828455746746
12316,-0.17367748357626567
12317,-0.9955268547835902
12318,-0.32730199503681
12319,0.139740132324318
12320,-1.0777689911165123
12321,0.27478515699231204
12322,-0.0910465624596449
12323,-0.3858733235056715
12324,-0.5101949256863134
12325,-0.3407824024711478
12326,0.04911450971096218
12327,-0.5162957859251512
12328,-0.47605908884319736
12329,-0.43629225482360373
12330,0.001236817464257079
12331,-0.13953320852194462
12332,-0.07063528542219197
12333,-1.1701722343306304
12334,-0.004102187516340677
12335,-1.0083786992777075
12336,0.05735371320711332
12337,-1.238571649524279
12338,-0.020810067414699984
12339,-1.6449195250767505
12340,-0.1724834524076728
12341,-1.6449195250767505
12342,-1.0089943887885153
12343,-1.2222361705208717
12344,-1.0491985634391752
12345,-1.100817219383988
12346,-0.020810067414699984
12347,-0.3798472963135352
12348,-1.241372012663147
12349,0.06122649470903795
12350,-1.9272083459043183
12351,-1.1937561067062799
12352,-0.1762828594541505
12353,0.13716758466768042
12354,-0.018035641131667765
12355,-1.1332098601468734
12356,-0.6559067743237516
12357,-1.2784336522045743
12358,-0.6229165217946101
12359,-0.28062555169917525
12360,-0.1278036742991539
12361,-1.6768819640726047
12362,-0.04423557407214397
12363,-0.2956369071398611
12364,-0.6253587007384191
12365,-0.7690396066309595
12366,-0.24833607202288127
12367,0.24845724909059297
12368,-0.17748679767947165
12369,-0.595497350101117
12370,-0.3024764627640387
12371,0.031153881365376713
12372,0.02190818615480017
12373,-0.0799107862486352
12374,-0.3407824024711478
12375,0.08126195185552063
12376,-0.1917135023790414
12377,-0.595497350101117
12378,-0.36770844217960674
12379,0.13940844729605578
12380,-2.050119447042319
12381,-0.2617562504429604
12382,-0.8624814166759597
12383,0.27030519727306523
12384,-0.1808400779346456
12385,0.3308747667920615
12386,-0.23862841769734164
12387,-0.1080160897027242
12388,-0.3364852710422734
12389,-0.059335022708343545
12390,-0.2132640910952536
12391,-0.06562332052546234
12392,-0.29529109212320387
12393,0.13457939956691217
12394,-0.18283268975016875
12395,-0.066796104770184
12396,-0.6248188144547726
12397,0.011255658811951353
12398,-0.90513053323761
12399,-0.36698244717444
12400,0.026005587494672817
12401,-0.8601352489832179
12402,1.4245797743971667
12403,-0.05917371713041974
12404,-1.0468230736307087
12405,0.8097329911847265
12406,-0.10121332567875933
12407,-1.2491233206656578
12408,1.2820030602775097
12409,-0.855483880067285
12410,-0.3033720835552167
12411,0.4887626903845405
12412,-0.020876072909566272
12413,-1.5574937270592026
12414,1.6405343905869887
12415,-0.07263243163930759
12416,-0.16679988787505196
12417,0.2866354224336627
12418,0.04120835428183137
12419,-0.9907729156450344
12420,1.3921334430787182
12421,0.28332816502386
12422,-0.382375886134665
12423,0.3669154631632679
12424,-0.06703268622009097
12425,-1.3096805031352576
12426,1.0067181692459852
12427,-0.10257458243694197
12428,-1.1515216829739914
12429,0.7406787624140495
12430,0.0004890111667123977
12431,-1.1682520847239326
12432,1.1510373427573803
12433,0.21195077803295437
12434,0.04120835428183137
12435,-1.2199839192775133
12436,2.342591823043152
12437,0.11836971706494888
12438,-1.6619437705164497
12439,0.6785717365901341
12440,-0.09561140412937974
12441,-1.6619437705164497
12442,1.0356688304744077
12443,-1.3094799509601804
12444,-1.1120772929615632
12445,-1.3710107276569279
12446,-1.253447418362634
12447,-1.07252293693638
12448,0.4308065270149554
12449,-0.4327345861352644
12450,-1.4162327745155467
12451,-0.43056673172004717
12452,-0.008021801956136708
12453,-0.5773129724337849
12454,2.183648193793968
12455,-1.113972515925587
12456,0.5098384623658555
12457,-1.1393517901464176
12458,1.724015213555708
12459,0.5884808017244949
12460,0.8061818326202878
12461,-1.0823072572653358
12462,1.9856623980804342
12463,0.6057135320320819
12464,0.6732315009496914
12465,-0.9582958785406986
12466,-0.28776464702583443
12467,0.3689017297657899
12468,-1.4066958736125637
12469,2.0672595307465165
12470,0.5424599829695435
12471,0.8618869137180325
12472,-0.6800005368409082
12473,2.3035405860223834
12474,0.4770218098661383
12475,0.3059167129158979
12476,-0.9667269013365678
12477,2.2804905285394574
12478,0.5833370432614183
12479,0.4572624911805159
12480,-1.1563410936605816
12481,1.9946143636415508
12482,0.6411225871094942
12483,0.04738744178342467
12484,-1.718540633030384
12485,0.19620957339132
12486,-1.6068369998091538
12487,0.0322968814258235
12488,-1.0411509077014318
12489,0.19620957339132
12490,0.6672496114636398
12491,0.11531891538862221
12492,-0.5713484550209578
12493,2.9038881839820574
12494,-1.6161072844795041
12495,-1.0288758192291616
12496,-0.7098873012263557
12497,-0.03134797063637336
12498,-0.2682513618712124
12499,-1.1224773176382397
12500,-0.23042558203967342
12501,-0.39658310172666433
12502,-0.053272477426723634
12503,-0.9585772755793401
12504,-0.21106520416947325
12505,-0.23670702678413408
12506,-2.724293815406947
12507,-0.6735298860217737
12508,-0.08725857906132714
12509,-0.09171973091771811
12510,-0.27120257624387484
12511,-0.9952309498762895
12512,0.3418972202314804
12513,0.31913085268676344
12514,-0.1450602000448944
12515,0.42902806407092825
12516,-0.1450602000448944
12517,0.8469938968808414
12518,0.65756730765841
12519,0.3123118596168082
12520,-0.32761406392066583
12521,0.3633997552887993
12522,-0.48937827841445664
12523,0.35462045918177765
12524,-1.1526933149438108
12525,-0.11559026220895113
12526,-1.2378202263456628
12527,0.37742389086880895
12528,-0.934589374136183
12529,0.12788288101941322
12530,-0.18709792675253267
12531,-0.17669023534012596
12532,-1.1759913532018835
12533,2.5851193018883856
12534,-0.14264210799711
12535,-1.2415725989006763
12536,-2.6403924474567844
12537,0.07806860898968045
12538,-0.3265241045140835
12539,-0.27856227384126236
12540,-0.1259753444230212
12541,-0.40132920119764237
12542,-0.7697835363091926
12543,2.8563781330364924
12544,-1.4280185088521833
12545,-0.7069864061684475
12546,0.015545392947371056
12547,-0.2119684642378527
12548,-0.5853700743757693
12549,-0.5423760990619262
12550,0.1364943292676221
12551,-0.22189948871186183
12552,-0.15047215993010077
12553,2.4536850784122346
12554,-1.0515293981868041
12555,-0.3811338839857503
12556,-0.9546795286497451
12557,2.09082205452543
12558,-0.9386987323429304
12559,-1.103517990046372
12560,2.092929842343018
12561,-1.4757851577164451
12562,-0.32672891449668773
12563,-0.9836613235907072
12564,2.4644047556608215
12565,-0.24198991167885103
12566,-0.3326377153705138
12567,-1.38799455230935
12568,2.7607954372260233
12569,-1.267048040227625
12570,-2.072964984767763
12571,0.1358123995971548
12572,-2.6967166169692405
12573,-0.21875356022205938
12574,0.8845243852262069
12575,-0.39614788590318345
12576,-0.09775651082268673
12577,-0.35233624569073935
12578,-0.2726787990100453
12579,-0.6517010185376245
12580,-0.3704988082828572
12581,-0.2385346563180838
12582,-1.2588423835971236
12583,-0.22493865258423942
12584,-0.3678095049442475
12585,-0.6054623137556971
12586,-0.4603385467325146
12587,-0.586620697572958
12588,-0.4799591240711519
12589,-1.1183049336130857
12590,0.45111283707119415
12591,-0.5005585769504626
12592,-0.3791324053378548
12593,-1.1604843601040014
12594,0.3184014009096256
12595,0.23559620353651872
12596,-0.2305399306398087
12597,-0.35233624569073935
12598,-0.4468097847249968
12599,-0.6275236174524413
12600,0.9035634358541279
12601,0.5078237298073678
12602,-0.33999045083937135
12603,-0.5249884894153474
12604,-1.236642033511923
12605,2.183648193793968
12606,-1.589395649119593
12607,-0.3355649215511462
12608,-0.5448461810038736
12609,0.3658288974609959
12610,-0.22617933060269466
12611,0.8082857174677283
12612,-0.38610312206662656
12613,0.5473593523543453
12614,-0.08515304754156486
12615,0.02287270557074182
12616,-0.37239967952155084
12617,-0.4707929487646456
12618,-0.4897324165760775
12619,-0.018467403373960686
12620,-1.5135057051899405
12621,-0.2626688097725478
12622,-0.815023130232534
12623,-0.2153350411087785
12624,0.13186029680323527
12625,0.02038884368073662
12626,-0.14754545893538434
12627,0.10657984948832222
12628,-0.07605541334417103
12629,-0.3491654153172802
12630,-0.040974030334650635
12631,-0.11159216155093868
12632,-0.23310786468788372
12633,-0.29021031476653913
12634,0.026156817262317406
12635,-0.29415435094734255
12636,-1.0671042385860405
12637,0.5127306867156228
12638,-0.37489897614995676
12639,2.009718265617918
12640,-1.7597115774326566
12641,0.3070871644853769
12642,-1.2702907732756963
12643,-0.3527969685694711
12644,-0.40103392163415374
12645,-0.5318711508623826
12646,-0.38850987623603744
12647,-0.3407824024711478
12648,-0.028014293669804707
12649,-0.9835384804130224
12650,-0.5101949256863134
12651,-0.13336775075142074
12652,0.08416521726970953
12653,-0.530533384675325
12654,0.19100641272321758
12655,-0.24021550492770744
12656,-0.46490143309494303
12657,-0.38850987623603744
12658,-0.03349755438644255
12659,-0.11843728921572982
12660,-0.846826886538084
12661,0.578952907486643
12662,-0.08478578777180631
12663,-0.6124089958327544
12664,-0.19087242204042187
12665,-0.4949020186545631
12666,-0.05866180305172636
12667,-0.4707929487646456
12668,-0.12594651234528614
12669,-0.0005077163732322665
12670,-0.08709707044047134
12671,0.10064538134488007
12672,-0.2553563748117884
12673,-0.7534464190977557
12674,0.5154461567929105
12675,-0.07818227843792216
12676,-0.7532125532205967
12677,-0.6938856341618176
12678,-0.20295489804221936
12679,-0.07105972153370448
12680,-0.4370338104587207
12681,-0.6163230879370006
12682,-0.4982879811351697
12683,-0.8630256777685407
12684,-0.4779829754141251
12685,-0.4941084230891678
12686,0.08199551293938084
12687,-1.6833630108608095
12688,-2.1061840831003718
12689,-0.6193494920277987
12690,-0.013082798469290356
12691,-1.3327248850213176
12692,-0.03767967103042806
12693,-1.1836302513582895
12694,-0.22852796474633855
12695,0.1870808480098087
12696,0.17263422480635263
12697,-0.09637498777813676
12698,-1.4389058059536348
12699,-0.9942866367804621
12700,-0.1978030185982132
12701,-0.6908991103147396
12702,-0.16897272699937418
12703,-0.17281742356889498
12704,0.3710229424321563
12705,0.6155898050307179
12706,0.28218286984395125
12707,-0.06290083871479488
12708,0.05766756012437731
12709,-0.595497350101117
12710,0.04361236796962109
12711,-0.7324346223796006
12712,-0.4779829754141251
12713,0.38595813896857706
12714,-0.677498943047207
12715,-0.595497350101117
12716,-0.0386353128139156
12717,-1.3215472436915476
12718,-0.5584601512926407
12719,-1.0056641046066064
12720,-0.9055324341053455
12721,-1.30603484355801
12722,-1.2802850669500208
12723,0.06880080750540728
12724,-0.04149844656695116
12725,-0.9303209980372665
12726,-0.4861726276536665
12727,-1.30603484355801
12728,-0.5584601512926407
12729,-1.0089943887885153
12730,-0.7655972755734353
12731,-1.2869380548139626
12732,-0.6340019304153717
12733,-1.047862311665221
12734,-0.7478411368030394
12735,-1.3605536920794314
12736,-0.97807350147181
12737,-1.30603484355801
12738,-0.6645519300777666
12739,-1.086452554848281
12740,-0.3190581248810096
12741,-0.006851187755187681
12742,-1.30603484355801
12743,-0.7313678712285938
12744,-1.1349798879249908
12745,-0.7904301823754123
12746,-1.1349798879249908
12747,-1.2007834540165618
12748,-0.8760647352484788
12749,-1.086452554848281
12750,-2.078133966716431
12751,0.013851966575744279
12752,-1.1268234084318904
12753,-0.7989449509417026
12754,-0.10121332567875933
12755,0.1300716983162496
12756,-0.039295654746662155
12757,-0.052091757274651755
12758,-0.9445032263322545
12759,-0.36246914264881364
12760,-1.3493699402371535
12761,-0.6142852792995476
12762,-0.970376936470241
12763,-0.09626424963642212
12764,-0.8493183375194481
12765,-0.06529901198337257
12766,-2.5358150006432854
12767,-0.2626688097725478
12768,-0.8838253203325857
12769,-0.2528217144286649
12770,-0.18946998527743286
12771,0.13186029680323527
12772,0.010120916145221516
12773,-0.03516063305815488
12774,-0.28649697367226334
12775,-0.021526035624543964
12776,-0.2911154947257371
12777,-0.08034693513421672
12778,-0.1808400779346456
12779,0.13186029680323527
12780,-0.27142991979471554
12781,-0.026275492209761664
12782,-0.34547587601146207
12783,0.07906325986866158
12784,-0.75952721360428
12785,-0.19042724149043666
12786,0.10402615044388748
12787,-0.9148558039927209
12788,-1.4384692291817491
12789,0.04589213612036848
12790,-0.9675353003335025
12791,-0.1161982593597933
12792,-0.5530570250899656
12793,-0.0905808974060409
12794,-0.03633866902077293
12795,-0.05822017333816752
12796,-1.5381002679992934
12797,-0.21841134778566973
12798,-0.07560424558496064
12799,-1.6020276902887234
12800,-0.2626688097725478
12801,-0.24019753045068107
12802,-0.2863530458687397
12803,0.27900846588618544
12804,-0.7079847148466506
12805,-0.2137200751710162
12806,-0.47089029059815574
12807,0.055976382144200296
12808,-0.28137020091943954
12809,-0.08577505691603574
12810,-0.2479114011930233
12811,0.19781429773796516
12812,-0.09305180851513935
12813,0.14465770701283415
12814,-0.9137830820277832
12815,-0.1748011704443372
12816,0.10402615044388748
12817,-0.12167376448122455
12818,-0.13760231740517562
12819,-0.4546100147304051
12820,0.13457939956691217
12821,-0.13305768194115478
12822,-2.2933713483082165
12823,-0.2626688097725478
12824,-0.7332298889068348
12825,-0.18673095209940108
12826,-0.4116406598666419
12827,0.13186029680323527
12828,-0.2911154947257371
12829,-0.1646626322406883
12830,-0.4960053265328593
12831,0.10657984948832222
12832,-0.24700766085900486
12833,-0.2300426532022235
12834,-2.1729691636352793
12835,-0.2626688097725478
12836,0.06847364706265896
12837,-0.7434802421083188
12838,-0.020810067414699984
12839,-1.6510576621205553
12840,1.1575503703528547
12841,0.05268941178854528
12842,-1.6205912754446807
12843,1.285078008376327
12844,-0.4208744812680593
12845,0.4904880472135324
12846,-0.020810067414699984
12847,-1.7115462679802065
12848,0.8799580811146351
12849,-0.12638877909460736
12850,-1.1463327958774616
12851,0.79027647070368
12852,0.07652225123817354
12853,-1.0287903883313447
12854,1.1193257661678897
12855,-0.06321180456824389
12856,-1.3595306597093837
12857,0.6986512562251718
12858,0.2671468983878513
12859,-1.1526869147437449
12860,1.1039151919394632
12861,-0.008940525416963257
12862,-1.6194658832091637
12863,1.2116509769171087
12864,0.5604743691807883
12865,-1.3131110681032745
12866,0.8838120206331119
12867,0.31758040048259084
12868,0.28332816502386
12869,-1.4240396750833235
12870,0.9371381205579886
12871,-0.07063528542219197
12872,-1.6802169190009604
12873,0.7165206641061515
12874,-0.006851187755187681
12875,-1.2567797132068232
12876,0.6606684556034125
12877,0.09699419753790206
12878,0.1552339870978901
12879,-0.16978934329754036
12880,0.26420426314956164
12881,-0.08487868708673701
12882,-1.3042408854306826
12883,0.32692321722918677
12884,-1.0604901514256533
12885,-0.22515806728094692
12886,0.18879089478073527
12887,0.09033557584311397
12888,-1.7858410135891079
12889,1.1263293285994285
12890,0.03391484686563981
12891,0.22886026188934736
12892,-0.07684035977814867
12893,0.4757600119303735
12894,0.07163831477357233
12895,0.31639200688729757
12896,-0.6496466630450471
12897,-0.504262624476853
12898,0.009369361768552556
12899,-0.6063761741584003
12900,-0.38850987623603744
12901,0.056036362877614654
12902,0.02726365731608123
12903,0.8534599724141337
12904,-0.013082798469290356
12905,-1.317700521546243
12906,0.21597828263221577
12907,-0.8301278828241692
12908,-0.3893204420155465
12909,-0.09773598504776498
12910,0.6271072404019001
12911,-1.2330709557861959
12912,2.079616857645014
12913,0.4916641217334082
12914,-0.9771819169173838
12915,-0.4275452258297618
12916,-0.11343422412405615
12917,-1.424487754341885
12918,-1.189277593042423
12919,0.6529134017210435
12920,-1.6535847440612068
12921,2.210651338611389
12922,0.013657495770015854
12923,0.49965570961087014
12924,-1.456774284623544
12925,2.2510055943536957
12926,0.2585862304322836
12927,0.7467866691039993
12928,-1.1505175680537405
12929,0.033694047158894944
12930,0.30503865307505307
12931,-0.6960631915595568
12932,2.1679135458472483
12933,0.5937413560774782
12934,0.3689017297657899
12935,-1.2805527673065757
12936,2.483480513810316
12937,0.6045694582261251
12938,0.24873720723616669
12939,-0.8242074468585062
12940,2.3103628365032773
12941,0.6526532964417734
12942,0.5542496500859329
12943,-0.026020770249983144
12944,-0.22941101911621847
12945,-1.078060220426397
12946,0.7650336156949079
12947,-1.196187072473205
12948,0.49301414503622143
12949,-1.3424549044226592
12950,0.2807738890682471
12951,-0.21943169368158486
12952,0.3205635334428639
12953,-0.9705748174945237
12954,0.5770915948238543
12955,-1.1534649353409652
12956,0.027448991119975452
12957,-1.3424549044226592
12958,-0.04193540983606117
12959,-0.6160803371268855
12960,-0.3123614146049689
12961,-1.016958539954471
12962,-1.1914363875363163
12963,-0.8298940169470101
12964,0.33138347261455553
12965,-1.4376440064454186
12966,-0.04902180837813424
12967,-1.4381007333728257
12968,-1.5619292014105364
12969,-0.04130463731866294
12970,-1.2378202263456628
12971,0.37500476544933614
12972,-1.305743500317398
12973,0.8886614460298718
12974,-1.5135413085692655
12975,0.2807738890682471
12976,-1.5757223666982259
12977,0.29439924528713957
12978,-0.3618717428128151
12979,-1.186513763516059
12980,2.5851193018883856
12981,-1.5921027048346537
12982,-0.24644704751937513
12983,-1.3911717124505973
12984,0.42390608430095017
12985,-0.3906009428762522
12986,0.7570859341147759
12987,-0.19566908433481556
12988,-0.5136097488661233
12989,-1.1951902881771872
12990,0.39495152709108045
12991,-0.4512396100436101
12992,-1.1606071558427409
12993,2.293283009728033
12994,-1.2068264116895957
12995,-0.7063768298204246
12996,-0.30555005871543495
12997,-0.04787842329321805
12998,0.05497846416656688
12999,-0.3810620980407358
13000,-0.43522354057249424
13001,0.08858960274259736
13002,-0.2958163435785607
13003,-0.37840554084050143
13004,0.18433618855448997
13005,-2.568168249682263
13006,-0.1579085477026801
13007,0.9379687443958894
13008,-1.2490555988274057
13009,2.2342552818506305
13010,-1.3078767359601666
13011,-0.2910075911703446
13012,-1.783235618695955
13013,-1.4948997254134824
13014,-0.4314220833869765
13015,-0.7558294805276446
13016,2.2237003238866904
13017,-1.4584327613204608
13018,-0.3487082937099044
13019,-1.367395155019654
13020,0.8081153397909686
13021,0.18158282061924727
13022,-0.06472271954413043
13023,-0.33273411204314773
13024,2.93846260434058
13025,-1.0884624945023655
13026,-0.2983908467663323
13027,-0.5163707405180364
13028,2.6146129421449325
13029,-1.4835950512511344
13030,-0.370350447128093
13031,-1.424188020589775
13032,2.537876433187349
13033,-0.32555466274574435
13034,-1.4318154503594547
13035,2.3127908152466055
13036,-0.04346192638790454
13037,-0.32555466274574435
13038,-0.21563950085199127
13039,0.07723278088243306
13040,-0.15037038828083937
13041,-0.271599661541935
13042,-1.1787438055242014
13043,2.4573368673976375
13044,-1.0801551801365894
13045,-0.4504825167299457
13046,-0.6759740433460631
13047,2.4084769551178664
13048,-1.4553891046750513
13049,-0.1811818282541218
13050,-0.544744675767933
13051,2.7747261335357094
13052,-1.7058527693783192
13053,-1.2594711667529104
13054,-1.269620974504035
13055,0.2128128566593563
13056,-0.5900508199391648
13057,0.7678916850707714
13058,0.499745113840684
13059,-0.6041172343850942
13060,0.8787770081357068
13061,0.302587423636724
13062,-0.46947055773334645
13063,0.9511495170604667
13064,0.39136344590199335
13065,-1.6140308195682507
13066,-0.9599617999638896
13067,0.5086302546890774
13068,-0.13230265138315697
13069,0.9135249721386259
13070,0.4264320735487394
13071,-0.37231407577825776
13072,-0.535975896893795
13073,-0.6231038170981865
13074,-0.6722139074887453
13075,-0.52645902963291
13076,-0.1510384169168512
13077,-0.1702425049756068
13078,0.3444365192693573
13079,-0.6875499468572126
13080,-0.5496449831213447
13081,1.0796267693317145
13082,0.1879139723128225
13083,-1.0274198499731302
13084,-0.46384044190480817
13085,-0.535270069398252
13086,-0.3276552666934079
13087,0.1264685477542886
13088,-0.535585990439462
13089,-1.3084478311624108
13090,0.14243134275467012
13091,-0.1580762623142655
13092,0.42424635230973035
13093,0.35793516604190817
13094,0.10687753321608445
13095,-0.5249584414099107
13096,-0.9005562970611387
13097,0.13198151911954126
13098,-0.0663312606006288
13099,-1.8868703254003432
13100,0.3628172885600001
13101,0.05931948500268869
13102,-0.5053062004028858
13103,-0.5219394625856599
13104,-0.34617939538109926
13105,-0.5773706244496266
13106,-0.5909813027782427
13107,-0.2802446358608893
13108,-0.672091858771895
13109,-0.4588492773219091
13110,-0.4848983733559347
13111,-0.45665092065773066
13112,-0.6316968317529073
13113,-0.7198357690672773
13114,-0.46384044190480817
13115,-0.6614740486330307
13116,-0.14457779090692324
13117,-1.7220965499060796
13118,-0.26465235922008384
13119,-0.5496449831213447
13120,-0.4588492773219091
13121,-1.0161300472360912
13122,0.26281054073139415
13123,-1.5207550863286734
13124,-1.4667622480061397
13125,-1.0342748238046733
13126,-0.5804545474092007
13127,-1.234190396956134
13128,-0.011050970586656467
13129,-0.8399846701561424
13130,-0.19647223232978872
13131,-1.2317370581949918
13132,-0.13244412062539726
13133,-0.06504474155055594
13134,-0.543916752618202
13135,-0.23198794996261743
13136,-0.6745666535511264
13137,0.003706196999208539
13138,0.28785352323856706
13139,-0.987212440823587
13140,-0.9641239134506457
13141,-0.23772002304138384
13142,-0.485492071331396
13143,-0.7152477660811055
13144,-0.14711921235221945
13145,-1.3056935428454584
13146,-0.19043016865115486
13147,0.22105462643396456
13148,-0.3985821137913571
13149,-0.10737347042684445
13150,1.472218330349366
13151,0.3363695530483486
13152,-0.44038608019002107
13153,-1.0176128509370619
13154,-0.6033224628782798
13155,-0.06045173964251646
13156,0.049635392714863384
13157,-0.6473160778270691
13158,-0.519396979067191
13159,0.07718466339969625
13160,-2.0179804032194566
13161,-0.13814429059320982
13162,0.2564042243742851
13163,-0.21151005159308142
13164,-0.40751828378833727
13165,-0.45669281519580085
13166,-0.1446964144632644
13167,0.10070979517510635
13168,-0.6506659648367297
13169,0.14750794876417336
13170,0.9915056372655953
13171,-0.0686315287735459
13172,-0.5387352307803507
13173,-0.12146660799225367
13174,-0.07389897507915309
13175,-0.5934022048738169
13176,0.9297205513221704
13177,0.21164287630655237
13178,-0.4944804948516009
13179,-0.27995058142303275
13180,-0.5368911675977892
13181,0.6140207850800838
13182,0.03517887780158317
13183,-0.42622868915128975
13184,2.7790210283701886
13185,-0.1819878261058233
13186,0.4495903667326475
13187,0.8093754805567125
13188,-0.6826212291044652
13189,-0.08132758396187736
13190,0.4970167151812686
13191,-0.20228189627765966
13192,0.8662742391338517
13193,0.4700525183235902
13194,0.1027004895342815
13195,0.3081813050877658
13196,0.16096675000720911
13197,-0.7937899356946051
13198,-0.8959246384316685
13199,-0.050929409649613386
13200,0.3442129888760763
13201,-0.593958134146427
13202,0.42747452901709976
13203,0.40544922279684636
13204,-0.33756604678825314
13205,-0.5410243726125132
13206,-1.4305706185683245
13207,-0.010554671832311544
13208,0.007139408424601508
13209,-0.1591067635300198
13210,-0.39066293184161455
13211,-1.0844102838121092
13212,-0.9915795442005011
13213,0.313121476562706
13214,0.12697366270087493
13215,-0.8126866889956106
13216,-0.498853349370644
13217,-0.5730237904533751
13218,-0.3302149830379455
13219,0.33290454491892957
13220,0.41851053827810225
13221,0.013772112297802388
13222,0.41745946357835123
13223,2.4845461030582863
13224,0.10251572835208479
13225,-0.539769946659333
13226,-1.575445868087062
13227,0.37626789111957293
13228,-0.05541893323107264
13229,-0.7360069092775656
13230,-1.989545504210792
13231,-0.5831886532816623
13232,-1.5110062960942645
13233,-0.6826695078575076
13234,-0.9962596233221666
13235,-0.1714051046083501
13236,-1.0293499777030697
13237,-0.6710496027111423
13238,-0.05656575249822296
13239,-0.49563033122416716
13240,0.22368778956112842
13241,0.0048559879403598325
13242,0.3261116279896235
13243,-0.4566773985689186
13244,-3.070700453062901
13245,-0.11187719923134161
13246,0.5941828376927863
13247,0.018828088791693384
13248,0.13067363526146783
13249,-0.48350048991523087
13250,-0.1751120511957932
13251,-0.03823038099988586
13252,-0.5116180454047651
13253,0.0995520490388327
13254,-0.292764872902455
13255,0.30503865307505307
13256,-0.8258974676155388
13257,-0.16762754504175492
13258,-0.513790543088293
13259,1.2414556977598066
13260,-0.39299851786565676
13261,-0.9906301740857719
13262,-0.5430291090782441
13263,-0.09696486973087665
13264,-0.24390151890300746
13265,-0.7364825763290462
13266,0.3089911313539335
13267,-0.43182122922089233
13268,-0.3284705072661104
13269,-1.2114005992741916
13270,-1.2176994592973844
13271,-0.21778155965377985
13272,-1.0050934922641535
13273,-0.09989893575900588
13274,-1.095319817790077
13275,0.1596795791479554
13276,-0.672091858771895
13277,-0.09173786258758952
13278,0.4019300400047217
13279,0.139715702913804
13280,-1.0244160721818563
13281,-0.9848468705723927
13282,-0.4941429462303437
13283,0.12847922952552754
13284,0.22413679228263267
13285,-0.7448178804970919
13286,-0.43929748256226814
13287,-0.6153363112154447
13288,0.1770934896724824
13289,0.6630856749911269
13290,-0.9334418237715709
13291,-1.1946978744300867
13292,-0.4215008100446358
13293,0.6314879235377219
13294,0.16328453065780368
13295,-0.680800969076218
13296,-0.45082482240491467
13297,-0.26021824551598843
13298,-0.3395055128285033
13299,-1.6362031386879075
13300,-1.18433342768608
13301,-0.4674281272347956
13302,-0.5777842983400435
13303,-1.4111126558120843
13304,-0.9295632290531444
13305,-0.17765216506775017
13306,-0.5177015792445535
13307,1.9299020461253897
13308,0.2572608037298579
13309,0.8435842857808683
13310,3.0042335395283732
13311,-0.2975327979519044
13312,1.2984815110804595
13313,-0.274200853788292
13314,-0.847789334623541
13315,-0.0810266393596629
13316,-0.14482150776053834
13317,1.0347593209760766
13318,-1.143060982834602
13319,-0.21598713167494377
13320,0.09267346856656107
13321,0.48017626510830413
13322,-0.222922620873617
13323,1.5416897793014046
13324,-1.5398838033993825
13325,0.19900063378375932
13326,-0.5083594292667002
13327,-0.45019516864658615
13328,0.30494041802337724
13329,0.350301374086663
13330,-0.6273588092436297
13331,-1.3641457339537968
13332,-0.3970934705492269
13333,-0.26027484510397353
13334,-0.7589764938723361
13335,-0.03776649777073801
13336,-0.8153100320828349
13337,0.13518162267067396
13338,0.659922921813003
13339,0.39158966214498453
13340,-1.233811364229302
13341,-0.13240684950460327
13342,-0.6764215420072637
13343,-0.9844996295941857
13344,-0.28516373816761864
13345,-0.11694909369719839
13346,-0.7465638919566698
13347,-0.14264682890425714
13348,-0.3622699953968566
13349,-0.5920549572930104
13350,-0.5444586121110783
13351,1.7013712192916122
13352,-0.5743033330186242
13353,-1.6936217047578188
13354,-0.16614455293924998
13355,-0.9734733511678251
13356,-0.591660224292561
13357,2.225777422307544
13358,1.18387704079863
13359,0.01127357678754308
13360,-1.8804546765870522
13361,-0.4273566011172554
13362,0.9676425765456776
13363,0.7025557813143711
13364,-0.14472131921166415
13365,0.1079323008186743
13366,0.7496565059576243
13367,0.7256512236449839
13368,-0.14649553564784448
13369,-0.1909332257521472
13370,-0.04331500926611253
13371,-0.691204265542032
13372,0.11976639429971528
13373,-0.1611540496871346
13374,0.28907978015034963
13375,-0.3085348327113315
13376,0.3378065885987112
13377,-0.7086724493033936
13378,-0.2762731256202243
13379,-0.01622062835400762
13380,0.37898562291863863
13381,-0.05568302926611254
13382,0.03546895461228798
13383,-1.0643387289165394
13384,-1.0891363132301117
13385,-1.070955772981615
13386,0.29978241261899374
13387,-0.21687967774890168
13388,-2.7047923378199865
13389,-0.2963688504138443
13390,-1.079180215910986
13391,-0.4156122321216887
13392,-0.44803121478733354
13393,-1.1446709839908051
13394,-0.3563066628913649
13395,-0.6649185228671219
13396,-0.05358619684179017
13397,-0.9337634046143488
13398,-0.42600601431776486
13399,0.19740812010546188
13400,-0.8884703341336275
13401,-0.487550432590609
13402,-2.067906865132496
13403,-1.4832559592110164
13404,-0.15215442508560426
13405,-0.1811818282541218
13406,-0.4251501973457696
13407,-0.9500999359433524
13408,-0.22025082316492653
13409,-0.5434314616577093
13410,-1.053049833292828
13411,-0.28873546674651634
13412,-1.0065490656088916
13413,-1.3395149769969326
13414,1.5287671057924481
13415,-0.28893660825353434
13416,-0.09163264577451584
13417,-1.5022600037172849
13418,0.28818249542566443
13419,-2.4367391219096053
13420,0.7304322637266172
13421,-0.37454790462590376
13422,0.5198778242388735
13423,0.37446738035297733
13424,1.210256436030103
13425,-0.1349468843279547
13426,0.12701238782377516
13427,-0.24580865886772704
13428,-0.43455480751211467
13429,-0.4243616024464975
13430,0.8213115564749405
13431,0.4914069633162065
13432,-0.3289573783009722
13433,0.23794288259994895
13434,1.121063233618378
13435,1.1177790703404193
13436,0.46253880354844207
13437,-0.3419278802195958
13438,0.8485904740233995
13439,-0.02720035013333542
13440,0.2130789294907315
13441,-0.02330912434549656
13442,0.04433749145437052
13443,-3.6046917938385796
13444,-0.052494134200398807
13445,-0.3787553108506168
13446,-0.8929329892642881
13447,0.15803636518674963
13448,2.5506623956202534
13449,0.4933808644775976
13450,0.8174913811180157
13451,-0.7517379534014488
13452,0.7482574522540141
13453,-0.7398317916040538
13454,-0.15905820043245034
13455,0.5550299892939832
13456,0.43238350511340373
13457,-0.03248930941812226
13458,0.6095470436572488
13459,-0.6899299777814893
13460,-0.9805419103880656
13461,0.43554162255795836
13462,-0.06687083036936088
13463,0.25285632853382456
13464,-1.152685408964377
13465,0.4722749460405352
13466,-2.3067656830266436
13467,-0.5087176051900537
13468,0.019230057134573493
13469,-2.063203829240275
13470,-0.5162957859251512
13471,-0.6274988505234937
13472,0.5692158907948649
13473,-1.2630229642840891
13474,-0.2555942722275468
13475,1.5228424049528173
13476,-1.7464297832943436
13477,0.39831555270688135
13478,-0.3805954983646883
13479,-1.0091372082674634
13480,-0.610399975296248
13481,-0.01536818222001108
13482,-0.9907914718814529
13483,-0.33247637704073174
13484,-0.5918401184725741
13485,0.6606439523988025
13486,-0.5647269586658945
13487,0.26413780979593915
13488,0.2243603742650926
13489,-0.8093351628474084
13490,-0.2334092902515912
13491,-0.5061733413437126
13492,-0.6847616086983481
13493,-0.7839552132031294
13494,-0.018465673028103695
13495,-0.4806325233178086
13496,-0.7223840474102015
13497,-0.1469036637634457
13498,-0.03498423400170095
13499,-0.02559787770559348
13500,-0.2234576775162476
13501,-0.36375810144875936
13502,-0.6426226492826139
13503,-0.5148179280068609
13504,-2.8606255907013547
13505,-0.121075223759486
13506,-0.32801081092786905
13507,0.4469714521877686
13508,-1.3456991274409473
13509,0.1379571679579699
13510,-1.2007834540165618
13511,0.040112397720941904
13512,-0.836032613506853
13513,-0.7978745217284692
13514,-1.3272932975547742
13515,-0.8701784765864223
13516,-1.301229886865517
13517,-0.5128778478699759
13518,-2.5007545644256393
13519,0.44117141584480224
13520,0.9136571148047209
13521,0.05498817888726799
13522,-0.03199682395205524
13523,1.1956902271541054
13524,-0.016485540901018746
13525,-0.36534519186978276
13526,-0.011907169847394304
13527,-0.7653175334432654
13528,-0.37174487607935736
13529,-0.15874431241114617
13530,0.02335242694909165
13531,-1.360359612848029
13532,-0.8026585009366495
13533,-0.23088566321088108
13534,-1.238017648015293
13535,-0.8393213576415234
13536,-0.28221839102018653
13537,-0.7447286443009938
13538,-0.3908507437161656
13539,0.23299188332517076
13540,0.6431683808177774
13541,0.5529785969300585
13542,-0.9352612945955708
13543,0.7556485822634347
13544,-0.656449174273065
13545,-1.1845520951779545
13546,-0.07217853970394403
13547,-0.09545241772108279
13548,-0.06524334250448445
13549,-0.05765966802084343
13550,0.7094191693861782
13551,-0.424217434767369
13552,-0.1994947054673442
13553,0.7100505957529146
13554,-0.3866856368921799
13555,-0.8562279830008022
13556,-0.12953633233466427
13557,-0.22283357062397727
13558,0.6706875858848836
13559,-0.8075779358116538
13560,0.0730502662950023
13561,-0.5492759806781641
13562,-0.5425930455440359
13563,-1.4114487066822134
13564,-1.181073842334279
13565,-1.2259526713256979
13566,-0.44288720049695474
13567,0.8996676019743529
13568,-0.15900493536855906
13569,0.00019493342572367815
13570,-0.29239509109528644
13571,0.6859084373992076
13572,-0.5965260980722141
13573,-0.7009983807544016
13574,-0.35004243588975614
13575,-1.0332845202363716
13576,1.8746705298070192
13577,-0.47639884027597135
13578,0.6670866930652797
13579,-0.5697184547708489
13580,-1.1776765169793535
13581,-0.9625991479236621
13582,0.2358186728635809
13583,-0.00015494328365314052
13584,-0.9990203797237203
13585,-0.10340488514662421
13586,0.6434643075520634
13587,-1.0952920969666702
13588,-0.7406040047044103
13589,0.3386492210238438
13590,-0.19721149171147465
13591,-0.9856292911100006
13592,-1.1440401406433938
13593,-2.949973019803478
13594,-1.269683063719163
13595,-0.22122262631043843
13596,0.9794893636226666
13597,0.8509174395915063
13598,0.507261184560177
13599,0.8604648041083575
13600,-1.3038277712126252
13601,-0.16021153760784487
13602,-0.08834664028704343
13603,0.7202101089294786
13604,0.38499702842948386
13605,-1.2263234294974537
13606,-0.33110888057216487
13607,0.5260729441501577
13608,-0.21687184708009352
13609,-0.6333520119340323
13610,-0.11098645005048728
13611,0.5147058041126145
13612,-0.12923710048011966
13613,0.9351481379541119
13614,-0.7095129433441899
13615,1.4752570311668036
13616,0.8644456274991361
13617,-0.4879118736848767
13618,-1.2469147933141427
13619,0.656384894743724
13620,-0.21817193735853196
13621,0.20733534111358412
13622,-0.07112542864014373
13623,0.4561748235267942
13624,0.45837631054349415
13625,0.8167478200353503
13626,0.6604190665321141
13627,-0.44026531640547956
13628,0.5231579090819896
13629,-0.07421427585789302
13630,0.6203559981446574
13631,0.3986395489209419
13632,0.27921412281746644
13633,0.20052384417806202
13634,0.7112486241120018
13635,0.16708346109916772
13636,0.133167711542828
13637,0.3176652686278652
13638,-0.021695858573731002
13639,-1.3131454985786621
13640,-0.6133654903956055
13641,0.8354502497652272
13642,-0.4106289535704682
13643,-0.23195027686523717
13644,-1.0427050021750373
13645,1.7275616109082352
13646,0.913434574563401
13647,-0.9819936067188124
13648,-1.2239233235724476
13649,0.895305753297741
13650,-0.5352626239206902
13651,0.10276371923400082
13652,0.7985489443850199
13653,-0.25395315669502877
13654,0.736963468927901
13655,-0.08454056813599539
13656,0.13022261520651282
13657,-0.5856649011478019
13658,-0.12359511343214317
13659,-0.4976499840229225
13660,-1.212744319888881
13661,0.1336435827864887
13662,0.8484299059450288
13663,1.9596213725841627
13664,-0.32926081587232325
13665,1.677592232876539
13666,0.9787521005358547
13667,-0.43322925199257883
13668,-0.00023994054791257762
13669,-0.8931550591203934
13670,0.4969348861005501
13671,-0.1641980570632935
13672,0.6918367959693462
13673,0.09375925859053542
13674,-0.154863087887597
13675,0.7276604223680836
13676,0.6636825697060641
13677,1.1923239677085709
13678,0.37574412127545975
13679,0.06066200840148386
13680,0.3842908263205656
13681,0.16689119092686405
13682,0.5687312994402512
13683,-0.2753568859659901
13684,0.5003524096924037
13685,-0.1015120715589649
13686,0.8423020278334523
13687,0.7531175293949411
13688,0.05546174628666194
13689,-1.5512539191865238
13690,0.31411470286165183
13691,0.21674395090568652
13692,-1.2851543508600294
13693,-0.9423235640889032
13694,0.5538751323418746
13695,-1.1438682083448235
13696,-0.414056969341336
13697,-0.6807426981385698
13698,0.026531213164171417
13699,-0.008213034336462944
13700,-2.207183658357807
13701,0.4547987047247111
13702,-0.5148012753904964
13703,0.6514976630232429
13704,-0.6538533409479125
13705,-1.034070412982707
13706,-1.3844525391115572
13707,-0.5233310480376063
13708,-0.3505645376471689
13709,0.12362114787203542
13710,-0.19040430049282356
13711,-1.4950544717529073
13712,0.09796445923346281
13713,-0.965362523161867
13714,-0.05225134616713385
13715,-1.0744119274620505
13716,-0.08320967408158125
13717,-0.36142456719524835
13718,-0.40937345201147335
13719,-0.9573366322920601
13720,-0.18581623350989715
13721,-0.8783909047225478
13722,0.2525639491638436
13723,-0.030022011258900208
13724,-1.2155525507256262
13725,0.46860589000979863
13726,-1.5518374245051507
13727,1.1705682935296338
13728,0.02839800190153528
13729,-0.7381086834175892
13730,1.3360546492938528
13731,0.8484708052714955
13732,0.619485778685592
13733,-0.789093764646956
13734,0.31238355157664627
13735,-0.7213570918432533
13736,-0.9105856495850545
13737,1.0998902466140736
13738,0.7996290450497198
13739,-0.2971429794865901
13740,0.31021170563626077
13741,0.23128104993157753
13742,-1.4422589846365528
13743,-0.6183324849735513
13744,-1.0964873282286405
13745,-0.13120015149475614
13746,-0.07478784679708525
13747,0.8025389987942095
13748,0.3062709126974174
13749,-0.9678642635174238
13750,-0.132993975643254
13751,-0.705595108930962
13752,-0.036187104148704456
13753,0.11988256211805261
13754,1.3618792610307122
13755,0.4920976364386772
13756,0.37217163097149114
13757,-0.775354180682245
13758,-0.5010904485085128
13759,-0.35187067118320636
13760,-0.054050079597812696
13761,-0.20242876093587836
13762,0.5808432741795103
13763,0.15998412013426122
13764,-0.01232661927637572
13765,-0.2987099296275122
13766,0.15871854425036475
13767,-0.04582984697440848
13768,-0.47453846786486675
13769,-0.836032613506853
13770,-1.6993866513534723
13771,0.11689650326761264
13772,-0.11822956248129811
13773,-0.5638004946577452
13774,-0.06295747321979828
13775,0.6324029874756381
13776,-1.9486106879748701
13777,-0.5243383553163945
13778,0.2861893735178262
13779,-0.48052187592919804
13780,-0.07903160815274488
13781,0.32979957433643825
13782,0.5168781445072387
13783,-0.19645073918757153
13784,-0.281906811363854
13785,0.7564710046764006
13786,-0.861343879756023
13787,0.328862997902372
13788,-0.033963214518495065
13789,-0.6337054416593344
13790,0.055895698549103506
13791,-0.5217657063792784
13792,-0.8315540556943821
13793,-1.1889580331489327
13794,-1.0783513955632649
13795,-0.18648147355269112
13796,-0.6510031973048536
13797,-0.14642420631340725
13798,0.45242282608627804
13799,-0.8984989826385189
13800,-0.4949981575299406
13801,-0.1528659487206832
13802,-0.0016167675839196772
13803,-0.35188631037611673
13804,0.6887090893809463
13805,-0.2412733338734228
13806,0.24069496998151937
13807,0.08663011856822844
13808,0.0014985327526370242
13809,-0.04065682908266997
13810,-0.6325322469772094
13811,-0.01797649246591848
13812,0.04426198017850045
13813,0.26126122674966584
13814,-0.04854773876032362
13815,0.25917544425237077
13816,0.4116084608381719
13817,-0.2204792189217665
13818,0.005765156172889195
13819,0.5526058583584256
13820,-0.8652209357476845
13821,-0.7218025062667796
13822,-2.723233012426152
13823,-1.0378021826556378
13824,0.48848705243219465
13825,0.12733943353605096
13826,-0.18166799105617293
13827,-0.5202116268050543
13828,-0.19670065016245822
13829,0.23006940496332384
13830,0.661423687577562
13831,-0.8578465736094666
13832,-0.17186971188953398
13833,-0.9318365142264751
13834,0.030214029213537913
13835,0.25288151603023545
13836,-0.6048889772809873
13837,-0.5958754205805211
13838,-0.25437588734268723
13839,0.9705985321852522
13840,-0.2761636457881917
13841,0.4282655289797179
13842,-0.1519049095712588
13843,-0.25410201005251887
13844,-0.2465814547954848
13845,0.11168630583679377
13846,-0.18779883924696433
13847,-0.8527454432120776
13848,-0.7851150594363905
13849,1.6462034025436898
13850,0.03887263358367765
13851,-1.9958476899638393
13852,-0.26206342219073947
13853,-0.4063731261945903
13854,-0.37844281677998515
13855,0.01911576070486093
13856,-1.2068239083747865
13857,0.28786745154728804
13858,-0.32294463680875973
13859,-0.2291972536314717
13860,-0.22158074371179518
13861,-0.04109622047413326
13862,-0.18084579648059532
13863,-0.5195781922641248
13864,0.06341233253502393
13865,-0.711021938115494
13866,-0.047583581415737
13867,-1.2184103508489397
13868,-0.2645445986723856
13869,-0.11647453272544839
13870,-0.351439816395992
13871,0.7074739461069043
13872,-0.28720994670803496
13873,-0.5842941463072866
13874,0.8947581473050176
13875,0.0670017391126233
13876,0.6214426625625147
13877,0.6354814269295461
13878,1.0878372552839612
13879,-0.19427594000868673
13880,0.1876723887614024
13881,1.721841073455823
13882,0.9396511535161207
13883,0.02643914809136562
13884,0.1710323384379682
13885,-0.3489095864660171
13886,1.091276725835281
13887,0.75951591238185
13888,1.4217762742557996
13889,0.19352563886447718
13890,-0.03080070926034299
13891,0.49434889298183965
13892,0.025372318177189112
13893,0.5326840925615461
13894,0.017306241397627518
13895,1.56121672027956
13896,0.7809977836206629
13897,-0.26667254409521407
13898,-0.3807299999122784
13899,0.7060688918066523
13900,0.49111969479970147
13901,-2.9296013711846696
13902,-0.022468318855626265
13903,-2.0730763018128275
13904,-0.30968053777197285
13905,0.6425156581605181
13906,0.11163999152843032
13907,0.21057135219620066
13908,-0.9486137282041619
13909,0.08726611416326688
13910,-0.21485512344099225
13911,0.7593911210540865
13912,-0.5530486213721351
13913,0.2074645784889625
13914,0.9477861281005613
13915,1.585435716735519
13916,-0.7108700558165019
13917,0.9378888197473557
13918,1.0993686015174184
13919,0.009432951850855817
13920,-0.2336885148928442
13921,-0.8775610003578458
13922,-0.9787332215079139
13923,0.48624814765081203
13924,-0.26065997413202563
13925,0.2104981889862731
13926,1.9916693197974928
13927,-0.35525093015203063
13928,0.5725118097572449
13929,0.2839820373066115
13930,-0.9851611914236991
13931,-0.7202842234267742
13932,0.1625471138274829
13933,0.12601930840259162
13934,-0.1313667258572245
13935,0.3228451770943975
13936,0.4517223143397421
13937,0.9951251284006825
13938,-0.05118184985733144
13939,0.2273308626931942
13940,0.9597762272666174
13941,0.5806804364970372
13942,-0.761957864085083
13943,0.6775610649488177
13944,-0.43440957796657786
13945,0.11648094727022702
13946,0.42176793576224336
13947,-0.9996074168261008
13948,-0.42882129499066957
13949,-0.5310465692347337
13950,-0.5885102898883291
13951,-0.678119455366859
13952,0.15235432235624094
13953,-0.17772066355663063
13954,-1.144282490766486
13955,-0.22218961015396319
13956,-0.47996361347276595
13957,-0.5756732594830732
13958,-0.8032561533238048
13959,-0.14785456817038403
13960,-0.5756732594830732
13961,-0.06567416725560922
13962,-0.6721800471332423
13963,0.6133936478775764
13964,-0.512703899720298
13965,0.29468527701050934
13966,0.5310284017263684
13967,-0.19613672100029428
13968,-0.33454060327312857
13969,-0.32114614039128614
13970,-1.1821546149763562
13971,0.05644221154882309
13972,-0.10121332567875933
13973,-0.8855835809730936
13974,-0.1695846061665089
13975,-0.944170228263393
13976,-1.2364618470146473
13977,0.026005587494672817
13978,-1.0974793967891003
13979,0.026005587494672817
13980,-0.23261808708488027
13981,-0.6857405073086464
13982,-1.295525928020837
13983,-1.077895747446467
13984,-0.3248872389402595
13985,-1.5090318183502023
13986,0.34471415003383754
13987,-1.560657506121566
13988,-0.0845440437101035
13989,-1.3157917575624465
13990,0.04120835428183137
13991,-1.0270137664187953
13992,0.05268941178854528
13993,-1.8514088768142831
13994,-0.006851187755187681
13995,-1.9850697048058057
13996,-0.08487868708673701
13997,-1.1635482358439384
13998,-0.3859278559598778
13999,-0.9696824572294589
14000,-0.2713630395460018
14001,-0.614364451859935
14002,-0.23361545618496196
14003,-1.0325521946366631
14004,-1.1766636985906311
14005,0.37920663234000906
14006,0.36589514349475827
14007,-0.9050245356781534
14008,-1.0511922098482382
14009,-0.8818262115044474
14010,-0.557921725873016
14011,-1.2784336522045743
14012,-0.9405331415236098
14013,-0.020970886956755926
14014,-1.0670924363126326
14015,0.7863997363713309
14016,-1.2254576818565692
14017,-0.6728200637042431
14018,-0.6817986444590982
14019,-0.19340896356499404
14020,-0.2031432612338071
14021,-1.3849359089350817
14022,-0.9690051554574933
14023,0.04273155353077891
14024,0.19249212814364428
14025,0.08157064934296487
14026,-0.17129812239463033
14027,-0.018465673028103695
14028,-0.4779829754141251
14029,-0.5008120277072179
14030,0.011832542285221546
14031,-0.08099276721909802
14032,-0.36335471221454707
14033,-0.7541705117732038
14034,-0.0072292122535595835
14035,-0.4372676763358797
14036,-0.6472330878832764
14037,-0.4856572740267774
14038,0.06308602975122207
14039,-0.21428916996873865
14040,-0.5161862088871342
14041,-1.3595479986880408
14042,-0.6675335562930066
14043,0.4554956968825509
14044,-0.8685757446368024
14045,-1.2453701485335977
14046,-0.45433664511548305
14047,-0.18293039584796153
14048,-0.5881869153203544
14049,-0.459286867908781
14050,0.10485561018890065
14051,0.3807317199026285
14052,-0.1591765034724135
14053,-0.007983966174169065
14054,-0.7943398431229827
14055,-1.1725101481436357
14056,-1.3043669044761537
14057,-1.1213868127495517
14058,-1.3828871573728703
14059,-1.4818598452870302
14060,-1.1025607367622299
14061,-1.2523559098139618
14062,-1.8060304260441402
14063,0.6613546442807968
14064,-0.29862385301767175
14065,-0.6634023183269276
14066,-0.7987205626592454
14067,-0.49970482943452965
14068,-0.36903141033443965
14069,-0.6210431765591553
14070,-0.14761743055086712
14071,0.0017054363535074395
14072,-0.6608803774402502
14073,-0.4822813194702145
14074,0.009656827628845852
14075,-0.5662010270475192
14076,-0.268015864839219
14077,-0.5146245998658779
14078,0.3059167129158979
14079,-2.236438156146178
14080,1.7862756713705576
14081,0.7670698336084815
14082,0.7027586378126316
14083,-1.1097538121394983
14084,-0.05189012975271736
14085,-1.9835098037835834
14086,-0.345781508694126
14087,0.516124089743041
14088,0.46236374859070756
14089,-1.3413768417822942
14090,2.0441460262790585
14091,-0.08564227073549398
14092,-1.1421275064479965
14093,2.5233970964574746
14094,0.5424599829695435
14095,-1.1032026566397195
14096,-0.3893204420155465
14097,0.15660673906385847
14098,-1.009186136225859
14099,2.2806646452513823
14100,0.5112247965273957
14101,-0.04616807928817226
14102,-0.5750150640042963
14103,0.29439924528713957
14104,-1.352471024029463
14105,0.17073801812388079
14106,-0.30496989932641616
14107,-1.0427050021750373
14108,-0.033674340043257756
14109,-1.0089943887885153
14110,0.08908189483613951
14111,-0.9318365142264751
14112,0.310885053513968
14113,0.3376992110575058
14114,-0.7377968999751087
14115,-0.10955312876211795
14116,-0.4207704617120854
14117,0.0270957699290486
14118,-0.3812018928417385
14119,-1.1739385018683546
14120,0.08908189483613951
14121,-0.6927830206694837
14122,-1.2338464577003048
14123,-0.09995098957331029
14124,-1.9856016740803863
14125,-1.1479215177781974
14126,0.41384224703727324
14127,0.27177153962849854
14128,0.18049349954929012
14129,0.13345080784796995
14130,-1.0653839177340672
14131,-0.1830141687650989
14132,-2.404811462993417
14133,0.24011221425915613
14134,0.48595588705722126
14135,0.23918851510773048
14136,1.6798109240482069
14137,-0.10123614653069894
14138,-0.23798399226459865
14139,-0.794623379842523
14140,0.07115634308294207
14141,-0.733672367230963
14142,-0.04193540983606117
14143,-0.9879946195989036
14144,-0.01363005733037276
14145,-0.356858891715072
14146,0.558752836102154
14147,-0.026143102460743185
14148,0.9921918736286539
14149,0.40609133421381194
14150,-0.42732507025209854
14151,0.17073801812388079
14152,-1.1693982410219415
14153,0.1330102681673353
14154,-0.9819936067188124
14155,-0.08675874874494459
14156,-0.4056528796540386
14157,-0.516114046274977
14158,-0.2266969672784362
14159,0.19811551003967515
14160,-0.020826460965745044
14161,0.521039974814766
14162,0.15107034512778658
14163,-0.4207652949309422
14164,-0.8948349183937674
14165,-0.40439559532363917
14166,-0.17205871207829704
14167,-1.4950369954752905
14168,-0.2079752725023795
14169,-1.3911717124505973
14170,0.10377651779013697
14171,-0.2958163435785607
14172,-0.4092329237999448
14173,0.06816309863463903
14174,-2.6776878509189057
14175,-0.3368793847812567
14176,-1.2448464600566287
14177,1.7751281622940986
14178,-1.5771027266790143
14179,0.12025418056792991
14180,-0.3451531112929199
14181,-1.2381455268418613
14182,-0.2415113782923339
14183,-0.4822492901218393
14184,-2.062249274196647
14185,2.5249819522448025
14186,0.7980475468876794
14187,-0.439113376845117
14188,-1.4945649469443996
14189,2.166749347303494
14190,-1.279647726870388
14191,-0.24861738513504902
14192,-1.1099687691799718
14193,1.935209197813149
14194,0.8635484357080175
14195,-0.3444094520584799
14196,0.39061202537311984
14197,-2.405990698078189
14198,0.6088967435064404
14199,-1.1837085317638392
14200,0.36887932487588776
14201,-0.25874925193844417
14202,-0.27227402761983627
14203,0.18476088405041077
14204,-2.396790600776656
14205,-0.05704496027600172
14206,0.6655056168173362
14207,-0.19261209428543824
14208,0.06309703953322651
14209,-1.1517683776875358
14210,1.035267354055171
14211,-0.4102900181473938
14212,-0.4301130011849186
14213,-0.9112475684065758
14214,-0.18436246735849954
14215,-1.1923833559375134
14216,-0.49714932557355085
14217,-0.19644683023410003
14218,-0.08566937520752754
14219,0.24412660105681702
14220,-0.4923615249881764
14221,-1.047922802321936
14222,0.32744905877955505
14223,-1.8415394615880274
14224,0.5591211512488706
14225,-1.0238116182342183
14226,-0.2813902768248104
14227,-0.7217209461203298
14228,-0.2852279529920015
14229,-0.5029940762788654
14230,0.5400507436939622
14231,-0.6679623107715356
14232,0.34039081874741944
14233,0.3396510371944998
14234,0.45392366102798415
14235,-1.5313228136155013
14236,0.24412036351784233
14237,0.6867881385651399
14238,-0.5983178062173778
14239,0.2680335247290141
14240,-1.6738450948875203
14241,-0.060997482309303686
14242,-0.46037059842100103
14243,-0.35723749230909957
14244,-0.296212014884131
14245,-0.03461188508179031
14246,-0.35649759223093525
14247,0.009986188621154388
14248,-0.8403728710125707
14249,-0.45553582265051407
14250,-0.022075313694924412
14251,-0.018411942517513043
14252,-0.20456054563503412
14253,0.17082755808251926
14254,-0.04414528067675169
14255,-1.1945529716140315
14256,0.1252544921052645
14257,-0.9199287329935665
14258,-0.41589400657948083
14259,0.04589213612036848
14260,-1.0250182784135369
14261,-0.6357121093402183
14262,-0.21679337892113068
14263,0.2410506114197216
14264,-0.7377895323306847
14265,-0.40214953947537474
14266,-0.06207813442478126
14267,-1.0059124727869029
14268,2.3265865547775553
14269,-1.5441397002406354
14270,-0.23310786468788372
14271,-0.5812472380335351
14272,-0.23310786468788372
14273,-0.23310786468788372
14274,0.16809887700594375
14275,-0.4913074765743536
14276,-0.2593546410664592
14277,-0.27664631711026316
14278,-0.6387751086278824
14279,-0.12135102956144651
14280,-0.4323507292009305
14281,0.9021847479416019
14282,-0.20479849699648026
14283,-0.4251501973457696
14284,-0.1858694422780748
14285,-1.3138640914238895
14286,0.9015129117319627
14287,-0.32092725538344785
14288,-0.1521127023749705
14289,-0.3076982961339117
14290,-0.12949770048589937
14291,-0.9389999848068961
14292,0.22895212588730335
14293,-0.17772066355663063
14294,-0.5161862088871342
14295,-1.0277991870065446
14296,0.27478515699231204
14297,-0.09694871094945215
14298,0.827954463494262
14299,0.2672232234728672
14300,0.27478515699231204
14301,-2.449847156962338
14302,0.667824579694689
14303,-1.5447280754597117
14304,0.22843290063897245
14305,-0.01943002193724686
14306,0.10487547093888479
14307,0.05985517981703184
14308,-0.9657513571929284
14309,-0.08484085541740508
14310,1.5482821135710678
14311,-0.33884348451760127
14312,-0.707633772301801
14313,0.17348857189408473
14314,-0.12375858944039012
14315,0.06793613129951293
14316,-0.13363012338509472
14317,-0.1433839406132492
14318,-0.461888709418884
14319,-0.6445682963310045
14320,-0.4804767980321746
14321,-1.3654217003557707
14322,-0.1613184892848131
14323,0.05967564787869222
14324,-0.3010851880949348
14325,0.27460202707377634
14326,-0.1339144479682069
14327,0.28972447921644123
14328,0.0981242182996164
14329,-0.18490514214044856
14330,-0.3947076861460943
14331,-0.5101949256863134
14332,0.10945973037531576
14333,-0.9835384804130224
14334,-0.6097082411611808
14335,-0.8092942565211724
14336,-0.028143351630636346
14337,-0.404558148309407
14338,0.013029393533273368
14339,-0.35890198206945007
14340,-0.8771109453628683
14341,-0.17138861364565297
14342,-0.09543749549181788
14343,-0.9638196046892877
14344,-0.2626688097725478
14345,-0.7079847148466506
14346,-0.19048602127192424
14347,-2.172383820138243
14348,0.6363212113663552
14349,-0.09561140412937974
14350,-0.10207401369259991
14351,0.21809170222722624
14352,0.05268941178854528
14353,-1.1973108275245263
14354,-0.6539630153544178
14355,0.05268941178854528
14356,-0.020970886956755926
14357,-0.030633390715149995
14358,-0.8000082165816877
14359,-0.47928441946863665
14360,-0.03793397290475864
14361,-0.3665866063425846
14362,0.03748664500138673
14363,-1.215096271841009
14364,-0.15751150484481452
14365,-0.2209612995191216
14366,-1.3645896852340473
14367,-0.1839778407300794
14368,0.05268941178854528
14369,-0.9115155961526515
14370,0.05268941178854528
14371,0.041911027704702446
14372,0.26207895711919826
14373,0.06880080750540728
14374,-1.4961699441831615
14375,0.28654960755709397
14376,-1.3565194725940333
14377,0.5682769002600692
14378,-1.1372219835689787
14379,-0.175218458344176
14380,-0.684122682310748
14381,-0.08564227073549398
14382,-0.9272385314318328
14383,0.04120835428183137
14384,-1.6091624621428486
14385,-0.10121332567875933
14386,-1.0478543965514069
14387,-0.19118921147258783
14388,-0.4237017927494228
14389,-0.007885549310238198
14390,-0.0845440437101035
14391,-1.286734124509323
14392,-0.46516491552062667
14393,-0.6142852792995476
14394,-0.040929758383036335
14395,-2.150418448411306
14396,-1.49710964796235
14397,-0.5421347244322654
14398,-0.47320993683177315
14399,-1.4662663431446192
14400,-0.2454927761822375
14401,0.12805291676372155
14402,-0.3134755033695874
14403,-0.20780540760524885
14404,-0.021522875110812564
14405,0.022919521004681826
14406,0.06932874431260651
14407,-1.0553871150567673
14408,-0.2898784383718493
14409,-0.02681469741238621
14410,-1.214487684248623
14411,-0.24297422146559322
14412,0.36155559901765016
14413,0.5943460921335737
14414,-0.07966437771263526
14415,0.02233545349717258
14416,-0.4372676763358797
14417,-0.6472330878832764
14418,-0.4371137572927789
14419,0.05599825466879846
14420,-0.4929672085155262
14421,-3.0424406693976978
14422,0.29704734496953283
14423,-0.2743719199811328
14424,-0.41451091281606567
14425,-0.6815188854585955
14426,-1.4976568681580666
14427,-0.8947956166580437
14428,-1.0557574307863362
14429,-1.2007834540165618
14430,-0.9337337311882867
14431,-1.0058497074911124
14432,-0.6183324849735513
14433,0.09972022818223511
14434,-0.9078969366323716
14435,-0.8775027020458441
14436,-0.44397617793512134
14437,-0.06189289472222727
14438,0.08396203883003296
14439,-0.6183324849735513
14440,-0.685036752751197
14441,-0.11650204470626249
14442,-0.6448459688659238
14443,0.3922236982476476
14444,-0.5187816267328889
14445,-0.0549065521302546
14446,-0.10600420024195777
14447,-1.6054458394792293
14448,-2.985654683382994
14449,-0.3820855193711484
14450,0.24992327572351838
14451,-0.4318126810381433
14452,-0.9091900454494355
14453,-0.9314176320566157
14454,-1.29824263413725
14455,-0.2133323176277969
14456,-1.2121804291777778
14457,-0.42071575215908036
14458,-0.5661326892905156
14459,0.2041522666226643
14460,-0.47605908884319736
14461,-0.3755848679798942
14462,-0.2874681938012154
14463,-0.1808400779346456
14464,0.2626937035739985
14465,-0.8624814166759597
14466,-2.148161658466859
14467,0.04159175157859427
14468,-1.2778180651107902
14469,-0.08890863769743838
14470,0.6564699935885135
14471,-0.02947104170844289
14472,-0.19042724149043666
14473,-0.013310776018263472
14474,-0.11159216155093868
14475,0.10035690606806837
14476,-0.21378627494247013
14477,-0.059335022708343545
14478,0.0007071091173043034
14479,-0.490373011444339
14480,0.8042828519564856
14481,-0.3335782196207964
14482,-0.06775270553752531
14483,-1.0350996571565128
14484,-1.627824018075404
14485,-0.1780770443819936
14486,-1.18292767401532
14487,-0.1808400779346456
14488,0.10946065599427689
14489,0.07337078744564665
14490,-0.1735177540792393
14491,0.04496283801840885
14492,-0.11159216155093868
14493,-0.19570872310653623
14494,-0.9138652998721435
14495,-0.21841134778566973
14496,0.4112413321962945
14497,-2.216542372653027
14498,-0.2626688097725478
14499,-0.08671076532679958
14500,-0.5022174922348375
14501,-0.039255918978693696
14502,0.42471185323327026
14503,0.01732330786595368
14504,-2.3538121503559086
14505,-0.21841134778566973
14506,0.02575465062823894
14507,0.0818067719937168
14508,0.056427904234830004
14509,-0.2235155900111649
14510,-0.06562332052546234
14511,0.40297075609836686
14512,-0.5396801559258311
14513,0.45206822885536185
14514,-1.184017327656986
14515,-0.0893803876177922
14516,-0.02822926178113124
14517,-0.7332298889068348
14518,0.3506391819151439
14519,-1.8837916924548508
14520,1.0638521666450123
14521,-0.595497350101117
14522,-0.12874211706080524
14523,-0.24385754229772194
14524,-0.013310776018263472
14525,-0.16514135855231962
14526,-0.13760231740517562
14527,-0.6815188854585955
14528,-0.8551051741996756
14529,-0.112255092642886
14530,-2.291735405964582
14531,-0.8745544081046047
14532,-1.2069043406119415
14533,-1.8471741472117393
14534,-0.9087099291761122
14535,-1.2592918834771198
14536,-0.6948677566839264
14537,-1.1120772929615632
14538,-0.8504769193425554
14539,-1.2869380548139626
14540,0.013172275758795707
14541,0.1534525740434201
14542,-2.2290756610194027
14543,-1.2836016483115893
14544,-0.7763153222643948
14545,-0.01360111278692487
14546,-2.4975083817693795
14547,0.5214822787836728
14548,1.0744930495259428
14549,0.27722124780992147
14550,0.6169745685738882
14551,0.44077299875908316
14552,-0.7613082052665807
14553,-0.4152756669013478
14554,-0.012048992456060897
14555,0.16190250756269792
14556,-0.34307353255923845
14557,-0.7505161622353127
14558,0.4551959320217017
14559,-0.14407454460541153
14560,-0.8168372800518148
14561,0.06447840499679953
14562,-0.5968647307969493
14563,-0.22955354068952996
14564,-0.5254103802242411
14565,-0.11642105326529806
14566,-1.0184005997340744
14567,-0.2717989188322422
14568,0.47953713655407365
14569,-1.4138790004221116
14570,2.1911955346145686
14571,0.4858840714486831
14572,0.6287482965568635
14573,-1.3942588045436293
14574,2.4553855554345474
14575,0.4498262068699359
14576,0.3705446835753661
14577,-1.3316584596545442
14578,1.950100236833212
14579,0.6855488593140515
14580,-0.13185621518384746
14581,-1.2448401329730847
14582,0.03924861248037509
14583,-0.4382849554004984
14584,-0.4862792031655992
14585,0.28376038410521126
14586,0.2959843091457996
14587,0.8182465999464609
14588,-1.2626112812192463
14589,2.252946959606298
14590,0.37393789670769295
14591,0.3734890203483951
14592,-0.34285344776235993
14593,-0.027259805468551012
14594,-0.7624997745601493
14595,0.4894170810507934
14596,-0.2606562938128599
14597,-0.07187102412071356
14598,-1.0670722406739923
14599,0.1225266401063729
14600,-1.045644085482933
14601,-0.7612592146779703
14602,-0.029976207797234825
14603,0.5823356021715514
14604,-0.10971941742553083
14605,0.5222168148959532
14606,0.011875092845825627
14607,-0.2359367465198844
14608,-0.026020770249983144
14609,0.0040730183394546305
14610,0.4185353381935053
14611,0.09863816510668671
14612,0.4211255402727977
14613,-0.09074925619316411
14614,0.6346784139118391
14615,-0.19740807074799743
14616,0.534935334136038
14617,-0.22402952284788655
14618,-0.8948743648817474
14619,-0.1424342242538352
14620,-0.4959371277228206
14621,0.4780854326010411
14622,-0.7518373082420053
14623,0.12788288101941322
14624,-2.3480467277666883
14625,-1.56510831662674
14626,-0.8489447872806193
14627,0.36921655713933166
14628,-0.34027810572581585
14629,0.04738744178342467
14630,-2.1994198844233117
14631,-2.3072811173430314
14632,0.04738744178342467
14633,0.006489821741777071
14634,0.2531534300102201
14635,-1.3742150257351182
14636,-0.04193540983606117
14637,-1.2152322852758757
14638,0.09025467908086121
14639,-1.2192292344066051
14640,0.17543059153925858
14641,-1.1728737731258723
14642,-0.9263627242144591
14643,0.04738744178342467
14644,-0.1613493669350114
14645,-1.3837326418929063
14646,-0.7742305804379098
14647,0.04738744178342467
14648,-1.4359398925749418
14649,-0.016926343991640905
14650,-0.9263627242144591
14651,0.28458308113571756
14652,-1.09579055858615
14653,0.4288124639288585
14654,-1.4785819015997286
14655,0.16656459278618493
14656,-1.0602970019224518
14657,-0.818261854076885
14658,-1.095319817790077
14659,0.3472807656957001
14660,0.3059167129158979
14661,-0.3373057959259011
14662,-0.5166086378022725
14663,-0.48557253393153316
14664,-0.5022174527613991
14665,0.4898184882668779
14666,-0.096621738954088
14667,-0.0029545050064619877
14668,0.5478134679210329
14669,0.16436492597640268
14670,0.24972980833736272
14671,-0.9568868850920529
14672,0.8282758928250575
14673,-0.6614673164383428
14674,-0.1439968362664665
14675,-0.13675750975913947
14676,0.4931722606034389
14677,-0.4907054446921998
14678,-0.47781917628628046
14679,0.41394038167532793
14680,-1.095319817790077
14681,0.03771596000404773
14682,-0.9808405379487823
14683,0.02124016255026113
14684,-0.34785041540220235
14685,-1.299048027843391
14686,-1.095319817790077
14687,0.46332169342964713
14688,-1.0270149283734678
14689,-1.0595587631715835
14690,0.6810946839344689
14691,-0.4092329237999448
14692,-0.489792820757413
14693,-0.21050026588255025
14694,0.4467692441282097
14695,-2.2736147130035342
14696,-0.41524594201391757
14697,-0.060997482309303686
14698,-0.3326377153705138
14699,-0.3034582636664171
14700,-0.052788032613669496
14701,0.8031374025357503
14702,-0.17504617993878782
14703,-1.1787438055242014
14704,2.505741282956325
14705,-1.0217478416036803
14706,-0.5060866460589223
14707,0.5238683196262539
14708,-2.2508728357249934
14709,0.7471314264139732
14710,-0.749312715796149
14711,-1.1787438055242014
14712,-0.5102998681617815
14713,-0.5014095530221779
14714,0.39821346202391605
14715,-2.6776878509189057
14716,-0.1579085477026801
14717,1.2961391605378982
14718,-0.5896737989954758
14719,-1.224992977629113
14720,2.6733577416921515
14721,-1.2470372625977661
14722,-0.3728372612431712
14723,2.4254557110885244
14724,0.2868267258931969
14725,-1.3466833125643294
14726,2.097857717338596
14727,0.25081581572661615
14728,-0.4261789072171298
14729,0.41743396366600527
14730,-2.246887312761499
14731,-0.4885792963906283
14732,0.239058713497045
14733,-2.6361651602008926
14734,-0.36377505450805664
14735,0.9379687443958894
14736,-0.3907068074503066
14737,-0.9072742154046878
14738,2.4994220032802064
14739,-1.3682518300236752
14740,0.05195702810034585
14741,-1.2667937410626366
14742,2.6712560304996567
14743,-1.45835406977891
14744,0.9584114605429019
14745,-0.48174633604386013
14746,-0.3840319161555309
14747,-0.042892526437011136
14748,0.13547157317597164
14749,0.9707912996296947
14750,-1.3389912847395686
14751,-0.5978492535814512
14752,0.07805401046124483
14753,-0.2864679937970923
14754,-0.3840319161555309
14755,0.07143196450925778
14756,-0.21483766035275736
14757,-0.32555466274574435
14758,-1.8877047139684662
14759,2.5272092629293295
14760,-0.05382014033506832
14761,0.8469317828283532
14762,-0.3504912544191666
14763,-0.7021953015647923
14764,-0.042892526437011136
14765,0.3610220304941843
14766,-0.4261789072171298
14767,-0.39844985168317204
14768,-0.4570703800078228
14769,-0.47021902007248395
14770,-0.08313563948260791
14771,-0.2998700144723485
14772,0.22525640683750778
14773,0.3014947893881143
14774,0.2178965479192371
14775,-0.059186953147964946
14776,0.3376594303257745
14777,0.6011241245162959
14778,0.1706504778998455
14779,0.22225865379949702
14780,0.14895051446744073
14781,-0.10246220669309287
14782,-0.6026534869239183
14783,0.27460202707377634
14784,-0.0730928385230291
14785,-0.293920150206078
14786,0.15624731121374877
14787,0.0769485409114079
14788,-0.3111577745614068
14789,0.28408032782062453
14790,-0.4829534156076336
14791,0.9976070089109214
14792,-0.7101354333856352
14793,0.6591011002896763
14794,0.14516846218807483
14795,0.391364258765864
14796,0.32285981121868534
14797,0.39393911754771077
14798,0.44135479860007437
14799,-0.07818227843792216
14800,0.3710229424321563
14801,0.21023516313166798
14802,-0.09634552195815417
14803,-0.48567024866846287
14804,0.06101037939426971
14805,-1.2093155505666056
14806,0.014311588330505333
14807,-1.2763805614272234
14808,0.17409807900538987
14809,-1.1885784517237596
14810,0.026005587494672817
14811,-0.960611351982923
14812,0.5633597614888776
14813,-1.0236055159300501
14814,0.5031065676380477
14815,0.6450460959316348
14816,-0.7459978391938136
14817,-0.9176110165781537
14818,-0.11748089995168247
14819,-1.342146316061907
14820,0.10736734778263574
14821,0.3705503346920862
14822,0.3427096383023794
14823,-0.5761614382721373
14824,-0.4106236587407822
14825,-0.8940227527773195
14826,-0.12799718466055837
14827,0.26052571469301916
14828,-0.007746385342405093
14829,-0.03808016516626083
14830,-1.4259020960542124
14831,-0.2107228149592282
14832,0.03748664500138673
14833,-0.979037023626475
14834,-0.1318192029622628
14835,-1.0284510680691379
14836,0.10391476529178126
14837,-1.3678618146005639
14838,-0.8273546742276291
14839,-1.1943004913783852
14840,-0.13765443531631225
14841,-0.2013801200917828
14842,-0.21613595000168573
14843,0.5021442634111978
14844,0.5617816818824941
14845,0.476043571521556
14846,-0.7672883431363744
14847,0.577344648513788
14848,0.06645425572969568
14849,0.5228538322816089
14850,0.37592560228391203
14851,0.26368163591559407
14852,0.23359333189357068
14853,-1.2422232862897438
14854,0.20655436811984054
14855,-0.006504226793604831
14856,-0.16957310600801961
14857,-0.33043063334134193
14858,0.9772315201346767
14859,-0.2735018684219862
14860,-0.5318711508623826
14861,-0.4779829754141251
14862,-0.21668817215584404
14863,0.8597035363412947
14864,-1.250702363972642
14865,0.15557701733400173
14866,0.2281445601670411
14867,0.8143814260104836
14868,-0.499098735887473
14869,-0.3225370181956755
14870,0.6571498722642183
14871,-1.1986582693683492
14872,-1.0395914925278156
14873,-0.3490016454050543
14874,0.13186029680323527
14875,0.3460303242628605
14876,-0.013281720294965335
14877,0.7604712738182915
14878,-1.1450560698141148
14879,-0.20966591606457313
14880,-1.9617313210796952
14881,-0.5054858066042469
14882,-0.27051472037273416
14883,0.09165981301018226
14884,-0.2849608024437837
14885,-0.3209824675775026
14886,0.2608007022559844
14887,-0.0031782770077487497
14888,0.25893291263177165
14889,-0.06440518841114105
14890,-0.021955107078045804
14891,-1.0379349169450656
14892,-1.5506822546977093
14893,-0.5840993472391913
14894,-1.0750239555922234
14895,-0.6919676466683854
14896,-0.6038659149514328
14897,0.05452640557576869
14898,-0.4861840529102099
14899,0.2719331969060092
14900,-1.1201373769073626
14901,-0.2558048375891212
14902,-0.2066417508739514
14903,-1.0161300472360912
14904,-1.0379349169450656
14905,2.6419992140947697
14906,-1.613650831110551
14907,-0.5749656429705247
14908,0.4572014301803726
14909,0.008717895937141475
14910,0.03951331838814451
14911,-0.4091257515923886
14912,-0.12077631977121854
14913,-0.06385685226789578
14914,-1.6738942569658397
14915,-0.2565183280805201
14916,-1.085737791632578
14917,-1.5336812469026453
14918,2.3081601369194282
14919,-1.507601876100833
14920,0.3746999422706063
14921,-1.3316584596545442
14922,1.9064439661900974
14923,-0.5571103537552341
14924,-0.43191410464615976
14925,-1.2785404073844566
14926,0.33628726810946036
14927,-1.3546850864078497
14928,1.9707041800462684
14929,0.30503865307505307
14930,-0.26728509499130587
14931,0.027910581186341658
14932,-0.18077402414480434
14933,-0.014183353076408707
14934,0.4283313467848548
14935,-0.7967659832330694
14936,0.04485823543774393
14937,-1.0667872204689735
14938,0.41335466765454304
14939,0.10135353147868911
14940,-2.3839723610314447
14941,-0.44634658191556514
14942,-0.893887563998991
14943,0.039862400607356394
14944,-0.25794815685034644
14945,-1.7296507542457829
14946,-0.5241343949553744
14947,-1.0434019620462296
14948,-0.643903415077826
14949,-0.5240299496511246
14950,0.012544913505259535
14951,0.37265095113491753
14952,-0.07565869583556283
14953,0.47597818012847043
14954,0.4862661934194639
14955,-0.36791720967069924
14956,-0.1492552145900934
14957,0.18646898513436475
14958,0.48434916488135354
14959,-0.46825697079387524
14960,0.5527954687758937
14961,0.858937158295236
14962,0.25561017294176797
14963,-1.0050934922641535
14964,0.16599667611712055
14965,0.3707752796343267
14966,-0.34619696181462384
14967,0.1798559726479138
14968,-0.41199080833299745
14969,-0.9341010005872249
14970,-0.250595500985788
14971,-0.9656216481336912
14972,0.06101037939426971
14973,0.3029667478715034
14974,-1.5781990173247202
14975,1.0272212907204088
14976,0.3534171235811442
14977,0.00865877304781998
14978,-1.2555058324531916
14979,-0.5035358113850646
14980,-0.8323274960184854
14981,0.778065859257557
14982,0.6748208964539723
14983,0.10621640979502558
14984,0.17249764828184538
14985,-1.1573668466705929
14986,-0.0671913356230183
14987,-0.8798738643818225
14988,0.4404714703062112
14989,0.3806389238114665
14990,1.0404009753194525
14991,0.5748257919325682
14992,-0.1961649491016764
14993,-0.5618638796402196
14994,-1.0055148358028883
14995,0.12877507034174734
14996,-0.08255106887313528
14997,1.5932935395862902
14998,-0.6295801593140188
14999,0.13695936788184235
15000,1.6220353235146185
15001,0.33571715900870214
15002,0.038158399407822605
15003,-2.6403924474567844
15004,0.09032630803827715
15005,-0.5838687364661356
15006,-0.26653434334416304
15007,-0.19665548519995768
15008,-2.048077107406861
15009,2.2885398986820764
15010,-0.15218557825379972
15011,-0.4335392748931931
15012,2.2359897613387973
15013,0.6411225871094942
15014,-1.1870378626746423
15015,0.4484028632419293
15016,2.2181679753772756
15017,-0.3555552529468773
15018,0.41159699528588356
15019,-0.4027002460529228
15020,0.6337017704715456
15021,-0.15249462380367415
15022,0.3886388849335739
15023,-0.3538034510032578
15024,-0.5468060909913169
15025,-1.30561920583481
15026,2.4395194423665796
15027,-1.45835406977891
15028,1.289717720139958
15029,-0.06644874861057132
15030,-1.2633855056637455
15031,0.1125685524178542
15032,2.249949646522355
15033,-0.19501072652915116
15034,0.4170965624682844
15035,-0.5103647960905208
15036,-0.17054869674576836
15037,1.546280055775982
15038,-0.19595645986137392
15039,-0.6476053280909304
15040,-1.4947913722462345
15041,-0.532322201235876
15042,2.1787707343447975
15043,-0.8135106688302347
15044,-0.5968645536845314
15045,-1.1261295108588831
15046,-0.36042489036391434
15047,0.009431551375897866
15048,-0.08592566720894998
15049,-0.07195037827752289
15050,0.07069175585618845
15051,0.36513753818715167
15052,-0.85557716829444
15053,-0.7176109690637521
15054,0.045277763884169306
15055,-1.5200020549577404
15056,-0.6827232177563183
15057,-1.0000364622942222
15058,0.557995954803466
15059,0.9881834690994435
15060,-0.5708914555202292
15061,-0.15372153949084028
15062,-0.45721129307472186
15063,-0.3506711425315577
15064,-1.9070680154797461
15065,-0.7164887559970953
15066,-0.2192672219505626
15067,0.23597970190173093
15068,-2.1526133831187795
15069,-1.4432520762939796
15070,-0.4511727080049586
15071,0.3543252391831259
15072,0.3831989235076449
15073,-0.148525060965059
15074,-0.6360537619045953
15075,0.2509933835753487
15076,0.11806611986458784
15077,0.4664435401917573
15078,0.0840811334461802
15079,-0.10293627739326072
15080,-0.18639226894653607
15081,-0.9391550827871507
15082,-1.3154829651365783
15083,0.8460326914236225
15084,0.16391976012290804
15085,-0.7036289227997738
15086,2.490797237087715
15087,2.4755405956588343
15088,-0.35944085940150705
15089,0.27995631007495436
15090,-0.10027338307396338
15091,-2.199859774527798
15092,0.7025510039071321
15093,-0.2266891327860397
15094,-0.009137732908114368
15095,0.43937862940754696
15096,0.18046414239302325
15097,-0.24504538082779156
15098,0.8914742299667983
15099,-0.30007840999858704
15100,-0.20487272061979084
15101,0.801652353696712
15102,-0.08646449010313807
15103,-0.32555466274574435
15104,-0.2501175403185568
15105,-0.767110028257322
15106,0.40129068984390537
15107,-0.03007184366799228
15108,0.0285009854233022
15109,0.18659946808219424
15110,0.29019764736210485
15111,0.043720464318941485
15112,0.04028094178561481
15113,-0.018121124190810158
15114,-0.48557253393153316
15115,-0.4535381365195341
15116,0.041370635231548186
15117,0.7572197191473754
15118,-0.1926106622217051
15119,-0.29838175491284924
15120,-0.5437526087598359
15121,0.05475620435366437
15122,-0.07820874651664035
15123,-0.1069271234574689
15124,-1.1987624660148235
15125,-0.5150463232227986
15126,-0.4003388525392223
15127,-0.07551564118578083
15128,0.4879368501123366
15129,0.2762622614562176
15130,-0.2545721711402121
15131,0.8896774197507297
15132,-0.33884348451760127
15133,0.1516168880818595
15134,-1.081251442395051
15135,-0.4804321816689106
15136,-0.5434168938960392
15137,0.25759242293191287
15138,-0.3716477898728125
15139,-0.8061998123278732
15140,0.5689033133989292
15141,0.20208114125365845
15142,-0.26002027425303026
15143,-0.508173501133282
15144,-0.38595603723197064
15145,-0.5318711508623826
15146,0.21023516313166798
15147,-0.8871107071485487
15148,-0.5162957859251512
15149,-0.5360951926230761
15150,-0.5410234855638538
15151,-0.12187901691476896
15152,-2.2933713483082165
15153,-0.5775212411389402
15154,-0.7066382999976141
15155,0.5868131301933405
15156,0.23627209438512145
15157,-0.11970792126268034
15158,0.2882210772242808
15159,-0.9509834170921366
15160,-0.9893259917878157
15161,-0.1412112047203153
15162,-1.5053520167869983
15163,0.03420382445658311
15164,-1.5445180962248315
15165,-0.19160425508836204
15166,-0.4434247088979758
15167,0.04120835428183137
15168,-1.6297922386019617
15169,-0.932586775400553
15170,-0.5734734811545626
15171,-0.1749807695500525
15172,-0.756795624480748
15173,0.11743011462952449
15174,-0.1463093973451709
15175,-1.095319817790077
15176,0.2926504780907876
15177,-0.7373103292689843
15178,-0.07063528542219197
15179,-0.7089678492480179
15180,0.21118674453947875
15181,0.24897512288265827
15182,-2.09663662050766
15183,-0.04855270238301017
15184,0.15871854425036475
15185,-0.3461771787177726
15186,-0.8469696824736095
15187,-0.013082798469290356
15188,-1.411821220629112
15189,0.3262474151113403
15190,0.16386732681583138
15191,0.23219273514885347
15192,-0.3306550887963395
15193,-1.1496029265919752
15194,-0.13848898091142706
15195,-0.9963604382867907
15196,-0.21314718457356935
15197,-0.640869518930335
15198,-1.3170425957002083
15199,-1.4256255968656926
15200,-0.5905918965844968
15201,0.6606439523988025
15202,-0.026423064911190074
15203,-0.08937015841467512
15204,0.28218286984395125
15205,0.2653008088540322
15206,-0.1226032375580327
15207,0.4279851247821891
15208,-1.1627758697453128
15209,-0.9341487123332454
15210,0.8060584088798997
15211,0.19363857306114904
15212,-0.4224783883895576
15213,-0.016372925059604884
15214,-0.22760736265068976
15215,-0.7466195617996882
15216,0.11301828207248463
15217,0.4340805903501799
15218,-0.9131008501226371
15219,-0.18984577143657735
15220,-1.3226308368495328
15221,-0.09561140412937974
15222,0.06580862279202389
15223,-1.3969797335724305
15224,-0.4105112481261008
15225,-0.9817830252450414
15226,-0.6241436694631125
15227,-0.2711761034467996
15228,0.42340129933949716
15229,-1.5033047449560515
15230,-1.0405762672836296
15231,-0.24130736017670748
15232,-0.1521127023749705
15233,-0.06694784653786913
15234,0.03748664500138673
15235,0.4228168499964644
15236,0.229733581364465
15237,-0.2807978423416972
15238,0.4277614272950071
15239,0.21341894192212427
15240,-0.2807978423416972
15241,0.4348321181531204
15242,-0.15177124355456867
15243,-0.2828852593021831
15244,0.05409931145637585
15245,-1.5737223900461448
15246,-0.7389091488075746
15247,-0.30031998841890634
15248,-0.17577899928970064
15249,-0.3284705072661104
15250,0.5090724463986663
15251,0.2928965916592892
15252,0.9144576999785463
15253,0.3296089495261575
15254,0.5907658941030588
15255,0.11563431450326582
15256,0.047540940352694815
15257,0.12969245767719734
15258,-0.6616083467671866
15259,0.4041192767996961
15260,-0.21465209293151644
15261,-0.37435336341329417
15262,0.6958376627090681
15263,-0.9318365142264751
15264,-0.48398219896135153
15265,0.4178521999165072
15266,-1.2277209909325286
15267,-0.36440189761004393
15268,0.68594863483332
15269,0.48012184343333564
15270,-0.4637516924291469
15271,-0.1517166056486976
15272,0.027354371583993856
15273,-0.9209829840188016
15274,-0.5512131019923039
15275,-0.5041278445852597
15276,0.060304968409214524
15277,-2.112049643852869
15278,-0.7883294128369951
15279,0.0584302559739084
15280,-1.0291786342462301
15281,2.327751030175807
15282,-0.10232667609996042
15283,-0.4841065934535768
15284,-0.025705191716892978
15285,-0.48058774602458015
15286,0.04589213612036848
15287,0.19324159494044366
15288,0.16460343104569147
15289,-1.381387232861565
15290,-0.987133909845028
15291,0.18115737948960986
15292,0.02050681677391977
15293,-1.046730465698084
15294,-0.8352223377146782
15295,0.11805007298480713
15296,0.1344021698807465
15297,-1.219806842778347
15298,-0.06835309424828731
15299,0.07700263145608051
15300,-0.28993526489816057
15301,-0.013310776018263472
15302,-0.27142991979471554
15303,-0.12251175704757447
15304,1.0788737158528985
15305,-0.28767453697310164
15306,0.951905111629008
15307,0.2107421602537643
15308,0.2183547703673184
15309,-0.6413896087348233
15310,0.09341357106006991
15311,0.903925006671716
15312,-0.5564845453049113
15313,-0.5587103141911968
15314,-0.030316516504926595
15315,0.425132057470261
15316,-0.5067192348646804
15317,-0.5338358637125521
15318,-0.10155076378626349
15319,-0.2640772586851996
15320,0.13457939956691217
15321,1.056230849590833
15322,-0.18291379504327748
15323,-0.3527709032963924
15324,0.9898026649214832
15325,-0.699801886570483
15326,0.2763755653041051
15327,0.19775092887163567
15328,-0.10541259868358763
15329,-0.49990625308482267
15330,-0.5008120277072179
15331,-0.5379131023229852
15332,-0.891340884595961
15333,-0.6077211989002341
15334,-0.24220610052312314
15335,-0.5045392642942469
15336,-0.2849608024437837
15337,0.003900046872967681
15338,0.29002402009198425
15339,-1.0395914925278156
15340,0.2671468983878513
15341,-0.0488583246707994
15342,-0.12741705705265194
15343,-0.48112783469697634
15344,0.10101361268701106
15345,0.8070650335290019
15346,-0.09956276302421212
15347,-1.235761552308251
15348,0.11039903087735384
15349,0.8317365674651482
15350,-0.32585567662324877
15351,-2.2152397309613376
15352,0.07258775174511332
15353,-0.9971072601249806
15354,-0.51590284490008
15355,-0.20377606432887527
15356,0.34828913957404545
15357,0.045933185785290744
15358,-0.6998354350507768
15359,0.3654891851101226
15360,0.4772874748659816
15361,0.20898023740766117
15362,0.6235948640549553
15363,0.24076830155345053
15364,-1.3297583938501236
15365,-0.24497163914965975
15366,0.03247620874114786
15367,-1.2557043008661455
15368,-0.24497163914965975
15369,-0.14636140337922035
15370,-1.4422589846365528
15371,1.6514908991729955
15372,-0.5452128321330741
15373,-1.613802322708254
15374,2.002790911363019
15375,-1.5499226629066924
15376,0.04371606696527459
15377,-0.6904469806446046
15378,-0.30187737759826444
15379,2.2612160608930116
15380,-0.11046828608650006
15381,0.3059167129158979
15382,-1.2685869642484522
15383,0.1533526505191025
15384,-1.253447418362634
15385,-0.5010507850730153
15386,-1.2336241799116692
15387,-1.5791898557344697
15388,-1.3498175553988856
15389,0.4971970814185241
15390,-1.5514601916007407
15391,0.10469449799875254
15392,-0.20973716516504062
15393,0.7499335193370221
15394,0.566139208426142
15395,0.2783236600191828
15396,-1.1259248940721436
15397,0.8063188671271391
15398,-1.3649977377121738
15399,-0.13645754815014896
15400,-1.1120772929615632
15401,-0.24497163914965975
15402,0.06339392858952433
15403,-1.0178555698623353
15404,0.022121245247937085
15405,0.22881038269589754
15406,-0.23772002304138384
15407,-1.7479763159620878
15408,2.0521135095324676
15409,0.5424599829695435
15410,0.4271351413632577
15411,-0.3365004913171083
15412,-0.22492550139334336
15413,-0.4959371277228206
15414,-1.5344265340829648
15415,0.17162766505870147
15416,0.5510566290307954
15417,1.235518558694304
15418,-0.276415767766838
15419,1.0955893516833037
15420,-0.20104881802496843
15421,0.594968469981856
15422,0.7289364046733052
15423,0.2901394043732801
15424,1.6567048294527047
15425,-0.20104881802496843
15426,0.5542496500859329
15427,-0.05890842536803448
15428,-0.7556953416126964
15429,-0.17791977902953104
15430,0.07809535950457631
15431,0.3698124742886702
15432,-1.1244573041327164
15433,0.3412460252313459
15434,-1.5389572876808575
15435,-0.570513284980958
15436,-0.21966537822964646
15437,-1.105938314348825
15438,0.09407700801072277
15439,-1.3837326418929063
15440,0.38194986596306074
15441,-1.1606725827643816
15442,0.3242856467119599
15443,-1.051597498943091
15444,-0.033674340043257756
15445,-1.5889202155027116
15446,-1.1783876033078182
15447,0.19620957339132
15448,-1.183830699702942
15449,0.29439924528713957
15450,0.39158966214498453
15451,-0.3934241815786745
15452,0.14117550823259642
15453,-1.3289361657269414
15454,0.04485823543774393
15455,-0.7625289047165235
15456,-0.7786550619869358
15457,0.17073801812388079
15458,-0.8932424926526674
15459,-0.7762051931841569
15460,-0.2920226510714516
15461,-1.372907669189701
15462,-0.07938721055595324
15463,-0.7388749023836508
15464,0.25561017294176797
15465,-1.095319817790077
15466,0.5401079056428164
15467,-0.4505128587767208
15468,-0.2317839512918438
15469,1.4918127009957718
15470,-0.6314942235877615
15471,-0.7067128990501599
15472,0.4898184882668779
15473,0.697976099590767
15474,-0.09873894120425467
15475,-0.16541758647015012
15476,0.46332169342964713
15477,-2.496687594209353
15478,0.45871950717160775
15479,-0.8046823279332855
15480,-0.6644896601629123
15481,-0.9994371328537747
15482,0.5045580092603962
15483,0.32169013266429414
15484,0.2385043742238585
15485,-0.570860464711244
15486,-1.059133925200461
15487,0.6166374975661432
15488,0.6621920316148444
15489,0.5975660595054427
15490,-1.1082394775909523
15491,-0.23655986755266686
15492,-0.0031317880454833627
15493,0.11615885885705153
15494,-1.0606469499202211
15495,-0.7419779328834045
15496,0.15488627141835226
15497,-0.58458394062324
15498,0.35319182016111417
15499,0.4842559419852856
15500,0.01714118626234681
15501,0.15070744396373073
15502,-0.40932168531764107
15503,-0.09009425909622171
15504,-0.16669790413350039
15505,-0.577430054917702
15506,0.020167533643576475
15507,-1.095319817790077
15508,0.311689068845549
15509,-0.2627715339329126
15510,0.2193989166191476
15511,-1.7007768937102312
15512,-0.04942954596989555
15513,-0.41394990704122686
15514,-1.424188020589775
15515,-0.09912269214793144
15516,-0.22101250111486123
15517,-0.4261789072171298
15518,0.14277517135847936
15519,-0.21035457449451395
15520,-0.5963187466680241
15521,-0.24371418729554234
15522,-1.640100286154475
15523,-0.3317412872828232
15524,0.4913052893763841
15525,-1.1921974708559095
15526,-1.1680219469067457
15527,0.17260443173443962
15528,-0.2526816096929901
15529,0.03447651262852582
15530,-0.5067720318797769
15531,0.06146575312758401
15532,-0.2994810305363144
15533,0.11161760538299279
15534,-1.5965222253010591
15535,-0.32555466274574435
15536,-0.26816664237958027
15537,-0.9112475684065758
15538,-0.3209824675775026
15539,-0.9604090671663571
15540,0.5326925353128622
15541,-1.4680414497756207
15542,0.5278723986440794
15543,-0.3553352959171691
15544,0.33628726810946036
15545,-1.0595607595934988
15546,1.8005511667541219
15547,0.643225154398463
15548,-1.2470164563424837
15549,-1.422859302278694
15550,0.6413024704345437
15551,-1.348052333756166
15552,0.36134652336481027
15553,-0.15038416473093286
15554,-1.0771411143615124
15555,0.022121245247937085
15556,-0.40132920119764237
15557,-0.39483539001530066
15558,-0.15852222552155834
15559,0.637559198639934
15560,1.1971351644709658
15561,-0.008080601688857495
15562,0.3756593036204916
15563,-0.31824413385381095
15564,-0.14661330940277378
15565,-0.4512396100436101
15566,0.20949766770506528
15567,2.200334039048123
15568,-0.24559730496749904
15569,0.33006380452687706
15570,-0.5218901625921419
15571,-2.235350181318011
15572,-0.18517653381757995
15573,0.19380530460533754
15574,-0.5179194820206618
15575,0.2092047886344441
15576,0.18476405452755565
15577,-0.4333455795006648
15578,-0.13071475377149286
15579,-0.5237216155304039
15580,0.8319123950115315
15581,-0.6090099108969466
15582,-0.6663492606108703
15583,-0.0812150365569976
15584,0.4710564877490708
15585,0.6738955281606277
15586,-0.15129081552744084
15587,-0.8771881933750275
15588,0.5646887697023465
15589,-0.52895242026986
15590,-0.29221199384127267
15591,-0.9101418341931689
15592,0.15892621683813857
15593,-0.08106682093596627
15594,0.36528585975276007
15595,-0.9835384804130224
15596,-0.5101949256863134
15597,-0.18242648446371854
15598,-0.4791390318451164
15599,-0.3918800166438875
15600,-0.07818227843792216
15601,-0.0606582033090406
15602,-0.5684470445516798
15603,-0.6323145054350896
15604,-0.20254271896027556
15605,-0.38113340511378024
15606,-0.4779829754141251
15607,-0.3755848679798942
15608,0.18295374532490624
15609,-0.90788240231168
15610,0.5154461567929105
15611,-0.5198425669106466
15612,0.21763946929732125
15613,-0.5935258282329277
15614,-0.36770844217960674
15615,0.2659666095866887
15616,-0.15465942961494628
15617,-0.5702578611640777
15618,-0.583434582542585
15619,0.09959756690722911
15620,-0.4372676763358797
15621,-0.47605908884319736
15622,-0.3077190436470755
15623,-1.383109958676607
15624,-0.00426300705839661
15625,-1.2296047143176714
15626,-0.020970886956755926
15627,-1.00455186237743
15628,-1.611274537726901
15629,-0.8095177818424006
15630,-0.06066163189389423
15631,-1.1086088436998778
15632,-0.06109209320365891
15633,-1.1635794459500346
15634,0.07170571141407146
15635,-1.111150296669373
15636,-0.8095177818424006
15637,0.3941519780035595
15638,-1.330752149605618
15639,0.09962929078064763
15640,-1.1516292838286066
15641,0.40936790426307573
15642,-0.7650379813976468
15643,-0.12407954126326189
15644,-1.8759577521609982
15645,-0.020810067414699984
15646,-1.0960695859854441
15647,-0.004102187516340677
15648,0.05268941178854528
15649,0.2671468983878513
15650,-0.804171909697519
15651,-0.004102187516340677
15652,-1.7418626214969926
15653,-0.0400658155275054
15654,-0.8333290280169808
15655,0.008822330588121102
15656,0.05268941178854528
15657,-1.1490773180758822
15658,-0.17631428556399778
15659,0.274984306708159
15660,-0.9078969366323716
15661,0.07174329249182543
15662,0.28539845890306015
15663,-0.9450854859038861
15664,-0.6451403750923141
15665,-1.1618505337289988
15666,-0.1372524593398564
15667,-0.22749552094850772
15668,0.1303210975927018
15669,-1.2523559098139618
15670,-0.47482478473963363
15671,0.35628346780630715
15672,-1.1725101481436357
15673,-1.0719388225036024
15674,-1.397827629340155
15675,0.14213814403937883
15676,-1.6525602625231932
15677,-1.1219168733085159
15678,-1.2366528239735703
15679,0.14993563576622393
15680,-1.0102249774463807
15681,-0.7169147868645341
15682,-1.3038477179744692
15683,0.0661184477266794
15684,0.18620160603450986
15685,-0.38475848231294624
15686,0.3822541588414172
15687,0.05268941178854528
15688,-0.4207654713684977
15689,0.4574999409060197
15690,-1.0427050021750373
15691,-0.31366131695669885
15692,-1.03232802086377
15693,-0.06086237324557561
15694,-0.03823038099988586
15695,-1.2996947370599432
15696,-0.3683407350142977
15697,0.3550165091774441
15698,-0.19501759209974176
15699,-0.6598247674477172
15700,-0.39075296397815795
15701,-0.2527429378708898
15702,-0.004137214917198529
15703,-0.4372676763358797
15704,-0.5101949256863134
15705,-0.08317733859162166
15706,0.04879876681246524
15707,-0.8217449749069364
15708,0.5310284017263684
15709,-0.7448446279352222
15710,-0.055916807947614805
15711,-0.24182597157730784
15712,0.8269478269946474
15713,-1.4119485799781488
15714,-0.0331611619328092
15715,-1.3248323261062647
15716,0.38741244512332407
15717,-0.09650160119333749
15718,-1.3404449870820245
15719,-0.13967977245813712
15720,-0.05258494079115322
15721,-2.3538121503559086
15722,-0.21841134778566973
15723,-0.7332298889068348
15724,0.07145666963014291
15725,0.166232205055414
15726,-0.34215691390714
15727,-0.13810990025121378
15728,0.05477516758680802
15729,-0.6930190001430319
15730,-0.049265696800153747
15731,-0.5996844148399028
15732,0.2557830419564306
15733,-0.15231338003715242
15734,-1.1390703566642113
15735,0.12276771787463375
15736,-1.6822095252200762
15737,-0.7821812744012312
15738,0.03535084815287445
15739,-1.37157062032885
15740,-0.9813925756318614
15741,-0.15554855113310678
15742,0.09442287664419763
15743,-0.22833440658586585
15744,0.04865625108349798
15745,-0.10236302188750378
15746,0.12583391114254971
15747,-0.18532474750021125
15748,-0.443019901395396
15749,0.3576297705085629
15750,2.3107994792721653
15751,0.4770218098661383
15752,0.3689017297657899
15753,-2.150121656839924
15754,2.0668228879776285
15755,-0.38888102399104646
15756,2.53172387552459
15757,-1.150885271219318
15758,-0.5395832734746676
15759,-0.05111063297629091
15760,-1.3106773202038753
15761,-0.39997218595685274
15762,-0.33909572079676875
15763,0.5886695709549128
15764,-0.6910549257244436
15765,-0.19170450778413445
15766,0.54005563357645
15767,-1.4617297724328047
15768,-0.09787398449323834
15769,0.5305762792099701
15770,0.5759209470019514
15771,1.7235952618283337
15772,-1.1103075187790934
15773,0.3407750964864703
15774,-1.1505175680537405
15775,-0.2859737895306554
15776,-0.15220620134321572
15777,-1.0976613831746544
15778,0.15445272960438602
15779,-1.4359398925749418
15780,0.2407676332963081
15781,-1.0089943887885153
15782,0.310885053513968
15783,-1.0222572678894029
15784,0.19620957339132
15785,-1.283782084312003
15786,0.0007520562093798781
15787,-0.9728746211748368
15788,2.147714252578437
15789,-1.7667270503935955
15790,-0.9258804658545922
15791,0.17409902346792194
15792,-1.3837326418929063
15793,-0.015362115155093291
15794,-0.7970460670412148
15795,-0.4800618149337116
15796,0.07920009826730612
15797,0.1775302600522384
15798,-0.009835434435588371
15799,-1.792899101843159
15800,-1.2152322852758757
15801,-0.10821479277544847
15802,-1.1870487898427502
15803,-0.04020376884466387
15804,-1.4449439489127727
15805,0.6400902629888136
15806,-1.4359398925749418
15807,0.37500476544933614
15808,0.0816586333174208
15809,-0.027919592795842628
15810,0.1101336850139522
15811,0.13345080784796995
15812,0.13345080784796995
15813,-0.9232889697453849
15814,0.10473913178438357
15815,-2.292467122541756
15816,-1.0293499777030697
15817,0.3484157656821256
15818,-2.413942020677813
15819,0.8072921393099325
15820,-1.601532819879994
15821,0.2825928103655492
15822,0.21023516313166798
15823,0.3624444920099769
15824,0.4618982450251624
15825,-0.4000547901811709
15826,0.5086302546890774
15827,0.03333487533370479
15828,-0.013889606297333218
15829,0.004812112593925259
15830,0.07069175585618845
15831,0.09486205079193936
15832,-0.073895909850935
15833,-0.7443128520743502
15834,0.5056000075833517
15835,0.1816527831751936
15836,-0.9711663574374977
15837,0.2802539127704343
15838,0.35327262318667435
15839,0.0936558890757569
15840,0.22791776149831286
15841,0.48231444144736213
15842,0.7602807070828174
15843,0.6773299321273375
15844,0.01863567250436499
15845,-1.123968023710429
15846,0.019550075832334316
15847,-0.8870280918425723
15848,0.03771596000404773
15849,-1.169311065580461
15850,0.8043061593149158
15851,0.1833816389615477
15852,1.0226791288519792
15853,0.6104915233713365
15854,0.4622808795887237
15855,0.5216475543380498
15856,0.27891430741493156
15857,0.20151887374204838
15858,0.47951122222730197
15859,-0.26415713765395443
15860,0.3753995905639073
15861,0.9861223295810414
15862,1.1235344028388332
15863,0.27891430741493156
15864,0.46027168418257436
15865,0.12467603603512924
15866,-0.5963187466680241
15867,-0.1698616332556372
15868,-0.21756243240475961
15869,-0.42109667008878565
15870,0.12009944392958799
15871,-0.22101250111486123
15872,-0.35328603164209366
15873,-1.2415725989006763
15874,1.7788358868178333
15875,-1.2872112607497261
15876,-0.1858694422780748
15877,-0.4208318833700718
15878,-1.4707628282290095
15879,-0.23742938385899987
15880,-0.22981397233982745
15881,-1.206920720276186
15882,0.6288969497436062
15883,0.8176211490240735
15884,-4.947295814672341
15885,-0.5005815721391699
15886,-0.17582037387013047
15887,0.8435555952546829
15888,-0.607921755495234
15889,-0.18552078001599043
15890,-0.30429010856830424
15891,1.3769711912352742
15892,-1.530149662916378
15893,0.47120364700989714
15894,-0.06337506048218647
15895,-0.3659036203157673
15896,-0.5093556861184966
15897,0.1384520328864455
15898,-0.36347718669515894
15899,-0.1735016303567003
15900,-1.4816634495324896
15901,-1.5374336150528325
15902,-0.9609943244205323
15903,0.47276539165455783
15904,-0.3839290781169619
15905,-0.4512396100436101
15906,-0.29337520045083226
15907,2.243241591901941
15908,-1.1025378442497216
15909,-0.2861678513958109
15910,-0.08170866534877248
15911,-0.3317412872828232
15912,-1.4370354297566674
15913,1.1659055027741234
15914,-1.3145436965452066
15915,-0.012464822737798234
15916,-0.6503555995848675
15917,1.0131296830143304
15918,-0.224535986238708
15919,-0.05285451242059991
15920,-0.9740842831160359
15921,0.5943597618741857
15922,-0.42085011014643076
15923,-0.8749262516706833
15924,0.6125413942817686
15925,-0.32202336798712866
15926,-1.0995403269519395
15927,-0.5327104758158676
15928,-7.302902480097407
15929,-4.683786943610082
15930,-0.878361801315809
15931,-0.9306906747093086
15932,-2.0932375245321024
15933,-1.2534597934601714
15934,-1.844232890835885
15935,-1.1142178547541008
15936,0.7958127816186453
15937,-1.6588815059531512
15938,-0.5093886493872616
15939,-0.17562121373211106
15940,-2.651707980446353
15941,-0.6952739243916912
15942,0.20104189975886302
15943,-0.24977930609611015
15944,0.08725749209062843
15945,-0.2849608024437837
15946,0.10657984948832222
15947,0.06363145815693193
15948,-0.004053061594796528
15949,-0.059335022708343545
15950,-0.13181104940982127
15951,-0.14754545893538434
15952,0.20949766770506528
15953,-0.40378736110724694
15954,-2.3789389123047506
15955,-0.5480839675723124
15956,-0.8403728710125707
15957,-0.12949770048589937
15958,0.5151529363919478
15959,-0.27224866112399587
15960,-2.4761546763078024
15961,-0.3579156227177567
15962,-0.13079892841416385
15963,0.1035592519136134
15964,0.13479557117669072
15965,-0.19872318748834852
15966,-0.04756360476920338
15967,-1.048060468586403
15968,-0.05754646221586773
15969,-0.26433978583361384
15970,-1.1067490260071093
15971,-0.2644720866783509
15972,2.4755405956588343
15973,-1.1334758987034916
15974,-0.23310786468788372
15975,-0.17977177571489292
15976,-0.5615419559817456
15977,-0.4918262874347512
15978,-0.49894458863482494
15979,-0.40282238050964386
15980,-0.07487862636720133
15981,-0.4386763021875344
15982,-0.4877113957624692
15983,-0.15612591782638494
15984,0.36159030411752985
15985,-0.05528329781962151
15986,-0.3338166757377366
15987,-0.11217861319610113
15988,-1.0553871150567673
15989,-0.3430431976985957
15990,-0.040929758383036335
15991,-0.03191625043996962
15992,-0.036638875648199315
15993,-0.23967641154844008
15994,0.020504600162157494
15995,-0.9999346023229315
15996,-0.2344086559395992
15997,-0.27215732929206166
15998,-1.1727493791600412
15999,-0.3338166757377366
16000,-0.04756360476920338
16001,0.23436755946044807
16002,-0.08618966615337269
16003,-1.1113152804941122
16004,-0.2998527521624182
16005,-0.08110241859103719
16006,-0.2543522849911633
16007,0.5409263118730153
16008,-0.23332615263612483
16009,-0.040929758383036335
16010,-0.5995691538255039
16011,-0.2693757770723619
16012,0.0285009854233022
16013,-0.11279901860204682
16014,-0.41970284027779375
16015,0.7940521461493072
16016,-0.4535381365195341
16017,0.24606733348388266
16018,-0.33281248981474776
16019,-0.8414499200834705
16020,-0.2778867939334881
16021,-0.809252134631431
16022,0.2942118530480948
16023,-0.026275492209761664
16024,-0.36876080488282026
16025,-0.7797467931425698
16026,-0.5573821306745964
16027,-0.9835384804130224
16028,-0.4461229469350571
16029,-0.15828481997225488
16030,0.17529094933847408
16031,-0.3984238581431479
16032,-0.3605490911813695
16033,-0.583434582542585
16034,0.09959756690722911
16035,-0.6598247674477172
16036,-2.3093323279906666
16037,-0.14984512006843995
16038,-0.05395076949803734
16039,-0.522330706693252
16040,-0.38850987623603744
16041,-0.30840446129101406
16042,-0.3924216513602116
16043,-0.4372676763358797
16044,-0.5101949256863134
16045,-0.6932408205241881
16046,-0.10081468161221359
16047,0.2626937035739985
16048,-0.12913767767564063
16049,-0.8685066166682649
16050,-3.9805470431404864
16051,-0.18685239132089862
16052,-0.2380365654909459
16053,-1.219806842778347
16054,-0.17866821118232215
16055,-0.7079847148466506
16056,-0.14726333385116394
16057,1.4616682738955704
16058,0.25729201676795416
16059,0.08862463841541884
16060,-0.5289179679483813
16061,-0.6173992780675155
16062,0.241207463633992
16063,-0.35330424876713334
16064,-0.0015178362391293206
16065,-0.6571233471311441
16066,-0.580160272998994
16067,-0.5360951926230761
16068,-0.2760129085765366
16069,-0.5491388945485349
16070,0.11589501040303651
16071,-0.5543510292373833
16072,0.182199974070774
16073,0.2094920000551796
16074,-0.09634552195815417
16075,-0.3364852710422734
16076,0.05816551665020475
16077,-0.17605967248155663
16078,0.21853852634838275
16079,0.1819710046669221
16080,-0.20991833526397627
16081,0.6591011002896763
16082,-0.24420996679065135
16083,0.03194820632185635
16084,-0.3010851880949348
16085,0.09784950832678271
16086,-1.4490608877065103
16087,-0.048538628676813696
16088,-1.225378096186288
16089,-0.07063528542219197
16090,0.03748664500138673
16091,-0.9212733372180055
16092,0.012085095205954676
16093,-1.2710306902504582
16094,-0.13848898091142706
16095,0.004144772257766852
16096,-0.049265696800153747
16097,-0.9446126507843398
16098,-0.4714632879001928
16099,0.03748664500138673
16100,-0.9161089157867083
16101,-0.21319720647430745
16102,-1.4215324209526625
16103,0.7260383602703568
16104,-1.4045081755129634
16105,0.038093274064924604
16106,-1.4039016614238353
16107,-0.04855270238301017
16108,0.03565043755699662
16109,0.30946486377288174
16110,-1.3327248850213176
16111,0.09442287664419763
16112,-0.6530211775222518
16113,-1.0475401005450162
16114,-0.1372524593398564
16115,-1.1940366880740925
16116,0.03748664500138673
16117,-1.2376458656855207
16118,-0.855483880067285
16119,0.05268941178854528
16120,-0.6968981293812059
16121,-0.0845440437101035
16122,-0.9940620192511397
16123,-0.3119326799343589
16124,-1.095319817790077
16125,-1.2942344442777087
16126,-1.2500112373246774
16127,-0.3421603257249702
16128,-0.595497350101117
16129,-0.3469288706346928
16130,-0.028919705165991655
16131,-0.07780535421834954
16132,0.5154461567929105
16133,-0.0675855349900324
16134,0.014301441394586296
16135,0.31411470286165183
16136,0.5458812886849438
16137,-0.3742441951921346
16138,-1.5592950606969493
16139,-0.541063150436271
16140,-0.8414499200834705
16141,-0.9681272491664161
16142,0.13833695110286565
16143,0.02756352234115643
16144,-0.6186462286633055
16145,0.11448663912343951
16146,-0.07767546502020047
16147,-0.32777422001131007
16148,-0.3605490911813695
16149,-1.0863435571107785
16150,0.2793581061918166
16151,-1.2536790159882256
16152,-0.36440189761004393
16153,-1.0246481925492064
16154,0.04737987373912234
16155,-1.1937561067062799
16156,-0.8504769193425554
16157,-1.2178506461252088
16158,0.14213814403937883
16159,-1.1567152091378488
16160,-0.7271384261760979
16161,-1.2316653538164875
16162,0.14577236191094411
16163,0.40358959823878077
16164,-0.45452662477749145
16165,0.15199631525167057
16166,-0.09561140412937974
16167,0.02771760911251806
16168,0.27651331805466695
16169,-1.3685710350250213
16170,-0.22013648402858765
16171,0.5605412048219319
16172,0.2229005157995035
16173,0.17763807325098874
16174,0.4846055825365105
16175,-0.03675720429166566
16176,-0.1956079242740658
16177,0.4599806916319658
16178,-1.1937561067062799
16179,-0.8504769193425554
16180,-0.9597322795865914
16181,0.08147014483747589
16182,0.1276303705374943
16183,-0.04931973646006129
16184,0.27397898050282055
16185,0.5803690406034401
16186,0.33879100268569295
16187,0.4993022456348203
16188,-0.33426838795842656
16189,0.517588967525915
16190,0.5452560090366978
16191,0.15384574806920992
16192,0.10189778402913141
16193,0.27397898050282055
16194,0.48569160398861305
16195,0.008687754310113866
16196,0.3972460705950674
16197,0.2759521303953227
16198,1.0335041300764318
16199,-0.18023612114200702
16200,-1.3384331243330874
16201,0.6920021782857523
16202,-1.5150852383305908
16203,0.7660841753255715
16204,-1.3487331651654058
16205,-1.176845579355349
16206,0.3336236959541767
16207,-1.1349798879249908
16208,-0.7398160222983398
16209,-0.9685063193792881
16210,0.0704483510720303
16211,-1.2140463957662098
16212,-0.36440189761004393
16213,-1.6720316846006282
16214,0.27947841074597796
16215,-1.2007834540165618
16216,-0.2639909619465316
16217,0.5086380492753876
16218,0.018638458202734524
16219,-0.32700979315876344
16220,0.3163364087172108
16221,0.48009426402981953
16222,-2.3135290193974973
16223,-0.21841134778566973
16224,-0.028922948735560946
16225,-1.6246847668269742
16226,-1.627824018075404
16227,-0.7056725491172359
16228,0.22790318458233524
16229,-0.43867891252407737
16230,0.03194820632185635
16231,-0.6924082627732147
16232,-1.2293873263942545
16233,-0.2626688097725478
16234,-0.7332298889068348
16235,-1.4439403485784972
16236,-0.2849608024437837
16237,0.029507541131347723
16238,-0.8685757446368024
16239,-0.9642294918578371
16240,-0.12453514931260211
16241,0.40270974488744793
16242,-0.8685757446368024
16243,-0.03775354735860424
16244,-0.13394663908414806
16245,0.34818479411099806
16246,0.23784688414051444
16247,-0.26793043449103987
16248,0.13186029680323527
16249,-0.20120060917325755
16250,-0.14698744954438056
16251,-0.059335022708343545
16252,0.010120916145221516
16253,-1.7148230289801911
16254,-0.005823439820902066
16255,-0.17717845038048372
16256,-2.216542372653027
16257,-0.43099418932382916
16258,0.5090987987417351
16259,-0.18348198288821158
16260,0.013912611282732216
16261,0.1462253442918139
16262,0.01925655926999695
16263,-0.21847588925597428
16264,0.06793613129951293
16265,-0.3500748615077875
16266,-2.267033517375056
16267,-0.2626688097725478
16268,-0.8557040651935468
16269,-0.3167245787559424
16270,-1.3946410156536284
16271,-0.21841134778566973
16272,-0.0968272979506921
16273,-2.3426682612579177
16274,-0.21841134778566973
16275,0.4315746735741321
16276,-0.4473283489325745
16277,-0.43202333983898955
16278,-0.3758744980634713
16279,-0.19042724149043666
16280,0.07906325986866158
16281,-0.12167376448122455
16282,-0.019641036620963368
16283,-0.1808400779346456
16284,-0.001760113120082687
16285,-0.13676432483882564
16286,-0.22798916660049895
16287,-0.5855834970733149
16288,-0.467640615804847
16289,0.1260343845417917
16290,-1.5732393722156537
16291,-0.8223200407719623
16292,-0.6808316607888337
16293,0.4955488941127389
16294,-0.08864433152609319
16295,-2.6781739656083183
16296,0.6533698189175211
16297,-1.7555461941562636
16298,-2.4855156136584475
16299,0.2865955986051692
16300,-1.2007834540165618
16301,-2.2158270520216017
16302,0.2764182351860813
16303,-1.3083774624193565
16304,-0.824537296166478
16305,0.6905830082953676
16306,-1.5290207600435783
16307,-1.1454101959394851
16308,0.705192929474613
16309,-1.539788187296826
16310,0.6104327539596803
16311,0.11888348722231616
16312,-2.84938052836902
16313,-1.2784336522045743
16314,-0.79624889941118
16315,0.45252043260212604
16316,-0.6981467660411804
16317,0.11607291468716
16318,0.8243208068421843
16319,-0.10840244318503749
16320,-3.0498879613725993
16321,0.3470066317774363
16322,-1.4749288291273732
16323,-0.9398845633687992
16324,0.6678150549914678
16325,0.7028587069793554
16326,0.4905504465390457
16327,0.5681629621478024
16328,0.8161238362612552
16329,0.3390217630105754
16330,-1.2209283697036875
16331,2.3109679635720277
16332,0.09474347666882367
16333,0.33628726810946036
16334,-0.8137159123747699
16335,-1.3660844720799306
16336,-0.09637498777813676
16337,-0.8547312182466578
16338,2.295404618469112
16339,0.49228002387126535
16340,-0.5781609707684839
16341,1.917664604906964
16342,-1.1235992684870768
16343,0.47331058744233123
16344,1.6638271506921747
16345,-1.1103075187790934
16346,0.4966382173465692
16347,-1.4912694128404345
16348,0.1464083031929784
16349,0.3512111558768145
16350,-1.5489365039949357
16351,2.1679135458472483
16352,0.3874174559770229
16353,-0.4152756669013478
16354,0.02820366172365372
16355,-0.7273747814897032
16356,0.2282887307952652
16357,-0.18321414586837123
16358,-1.8711848436702394
16359,0.34563394178870377
16360,0.18938796334647306
16361,0.4160828486084215
16362,-1.1578446710330537
16363,1.9707041800462684
16364,-0.40157123938456
16365,-1.476886354784877
16366,2.4584835983893227
16367,0.1714178412189732
16368,-1.367741056261686
16369,-0.3307467573213265
16370,-0.2773762235245931
16371,0.21180826613464956
16372,-0.1352517717035255
16373,-0.08170866534877248
16374,0.2511841936522687
16375,-1.3477765808661109
16376,1.7872935249654405
16377,-0.5457239470117534
16378,2.0369793411889154
16379,-0.8118258065264368
16380,0.11888348722231616
16381,-1.541555610614781
16382,0.0060973698652535355
16383,0.4282655289797179
16384,-1.541555610614781
16385,2.3336448252705977
16386,0.5518536669262106
16387,-1.3685710350250213
16388,-0.34285344776235993
16389,0.5575503148954206
16390,-1.100817219383988
16391,-0.5978492535814512
16392,0.03724003083118781
16393,0.12094453173158033
16394,0.2905657378296926
16395,0.27869624556479433
16396,0.22742085666778056
16397,0.09375925859053542
16398,0.17162766505870147
16399,0.562715137792598
16400,-0.08581671150368257
16401,0.2587950798538833
16402,0.22742085666778056
16403,-0.3467079055531535
16404,0.33938690159875634
16405,-1.5371724253365824
16406,-1.4577360129798378
16407,0.38412357634581756
16408,-1.4772101810423082
16409,-1.904070001116556
16410,-1.4577360129798378
16411,0.37742389086880895
16412,-1.223324299739373
16413,0.46898853675723756
16414,0.5583496617373316
16415,-0.45845281712159536
16416,0.19620957339132
16417,-0.03538001372896182
16418,-0.21816175971687812
16419,-1.3863421735205819
16420,0.3242856467119599
16421,-0.8828039968793379
16422,-0.4069180887583736
16423,-1.1725101481436357
16424,0.17543059153925858
16425,-1.1948274056446788
16426,0.5778151528030716
16427,-1.2152322852758757
16428,0.04485823543774393
16429,-1.4381007333728257
16430,0.1192192256362352
16431,-1.42309110942256
16432,0.2415006525579317
16433,-0.4959371277228206
16434,0.04738744178342467
16435,0.2522369978507867
16436,-0.2711790438492692
16437,0.6680383706667523
16438,0.5728462956470344
16439,0.5154461567929105
16440,0.5636223976680834
16441,-0.07648402194717778
16442,0.38923486397552787
16443,0.4581592362418698
16444,0.3050370682748854
16445,-0.1469479925993248
16446,-1.3323784461228718
16447,0.4112491479190219
16448,0.2851771623272452
16449,0.4540760583574831
16450,1.0907912546269838
16451,-0.0851532487566134
16452,-1.6326439391106684
16453,0.7234580532501894
16454,0.3141424643460892
16455,-0.2517586910792488
16456,0.5707374325091374
16457,0.5082904552804813
16458,0.6076662418509521
16459,0.2879499696838753
16460,0.07713577347632973
16461,1.0872598985253308
16462,0.655643762129852
16463,-0.6456295705439784
16464,0.5188527865821444
16465,0.46812980480937383
16466,0.5460051324745009
16467,-0.33245100682572964
16468,0.3753995905639073
16469,0.08368143448510028
16470,-0.16913879789189967
16471,-0.9144279867704045
16472,0.6840991157001247
16473,0.1833816389615477
16474,0.6408111071909852
16475,0.3793559099705945
16476,-0.6324208645671715
16477,0.14686268155335505
16478,-0.46638912099297053
16479,0.2832621733629935
16480,0.5555105916505211
16481,0.302587423636724
16482,0.3753995905639073
16483,0.7468154478627689
16484,0.18060415896956442
16485,-0.50748545601311
16486,-0.11418894022692555
16487,-0.4787799747900375
16488,0.5414115048051658
16489,-0.1389824364057536
16490,0.5458812886849438
16491,0.457051204329701
16492,-0.19533511771715245
16493,0.9719017509205247
16494,0.5086302546890774
16495,-0.4512396100436101
16496,-1.2820801246418374
16497,1.3604989088597685
16498,-0.2473537847781135
16499,0.5489952319145734
16500,-0.34052088528724844
16501,-1.2905769048134514
16502,0.7658019732627688
16503,-0.01923895363366189
16504,0.6271412015259465
16505,-0.32555466274574435
16506,-1.8429886518713547
16507,1.155362180735054
16508,-0.0885074862736716
16509,-0.37996398766082984
16510,-1.4760635356689096
16511,2.591471811145308
16512,-0.22404684496422925
16513,-0.3221200691126128
16514,0.6804633242277618
16515,-0.6828108276110585
16516,-0.9789692559938746
16517,2.728317628223546
16518,-1.0888120759214515
16519,-0.763366152087547
16520,-0.4089669246318523
16521,-1.159756125192444
16522,-0.46246276138458525
16523,-0.23397963388483473
16524,0.10555378021098817
16525,-0.018517336118742
16526,0.8941224589147576
16527,-0.3832535861501817
16528,-0.5695417209017886
16529,-0.04787842329321805
16530,0.9394330669721506
16531,-0.283206567627252
16532,-0.7135876664285504
16533,0.02134620932054629
16534,-0.20507173456970573
16535,0.981374853094539
16536,-0.3810620980407358
16537,-1.4285609643641124
16538,-0.1309206056734577
16539,-0.1396685676070953
16540,1.044145273765371
16541,-0.28134629680267165
16542,-0.5417041660965626
16543,2.703703433504848
16544,-0.28966820162395335
16545,0.3200934468405714
16546,-2.367112902401764
16547,-0.39001756511779634
16548,-0.4754177468287128
16549,-1.6751583164286696
16550,0.998652103485681
16551,-0.5322769039931091
16552,-0.590473706412216
16553,-0.067254145040232
16554,-0.03683601415300355
16555,-0.48557253393153316
16556,-0.3387039083148908
16557,0.08787406322035157
16558,-0.09853216233328263
16559,-0.2627715339329126
16560,-0.2738258548752316
16561,0.36887932487588776
16562,0.22030226254151428
16563,-0.30031998841890634
16564,-0.2737739846977832
16565,0.008237954586383918
16566,-0.020328859698324795
16567,0.0684071304796385
16568,-0.0657172313596493
16569,0.7496281289355913
16570,-0.021349130710849134
16571,0.05241709817570584
16572,0.32808459886811625
16573,0.1309337540848426
16574,-0.12266431273012053
16575,-0.038749884990035226
16576,0.6032818868345639
16577,-0.036638875648199315
16578,1.426777013944141
16579,-0.13606384963409143
16580,-0.8783262544571837
16581,1.405760730583979
16582,-0.241257693945129
16583,0.28628362294265935
16584,-0.1005777060399173
16585,-0.15047215993010077
16586,0.05846949982275103
16587,-0.4370338104587207
16588,-0.5101949256863134
16589,-0.47946951982646163
16590,0.09876817678645082
16591,-0.06919444823332863
16592,-1.0553871150567673
16593,0.23942689813650148
16594,-1.1997482060406073
16595,0.23448936675214999
16596,0.16391796853726107
16597,-0.7329478069390093
16598,-1.0695365193891944
16599,-0.1302730576919083
16600,0.4270949247481804
16601,0.4390231614683549
16602,-0.2287513165285381
16603,0.5576564875601717
16604,0.11589501040303651
16605,-0.17100881608891264
16606,-0.809252134631431
16607,-0.5935258282329277
16608,-0.7180590314850873
16609,-0.46490143309494303
16610,0.23627209438512145
16611,-0.3557276751206263
16612,-0.36876080488282026
16613,0.23523252982863846
16614,-0.18416646323365146
16615,-0.03199682395205524
16616,-1.1821546149763562
16617,-0.020810067414699984
16618,-0.12741705705265194
16619,0.15871854425036475
16620,-0.795359194425506
16621,0.2930145721936036
16622,-0.6707239136928028
16623,-1.1700139764893385
16624,-0.9573947457563113
16625,-1.4521199903997637
16626,-0.14941466845554002
16627,-1.4259020960542124
16628,-1.1784152424375405
16629,0.24688944691567757
16630,0.4073713561811744
16631,-0.9282940452741463
16632,0.43632048957559527
16633,-1.552413349015641
16634,-0.13821514770216317
16635,-0.9091900454494355
16636,-0.49678012444209313
16637,-1.0636756697998069
16638,-0.2313028301542476
16639,0.05546174628666194
16640,-0.7101447259674811
16641,-0.033963214518495065
16642,-0.014371231868401581
16643,-0.15269756912924845
16644,-0.5771443996468579
16645,0.5700568776883503
16646,-1.1637425564481305
16647,-0.7617631363099364
16648,-1.3710107276569279
16649,-0.8199799507938775
16650,-1.2784336522045743
16651,-0.41138203543161916
16652,0.16200644532825248
16653,-1.3015001839702307
16654,-0.2768787686343506
16655,-0.09561140412937974
16656,-0.6480650178818517
16657,0.08979917769260409
16658,-0.13515802097672744
16659,-0.21180946483800944
16660,-1.6030033921460518
16661,-1.2007834540165618
16662,-0.433496707809218
16663,-1.095319817790077
16664,-0.494004375117553
16665,-1.2121804291777778
16666,-0.7879628426773824
16667,0.2520715734303832
16668,-0.9684385922163609
16669,0.22325438616315904
16670,0.07906325986866158
16671,-0.7717175968669082
16672,-0.06923528491314669
16673,0.8797000401845153
16674,-1.059299544490914
16675,-0.6769857584877983
16676,-0.47605908884319736
16677,-0.48150311763464626
16678,-0.04507455646629954
16679,0.646583501529044
16680,0.4657396634503396
16681,-0.3841698171005683
16682,0.36265623099141225
16683,-0.9155410937541919
16684,0.31881812934456755
16685,0.17866534719799548
16686,-1.0299176786088415
16687,0.15559058487190766
16688,-1.4948487439642268
16689,0.3440652215409112
16690,-0.5827192150380248
16691,-0.022903633353975137
16692,0.15763937260059338
16693,-0.2193774795244216
16694,0.032060518915596185
16695,-0.05879416053379595
16696,0.9268965129282463
16697,-0.41401351913954143
16698,-0.061138266769221815
16699,-0.4499105240657671
16700,-0.5508192829181434
16701,-0.4031105300432043
16702,-0.012989002069041022
16703,0.15871854425036475
16704,0.8968774532271782
16705,-1.2968799667799762
16706,-0.7505713383062399
16707,-0.1503284745798801
16708,0.44117141584480224
16709,-0.5300000853133218
16710,-1.2505414618968678
16711,0.028248362157151735
16712,0.34296268245852213
16713,-0.38038050916587124
16714,-1.2933035878960444
16715,-0.07648130326261567
16716,-1.1937561067062799
16717,-0.6414845030286755
16718,0.22684545083665483
16719,-1.8376191958320696
16720,0.165465504457106
16721,0.3956473965208401
16722,0.4440032821947802
16723,-1.2658482219939176
16724,2.591911078791964
16725,-0.621445422168241
16726,0.15006959124247263
16727,0.2357952893274573
16728,-1.367741056261686
16729,-0.0494994994590727
16730,-0.22562750377297608
16731,0.8945884651643505
16732,-1.2101806814139535
16733,0.6795033631112841
16734,0.47331058744233123
16735,-1.0201448386464163
16736,1.6432995678330518
16737,-1.1948274056446788
16738,-0.4152756669013478
16739,-1.26809772024465
16740,-0.3448741789164131
16741,0.22293026883671915
16742,0.3059167129158979
16743,-0.9667846762360487
16744,1.874251707962851
16745,0.4209233515098339
16746,-0.04193540983606117
16747,-0.9975322194778651
16748,-1.622476897687159
16749,-0.33538850943519855
16750,-0.04913350905873721
16751,-1.6564188829648299
16752,-0.7179266668261037
16753,-0.14979708918617962
16754,0.13614702063065623
16755,-0.21691856135571183
16756,-1.6819770710691053
16757,-0.38246726554296323
16758,-0.9937761412242113
16759,0.310885053513968
16760,-0.13707352761388802
16761,-1.2152322852758757
16762,0.24751051740006105
16763,0.6203559981446574
16764,0.5279793154625666
16765,-0.05971583035726228
16766,0.17162766505870147
16767,0.09997756974079221
16768,0.16708346109916772
16769,-0.36177545578077425
16770,-1.0293499777030697
16771,-0.06932700646918777
16772,-2.0312567252225886
16773,0.3523265513448749
16774,2.5275005365601206
16775,-1.150885271219318
16776,-0.7719981319918533
16777,0.24897512288265827
16778,-0.5179382212197732
16779,-0.2317839512918438
16780,-0.17765757918495864
16781,0.9432604068045068
16782,0.039177930945304744
16783,0.5823356021715514
16784,-0.6981467660411804
16785,0.06490123314509262
16786,-0.8542122692134386
16787,-0.15176613684338275
16788,0.08353994720451581
16789,-0.3302777715761327
16790,-1.6010734032227925
16791,0.33618798289925655
16792,-0.01094708863063785
16793,-1.2484040789469952
16794,-0.32996470795371113
16795,-1.3535421308227935
16796,0.40496204645836126
16797,-0.4264660733093058
16798,-0.615256248178654
16799,-3.1742602964646047
16800,0.7028318554774756
16801,-0.6134236765615176
16802,-0.5819812276729366
16803,0.4251211758653235
16804,-1.4210094776634623
16805,1.4918127009957718
16806,-1.3211625016463293
16807,0.2579774629139029
16808,-2.696123693724058
16809,-1.20828918114193
16810,-1.157781016500197
16811,0.39621038865639047
16812,-0.5671754596928321
16813,0.40868434736941023
16814,-0.9969860055387888
16815,-0.36047777067854253
16816,0.043450448521083776
16817,0.28791346131137413
16818,-0.7882622359366459
16819,0.40620497190219823
16820,1.474935362953633
16821,0.31244007772648213
16822,-0.024094472570721063
16823,-0.6874052392061173
16824,-2.351669726313952
16825,0.25562938592018053
16826,-0.6930668509056084
16827,0.49598206318895255
16828,-2.54554391497739
16829,-0.2076277348996955
16830,0.7161459405071007
16831,0.007489908700108896
16832,-1.0594906193566864
16833,-0.23622024692990162
16834,0.13916625383759415
16835,0.08020123095186543
16836,3.4581224315751954e-05
16837,0.5910753171927172
16838,-1.058083750669272
16839,0.4075806877518324
16840,0.1302185049466772
16841,-0.065632683637766
16842,-0.24985994024153788
16843,-0.28200329566521787
16844,0.046952810372180874
16845,-0.20326744753891005
16846,0.9584114605429019
16847,-0.358866909926992
16848,0.0805539737170534
16849,-1.7003077073134847
16850,-0.3810620980407358
16851,-1.0507609950312784
16852,0.773096841662717
16853,-0.28221839102018653
16854,-1.3345306720760053
16855,2.2056733866099862
16856,-1.1710972809332791
16857,-0.4605983282574258
16858,2.2408096550374164
16859,-1.3156733151283075
16860,-1.5858622714100954
16861,2.173261181721819
16862,-1.6161072844795041
16863,-0.7962360392781037
16864,0.11845209417471006
16865,0.4133101601084901
16866,-0.7687204331308949
16867,0.14662086291611107
16868,2.5233970964574746
16869,0.7263795265022915
16870,0.24113023591856986
16871,-0.037395359173278575
16872,0.540566510571751
16873,0.8583908108452976
16874,-0.0521231104169957
16875,-1.7250335140402708
16876,0.9000265263419439
16877,0.22833258891108968
16878,0.05546174628666194
16879,0.26281054073139415
16880,0.6971203507149715
16881,-0.17817336858482105
16882,-0.020826460965745044
16883,0.25696741048281607
16884,-0.31521451944126344
16885,-0.7943251462595863
16886,-0.08890863769743838
16887,-0.2861323710823201
16888,-1.7191958455550238
16889,-0.1307701226940545
16890,0.19324159494044366
16891,-0.3349740618938669
16892,-0.6539432401367141
16893,1.0050102781951948
16894,-0.9130912812603446
16895,-1.0613776967282231
16896,-0.69091315660349
16897,0.5576617935678431
16898,-1.121050326445208
16899,0.011087457136857597
16900,-0.23238996935012735
16901,-0.5561040174866408
16902,-0.2266891327860397
16903,-1.027272455651023
16904,0.40129068984390537
16905,-0.35072689430570464
16906,-0.4170091194584498
16907,1.9312084896936093
16908,-1.033583852140387
16909,0.3963665048222729
16910,1.892302792146796
16911,-0.03384097588247382
16912,2.502174478442222
16913,-0.9792210657204641
16914,-0.1958046087394422
16915,-0.01653098572755358
16916,-0.4159778716506873
16917,-0.3592412251765649
16918,2.303044032313384
16919,-1.0418726096616622
16920,0.11452821301455397
16921,-0.20487272061979084
16922,0.21056879387704514
16923,-0.2501175403185568
16924,-0.4707382322980218
16925,-0.23215508753623423
16926,-0.9212068261120225
16927,-0.11762557902088862
16928,0.4492070253442062
16929,0.15070744396373073
16930,0.41479339412998467
16931,0.003077544680044648
16932,-0.5675032087195563
16933,-0.3231328045616751
16934,-0.48557253393153316
16935,-0.2586639446157685
16936,0.46745262271073085
16937,-1.7000597629866248
16938,0.41933672980796494
16939,0.18031511534633518
16940,0.7424738188256336
16941,-0.4372676763358797
16942,-1.355915838663145
16943,0.3107250628596622
16944,-0.07287118356693446
16945,-0.9835384804130224
16946,-0.595497350101117
16947,-0.2560466435374619
16948,-0.14688812524232006
16949,-0.3984238581431479
16950,0.27478515699231204
16951,-0.32275812739687204
16952,0.5904111700152405
16953,0.014633375397354906
16954,-2.024067436878119
16955,-0.7024389945586393
16956,-0.6582343986898683
16957,0.2570478786609352
16958,-0.5508192829181434
16959,0.3897475866600453
16960,0.7777519424272628
16961,0.31722340654254455
16962,0.166810253289387
16963,-0.7590691378902956
16964,0.21023516313166798
16965,-1.9389472875670062
16966,0.15959086750240734
16967,0.444844137347878
16968,-1.00067918251032
16969,-0.8510279082257504
16970,0.48852979143543224
16971,0.44473315856512124
16972,-0.4372676763358797
16973,0.2094920000551796
16974,0.5448544912717802
16975,0.034872280779256165
16976,-0.19852129502310795
16977,-0.2890269048396442
16978,0.27341153863293494
16979,-0.2581578749166034
16980,-0.6253587007384191
16981,-0.17069954052513672
16982,-1.069182886611574
16983,-0.005823439820902066
16984,0.06610492400746706
16985,0.6606439523988025
16986,-0.2640772586851996
16987,0.09726198479012968
16988,-0.48840977490796167
16989,0.04120835428183137
16990,0.09784950832678271
16991,-0.14732389601642207
16992,-0.020970886956755926
16993,-1.1786935193318278
16994,0.045933185785290744
16995,-1.3096805031352576
16996,0.2597831834533062
16997,0.3941519780035595
16998,-1.6931654432681595
16999,-0.9573947457563113
17000,-0.18931549018375876
17001,-0.9212733372180055
17002,-0.2065882140517301
17003,-0.4951601608739817
17004,0.21890548137995045
17005,-1.4520551037692588
17006,-0.42718386034941075
17007,-1.0176128509370619
17008,-0.7560173450314552
17009,-0.7264114187119202
17010,-1.3592238684993607
17011,0.3415477416144253
17012,-1.6362196315545454
17013,-0.16748821732788205
17014,-0.4072245578184593
17015,-1.2630567568213606
17016,-0.07309755941271905
17017,-1.4030561947266884
17018,-0.32026329594208724
17019,-1.142139732344439
17020,0.21883850188039491
17021,-0.35330424876713334
17022,0.06461445641792773
17023,0.5543526082252154
17024,-0.9382828428954033
17025,-0.7532483809177729
17026,-0.5310465692347337
17027,-0.1977858587503986
17028,-1.0177156925928552
17029,-0.2763999687632873
17030,-0.5318711508623826
17031,-0.29061348023679173
17032,-0.9252459116253049
17033,-0.016372925059604884
17034,0.23514548795189538
17035,0.5358199826675636
17036,-1.4555057645824139
17037,0.6324682611985784
17038,0.21674395090568652
17039,-0.052606166337951676
17040,-0.19013443218623063
17041,-0.11149879330017706
17042,-0.2853002478162295
17043,-0.14089563694815346
17044,-0.0938828347007375
17045,-0.5521089740421314
17046,-1.1937561067062799
17047,-0.07781155764484388
17048,-1.175099312891293
17049,-0.6626792446411408
17050,-0.03241682348357057
17051,-1.2592918834771198
17052,-1.6894036100701306
17053,-1.221486905739332
17054,-1.5464491171205097
17055,-1.3389912847395686
17056,-0.35648172841604
17057,-1.0015846191563316
17058,-0.2167155282470256
17059,-1.0627292225193163
17060,0.2311740898462232
17061,0.3148317871871774
17062,0.18330233240728389
17063,0.49101402309165687
17064,-0.08269465936024456
17065,-1.6262050136520636
17066,-0.29251323817361136
17067,-1.4014147945926596
17068,-0.11677164524561323
17069,-0.28581425987491776
17070,-1.2887521162576074
17071,-0.2807978423416972
17072,-1.578987599757261
17073,-0.10940124739296997
17074,0.5353792738331042
17075,0.05268941178854528
17076,-0.5187929937913184
17077,-0.9153561253626866
17078,-0.060997482309303686
17079,-0.6887145740202341
17080,-0.1808400779346456
17081,0.3785605580329179
17082,-0.8624814166759597
17083,-2.560688642204245
17084,-2.2417116147987004
17085,-0.5244058167463772
17086,-0.5255659684047299
17087,0.026095283830505956
17088,-1.6115456062620126
17089,-0.7042120879207102
17090,0.35859538168054
17091,-1.6315585918822793
17092,-2.2417116147987004
17093,-0.40452479875449476
17094,-0.08213423648882143
17095,1.0643204207698416
17096,-0.4802760690432689
17097,0.11231460453686815
17098,0.08862463841541884
17099,1.1262371564651672
17100,0.5456991844444831
17101,0.20034772188021202
17102,1.2117991395598138
17103,-0.5702578611640777
17104,-0.4856572740267774
17105,-0.01357409482495461
17106,-1.6020276902887234
17107,-0.17866821118232215
17108,0.4248075761294212
17109,-0.17536041400402813
17110,-0.2626688097725478
17111,-0.130290394828094
17112,-0.6258562816693738
17113,0.668777470236371
17114,0.20836822266616875
17115,-0.9221916884215061
17116,-1.6122373008307687
17117,-0.12953633233466427
17118,-0.17073343814832712
17119,-1.3479461538552573
17120,-1.3482174085998782
17121,-0.4804321816689106
17122,0.3023463398283153
17123,-0.06263721170172154
17124,-0.4339221092239476
17125,0.43615237587254657
17126,-1.4341935613632562
17127,-0.19042724149043666
17128,-0.6018723654848614
17129,0.1260343845417917
17130,-0.9644037610734615
17131,-0.0036217893943964307
17132,0.0430604814693775
17133,-0.028340585817400715
17134,-0.18069595792604168
17135,-2.0567154081856955
17136,-0.6387630085618942
17137,0.17576550256104792
17138,-0.16118952336207315
17139,0.031112135153019943
17140,-0.8078831942657275
17141,1.2354606328898867
17142,0.2094920000551796
17143,-0.18531171713471095
17144,0.05330039584352578
17145,-1.2968799667799762
17146,-1.0726516561011106
17147,-0.12150945105588
17148,-0.21331322994156238
17149,0.04120835428183137
17150,-2.3514301837423774
17151,0.44826423773452073
17152,0.20080991376118854
17153,-0.11530745114973569
17154,-0.0406674286040504
17155,0.18293396342025298
17156,-0.9488599551671516
17157,-0.33053081918869975
17158,-0.17335985303757312
17159,-0.06962496434321244
17160,0.5435892036881979
17161,0.3796941113672283
17162,1.0397489395730515
17163,0.36040905069478246
17164,-0.9030352399101716
17165,2.1109374926721887
17166,0.08184307353138683
17167,-1.1930921051339414
17168,-0.4275452258297618
17169,0.029098427697794207
17170,-0.7299563870512186
17171,2.2612160608930116
17172,-0.11297991232310264
17173,0.04120835428183137
17174,1.9814199595188
17175,0.06706318709360773
17176,0.04120835428183137
17177,-1.3314802108491048
17178,1.9064439661900974
17179,-1.3391001000830784
17180,0.11845209417471006
17181,0.5708825113972328
17182,-1.7965797417531482
17183,-0.09979077625927324
17184,-0.13129835719276287
17185,-0.18048917035178175
17186,-1.2925685295263385
17187,-0.03012426750117883
17188,-0.48402823847323007
17189,-1.0577930297123215
17190,-0.4021674814742316
17191,-0.1467435488010731
17192,0.31213213816010893
17193,-1.4594032798269385
17194,-0.05076138213923215
17195,0.34951293758944735
17196,-1.4107146944941376
17197,2.280258597255063
17198,0.4770218098661383
17199,0.427991223062469
17200,-2.635049144518985
17201,0.5818547153090764
17202,-2.2222102277371594
17203,0.37256275199539646
17204,-0.8265012321288046
17205,-1.4781436963955208
17206,-0.48599988815091155
17207,-0.4430816167142766
17208,0.31929388071343884
17209,-0.9839118469411549
17210,0.2310280592791191
17211,-0.2174266723956532
17212,0.26909164761484045
17213,0.22742085666778056
17214,0.0816586333174208
17215,-0.2177687733866903
17216,0.6672496114636398
17217,-0.20104881802496843
17218,0.882507094517988
17219,-0.03449243452083434
17220,0.07152007217628814
17221,0.17162766505870147
17222,0.49766357671590317
17223,-0.3396867405293211
17224,-0.9854916293504403
17225,-1.1884177231909407
17226,0.34958969237035303
17227,-0.1477779592449857
17228,-0.3546928477129781
17229,-1.3183517537711018
17230,0.09629733091446674
17231,-1.0157437235377058
17232,0.4269019907214431
17233,0.14444239191765657
17234,-1.2383611326084643
17235,-0.8182403751735275
17236,0.12788288101941322
17237,-1.040542486423473
17238,-0.20717563580680987
17239,-0.9728746211748368
17240,0.26281054073139415
17241,-0.891324252430325
17242,-1.3353139449579678
17243,-0.8932424926526674
17244,0.28370199518468847
17245,-1.232486665375737
17246,-1.1412859160149615
17247,0.40496204645836126
17248,-0.9808405379487823
17249,0.591019267612129
17250,-0.6859760207910401
17251,-0.2459391851642857
17252,-0.5613921674875157
17253,-0.004102187516340677
17254,-0.25428115034423165
17255,-0.819539921189604
17256,-0.15198695488468345
17257,-0.23655986755266686
17258,0.1023741398302963
17259,-1.4767754623109592
17260,0.4728286066852758
17261,0.01714118626234681
17262,-0.42407705544697266
17263,-0.051407530970091854
17264,-0.5654284544155008
17265,-1.1640288842958346
17266,0.2579774629139029
17267,-0.4536371455149636
17268,-0.8700053102080355
17269,0.5301236177970808
17270,0.413948014535154
17271,0.15728031451417174
17272,-0.37231407577825776
17273,-0.9980801473534324
17274,0.7623440736982319
17275,-0.72041683642312
17276,0.38942051824787777
17277,-1.095319817790077
17278,0.6236245851645658
17279,-0.4407435510491185
17280,-0.10940917294081248
17281,-0.19665548519995768
17282,-0.36861828626440796
17283,-0.1494037573007065
17284,0.019810920872339065
17285,-0.35072689430570464
17286,0.5187133794160889
17287,-2.673460563663014
17288,0.5610028311200963
17289,0.07175382703934262
17290,0.000896775626997676
17291,2.00996772732955
17292,0.4448054293640251
17293,-0.32555466274574435
17294,-1.289039584563247
17295,2.1820203337029334
17296,-1.2002212999943542
17297,-0.10568078349847439
17298,1.8579348112369833
17299,0.779939319898777
17300,-0.2554363770665195
17301,-1.4285609643641124
17302,0.6299726591937408
17303,0.3526557666971496
17304,-0.4356084046459805
17305,-0.3755683310361437
17306,0.1535450883491578
17307,-0.10091515908629237
17308,-0.49320743594157573
17309,0.3291994344102563
17310,-0.33499663317997
17311,1.0107677222640585
17312,-0.30401281268361
17313,0.372116631071455
17314,-2.549771202233282
17315,0.32941266263187846
17316,2.490776809820174
17317,0.1359724508151642
17318,0.4171561692303478
17319,-0.44156329267786815
17320,-0.25297495654252494
17321,-2.253355384113867
17322,1.3516987065549535
17323,-0.3209824675775026
17324,0.041151993999005654
17325,1.0254700112426633
17326,0.2248677274349943
17327,0.3654435759239182
17328,-0.8927307221828106
17329,-0.6632637460868034
17330,-1.1627128838700382
17331,2.5851193018883856
17332,-1.2452998916135465
17333,0.3068118626634973
17334,-0.27084802311882894
17335,-0.2958163435785607
17336,-0.5650046755343591
17337,-0.6304418093410733
17338,-2.359913290583466
17339,-0.31817628355424377
17340,-1.2415725989006763
17341,-1.8342377483436814
17342,-0.00952456846903004
17343,0.9069599173801184
17344,-0.8521639329580774
17345,-0.07310539859600931
17346,-0.31711110621841954
17347,-0.22413869557676128
17348,0.6109496725109077
17349,-0.5551011949539105
17350,0.9051223730418474
17351,0.3454067172530534
17352,-1.0493943450334855
17353,0.35327262318667435
17354,-0.40132920119764237
17355,-0.7896142564715977
17356,0.5549652431187462
17357,0.11563431450326582
17358,-0.464667567217784
17359,0.06264944701396749
17360,-0.724018594090826
17361,0.001236817464257079
17362,-0.5916253908488176
17363,-0.504262624476853
17364,-0.20966591606457313
17365,-0.28178952897678844
17366,-0.03767967103042806
17367,-0.9541070628689239
17368,0.02372666633002425
17369,-1.5593242078854939
17370,-0.03808016516626083
17371,-1.4557368949991423
17372,0.019881509664356124
17373,-1.2140463957662098
17374,-0.6147483137120949
17375,-0.9502568338919921
17376,-1.30603484355801
17377,-1.057197744312161
17378,-1.1618505337289988
17379,-0.9471828839208362
17380,-0.5191129935324825
17381,-0.9685063193792881
17382,-0.3732057295977958
17383,-0.3241207754771778
17384,-0.5101949256863134
17385,-0.29517974452483925
17386,-0.1362543438687663
17387,-0.9442910780004912
17388,-0.554774995685763
17389,-0.8758024528080838
17390,0.4303876136083481
17391,-0.004053061594796528
17392,0.3418927562067698
17393,-0.28137020091943954
17394,-0.8066621472680717
17395,-0.5022174922348375
17396,0.05816551665020475
17397,-0.28137020091943954
17398,0.04014102060523464
17399,-1.7189979833553062
17400,-0.24183297324264386
17401,-0.4506476024782761
17402,-1.2007834540165618
17403,-0.7474148396040258
17404,-0.5777235689877096
17405,0.7967318813303208
17406,-1.6590814503603268
17407,2.1160770167466407
17408,0.4187753786536723
17409,0.01805506613335205
17410,-1.3550387009031482
17411,2.1033731474640995
17412,0.6526532964417734
17413,-1.2383611326084643
17414,-0.24497163914965975
17415,-0.134310855169842
17416,-0.05336406544531765
17417,-1.3106773202038753
17418,-0.27120257624387484
17419,-1.334514907372602
17420,-0.201818175287838
17421,-0.945247831910227
17422,-0.09619259805969257
17423,-1.5812143562405645
17424,0.035663155712564475
17425,-1.367741056261686
17426,-0.016926343991640905
17427,-1.1534649353409652
17428,0.4688771520303741
17429,0.1606360809890146
17430,-0.6404797708471837
17431,-1.197522883953801
17432,0.5891292683142515
17433,-1.0094981644498924
17434,0.019550075832334316
17435,-1.5772662332464356
17436,0.2927906066561812
17437,0.553892249660935
17438,0.726270130183764
17439,0.44499676674327343
17440,-0.5130298097526877
17441,-1.5724294806802221
17442,-0.3487082937099044
17443,-0.5895508850060951
17444,2.1783518205846284
17445,-1.3078767359601666
17446,-0.4868818702215708
17447,-1.424188020589775
17448,-0.4855159781749749
17449,-0.5878502321957468
17450,2.222355685622601
17451,-1.1849613392924347
17452,-0.38009258433641446
17453,-1.465561817894109
17454,2.648477224343872
17455,-1.3947562894050805
17456,-0.2011434333668784
17457,-1.795167934168812
17458,2.1997899036218262
17459,-1.4546005604490357
17460,-1.0779035951235727
17461,-0.268015864839219
17462,-0.1598359815227633
17463,-0.1343024636303223
17464,-1.398270203097954
17465,-0.657993093390469
17466,-0.1617716149566198
17467,-0.11779610020651804
17468,-1.0033077014587957
17469,-0.3294895954188345
17470,0.08725749209062843
17471,-0.05647558442959438
17472,-1.1527218564582353
17473,-0.2741050837814975
17474,-0.23719443300558654
17475,-0.2909744425418441
17476,0.0281849352729228
17477,-0.053814791713845365
17478,-1.0614127774693323
17479,-0.2652081006761579
17480,-0.0860307548268599
17481,2.7190348421299535
17482,-1.4276530443389805
17483,-0.36458351882047924
17484,-0.3592412251765649
17485,-0.3380454768311262
17486,0.04996997279367887
17487,-0.2501175403185568
17488,-0.04756360476920338
17489,-0.9131008501226371
17490,-0.04756360476920338
17491,-1.2731809962257652
17492,-0.11256834762998516
17493,-0.19272932738107534
17494,0.36135967222485565
17495,-0.6333520119340323
17496,-0.5360951926230761
17497,-0.49957251778371603
17498,0.11391419800049964
17499,-0.5318711508623826
17500,-0.5101949256863134
17501,-0.19042724149043666
17502,0.1397929521106225
17503,-0.14326517078906364
17504,-0.148999357646044
17505,-0.6598247674477172
17506,-0.4779829754141251
17507,-0.5222991726354728
17508,0.1066933892760362
17509,-0.5318711508623826
17510,-0.8636218296438619
17511,-0.927914130239727
17512,0.021286049834843987
17513,-0.9835384804130224
17514,-0.3349740618938669
17515,0.0949583409884367
17516,-0.03808016516626083
17517,-0.03808016516626083
17518,-0.039295654746662155
17519,-1.286734124509323
17520,-0.022807094401146012
17521,-0.04855270238301017
17522,-0.9822953871887105
17523,-0.10236302188750378
17524,-0.8459346760108418
17525,-0.03808016516626083
17526,-1.1953259277131931
17527,-0.07596741979564019
17528,-0.971089673938021
17529,0.05268941178854528
17530,-1.0156079709160792
17531,-0.020810067414699984
17532,-0.9397482658258256
17533,0.03748664500138673
17534,-1.2288515795591868
17535,0.05268941178854528
17536,-1.493112757601389
17537,-0.013082798469290356
17538,-1.3402585690636364
17539,-0.2920070906011491
17540,-0.8493442180088057
17541,-0.5008120277072179
17542,-0.10623781193356405
17543,-0.9835384804130224
17544,-0.5935258282329277
17545,-0.4988194566428569
17546,-0.3634603908123452
17547,-0.9078969366323716
17548,-0.27066380494455994
17549,-0.9569934994295707
17550,0.1159521338111351
17551,-1.1937561067062799
17552,-0.6142852792995476
17553,-1.03232802086377
17554,0.21491519860475214
17555,-1.1937561067062799
17556,-0.40526428156297933
17557,-1.121642839736289
17558,0.0661184477266794
17559,0.23929021938096365
17560,-0.8212309001377062
17561,0.1624335785159362
17562,-1.1349798879249908
17563,-0.850983657817503
17564,-1.2680563155335018
17565,0.049224523963202364
17566,-0.21333255006200352
17567,0.008695205736947962
17568,-0.3116369107655015
17569,-0.19042724149043666
17570,0.10657984948832222
17571,-0.14709952044062358
17572,-0.18027798570354536
17573,0.005358354276817716
17574,-0.0005077163732322665
17575,-0.1080160897027242
17576,-0.19042724149043666
17577,0.13457939956691217
17578,-0.09650160119333749
17579,-0.06562332052546234
17580,-0.30344623387194714
17581,-0.059335022708343545
17582,-0.24655303828358804
17583,-0.059335022708343545
17584,-0.005049630668602319
17585,-0.3364852710422734
17586,0.09070964729039165
17587,-0.23862841769734164
17588,0.027576593534373296
17589,-0.1808400779346456
17590,0.008695205736947962
17591,-0.1826951626354987
17592,-0.19042724149043666
17593,-0.059335022708343545
17594,-0.24097462588781735
17595,-0.4251994989219509
17596,-1.1937561067062799
17597,-0.6877912684159397
17598,0.5527216060865514
17599,-1.37157062032885
17600,-0.5975806857677523
17601,-0.8749028578700067
17602,-1.4137789208219609
17603,0.9769788302574307
17604,-1.3528587732701502
17605,-1.2600628905824462
17606,0.5466445585279285
17607,-1.1349798879249908
17608,-1.0333561175820596
17609,0.5442292851728534
17610,-1.1672296366466495
17611,-0.6219723932001886
17612,0.7278541288224302
17613,0.5194084589453847
17614,0.47331058744233123
17615,-0.9001838310164921
17616,1.8917345877449363
17617,0.42135977171264916
17618,0.23359333189357068
17619,-1.4279463816572713
17620,2.1197981601175937
17621,0.6057135320320819
17622,2.3006696043641335
17623,-1.092898146263267
17624,0.605731976967161
17625,-0.9959827613108104
17626,2.1345075385627545
17627,0.5417627012015086
17628,-0.004102187516340677
17629,-1.2075372812254161
17630,2.180356290339935
17631,0.7358092207725764
17632,0.30503865307505307
17633,-1.425865238711225
17634,2.387341665735024
17635,0.5835039028777916
17636,0.3390217630105754
17637,-1.2118118481345388
17638,2.2951364600000863
17639,0.5835039028777916
17640,0.04120835428183137
17641,-1.2314543842541619
17642,2.1679135458472483
17643,0.31630795811303897
17644,0.13614702063065623
17645,-0.36863158087049186
17646,0.16708346109916772
17647,0.12094453173158033
17648,0.13345080784796995
17649,0.09208024101847631
17650,0.36457035690950346
17651,-1.367741056261686
17652,-1.559795969333782
17653,0.3553613783684227
17654,-1.4451271187162757
17655,0.3418972202314804
17656,-1.4577360129798378
17657,0.1192192256362352
17658,-1.5493406825598524
17659,0.2959160670997189
17660,-1.4448577842048265
17661,0.19852200196878278
17662,-1.3198201620178411
17663,0.0517846969418031
17664,-1.0869777226654407
17665,0.323446847011201
17666,-1.3837326418929063
17667,0.0517846969418031
17668,-1.1672296366466495
17669,0.14598782237291646
17670,-1.4575444686241417
17671,0.2407676332963081
17672,-1.4359398925749418
17673,0.027448991119975452
17674,-1.4359398925749418
17675,0.04485823543774393
17676,0.2718219587247715
17677,0.5943460921335737
17678,0.43473031636443815
17679,-0.7935318846087637
17680,0.3719905862270857
17681,0.5154461567929105
17682,0.457051204329701
17683,-0.6238877144675912
17684,0.3806389238114665
17685,0.726270130183764
17686,0.457051204329701
17687,-0.6597133888919385
17688,0.4190063149788562
17689,0.23627209438512145
17690,0.302587423636724
17691,-0.5130298097526877
17692,0.3141424643460892
17693,0.9893045332605968
17694,0.36186316407390934
17695,-0.9678827821032192
17696,0.3719905862270857
17697,0.5154461567929105
17698,0.4764039450501526
17699,-0.8367703255188845
17700,0.3974336667353165
17701,0.21674395090568652
17702,-0.7453671850850303
17703,0.553892249660935
17704,1.238720682250852
17705,-0.7255931988808079
17706,-0.04542414603910595
17707,0.27478515699231204
17708,0.40024858675038655
17709,-1.0448445727324165
17710,0.3141424643460892
17711,0.6917681759510644
17712,0.5547123674433624
17713,-0.7665021130256895
17714,-0.32555466274574435
17715,-1.3993400089971504
17716,2.079677890590222
17717,-1.2037993557807587
17718,-0.6577085430234619
17719,-0.5124451599904207
17720,1.9090749892260603
17721,-1.0573062031272966
17722,-0.3368793847812567
17723,-1.2469736003465415
17724,2.2237003238866904
17725,-1.8040538753334794
17726,-0.5389256349928443
17727,-1.2749030171801572
17728,2.614072443604718
17729,-1.7589754315472192
17730,-0.3368793847812567
17731,-0.49775987031293645
17732,2.6148405492225177
17733,-1.2593862068396562
17734,-0.3618717428128151
17735,-1.2749030171801572
17736,2.251822129936137
17737,-1.0739120622999363
17738,-0.2627715339329126
17739,-1.1507702110399227
17740,2.114961416535561
17741,-1.7835916567429113
17742,-0.08378796627385542
17743,0.24029955635554726
17744,-0.19114364461232022
17745,0.23837684551483815
17746,-0.04435607041778791
17747,-1.3925644522287999
17748,0.14707207947714246
17749,-0.01040235622064787
17750,-0.18376178330514026
17751,0.5565976669292391
17752,0.5148391942761247
17753,-0.4372676763358797
17754,-0.5101949256863134
17755,-0.2984963398139334
17756,-0.10295881855215591
17757,-0.6730741494624655
17758,-0.5935258282329277
17759,-0.4856572740267774
17760,0.08599748791403376
17761,-0.5916253908488176
17762,-0.9270985612452635
17763,-0.3407824024711478
17764,0.0499873056883563
17765,-0.5318711508623826
17766,-0.5757307024571534
17767,-0.5950077744026103
17768,-0.01614977283090433
17769,-0.5916253908488176
17770,-0.96993518191575
17771,-0.2560466435374619
17772,-0.10180831525614044
17773,-0.28656443501268547
17774,-0.595497350101117
17775,-0.2946603437873597
17776,0.1893083245202427
17777,-0.4370338104587207
17778,-0.4779829754141251
17779,-0.22283357062397727
17780,-0.04491097561399491
17781,-0.2957942784893247
17782,-0.5101949256863134
17783,-0.4539454866991348
17784,-0.05866180305172636
17785,-0.6730741494624655
17786,-0.7043169716518156
17787,-0.409372664155482
17788,0.063676508244339
17789,-0.798150131045497
17790,-0.09956276302421212
17791,-0.971089673938021
17792,0.009764994527270624
17793,-0.8855835809730936
17794,-0.09561140412937974
17795,-1.0478543965514069
17796,-0.08211634292890593
17797,-1.1234687806709982
17798,-0.007062748304625804
17799,-0.9532227411802143
17800,-0.2152928299250563
17801,-1.2231406074343105
17802,0.002270537023866026
17803,-1.1234687806709982
17804,-0.018076331663337032
17805,-1.503295199045074
17806,-0.14655005587215292
17807,-1.285478971160479
17808,0.05268941178854528
17809,-1.622607206265848
17810,0.04120835428183137
17811,-1.0414924424422143
17812,-0.013082798469290356
17813,-1.2708952837085596
17814,0.5714949670712827
17815,-1.4952173211082973
17816,0.30618881457360236
17817,-1.4665265124884381
17818,0.27496722218334474
17819,-0.28975351594882925
17820,-1.8759577521609982
17821,-0.3240256231281716
17822,-1.1001280271203187
17823,-0.020810067414699984
17824,-1.8587221430625742
17825,-0.1521127023749705
17826,-0.004102187516340677
17827,-0.9047867751453992
17828,0.04120835428183137
17829,-0.09561140412937974
17830,-0.11677164524561323
17831,-0.6545432872419581
17832,-1.1555039805845695
17833,-1.226395509580367
17834,-1.1841977988154535
17835,-1.3709537860840568
17836,-0.7783145564841999
17837,-1.010986883594965
17838,-0.7613082052665807
17839,-1.4264100562515225
17840,-1.0138520414004368
17841,-1.2061015191946263
17842,-0.6147483137120949
17843,-0.5456753663367877
17844,0.15708559051594154
17845,-0.9935960076027546
17846,-1.0277623205636024
17847,-0.9330177982235762
17848,-0.05790801258442534
17849,-1.0531021783352392
17850,-0.5524440470745668
17851,-0.9419029390719695
17852,0.2291714805819581
17853,-1.2933035878960444
17854,-0.8463186669137418
17855,-1.1862190561456474
17856,0.1608629222685454
17857,-1.7555461941562636
17858,-1.201147917316118
17859,-0.38711218677425085
17860,0.068279041163163
17861,-1.4420570388782112
17862,-0.43733292932388773
17863,-0.977608917950337
17864,-0.02100777781168982
17865,-0.8818262115044474
17866,-0.737161113271848
17867,-1.1638325689254823
17868,0.23988650469246117
17869,-0.9445032263322545
17870,-1.4810441476921472
17871,-1.3788600754518625
17872,0.03769865841706212
17873,-1.214524749319945
17874,-0.7945737362631919
17875,-1.0991178210604318
17876,-0.06086237324557561
17877,-1.331943309920124
17878,-0.4734235275045817
17879,-1.0354658709651159
17880,0.11622013893275619
17881,-0.4823655055329232
17882,-0.09650354566933779
17883,-0.19173363623769832
17884,0.031112135153019943
17885,-0.35487928955716724
17886,0.0007071091173043034
17887,-0.3858733235056715
17888,-0.5935258282329277
17889,-0.06759271872945659
17890,0.011832542285221546
17891,0.008328383081424133
17892,-0.5101949256863134
17893,-0.6555495283307134
17894,-0.19165202522004934
17895,-0.22166894383591032
17896,-0.6588128988257154
17897,-0.8032561533238048
17898,0.001236817464257079
17899,-0.6480432875668701
17900,-0.595497350101117
17901,-0.8114089183610177
17902,0.052096665028885124
17903,-0.6341099680571771
17904,0.17082755808251926
17905,-0.17611627333363697
17906,-0.2368415795227652
17907,-0.1808400779346456
17908,0.3827726621942935
17909,-0.03019529015944829
17910,-1.2106884289417004
17911,0.08199694961584063
17912,0.005358354276817716
17913,-0.1218980852093345
17914,0.09922761927782253
17915,-0.1808400779346456
17916,-1.815754071153131
17917,-0.0033213821599118705
17918,-0.19042724149043666
17919,0.13457939956691217
17920,-0.10635546903159852
17921,-0.1080160897027242
17922,-1.500305447358512
17923,-0.7489734993393009
17924,-0.9677007382422707
17925,0.00019493342572367815
17926,0.019827292988187407
17927,-0.05407005875360814
17928,-1.2784336522045743
17929,-0.7045976298598753
17930,-0.26149170475954514
17931,-1.2807227207628473
17932,0.14548041457855854
17933,-1.0765341853335375
17934,0.026450592902686396
17935,-0.018027967604634976
17936,-1.3660179287062735
17937,-0.2956082870984953
17938,-0.5313133423569754
17939,-1.4137789208219609
17940,-0.7110661816261664
17941,-0.3672246910560435
17942,0.21126437302766465
17943,0.23532261380522543
17944,-2.209824192217515
17945,2.422706772416362
17946,0.6045694582261251
17947,0.26542895632568214
17948,-1.6210013310287372
17949,1.785405145540073
17950,0.6411225871094942
17951,0.4160828486084215
17952,-1.4684599709807442
17953,2.1159085324467783
17954,0.44137241950219563
17955,0.39228906009245146
17956,-1.3654153293874247
17957,1.869124101934568
17958,0.6139673901792345
17959,0.7081427352433544
17960,-1.238408866696818
17961,2.1679135458472483
17962,0.44137241950219563
17963,0.5982633795784533
17964,-1.3941791844281382
17965,1.724015213555708
17966,0.4128987087878344
17967,0.21406135376986826
17968,-1.1338136502166571
17969,2.0441460262790585
17970,0.6057135320320819
17971,0.2715994892533003
17972,-1.4825885338858502
17973,2.103825414532761
17974,0.5424599829695435
17975,0.3390217630105754
17976,-0.24250188729076463
17977,-0.6284633036035358
17978,1.2573466229327754
17979,-0.011050970586656467
17980,-1.0567134410292158
17981,0.08154218162352829
17982,-1.4359398925749418
17983,-0.09995098957331029
17984,-1.2192308578575073
17985,-1.4359398925749418
17986,0.04108923574560823
17987,-1.2079980539146862
17988,0.09332939844115265
17989,-1.4682860044411528
17990,0.310885053513968
17991,-1.1954059524033318
17992,-0.4950043675491523
17993,-0.16583823381688906
17994,-0.04166151704691273
17995,-1.2797462258585497
17996,-0.06319146310371687
17997,-1.205500325089097
17998,0.310885053513968
17999,-0.3350318262433956
18000,-0.2924257847452279
18001,0.3573084790541838
18002,-1.7476365105530267
18003,-1.5869588152791272
18004,0.32209096696617207
18005,-1.2947059102705176
18006,-1.4940368166543243
18007,-1.5989858915342805
18008,0.8224107097816998
18009,-1.266264594288907
18010,0.06788978748856005
18011,-1.2877719472917117
18012,0.24751051740006105
18013,0.36457035690950346
18014,0.41877493528602944
18015,-0.0792267547201615
18016,-1.001012155539388
18017,0.04551401134680627
18018,-2.413942020677813
18019,0.7023835820719756
18020,-2.2397989232382853
18021,-0.4152756669013478
18022,0.0411842062758929
18023,-0.2519711375311828
18024,-0.4952468792726013
18025,-0.31823003001512595
18026,-0.2792950086251643
18027,-1.6065201824667954
18028,-1.6099363463417757
18029,-1.2319741636021144
18030,0.302587423636724
18031,0.4264886528980167
18032,0.5945728894372561
18033,0.4264886528980167
18034,0.302587423636724
18035,0.45259636671025316
18036,-0.5680914931253837
18037,0.7554188477833602
18038,-1.0085969603933684
18039,0.5487860089530072
18040,0.7161459405071007
18041,0.7623415251875879
18042,0.41139625548762104
18043,-1.1294618960196503
18044,-0.033541947064774605
18045,-1.1358843870399755
18046,0.41394038167532793
18047,-1.0765341853335375
18048,0.5169894405225437
18049,-1.963715095261411
18050,0.284710012430767
18051,-1.302695038346603
18052,-0.006356673923729711
18053,-1.0890336820198556
18054,0.035065690156408987
18055,-1.0321186598335739
18056,0.2745995284597246
18057,-0.28545003841877026
18058,0.2514337063209684
18059,0.22986174434208814
18060,-0.6799214674563869
18061,0.19857874371922607
18062,0.47948330543826034
18063,0.29370228278833066
18064,-0.6365882222814535
18065,-0.013294740555977591
18066,1.2719413810172966
18067,0.4612203549115309
18068,-0.3139499542710212
18069,-0.013294740555977591
18070,1.175666150960635
18071,0.17986101819467293
18072,-0.062466590637064584
18073,0.48514076667480305
18074,1.1823585596493222
18075,-0.11169727904664295
18076,-1.2415725989006763
18077,-1.3827511129101018
18078,-0.34052088528724844
18079,-1.3345306720760053
18080,2.6802277695414505
18081,-1.5641212927431873
18082,-0.14117483650125237
18083,-0.473298746141338
18084,2.4994220032802064
18085,-1.8490269502197563
18086,-0.2312482352077393
18087,-0.49988234619980226
18088,1.6523062829786141
18089,-1.0739120622999363
18090,-0.514776369632018
18091,-1.424188020589775
18092,2.4994220032802064
18093,-1.4553891046750513
18094,-0.44642162742096264
18095,-0.5489149042147051
18096,2.6648338731153065
18097,-1.2034908561564819
18098,-0.7005515368886178
18099,-2.137903570739587
18100,2.4352744294929103
18101,-1.6606216916622314
18102,-0.19665548519995768
18103,-0.23264818487102917
18104,2.6712560304996567
18105,-1.596506896534126
18106,-0.370350447128093
18107,-0.8611457031914703
18108,2.606441114808814
18109,-1.1849613392924347
18110,-0.21338071531072603
18111,-2.0151331552123364
18112,2.5249819522448025
18113,-1.1025378442497216
18114,-0.24844096377730499
18115,-0.6169343143229059
18116,2.686155551393784
18117,-0.23966064183780872
18118,-0.2738215300552641
18119,2.079677890590222
18120,-1.7455801263352941
18121,-0.4430944826326653
18122,-0.6927894134613274
18123,2.6712560304996567
18124,-0.40361434554641834
18125,-1.4169033620487044
18126,-0.23042558203967342
18127,-0.08170866534877248
18128,-0.5402497817126821
18129,-1.4359398925749418
18130,-0.3893204420155465
18131,-0.2634511411671131
18132,-0.23283282091668245
18133,-1.4007591724164636
18134,-0.42518497573712627
18135,-0.5003667421460142
18136,-0.10311944564513104
18137,0.4446036786608705
18138,-0.21187373679124263
18139,0.2970811523445829
18140,-0.1659518213678451
18141,0.6050344190620875
18142,-0.3558706498371269
18143,-0.6919676466683854
18144,-1.2447953828160823
18145,0.5843788272187239
18146,-0.6324530538957676
18147,-1.2447953828160823
18148,0.6912350632399329
18149,-0.27413991210043215
18150,-1.022883943006819
18151,0.644027319987623
18152,-0.3737604542703622
18153,-1.3591375864465283
18154,0.6576687146972094
18155,-1.0949313346199359
18156,-0.9621583135304681
18157,0.48712221876008355
18158,-0.3677438725086162
18159,-1.0079157873174451
18160,-0.10264480101034641
18161,-1.5772066066691137
18162,0.8379934081310098
18163,-0.5183251236250124
18164,-0.731841885155191
18165,0.8811067119628793
18166,-0.47009689874506044
18167,0.06793613129951293
18168,-0.02407599071265309
18169,-0.2659451635882867
18170,0.10657912822813606
18171,-0.09126490867399736
18172,-0.2849608024437837
18173,0.10657984948832222
18174,0.08002821799278957
18175,-0.24977930609611015
18176,-0.18293039584796153
18177,-0.05884962139024358
18178,-0.29529109212320387
18179,-0.013310776018263472
18180,-0.1295441152393291
18181,-0.2890269048396442
18182,-0.022075313694924412
18183,-0.03355796373156186
18184,-0.12453514931260211
18185,0.47601479096105526
18186,-0.09650160119333749
18187,-0.0640718000530584
18188,1.0605878045259507
18189,-0.27000587257099107
18190,-0.040929758383036335
18191,0.8143814260104836
18192,-0.23359349681077757
18193,-1.1316505821313627
18194,0.23227889330818685
18195,0.5049828559682946
18196,-0.20370773286736066
18197,0.13479557117669072
18198,-0.33749015761027595
18199,-0.04756360476920338
18200,-0.44440485284313813
18201,0.006255151990205198
18202,-0.918750122362134
18203,-0.5276155680479743
18204,-0.29415435094734255
18205,-0.3302652784542839
18206,-0.19714875248308256
18207,-0.3561239309581291
18208,-0.26448541897852224
18209,-0.3532051489475198
18210,-0.14778070506701682
18211,-0.40751828378833727
18212,-0.04174154768519012
18213,-0.27664631711026316
18214,-0.7804194882350063
18215,-0.07487862636720133
18216,-0.3286089808449142
18217,-0.06641903850485119
18218,-0.511370804933993
18219,-0.09597254710223983
18220,-0.24421039158652325
18221,-0.4635000627608852
18222,-0.2501175403185568
18223,-0.08405212764080013
18224,-2.775223446782362
18225,-0.3338166757377366
18226,-0.06265416512680454
18227,-0.7284855861807601
18228,-0.05888139650108608
18229,-0.25509504120582827
18230,-1.055823911046255
18231,-0.12029010152278714
18232,-0.10721241215567764
18233,-1.0138208696497502
18234,-0.31033637086279586
18235,0.13479557117669072
18236,-0.921974178686066
18237,-0.44440485284313813
18238,-0.42719214133751093
18239,0.36883292155192754
18240,-0.12579573722924461
18241,0.37988004904226674
18242,-0.3784202288640805
18243,-0.3338166757377366
18244,-0.30118800494613773
18245,-0.23042456253182633
18246,-0.6915581806628498
18247,0.7241963604247263
18248,-0.2460899419432852
18249,0.37988004904226674
18250,-0.9835384804130224
18251,-0.5101949256863134
18252,-0.4539454866991348
18253,0.037114990578667316
18254,-0.780142397362371
18255,-0.036566727449002634
18256,-0.4372676763358797
18257,-0.45776011809274947
18258,-0.15685485693916865
18259,0.4190957216944529
18260,-0.5162957859251512
18261,-0.47605908884319736
18262,-0.6323145054350896
18263,-0.5162957859251512
18264,-0.38850987623603744
18265,-0.06855606841063154
18266,-0.05866180305172636
18267,-0.580160272998994
18268,-0.272782411132343
18269,-0.2165978999549674
18270,0.05723628513094323
18271,-0.4372676763358797
18272,-0.595497350101117
18273,-0.5979777969085591
18274,0.11624913090103578
18275,-0.2849608024437837
18276,-0.1732233227166625
18277,0.06683475871857787
18278,-0.43993699584434043
18279,-0.10680932924070626
18280,-0.059335022708343545
18281,-0.08314647205778905
18282,-0.26183508742175715
18283,-0.4707929487646456
18284,-0.021526035624543964
18285,0.12414481092596918
18286,-0.2620164084756441
18287,-0.3856394576285126
18288,-0.9656358120044349
18289,-0.19585623287708462
18290,-0.37825300543327744
18291,-1.114031340488104
18292,-0.5473340619030003
18293,0.23423156071842893
18294,-0.5162957859251512
18295,-0.778926356524147
18296,-0.4856572740267774
18297,-0.6823770760725875
18298,-0.19048602127192424
18299,-0.5101949256863134
18300,-0.4281048336455812
18301,0.0061476427435613054
18302,-0.3856394576285126
18303,-0.5360951926230761
18304,-0.927914130239727
18305,-0.07105972153370448
18306,-0.14498470647950817
18307,-0.059335022708343545
18308,-0.4881526261368119
18309,-0.148999357646044
18310,-0.3010851880949348
18311,-0.5935258282329277
18312,-0.583434582542585
18313,-0.11843728921572982
18314,-0.19042724149043666
18315,-0.11335854272512445
18316,-0.19407373586733292
18317,-0.4372676763358797
18318,-0.24090231650414726
18319,0.008695205736947962
18320,-0.4372676763358797
18321,0.0004890111667123977
18322,-0.036662608939703974
18323,0.05268941178854528
18324,0.04120835428183137
18325,0.038093274064924604
18326,0.25893291263177165
18327,-0.03767967103042806
18328,-0.008940525416963257
18329,-1.3651577983194465
18330,-0.0845440437101035
18331,-1.3651577983194465
18332,-0.04855270238301017
18333,-1.111954700468061
18334,-0.020810067414699984
18335,-0.9384231170827776
18336,0.6529134017210435
18337,-1.150540503625819
18338,0.038093274064924604
18339,-1.5489580478229232
18340,-0.10236302188750378
18341,-1.340128447270614
18342,-0.020810067414699984
18343,-1.1855621175944346
18344,0.3212508836412248
18345,-1.1225853270595598
18346,0.33929738283250443
18347,-1.14932907823109
18348,-0.2152928299250563
18349,-1.6612837792078783
18350,0.09962929078064763
18351,-0.8808035772934448
18352,-0.020810067414699984
18353,-1.2122194265792487
18354,0.059238557540932
18355,-1.4891173577395769
18356,0.36703269092745583
18357,-1.60757840632492
18358,-0.020810067414699984
18359,-1.598811815079339
18360,-0.03808016516626083
18361,-0.03808016516626083
18362,-0.9532227411802143
18363,-0.07061403743240924
18364,-1.4460539704270912
18365,-0.020810067414699984
18366,-1.0426742607669925
18367,-0.03808016516626083
18368,-1.4775187089238724
18369,-0.08909962476437143
18370,-1.45541239939278
18371,-0.020810067414699984
18372,-0.9189839603268655
18373,-0.20496754692170824
18374,-1.347648584350634
18375,-0.6651096454429656
18376,-1.5131809865845842
18377,-2.1864861983520956
18378,-0.9226609171774383
18379,-0.9097565369552175
18380,-0.6302046290389911
18381,-0.5318711508623826
18382,-0.5757307024571534
18383,-1.2505817955732434
18384,0.013661708613881494
18385,-0.5318711508623826
18386,-0.3165080779144442
18387,-1.2408982318472725
18388,0.1777454199260081
18389,-0.3858733235056715
18390,-0.8642045400934001
18391,-1.0314397031534475
18392,-0.5928510949223609
18393,-0.8211220358856413
18394,-1.1032823047645142
18395,-1.0526792804654328
18396,0.457513333623235
18397,-0.2957942784893247
18398,-0.5244058167463772
18399,-0.7042080374547954
18400,0.3475580823098747
18401,-0.18704488568069255
18402,-0.4779829754141251
18403,-0.9195176081043358
18404,0.15848131768579707
18405,-1.3094799509601804
18406,-0.7583374544147197
18407,-1.1287313697456454
18408,0.14213814403937883
18409,-1.3969797335724305
18410,-0.8058878087922984
18411,-1.399952924162805
18412,0.1608629222685454
18413,-1.1125361672626999
18414,-0.7998057420550374
18415,-1.0482401659006078
18416,0.1608629222685454
18417,-1.4741695062503837
18418,-0.3421603257249702
18419,-0.9597322795865914
18420,0.37991483862344266
18421,-1.2277209909325286
18422,-0.8211141486822501
18423,-1.3038477179744692
18424,0.14577236191094411
18425,-1.2007834540165618
18426,-0.6030114898436634
18427,-1.4805394036905508
18428,0.26134709447777227
18429,-1.2784336522045743
18430,-0.24183297324264386
18431,-1.1109173846234772
18432,0.27201578668869947
18433,-1.3685710350250213
18434,-0.834304975131471
18435,-0.972897884396648
18436,0.13002323516083708
18437,-1.4137789208219609
18438,-0.7271384261760979
18439,-0.9383370152537859
18440,0.2709274471184048
18441,0.186077481251383
18442,0.517588967525915
18443,-0.4387966961450211
18444,0.5394293556357165
18445,0.44252179047662754
18446,-0.05009105654082297
18447,0.27561252191821156
18448,0.37225882025176865
18449,0.27554552907172214
18450,0.5066390059808831
18451,0.00369481336209236
18452,-0.010075815878791607
18453,0.468471857221527
18454,-2.3469693213598033
18455,-0.2908346658799897
18456,-1.5258533465869346
18457,-0.7349302051107098
18458,-1.230746962462414
18459,-0.2115458820988509
18460,-1.3706841182545073
18461,-1.5567871291906126
18462,-1.03232802086377
18463,-0.01346496174759929
18464,-0.9968255845077763
18465,-0.6882903273361453
18466,-0.8791216250130467
18467,-0.037665797566970936
18468,-1.1937561067062799
18469,-1.5871769927849093
18470,-1.4829893560230452
18471,0.18963931113393984
18472,-1.0531021783352392
18473,-0.7271384261760979
18474,-1.0242982037820447
18475,-0.29010858558340885
18476,-0.21333255006200352
18477,-0.10959841830676985
18478,0.1309686662480799
18479,-0.19042724149043666
18480,0.10657984948832222
18481,0.08169906588377351
18482,0.057861816711130325
18483,-0.7052358587185091
18484,0.07906325986866158
18485,-0.22580081858706924
18486,-0.44919962967187493
18487,0.05865840779277322
18488,0.25437749813912863
18489,0.00257859654204609
18490,0.013912611282732216
18491,-0.22580081858706924
18492,-0.12375858944039012
18493,-0.26121211371180536
18494,-0.4254756540916219
18495,-0.19042724149043666
18496,-0.022075313694924412
18497,0.13717870101976143
18498,-0.21333255006200352
18499,-0.013310776018263472
18500,-0.12167376448122455
18501,-0.14698744954438056
18502,-0.11335854272512445
18503,-0.028615544429625845
18504,-0.148999357646044
18505,-0.16989275811594742
18506,0.07906325986866158
18507,-0.16957310600801961
18508,-0.2260895204748137
18509,-0.30191006264346754
18510,-0.013310776018263472
18511,-0.13363012338509472
18512,-0.12145709121084916
18513,-0.0716159682892867
18514,-0.013310776018263472
18515,-0.0390213049171603
18516,-0.10162650719297582
18517,-0.1217706262780837
18518,-0.18293039584796153
18519,-0.16514135855231962
18520,-0.28316481714213276
18521,-0.47214386978859973
18522,0.07906325986866158
18523,-0.16957310600801961
18524,-0.46350756402049775
18525,-0.31880820440169044
18526,-1.7617305511363504
18527,-0.12317380861464236
18528,-0.2254588824033485
18529,-0.3216064902852317
18530,-0.059335022708343545
18531,0.24381579994312402
18532,-0.44064127199738856
18533,0.07096001983651339
18534,0.07906325986866158
18535,-0.6036379086532386
18536,-0.670452397858617
18537,-0.24420996679065135
18538,0.10402615044388748
18539,-0.066796104770184
18540,-0.26987024208618243
18541,-0.19898428018407122
18542,0.24010334995854798
18543,-0.015474804329293153
18544,-0.20456054563503412
18545,-0.059335022708343545
18546,-0.21628661520920145
18547,-0.148999357646044
18548,-0.851963545039005
18549,-1.6561509893056054
18550,-0.9875472615669318
18551,-0.9726529466077086
18552,-1.3389912847395686
18553,-3.826618963071135
18554,-1.2869380548139626
18555,-1.0542696118976294
18556,-2.7860202195717014
18557,-1.2933035878960444
18558,0.394702150268191
18559,-1.7728499765866663
18560,0.7481298370139162
18561,-0.8935207760980903
18562,-0.8666818737345544
18563,0.8094429459294057
18564,-1.4162327745155467
18565,-1.0829083340459869
18566,0.8117525309735324
18567,-1.2784336522045743
18568,-1.057197744312161
18569,0.9979364215253956
18570,-1.1937561067062799
18571,-0.8291494160914784
18572,0.6723617512596097
18573,-2.4921736551411886
18574,-0.20700323813883542
18575,0.7082906327514994
18576,0.5863248719824948
18577,0.6169745685738882
18578,0.4105156620904688
18579,0.5435892036881979
18580,0.04120835428183137
18581,-1.6212609812630432
18582,1.9289292138500218
18583,0.3654067236121276
18584,0.16207573687632462
18585,-1.2516072150434219
18586,2.0290000050650097
18587,0.6411225871094942
18588,-0.0400658155275054
18589,-1.3714489566946693
18590,2.3035405860223834
18591,0.4815785513027557
18592,0.302551048909088
18593,-1.5249054831785387
18594,2.0805434257654407
18595,0.6193602023642257
18596,0.3059167129158979
18597,-1.0647009053013639
18598,1.9068806089589851
18599,0.4770218098661383
18600,0.3822102742584467
18601,-1.562414372067827
18602,1.8693127094661335
18603,0.5424599829695435
18604,0.23359333189357068
18605,-1.33542817583941
18606,2.3107994792721653
18607,0.6136411891231783
18608,-1.5026706046640412
18609,-0.4275452258297618
18610,-0.134310855169842
18611,-0.0637598020996316
18612,0.3059167129158979
18613,-1.285589491205448
18614,2.3336448252705977
18615,0.6020802976632708
18616,0.13265944406343652
18617,-1.5056910768932013
18618,1.7138486079253585
18619,0.30629405615990785
18620,0.44117141584480224
18621,-1.2626112812192463
18622,2.158854364926925
18623,0.5458445632923763
18624,0.3871975582104361
18625,-1.1484362359118272
18626,2.3103628365032773
18627,0.23974783417820433
18628,-0.12741705705265194
18629,-1.4475217777527782
18630,2.318935446825437
18631,0.5345830125414806
18632,-0.140379534425964
18633,-1.5817552758729991
18634,2.294967975700224
18635,0.5937413560774782
18636,1.7385360003791075
18637,-1.5135954911768206
18638,0.18522442965536454
18639,-2.6361442577424823
18640,-1.3837326418929063
18641,-0.4152756669013478
18642,-0.04668720416864778
18643,-0.046873657423743165
18644,-1.3019482849851156
18645,2.150339042134696
18646,0.5680788292562913
18647,0.026005587494672817
18648,-1.2188597741846978
18649,2.3340814680394857
18650,0.5266938701054763
18651,0.03268158017450441
18652,-0.027057919444657724
18653,0.06880695592257759
18654,0.5442202679597826
18655,0.13345080784796995
18656,0.14444239191765657
18657,0.05740131644255769
18658,0.17162766505870147
18659,0.39158966214498453
18660,0.06880695592257759
18661,0.13345080784796995
18662,0.12331986962221148
18663,-1.2568654391483334
18664,0.14598782237291646
18665,-1.1756083677084757
18666,0.2022438712179043
18667,-1.4359398925749418
18668,-1.8184503688917297
18669,0.3553613783684227
18670,-1.4359398925749418
18671,0.3715415804526877
18672,-1.541617141467107
18673,-1.1678419011248642
18674,0.21674119698041472
18675,-1.8735471567064204
18676,-0.27120257624387484
18677,-1.2278136763622476
18678,-0.27120257624387484
18679,-1.0888600775025328
18680,0.2841354203987507
18681,-1.3436808849052162
18682,0.0517846969418031
18683,-1.4448577842048265
18684,-0.04193540983606117
18685,-1.7553901120237916
18686,0.04108923574560823
18687,-1.5828453351066003
18688,0.24751051740006105
18689,-1.367741056261686
18690,0.04810639748387818
18691,-1.2103451848133064
18692,0.5830269340793941
18693,-1.1474904618565378
18694,0.5350036493294846
18695,-1.0888600775025328
18696,0.3948834174963669
18697,-1.153658445584734
18698,0.43955217496780724
18699,-1.2152322852758757
18700,0.04485823543774393
18701,-1.407929502554675
18702,0.1192192256362352
18703,-1.1717385277464816
18704,0.1192192256362352
18705,-1.3952600651504665
18706,0.2415006525579317
18707,-1.1765631612153142
18708,-0.20986053492690382
18709,0.15270069262787936
18710,0.8955439419217437
18711,0.2942261377852576
18712,-0.3608152834086757
18713,0.3719905862270857
18714,0.886868861444407
18715,0.6882961382288606
18716,0.005094729117071538
18717,-0.05118184985733144
18718,0.9376860166455336
18719,0.5240333553973427
18720,-0.6897873190584806
18721,0.3141424643460892
18722,0.43937862940754696
18723,0.31392799473456945
18724,-0.6517056449305749
18725,0.5463835591944457
18726,0.4519870217097898
18727,0.2944487669937038
18728,-0.8263658748345905
18729,0.3719905862270857
18730,0.5154461567929105
18731,0.46318788928190463
18732,-0.7537504377558191
18733,0.8433017932420068
18734,0.9255550750339688
18735,0.44836524193867155
18736,-0.68159899724791
18737,0.3141424643460892
18738,0.5943460921335737
18739,0.2629800813556383
18740,-0.7552601847985291
18741,0.4758321683092039
18742,0.6727296207156962
18743,0.35111193529418094
18744,-0.6337163732741077
18745,0.4000965839187371
18746,0.4409555445499244
18747,0.46318788928190463
18748,-0.5017983685974176
18749,0.3753995905639073
18750,0.6945205391337098
18751,0.46318788928190463
18752,-0.602304062574616
18753,0.31176306634648676
18754,0.19825836357372437
18755,-0.7312189795451032
18756,0.3141424643460892
18757,0.6652091641484275
18758,0.3039336770730007
18759,-0.8363049337894731
18760,0.16978845986396776
18761,0.5114145062248192
18762,0.46318788928190463
18763,-0.8140401306946253
18764,-0.305526262729448
18765,0.44135479860007437
18766,0.18060415896956442
18767,-0.7681287745288677
18768,-0.24115893762312088
18769,0.44485430872477705
18770,0.2778817768118602
18771,-0.8919790309725382
18772,-0.15615197668426858
18773,0.662133064987547
18774,0.24111157946409054
18775,-0.21066967006759021
18776,-0.13025349133249836
18777,0.6403262158007036
18778,0.17826165517987483
18779,-0.3379156220960956
18780,0.9422114892154092
18781,0.3870428462963279
18782,0.6260097699618526
18783,0.3900758740447257
18784,0.14855569908798655
18785,0.25408891546691553
18786,-0.4755480817710085
18787,-0.3368793847812567
18788,-0.15166593966807043
18789,2.5851193018883856
18790,-0.8373813678737323
18791,-0.658136202669487
18792,-1.2897991958937087
18793,2.6712560304996567
18794,-0.6880712082632598
18795,-0.9967609398552977
18796,2.42885227210856
18797,-1.1813942340747483
18798,-0.6471314861316536
18799,-1.3861609818344358
18800,2.681923200757676
18801,-1.2981693973753867
18802,-0.32555466274574435
18803,-1.2296154263152832
18804,2.2412144851207025
18805,-1.1710972809332791
18806,-0.19665548519995768
18807,-1.3345306720760053
18808,2.4994220032802064
18809,-1.0573062031272966
18810,0.29476844354700393
18811,-1.2748125565553214
18812,2.4994220032802064
18813,-1.329415591491704
18814,-0.24982878259897348
18815,-1.1374917417080777
18816,2.6146129421449325
18817,-1.2255390917326594
18818,-0.2324263564487575
18819,-1.224992977629113
18820,-1.1813942340747483
18821,-0.3713012402416658
18822,-0.44245250216294596
18823,2.537876433187349
18824,-1.4246518992608055
18825,-0.3810620980407358
18826,-1.4647544326445374
18827,2.42885227210856
18828,-1.30959484484779
18829,-0.40132920119764237
18830,-0.5168449093874921
18831,2.1997899036218262
18832,-1.613736768234681
18833,-0.28239318342193664
18834,-0.5818783351587845
18835,2.686155551393784
18836,-1.714400817424652
18837,0.5415488680905776
18838,-1.796002322736935
18839,2.681923200757676
18840,-1.4353492453293206
18841,-0.5170747816400839
18842,-1.7733827320810562
18843,2.4536850784122346
18844,-1.7542866318055195
18845,-0.03823038099988586
18846,-1.3914632619837117
18847,2.1199092823407777
18848,-1.2088765817125136
18849,-0.2998700144723485
18850,-1.4647544326445374
18851,1.9327927486406482
18852,-1.3305874321824969
18853,-0.005024558415894304
18854,-0.600429706376854
18855,2.5272092629293295
18856,-1.5274872511875206
18857,-0.3832535861501817
18858,-0.5912081727208365
18859,2.5272092629293295
18860,-1.4863240682778722
18861,-0.17772663838017277
18862,0.15387606116158506
18863,-0.04756360476920338
18864,0.1791473428026648
18865,-0.008248228725953616
18866,0.1742573526181873
18867,0.014374997220032064
18868,0.09738921983907137
18869,-0.0808474739729535
18870,0.15397371205631932
18871,-0.21958858522728156
18872,-1.3670961160392738
18873,0.3444365192693573
18874,-0.8250216222491292
18875,-1.0553871150567673
18876,0.19802372285690045
18877,0.20375797529114897
18878,-0.1469479925993248
18879,0.26172028445027734
18880,-0.004391833511274706
18881,-0.3337782720204572
18882,-0.38850987623603744
18883,-0.4358382139261709
18884,-0.5162957859251512
18885,-0.6080825543857571
18886,-0.4464906623352141
18887,-0.0834153217014505
18888,-0.8368179816936059
18889,0.6921536080523
18890,-0.5270896887013001
18891,-0.5162957859251512
18892,0.21674395090568652
18893,-0.6081465618102717
18894,0.3393647822122033
18895,-0.08796174392453565
18896,-0.193564298231746
18897,-0.5162957859251512
18898,-0.47605908884319736
18899,-0.4974869467962065
18900,-0.26150325890438353
18901,-0.13760231740517562
18902,-0.3016120220591483
18903,0.21023516313166798
18904,0.22480052693993402
18905,-0.020876072909566272
18906,-1.0891349983552105
18907,-0.02115278050805102
18908,-0.00426300705839661
18909,-1.1990615997812444
18910,0.3859765060879652
18911,-1.5271784892539702
18912,-0.06703268622009097
18913,-1.1406283736775409
18914,-0.9452198526022269
18915,-1.3620047016517012
18916,-0.23409594714599846
18917,-1.186572451111188
18918,0.5805357238966816
18919,-1.5109218353878562
18920,0.03565043755699662
18921,-1.5945439501707426
18922,-0.11349656476393377
18923,-0.8794866582358606
18924,-0.03808016516626083
18925,-1.8575850697969
18926,0.04120835428183137
18927,-1.260233622348406
18928,-0.13848898091142706
18929,0.03748664500138673
18930,-1.0487885836962054
18931,-0.36429223434470454
18932,-1.069516364288905
18933,-0.03767967103042806
18934,-0.9397482658258256
18935,0.2988644896118043
18936,-1.1986450089505554
18937,-0.11349656476393377
18938,-1.487672203284213
18939,-0.10236302188750378
18940,-1.244617433797259
18941,0.19657276354765915
18942,-0.3881495957909158
18943,-0.04855270238301017
18944,-0.5066753417337189
18945,-1.4938435885359616
18946,-0.5511316697010917
18947,0.3844835435188046
18948,0.07258775174511332
18949,-0.19017060488286652
18950,0.4630976708042392
18951,-1.6178971555860886
18952,-0.7089955793927147
18953,0.12181856544491138
18954,0.036370016381208826
18955,-0.39215963027068573
18956,0.3844835435188046
18957,-0.18563105253214673
18958,-0.08748580537719397
18959,0.5995320140922261
18960,-0.1724834524076728
18961,-1.2295148088707735
18962,0.27651331805466695
18963,0.34471415003383754
18964,-0.4508869005099641
18965,0.1304110704710698
18966,-1.4508543741121802
18967,-0.8989299929765043
18968,0.4846055825365105
18969,-0.020810067414699984
18970,-0.43941099333123557
18971,0.44432259615059205
18972,0.05268941178854528
18973,-0.46258378251427523
18974,0.1977508394656004
18975,-0.048538628676813696
18976,0.01371103585816493
18977,0.2631324406592202
18978,-1.214524749319945
18979,-0.535979102586288
18980,-1.1906648266886304
18981,0.0661184477266794
18982,-1.237969923385793
18983,-0.46130254469182785
18984,-1.2640954207112187
18985,0.07491481086389201
18986,-0.17605967248155663
18987,-0.13363012338509472
18988,-0.3521500422941288
18989,0.183394863978
18990,-0.34169623013130934
18991,0.06345572927754732
18992,0.19937039395662945
18993,0.36419207835136186
18994,-0.07287118356693446
18995,-0.24909923581036708
18996,-0.28656443501268547
18997,-1.4344278055693336
18998,-0.7060681017763514
18999,-0.7380147140938234
19000,-0.47605908884319736
19001,0.05315869473801565
19002,0.06587916823703824
19003,-0.5874050361143041
19004,0.23138754795982516
19005,-0.6956129830333431
19006,-1.2308721551579238
19007,-0.21841134778566973
19008,-0.8289243212568276
19009,-0.28788921709721993
19010,0.22677665497618482
19011,-0.7332298889068348
19012,-0.24090231650414726
19013,0.005358354276817716
19014,-0.22580081858706924
19015,-0.2849608024437837
19016,-0.015934790598959366
19017,-0.2911154947257371
19018,-0.2659451635882867
19019,0.13457939956691217
19020,-0.13363012338509472
19021,-1.1937561067062799
19022,-0.42071575215908036
19023,-0.5840993472391913
19024,0.5014819228294038
19025,-1.0480549844018554
19026,-0.18532474750021125
19027,0.1755846596016591
19028,-1.611988674788949
19029,-0.7059043130409162
19030,-0.17473547627101896
19031,-1.4229099376031602
19032,-0.6861404270480511
19033,-0.33897568798004696
19034,-1.2007834540165618
19035,-0.5802445467406702
19036,-0.4165475483124997
19037,0.33929738283250443
19038,-0.38317892720518815
19039,0.005614564260937181
19040,0.5656302613393629
19041,0.09442287664419763
19042,-0.6070642445052494
19043,0.09608089785584682
19044,0.16460343104569147
19045,-1.5575008238581702
19046,2.096200035343259
19047,-1.2305547595294872
19048,-0.16943241740235343
19049,1.835745767299233
19050,-1.2785404073844566
19051,0.5072657877304425
19052,-0.8718680329574463
19053,2.3107994792721653
19054,0.5893204571427747
19055,-0.3126563877650154
19056,2.745643146371484
19057,-1.7180688767441696
19058,0.22099336454897875
19059,-1.1338136502166571
19060,-0.1727468969806779
19061,0.17086399831005802
19062,-1.3411172809361949
19063,2.3182499644675443
19064,0.49228002387126535
19065,-1.2877719472917117
19066,-0.38077306726582505
19067,-0.04075178041517685
19068,0.24873720723616669
19069,-1.7561891708325725
19070,1.9702675372773806
19071,0.5191288291872739
19072,-1.321769303812156
19073,-0.49455087839862927
19074,-0.0644131670433685
19075,0.04108923574560823
19076,-1.42309110942256
19077,-0.04193540983606117
19078,-1.522809703593015
19079,-0.04193540983606117
19080,-1.1914363875363163
19081,0.3170623766652969
19082,-0.6502763001477501
19083,0.1598905831618855
19084,-1.542123748208911
19085,0.5381723764470352
19086,-0.08118512964676251
19087,2.4761670619874177
19088,-1.6113507590140508
19089,-0.07017908777921135
19090,-2.1353308857069613
19091,0.14091914341150202
19092,-0.6189338009385367
19093,0.29354958677426685
19094,-0.2782227869400502
19095,-1.409850724010216
19096,0.1912977432597208
19097,-0.343576949523104
19098,-0.5634836417361562
19099,0.25218756299138495
19100,-1.6068802838198524
19101,-0.216834430156503
19102,-1.3401392451827976
19103,0.2536324442779538
19104,-0.741958392176728
19105,0.2316275283371073
19106,0.5198778242388735
19107,-0.05854304611254058
19108,0.17162766505870147
19109,0.17162766505870147
19110,0.22742085666778056
19111,-0.9202274652659602
19112,-1.4247782311788426
19113,-0.33499663317997
19114,-0.04797126030049433
19115,-1.499378833428198
19116,2.1911955346145686
19117,0.7550421010524002
19118,-1.0227381306816365
19119,-0.9206405541489259
19120,-0.9901201762089152
19121,1.5342783374539213
19122,0.29370228278833066
19123,-0.18177264864183437
19124,-1.4991438178637924
19125,0.6062914178027395
19126,-0.4629770199884306
19127,0.4571609881381255
19128,-0.8533500720120345
19129,-0.3825580156414113
19130,0.6205794727062557
19131,-0.7795897070416954
19132,0.36513753818715167
19133,-1.197522883953801
19134,0.5074150910409801
19135,0.01863567250436499
19136,-1.3001035006034194
19137,-0.033541947064774605
19138,-2.456123379581095
19139,0.35401461604966644
19140,-1.8290556306647505
19141,0.2952135068817113
19142,-2.057125141866758
19143,0.49430635792722766
19144,-2.0623932481888225
19145,-0.14378382566296835
19146,0.29915070113901937
19147,-1.257710927043668
19148,-0.12001897331499255
19149,-1.0100766912225787
19150,0.2851627360549478
19151,-0.2438783595713565
19152,-1.666182663728465
19153,0.8134832194825153
19154,-0.615256248178654
19155,-0.6460240523502239
19156,0.08162470544520196
19157,0.5154461567929105
19158,0.614962635807975
19159,0.16815993192914702
19160,0.5458812886849438
19161,0.302587423636724
19162,-0.46493364222095684
19163,0.3753995905639073
19164,0.6367503032930164
19165,0.5791682257079404
19166,-0.6320783640955168
19167,-1.384875990178297
19168,-0.3690227634602502
19169,-1.3345306720760053
19170,2.4061155428859524
19171,-0.06449706245178356
19172,-0.22981397233982745
19173,-1.285514171086288
19174,2.7017480784578116
19175,-1.1025378442497216
19176,-2.3501012762280977
19177,0.32744905877955505
19178,-2.3657640494056125
19179,0.07806860898968045
19180,-0.39249928950707963
19181,0.1398603359881913
19182,0.6795073693432347
19183,-0.9224481758787295
19184,-0.30555005871543495
19185,-1.7431443279839707
19186,0.1456911526321719
19187,-0.10420590727321584
19188,-0.5835382945146965
19189,2.46189506265778
19190,-1.5152129981747542
19191,-0.6180598597391557
19192,-0.3200564290233836
19193,-0.14192631050941348
19194,-0.22232013245857507
19195,-0.3875457737339559
19196,-1.4119813430925494
19197,0.42729093195592555
19198,-0.3546917668875065
19199,-0.2627715339329126
19200,-1.121268376581487
19201,2.3114461769825154
19202,-1.1813942340747483
19203,-0.45096363269901873
19204,0.000896775626997676
19205,-2.3909101545980085
19206,-0.1878697726171512
19207,-1.3510544575391408
19208,2.42885227210856
19209,-1.0573062031272966
19210,-0.3461764066285817
19211,-0.6660945575187015
19212,2.6648338731153065
19213,-1.6865788426443844
19214,-1.48316884040629
19215,-0.6077585624172299
19216,0.009656827628845852
19217,-0.11779610020651804
19218,-1.1693225603541955
19219,-0.3893204420155465
19220,-0.134310855169842
19221,-0.09121731902870646
19222,-1.211491167501624
19223,-0.3119772917185262
19224,-1.3512549132576928
19225,0.7468665639857793
19226,-1.3429423838063994
19227,2.0095577461423724
19228,-0.2824950832059054
19229,0.14751096597776442
19230,-1.305207941812175
19231,2.388854317231888
19232,0.033303961092223444
19233,-0.14034522212188547
19234,-0.5572059182146648
19235,0.7797473381042114
19236,-1.0603091920662255
19237,0.3573099212182206
19238,-0.010781023221499507
19239,-1.4624230916367003
19240,0.753767877851861
19241,0.8577783778943319
19242,-1.0447093495706974
19243,0.33568742381165667
19244,-0.4193444591793825
19245,-1.293695696502171
19246,0.6591532298183593
19247,0.3283491680817151
19248,-0.8878553967471104
19249,0.1709764413337624
19250,-1.3966701377438846
19251,1.1015914934139346
19252,-0.6777379212623764
19253,-0.7038975508850943
19254,-1.023650529398234
19255,-1.0446613594334198
19256,-0.2890269048396442
19257,0.10402615044388748
19258,-1.18292767401532
19259,0.46099682789235324
19260,-1.6020276902887234
19261,-0.08629660522719668
19262,-1.307316697264303
19263,-2.304339120262838
19264,-0.7073502127868774
19265,-0.17722516581801329
19266,-1.0228170789577358
19267,-0.04330282479498306
19268,-0.8624814166759597
19269,-1.8133506741583305
19270,-0.08890863769743838
19271,-0.8838253203325857
19272,0.10373020249203437
19273,0.23138754795982516
19274,-0.27224866112399587
19275,0.11023635348119236
19276,-1.3867302775571733
19277,-0.11217861319610113
19278,-1.0614127774693323
19279,-0.2849878496409858
19280,-0.11217861319610113
19281,-1.101353213281652
19282,-0.16111604216695663
19283,-0.04756360476920338
19284,-0.16628875933707127
19285,-0.04756360476920338
19286,-0.1611631047163402
19287,-1.090978438013742
19288,2.4755405956588343
19289,-1.30743836901253
19290,-0.23310786468788372
19291,-0.4520421831115201
19292,-0.23359349681077757
19293,-0.08405212764080013
19294,-1.0597869678746348
19295,0.18046414239302325
19296,-0.17406127913008138
19297,-0.2187982932249618
19298,0.04652663473708946
19299,-1.0553871150567673
19300,-0.2325498186089576
19301,0.04652663473708946
19302,-1.4363613853909953
19303,-0.24197933444523598
19304,-0.04756360476920338
19305,-1.1052656427157983
19306,-0.005971610020494816
19307,-0.11256834762998516
19308,0.6026579750763915
19309,0.19692831146005643
19310,-0.11217861319610113
19311,-1.1866645687267687
19312,0.0965985310004492
19313,-0.3484527604629082
19314,-0.22097213492857146
19315,-0.19619208151816928
19316,-0.3825045013543057
19317,-0.0640718000530584
19318,0.2824095223068141
19319,-0.13390455781294008
19320,-0.2678405691181596
19321,0.3933532795774729
19322,-0.20487272061979084
19323,0.4922672527101877
19324,-0.7375881224814882
19325,-0.6814641413931912
19326,-0.139849085340058
19327,0.15344665009812397
19328,0.21023516313166798
19329,-0.5318711508623826
19330,-0.595497350101117
19331,-0.3407824024711478
19332,0.06116226197127561
19333,-0.4372676763358797
19334,-0.8128271699144614
19335,-0.2257834300289787
19336,-0.01614977283090433
19337,-0.4660994749310334
19338,-0.6472330878832764
19339,-0.3407824024711478
19340,0.0915307550493506
19341,0.4319802087290273
19342,0.21023516313166798
19343,-0.02861112284207314
19344,-0.4372676763358797
19345,-0.504262624476853
19346,-0.5964229086405102
19347,-0.11843728921572982
19348,-0.21265227562567518
19349,-0.803842799147487
19350,-0.702924201004023
19351,0.06985078411017728
19352,-0.8463636630792258
19353,0.032060518915596185
19354,-0.12167376448122455
19355,-0.1781373104476501
19356,-0.12375858944039012
19357,0.03194820632185635
19358,-0.7170711926799217
19359,-0.4235883521664762
19360,-0.7790944629001035
19361,-1.450933950246411
19362,-0.22258539163652344
19363,-1.7828544740741397
19364,-0.4804321816689106
19365,0.41561002392040053
19366,-0.3787785303605745
19367,0.027399390295133972
19368,-0.5318711508623826
19369,-2.0982464987037313
19370,0.039799427961340714
19371,-0.6334662112227376
19372,0.287517639031825
19373,0.24491554650568603
19374,-0.7329478069390093
19375,-0.38850987623603744
19376,-0.3935934615965523
19377,-0.37595185049917057
19378,-0.13394663908414806
19379,-0.3209824675775026
19380,0.08301097072744323
19381,0.5336688174081412
19382,-0.13760231740517562
19383,0.8930285519396138
19384,-0.33884348451760127
19385,0.2030750285768375
19386,-0.40896488544846943
19387,-0.2863530458687397
19388,-0.12594651234528614
19389,-0.19048602127192424
19390,0.3068666648593652
19391,-0.6173798120942819
19392,0.05268941178854528
19393,-1.3486955181837246
19394,0.7358270577050495
19395,-0.08211634292890593
19396,-0.1455200646635977
19397,-1.3296679953897794
19398,0.07366268321610102
19399,-0.7985614082563218
19400,0.23332322080917714
19401,-0.22361056421096207
19402,0.10101361268701106
19403,-0.04855270238301017
19404,-1.5961221519890842
19405,0.4823782915657653
19406,-0.8866351197538621
19407,-0.2825411168843313
19408,-0.7626545289506641
19409,-0.020810067414699984
19410,-1.1265632779585746
19411,-1.4115451598796684
19412,0.28545096177187207
19413,-0.03808016516626083
19414,-1.1932085267873491
19415,0.5885096390910167
19416,-1.5828058866981525
19417,-0.16347899774476424
19418,-0.6857039449485488
19419,0.2926504780907876
19420,-0.8849196692987819
19421,-0.4439792315073225
19422,-0.9555403990462616
19423,-0.561783308830425
19424,-0.3309842040973439
19425,0.05268941178854528
19426,-1.0594345275513455
19427,0.23332322080917714
19428,-0.004102187516340677
19429,-0.9932666481164285
19430,-0.020810067414699984
19431,-1.091526285660464
19432,-0.021066471566914845
19433,-0.8285721798595976
19434,-0.12588915755308783
19435,-0.5756732594830732
19436,-0.35096174497744376
19437,0.23725039471692813
19438,0.08663771726211765
19439,-0.46030719499961653
19440,-0.27228127569288973
19441,-2.716445983960007
19442,-0.3300595356913242
19443,0.27674976720871697
19444,-1.0228170789577358
19445,-0.20194426393534531
19446,-0.23020750080466046
19447,-1.0228170789577358
19448,-0.7025533065076264
19449,-1.0979300373129173
19450,0.06247043409672348
19451,-1.2784336522045743
19452,-0.06507315409758888
19453,0.4846055825365105
19454,0.012085095205954676
19455,0.031341536066828796
19456,0.5005576842797821
19457,-1.2592918834771198
19458,-0.563400598622712
19459,0.3571221502135347
19460,-1.2542931117321112
19461,-0.4105678761415829
19462,-1.1109173846234772
19463,0.14213814403937883
19464,-0.9460203187026621
19465,-0.24183297324264386
19466,-1.0015846191563316
19467,0.14993563576622393
19468,-0.04949790510097305
19469,-0.18547974862193292
19470,0.44257702489876777
19471,-0.9801656643596408
19472,0.13238980014905385
19473,0.9355602121396722
19474,0.2895484410281588
19475,0.5710391846663316
19476,-1.4275946025895696
19477,0.9900044961362082
19478,-0.19545678911860975
19479,0.6948704068833268
19480,-0.14711031156021065
19481,0.7519715025374123
19482,0.7803009405082808
19483,0.2979383294454179
19484,-0.12043898009383487
19485,0.16160447110767442
19486,0.5049271878225575
19487,0.6327885062100937
19488,0.4731161235967019
19489,-1.0030863646730492
19490,-0.13587468594988583
19491,0.11413154552750683
19492,0.24148761129459767
19493,-2.013638549879804
19494,-0.7638151234450021
19495,-1.4253707698038935
19496,-0.11382558249672785
19497,-1.3678618146005639
19498,0.39023751355446973
19499,-1.089595105914453
19500,0.42884516677114487
19501,-1.214524749319945
19502,0.11039483513237251
19503,0.41023678561040106
19504,-0.21333255006200352
19505,-0.059335022708343545
19506,-0.7115295602264377
19507,-1.2660531047319648
19508,-0.2626688097725478
19509,-0.7332298889068348
19510,-0.6289904348984411
19511,-0.05065843673396673
19512,-0.7332298889068348
19513,-1.3048840440810117
19514,-0.14698744954438056
19515,-0.11335854272512445
19516,-0.90513053323761
19517,-0.2863530458687397
19518,0.06793613129951293
19519,-0.25079231437088373
19520,-0.9245479608318432
19521,-0.2883556735143459
19522,-0.059335022708343545
19523,-0.053757823160837034
19524,-0.834478007274654
19525,0.8345264346938421
19526,-0.33884348451760127
19527,-0.22954099168884445
19528,-1.2353605241242758
19529,-0.03565031376279796
19530,-0.8493183375194481
19531,-0.17536041400402813
19532,-0.059335022708343545
19533,-0.2684561970658092
19534,-0.148999357646044
19535,-0.24090231650414726
19536,0.6885512378237895
19537,-0.34878963325732903
19538,-0.000845378904222942
19539,-0.28993526489816057
19540,0.13186029680323527
19541,-0.005221780933691638
19542,0.027818543263317983
19543,-0.1808400779346456
19544,0.07906325986866158
19545,-0.3816502044396666
19546,-0.3394732665964957
19547,-0.059335022708343545
19548,-0.3560231489602852
19549,-1.350897199947757
19550,-0.6452872664581233
19551,-5.055050209994904
19552,-0.12167376448122455
19553,-0.4074180658698743
19554,-0.19343043441103394
19555,0.7895345642071014
19556,-0.33174044821474463
19557,-2.0154731582757943
19558,0.0314962376022781
19559,0.1318011446868943
19560,-0.8203646696719786
19561,0.4744885530320999
19562,-0.3056536364257254
19563,0.5718940322326991
19564,-0.8335540046525867
19565,-0.06374857029972034
19566,-0.22473645901197076
19567,0.08725749209062843
19568,-0.5706996023733167
19569,-0.12251175704757447
19570,-0.18741543941979272
19571,-2.322915335869674
19572,-0.7079847148466506
19573,-0.5317054605921513
19574,-0.12453514931260211
19575,-0.11335854272512445
19576,-0.23862841769734164
19577,-0.09868157560738747
19578,-1.2523559098139618
19579,-0.7617631363099364
19580,0.6355945171978821
19581,0.2597486860539667
19582,-1.9628657847593394
19583,-0.7582834743556435
19584,-0.006851187755187681
19585,-2.7527303656875692
19586,0.42190928788128346
19587,0.4587293867497239
19588,-2.1324910679986235
19589,0.64510506948798
19590,0.07613280614210077
19591,-0.3693506471336553
19592,-1.748301525218903
19593,-0.492192593542626
19594,-1.3874531670301218
19595,-0.39188029459444834
19596,0.9066179543685823
19597,-1.2277209909325286
19598,-1.343965607076546
19599,1.0081280401874488
19600,-1.5860752656663748
19601,-0.8343589134216999
19602,0.6999644427720451
19603,0.47940466883337157
19604,-1.413012729375713
19605,-0.3771297447195842
19606,-1.8021512517952427
19607,0.8523409036082924
19608,-1.227894494449991
19609,-0.6454944273643382
19610,0.647844629193474
19611,0.7517366718841806
19612,0.5840296076591883
19613,0.4985156866706344
19614,0.44117141584480224
19615,-1.5056910768932013
19616,1.8882552148410823
19617,0.4859521270252107
19618,-1.0026538818111428
19619,-0.4152756669013478
19620,-1.255039834499943
19621,-1.4575444686241417
19622,2.0359737432268887
19623,-1.7180688767441696
19624,0.2511841936522687
19625,-1.5414351430810669
19626,1.9946143636415508
19627,0.5680788292562913
19628,0.33628726810946036
19629,-1.1484362359118272
19630,2.3107994792721653
19631,0.32329443676976316
19632,0.3822102742584467
19633,-1.452815944751559
19634,-0.060286409864564176
19635,-0.20123197193777317
19636,0.0824968345572099
19637,-1.3126402167144153
19638,-1.289089632349317
19639,-0.24497163914965975
19640,-0.2971460236562618
19641,-1.4682860044411528
19642,2.7492948276120117
19643,-1.6461562503022207
19644,0.5514580001681484
19645,-1.1505175680537405
19646,2.0288315207651473
19647,0.6136411891231783
19648,-0.49448044492920196
19649,-1.3942588045436293
19650,2.1911955346145686
19651,0.5404347228925062
19652,-1.539788187296826
19653,0.8906580449342715
19654,-1.613650831110551
19655,0.41881544038545354
19656,-0.2976338319454256
19657,0.2232004562851397
19658,-1.7111593982403963
19659,-0.7403486538414956
19660,-0.27758730521944663
19661,-0.5108798982449135
19662,-1.4220042638378194
19663,2.103825414532761
19664,-1.2278611145960472
19665,2.1171112467564024
19666,0.3202823761184182
19667,-0.4175152976067074
19668,0.07370204203823003
19669,0.3059167129158979
19670,-1.5779847570435996
19671,1.8128545009341803
19672,0.5577181969746704
19673,-1.3863421735205819
19674,-0.44225225647040817
19675,-0.18186759354996698
19676,0.5245550120632083
19677,-0.12480997778313198
19678,0.13345080784796995
19679,0.5971802932429633
19680,-0.09074925619316411
19681,0.17162766505870147
19682,-0.05971583035726228
19683,0.6225699661491481
19684,0.5314589386425628
19685,0.14444239191765657
19686,0.2998299213330686
19687,0.642360100046604
19688,0.061197950102281864
19689,0.31603133488426166
19690,0.2905657378296926
19691,-0.20518630605301696
19692,-1.5091461893010918
19693,-1.303586148862205
19694,0.24751051740006105
19695,-1.646068123307205
19696,0.3237922788779774
19697,-0.3934241815786745
19698,-1.6738942569658397
19699,0.3237922788779774
19700,-2.1954878020983735
19701,0.3190349056567481
19702,-1.1252146155878906
19703,0.1837316919661881
19704,-1.4359398925749418
19705,-0.19328887419017013
19706,-0.9726075375716893
19707,-0.27120257624387484
19708,-0.728724165947233
19709,0.12054101187162151
19710,-0.25684868509771047
19711,-0.3683704593212469
19712,-2.750304294682992
19713,0.4901763511264774
19714,-3.8284364375119715
19715,0.5957366448571658
19716,-2.057049259569032
19717,-0.03927895004793144
19718,-1.2994740837200842
19719,0.2263568728489473
19720,-1.2383611326084643
19721,-0.04193540983606117
19722,-1.107519423323352
19723,-0.19798682576788387
19724,-0.891324252430325
19725,0.033410867572688296
19726,-1.2383611326084643
19727,0.04248091119939215
19728,-1.1937561067062799
19729,-0.1424342242538352
19730,0.608470054764003
19731,0.7256676991199599
19732,0.302587423636724
19733,0.07425169004596777
19734,-0.4779829754141251
19735,0.6166374975661432
19736,0.4112724853699987
19737,0.7234215046329991
19738,0.6251308615058733
19739,0.29749383568292387
19740,0.4282301476655465
19741,1.081052728870205
19742,0.3141424643460892
19743,0.7163320684393426
19744,0.8326798215885544
19745,0.42702028054937047
19746,0.20151887374204838
19747,0.35238574893518926
19748,-0.8057269684277772
19749,0.3806389238114665
19750,0.8405369305451919
19751,0.3793559099705945
19752,0.14719209859518442
19753,0.6367503032930164
19754,0.44008595967356695
19755,-1.0026571231680521
19756,0.7097465072090315
19757,0.5154461567929105
19758,0.3141424643460892
19759,0.5666112297163605
19760,0.44499676674327343
19761,0.3108632992403834
19762,0.21674395090568652
19763,0.18722829514774855
19764,0.27891430741493156
19765,-1.1195716050921733
19766,0.18318053868923154
19767,0.2572067894195676
19768,-0.5605340114543552
19769,0.7028318554774756
19770,-0.2052321945822653
19771,0.48144098028039595
19772,0.3793559099705945
19773,-0.9749802795982253
19774,-0.2852786093555124
19775,-1.426322078003356
19776,0.45170852117099236
19777,0.29525458658294046
19778,-1.5474123198397445
19779,0.5468752620678268
19780,0.28193370089448677
19781,-0.10640258355139541
19782,0.6967882331288011
19783,0.3340082036097445
19784,0.24009511503550798
19785,0.7234215046329991
19786,0.302587423636724
19787,0.3753995905639073
19788,0.5104590368353679
19789,0.302587423636724
19790,-0.3063410558403741
19791,-0.32555466274574435
19792,-1.3510544575391408
19793,2.5851193018883856
19794,-1.7589754315472192
19795,-0.48649723684735846
19796,-1.424188020589775
19797,2.6712560304996567
19798,-1.2255390917326594
19799,-0.19665548519995768
19800,-1.1708221599875586
19801,2.4536850784122346
19802,-1.6069085007053576
19803,-0.4512396100436101
19804,-1.4647544326445374
19805,2.6712560304996567
19806,-1.1813942340747483
19807,-0.19665548519995768
19808,-1.2415725989006763
19809,2.2237003238866904
19810,-1.2124584144130572
19811,-0.49668453965655157
19812,-0.41441183728865544
19813,-2.375133764618525
19814,0.7256751353701741
19815,-0.4657574739840212
19816,-1.3345306720760053
19817,2.4573368673976375
19818,-1.1849613392924347
19819,-0.24985994024153788
19820,0.03971503527365385
19821,-1.992926022294524
19822,0.6875595221009511
19823,-0.24985994024153788
19824,-0.8586235409083095
19825,2.5851193018883856
19826,-1.0112062204986723
19827,-0.6047970820043157
19828,-0.15093167254941908
19829,0.08858960274259736
19830,-0.20326744753891005
19831,-0.24849125538765163
19832,-0.5496146076790587
19833,2.4076981366977863
19834,-1.7229378932443706
19835,-0.37025098597447836
19836,-1.4507322854027795
19837,2.686155551393784
19838,-1.2002212999943542
19839,-1.6298820936889546
19840,2.33788545645842
19841,-0.2337512414352363
19842,-1.8634835021794691
19843,2.5870490950399465
19844,-1.311223494648736
19845,-0.19979154150139675
19846,-1.338723843941472
19847,2.35779879556275
19848,-0.522561579115659
19849,-2.515806758824695
19850,-0.1456442074841295
19851,-2.7216613735373163
19852,0.9773003953690006
19853,-0.08222173550474156
19854,-0.4301250383826012
19855,0.08489162507173306
19856,-0.3173572891504158
19857,-0.34119624738237986
19858,-0.24353945084372586
19859,0.0043147807272668065
19860,-0.318929712017814
19861,0.8854461738717484
19862,-0.42056544911117816
19863,-0.3840319161555309
19864,-1.1951902881771872
19865,-0.08405212764080013
19866,0.28628362294265935
19867,-0.3063740828555961
19868,0.24492606129384972
19869,-0.11217861319610113
19870,-1.2387181979995192
19871,0.269696262857098
19872,-0.06265416512680454
19873,0.24029955635554726
19874,0.015403842070726984
19875,-1.2606814329119094
19876,0.2799462793417335
19877,0.03767572753525812
19878,-0.08044609251109246
19879,1.0355812482002418
19880,-0.3484527604629082
19881,0.5162817206763785
19882,0.031355359899900556
19883,0.02090556378818953
19884,-0.309003014864528
19885,0.3589678056284437
19886,-0.19458404804242777
19887,-0.4909693238708937
19888,-0.16963535508908206
19889,-1.2325536556819987
19890,0.11941199262855247
19891,-0.047671207954950535
19892,-1.1866645687267687
19893,-0.4504279467883093
19894,0.434859801992657
19895,-0.2976786005211092
19896,-1.1119451939520963
19897,-0.6675823399726353
19898,0.0403859970332291
19899,0.2889295006175431
19900,-0.07287118356693446
19901,0.04269177332705004
19902,-0.9157749596313509
19903,0.461033358367546
19904,-0.21768921495052032
19905,0.07098625890670465
19906,0.3114135301183189
19907,-0.855483880067285
19908,-0.06708379853169981
19909,-0.6380293302249557
19910,-0.6455783495973254
19911,0.06439533361344153
19912,0.2671468983878513
19913,-0.8494171214110169
19914,0.04630004541594179
19915,0.022495186870985957
19916,-0.48421747673143795
19917,0.22459519972504366
19918,0.2761127519604432
19919,0.3994173857729415
19920,-0.5641970786658635
19921,-0.3563117071127305
19922,-0.957693230751939
19923,0.4518765470686436
19924,-0.34721602760387016
19925,-0.6143333146102985
19926,0.26413780979593915
19927,-0.3738913384029079
19928,-0.767486191440487
19929,-0.09692138567832348
19930,0.30622845458832426
19931,-1.0935061987699009
19932,-0.6142852792995476
19933,-0.25374865930394547
19934,-0.570620493445579
19935,-0.1956079242740658
19936,-0.6832934491995747
19937,-1.4137789208219609
19938,-1.053941581470134
19939,-0.3541335245988021
19940,-0.6032419246159502
19941,-1.624401323229816
19942,-0.39438725507294503
19943,-1.4667529020125754
19944,-0.1759810727034081
19945,0.36937295564765726
19946,-0.7637523325284722
19947,-0.4092329237999448
19948,-0.07934258580682853
19949,-0.37892971380816254
19950,-0.22349404056430777
19951,-1.2869380548139626
19952,-0.27066380494455994
19953,-0.9419029390719695
19954,0.1260343845417917
19955,0.14094610893198314
19956,-0.30056055614736027
19957,-0.28369520416293476
19958,-0.5139026396136631
19959,-0.4856572740267774
19960,0.9265862951368777
19961,-0.4417129230761693
19962,0.3318959472276229
19963,-1.2796224746742253
19964,-0.5935153587795425
19965,-0.31336852839090923
19966,-0.17250117444130664
19967,-0.31355946825424286
19968,-0.7652663330966445
19969,0.10466711088516065
19970,-1.727815494081233
19971,-0.326418608948128
19972,0.3273896302271079
19973,0.20718500718797275
19974,-0.133781810824994
19975,0.03635844920057525
19976,-0.7020093344292947
19977,-0.3932326720947298
19978,-0.9052464180522893
19979,-1.2358750900047983
19980,-0.7583272553555482
19981,-1.1936940661072801
19982,0.3463650483237364
19983,-0.5628608490025108
19984,-0.8517329926808643
19985,-1.3998972904381657
19986,-2.7364720048825566
19987,-1.2263116944688308
19988,-0.31065622252692854
19989,0.03748664500138673
19990,-1.123777886723828
19991,-0.4621351436672041
19992,-0.4155753868011405
19993,0.7361586345276573
19994,0.23073205787213305
19995,0.13686599602601093
19996,-0.5238985381047716
19997,2.416372499028533
19998,-0.33513857498852284
19999,-0.3893204420155465
20000,-0.9854916293504403
20001,-1.3655222498393078
20002,-1.1479215177781974
20003,2.413627086602294
20004,-1.350088485202249
20005,-0.4684539531471302
20006,0.37418846793811456
20007,-0.27473415920124467
20008,0.6234314183092441
20009,-0.21344081928112527
20010,-0.572204922396601
20011,-0.25278138151056206
20012,-0.3419953801521445
20013,0.4141328711893842
20014,-0.44225225647040817
20015,0.12172903863745982
20016,-0.9728746211748368
20017,2.002790911363019
20018,-1.234395549726545
20019,-1.107519423323352
20020,0.14775418007403013
20021,-0.7552629195792891
20022,-0.6601581817287474
20023,0.08802064155987287
20024,-0.6317253842852344
20025,0.06524368210973304
20026,-0.7901997308287823
20027,0.5684482776314194
20028,0.6491018199517443
20029,-0.44029309299157815
20030,-0.15979947936935843
20031,-1.7220965499060796
20032,0.5069349758354116
20033,-0.10496638060471059
20034,-0.7930513449558849
20035,-0.03538001372896182
20036,-1.7323209295840742
20037,0.10539607720449665
20038,-1.1459900093840267
20039,0.40953181895662416
20040,0.17162766505870147
20041,-0.261455103940644
20042,0.05835821100104373
20043,0.375639996782253
20044,-0.0826547094634128
20045,-0.1294256596832868
20046,2.365314830204094
20047,0.1788059319487049
20048,-1.4659196965327377
20049,0.475129574331808
20050,-1.2551524765447748
20051,0.8338660842863944
20052,-1.0903620372331453
20053,0.03771596000404773
20054,-0.5121994248572987
20055,-1.318783648583157
20056,0.5599177402294281
20057,-0.945247831910227
20058,0.6810946839344689
20059,-1.7250335140402708
20060,0.6064572279901718
20061,0.42718504311271277
20062,-0.15592560415778578
20063,-0.6978252496753394
20064,0.46898853675723756
20065,-0.29316597792698945
20066,-0.2328593337442915
20067,-1.1727252828266763
20068,0.4140779128579048
20069,-0.32504737955265034
20070,0.05518169678156538
20071,-0.42167001897516115
20072,-0.22727619162188642
20073,-0.7166345282020178
20074,-0.6460807237541352
20075,0.23619408431298636
20076,-0.0344924167709199
20077,-0.00845701440101948
20078,-0.9449378342008029
20079,-0.0818049238135811
20080,-0.2665411237568577
20081,-0.5849467077620072
20082,-0.6032419246159502
20083,0.012085095205954676
20084,-0.20806299326826427
20085,-1.0488234152337075
20086,0.24412660105681702
20087,-0.21271796391508507
20088,0.4141825005707129
20089,-0.5300936244112187
20090,0.22880814343577108
20091,-2.521823684759384
20092,0.4743525573339026
20093,-0.6404885272717616
20094,0.23963824259968597
20095,-0.6443155423461175
20096,0.4082554021635743
20097,-1.027272455651023
20098,0.3357222955264203
20099,0.1384841755867458
20100,-0.43843752164822947
20101,-0.3755683310361437
20102,-2.6361651602008926
20103,-0.12573075392118455
20104,0.6739180683454212
20105,0.1882811998556186
20106,-0.1931243767775449
20107,-0.20091416162644185
20108,-1.18433342768608
20109,-0.0988147251816778
20110,1.9056297536633733
20111,0.6634494099034716
20112,0.26052571469301916
20113,-0.17734266945405308
20114,0.05482727821293243
20115,-1.003360843981196
20116,0.12204160337916055
20117,-0.4923615249881764
20118,-0.4647952558764702
20119,0.26886339830046996
20120,-0.7770683723523516
20121,-0.012980000408278219
20122,-0.18017259946003913
20123,1.7503777817659185
20124,0.621056430200134
20125,-1.2140463957662098
20126,-0.3444974317501521
20127,0.0961516067571418
20128,-0.24180786289315628
20129,-0.03012426750117883
20130,-0.03668297438279872
20131,0.5264115536625624
20132,0.24877009062414018
20133,-2.2268464023945813
20134,0.8207632221898702
20135,-1.4868893416005586
20136,-0.30375075262152207
20137,0.09281820496416955
20138,-2.5571934750614007
20139,0.08275894796918154
20140,-1.5300264092563505
20141,-1.4796541596188428
20142,0.8457695917962347
20143,-0.09995098957331029
20144,-0.7910801870184785
20145,-0.8508484167483044
20146,0.6041090440152864
20147,-1.0935061987699009
20148,-0.052418026583160963
20149,-1.174047002329374
20150,-0.10182098713012216
20151,0.24774711509302874
20152,0.866676727472295
20153,-0.13074648555802146
20154,-0.9187238767161775
20155,1.323590514456785
20156,-1.3026895597567207
20157,-0.5717016983362287
20158,0.4623794193576214
20159,-1.552132765017246
20160,-0.1713125992433385
20161,-0.7353089152228985
20162,0.9098544368089804
20163,-0.12927876682071796
20164,0.0036246656610035336
20165,0.8156934197353224
20166,0.37836316185875307
20167,2.3973206744322844
20168,-0.2190596282545614
20169,-2.304339120262838
20170,-1.5031166492015047
20171,-0.16797888147501697
20172,-1.0925794793261958
20173,0.5650887916707916
20174,-0.13340674579079423
20175,-0.27227402761983627
20176,-0.7059109859582593
20177,-1.1261311128083256
20178,-0.43816201267456123
20179,-0.2811688248348356
20180,0.4204787831207526
20181,-0.18734603301703895
20182,0.011283719519438875
20183,-0.333516329388548
20184,-0.3948460944628104
20185,2.864559169314412
20186,-0.7008371157200158
20187,-0.20489061410730958
20188,-0.148525060965059
20189,0.04989484382743623
20190,0.7102665543687976
20191,0.04730477624203077
20192,-0.48052187592919804
20193,-0.2501175403185568
20194,-0.3618717428128151
20195,-0.15231338003715242
20196,-0.6268039114882649
20197,-1.0794442617497249
20198,-0.32937157968620084
20199,0.0706703410533925
20200,0.49808776000586436
20201,-0.2838006008458765
20202,-0.3118074199228162
20203,0.848974599391532
20204,0.5955617111121846
20205,0.27478515699231204
20206,0.21792072494376244
20207,0.18648268909648408
20208,-0.0005272630975048101
20209,0.7456438699704457
20210,0.22957497785893669
20211,-0.42955301615169195
20212,-0.38850987623603744
20213,-0.1826695407772813
20214,0.06275565897045499
20215,-0.3545532359084345
20216,0.8693995003581678
20217,-0.1294059826306521
20218,0.34294891207066963
20219,-0.0069960930096171275
20220,0.3104003684300465
20221,0.7010217142115001
20222,-0.8686327204519245
20223,-0.1808400779346456
20224,-0.21841134778566973
20225,0.17348857189408473
20226,0.24305308858361632
20227,0.21883850188039491
20228,0.07532278804317699
20229,-0.7864098588289822
20230,-0.182096580766005
20231,0.2725620463651632
20232,-1.322474474164756
20233,-0.47762304198149796
20234,-1.0541531488269515
20235,-0.29878393413868803
20236,1.0562953192563433
20237,-0.10347174757311459
20238,-0.06562332052546234
20239,-1.6140308195682507
20240,-0.2674105469322205
20241,0.21674395090568652
20242,0.06715754499064484
20243,0.05846949982275103
20244,-0.04011691857603496
20245,0.04170757898668541
20246,-0.28788921709721993
20247,0.03395239631233318
20248,-0.7015204525184353
20249,-0.3313025759063013
20250,-0.2107228149592282
20251,-1.027272455651023
20252,-1.0386524049395536
20253,-0.2463933905118487
20254,-0.32579387403078797
20255,-0.8095177818424006
20256,-0.20049000058437313
20257,0.03748664500138673
20258,-1.3690785529405411
20259,0.053955075363393674
20260,-0.4057839209104581
20261,-0.020810067414699984
20262,-0.10224763044092586
20263,0.5540362611844528
20264,-0.6037592043651996
20265,0.4073713561811744
20266,-2.0658751255856265
20267,-0.32368636477187535
20268,-0.9687663864959842
20269,-0.04274777500831001
20270,-0.2152928299250563
20271,-1.027272455651023
20272,-0.746707258858454
20273,0.23219273514885347
20274,-0.12305928871289246
20275,-0.0344924167709199
20276,-1.3535421308227935
20277,-0.4046677694634376
20278,-0.729895903814887
20279,-0.579524532146584
20280,0.20151887374204838
20281,-0.05529387049976974
20282,-0.2587982525121535
20283,-1.2583843964246093
20284,-3.4086898312175125
20285,-2.35113294768711
20286,-1.3445960849776788
20287,-0.6200133207447616
20288,-0.7384500602899968
20289,0.4787542704168186
20290,0.13984485951317
20291,0.05530488029994119
20292,-0.8124786436616556
20293,-0.6461606140394218
20294,-0.06757533887394437
20295,-0.2303289329368623
20296,-0.2984311229859501
20297,-0.2202381057494642
20298,-0.3244174233215553
20299,-0.13821514770216317
20300,-1.7839046904785556
20301,-0.9944098047158527
20302,0.22037422016710626
20303,-1.6220574982704536
20304,0.3129981363868058
20305,0.20253156279657095
20306,-0.133937052738643
20307,0.5732569738609978
20308,0.3311748798328433
20309,0.22393737512079592
20310,0.399327353106492
20311,-0.7436236690302239
20312,-0.665685818587027
20313,0.3800796320088339
20314,-0.0022569859645799233
20315,0.7309353368480829
20316,0.7598274264843924
20317,-1.248759370919542
20318,-0.337759109834033
20319,0.29183340585963363
20320,-0.09930648520813574
20321,0.30989444659434284
20322,0.38737359110819786
20323,-0.01997861901411013
20324,0.26267965326483067
20325,0.17271752643073865
20326,-0.5296082820861685
20327,-0.5397027503146425
20328,-0.5296082820861685
20329,-1.4719502687181132
20330,-0.49526447039605137
20331,-0.10588985294717387
20332,-0.14505327425116363
20333,-0.03498423400170095
20334,-0.5757307024571534
20335,-0.2560466435374619
20336,0.9195883486829701
20337,-0.48319228738348846
20338,-0.05278311805491969
20339,-0.008263141991288216
20340,-1.4309688388114172
20341,-0.5564845453049113
20342,-0.3080085945395351
20343,-0.024893414864945316
20344,0.9898026649214832
20345,-0.6079771419118296
20346,-0.4949020186545631
20347,0.09052699628311722
20348,-0.19824198970440232
20349,0.024434113345254513
20350,-0.8493183375194481
20351,-1.5537182118698132
20352,-0.26987024208618243
20353,-0.02753502239004867
20354,0.15412023527834448
20355,-0.04915096414416882
20356,-0.5738405035941683
20357,-0.49452232406676255
20358,-0.017664949016383023
20359,0.7559277570544286
20360,-0.49325097320063827
20361,0.24896805748202344
20362,-0.6248188144547726
20363,-0.737810168171564
20364,-0.01714030043145423
20365,-1.863980717394435
20366,-0.8164464602033634
20367,-0.8428258039320261
20368,-0.28649697367226334
20369,-0.04314831083351684
20370,0.40812677586813095
20371,-0.6149804246828117
20372,-0.921974178686066
20373,-0.2469016498169065
20374,-0.36533127280945665
20375,0.004821246242923436
20376,-0.04370360017619476
20377,-1.426312315130493
20378,-0.4804321816689106
20379,0.64385747974956
20380,-0.12168745272242325
20381,-0.059335022708343545
20382,-0.4918503449371042
20383,0.5154461567929105
20384,-0.3557276751206263
20385,0.04095007297887712
20386,-0.9138121025502388
20387,-0.6730248309407448
20388,-0.18126495138161602
20389,0.16936904826348362
20390,0.5758630570026537
20391,-0.148999357646044
20392,0.18095758631767012
20393,0.5586421512344443
20394,-0.45797856472479087
20395,0.0034012171882756015
20396,-1.2269587540536218
20397,-0.07773186945327513
20398,-1.0325989418950767
20399,-0.010284112187373922
20400,-0.011284518546584285
20401,-1.0379349169450656
20402,-0.8227165178481923
20403,-0.13821514770216317
20404,-0.7523522603639358
20405,-0.8314238063192609
20406,-0.5983996199323213
20407,0.8037228025308769
20408,0.0905288393864691
20409,0.7078786156857624
20410,-1.0583819587287473
20411,-1.517159528863432
20412,0.04120835428183137
20413,-0.6220622896223768
20414,-0.1505678915927319
20415,0.49747098048921523
20416,-1.3395149769969326
20417,-1.3837326418929063
20418,2.7492948276120117
20419,0.4272433857277808
20420,0.2990492219073944
20421,-1.0179393290426912
20422,0.31198852735269944
20423,-0.36307768211710273
20424,2.160437572192172
20425,0.2696752532961056
20426,0.5058263518851187
20427,-0.2407465246118844
20428,0.2850501352868123
20429,1.9159725885596175
20430,0.43981865567343437
20431,-1.3837326418929063
20432,-0.9747292236725578
20433,0.6262119100769425
20434,-0.1980688193140988
20435,2.515523470812631
20436,-0.006191051647779461
20437,0.7369313410366993
20438,-0.1747867839015488
20439,-1.0831329629042976
20440,0.5762142277119832
20441,-0.40151381838485883
20442,0.21083362966120325
20443,-1.7454863416745108
20444,0.6010434191616081
20445,-1.4286118188733896
20446,-0.9444015030826863
20447,-0.44734412469850393
20448,0.0008427798670405936
20449,0.7128612121889096
20450,-0.06703268622009097
20451,-0.4152756669013478
20452,-0.07647959158879482
20453,-1.050096338345517
20454,1.6266233592406882
20455,-0.5568112953749089
20456,0.5194084589453847
20457,-0.11292262595919583
20458,0.21930954274665013
20459,-0.09415929221450936
20460,-0.1998760337802467
20461,0.2870796850845846
20462,-0.02552655799403636
20463,1.2154100081208863
20464,0.6459344735724998
20465,0.6159877966624488
20466,0.2595224701298113
20467,0.09478031659362848
20468,-1.0847091370990558
20469,-0.2586960450491433
20470,-0.5214966878289057
20471,0.36921655713933166
20472,0.23042994525969276
20473,0.011875092845825627
20474,-1.1384628444054534
20475,-0.43528158872184125
20476,-0.11925087364884632
20477,-2.199269716397904
20478,0.6221119422737127
20479,0.5222168148959532
20480,-1.0647479695103264
20481,-0.1569681517206959
20482,-1.175836103877273
20483,-0.6259713976429327
20484,0.2960395232217791
20485,0.133827346273044
20486,-0.34833658400857453
20487,-1.367741056261686
20488,-0.18817793066220528
20489,-0.02890723385185064
20490,-0.687058554651831
20491,-0.9094353448042635
20492,0.33334918548219994
20493,0.5525741388568329
20494,-0.5010189118152837
20495,-0.23772002304138384
20496,0.17674559625686362
20497,-0.0593699774642603
20498,0.34811427783685395
20499,-0.13038879357936917
20500,0.2927906066561812
20501,-0.45575367260631533
20502,-0.1370058336084226
20503,0.10441697754906533
20504,-1.5788889155797974
20505,-0.1202528391921515
20506,0.42590413010670064
20507,0.3066755664929646
20508,-0.36733187534810124
20509,-0.26667254409521407
20510,1.2452994132894655
20511,-0.122025420003016
20512,0.48976015999237443
20513,-1.095319817790077
20514,0.6312043980587388
20515,-1.2523559098139618
20516,0.7831575377768641
20517,0.15279490857980488
20518,-0.8778327207039258
20519,0.7131309598853677
20520,-0.5075593636170729
20521,-0.736493624495282
20522,0.10306353471073897
20523,0.2669151561478625
20524,0.15728031451417174
20525,-0.45921437759157185
20526,-1.424188020589775
20527,-0.07292095108329799
20528,-0.763366152087547
20529,-0.5344380842705431
20530,0.046952810372180874
20531,-0.287141832013865
20532,-0.43889074221178714
20533,-0.3209824675775026
20534,-1.2234044486504196
20535,-0.16552396200878627
20536,0.813088809156977
20537,-0.020810067414699984
20538,1.7566301671018585
20539,-1.1505996808131014
20540,-0.389024270318753
20541,0.6529034930744037
20542,-0.33499663317997
20543,0.5249153266540844
20544,0.036370016381208826
20545,-0.27976545113629103
20546,-0.9850487372218143
20547,0.10633752616065834
20548,1.0959217219031678
20549,-0.21525355472836802
20550,0.10646059354703422
20551,0.06728052891370803
20552,0.6244163472319462
20553,-0.748219340221345
20554,-0.3360716199245014
20555,-1.6602245795178419
20556,0.6209438006753122
20557,-0.9954344735221049
20558,1.6021190833691168
20559,0.3995405273929395
20560,0.3239032741382797
20561,-0.11814011725456522
20562,-0.6962391173420733
20563,-0.3149312998502332
20564,0.2271723807054156
20565,0.06339392858952433
20566,-0.0344924167709199
20567,-3.2679525468274293
20568,1.874251707962851
20569,0.9796124588637231
20570,-1.0050934922641535
20571,0.19153934928671637
20572,2.1438961468927595
20573,-1.095319817790077
20574,0.23918851510773048
20575,2.041251870517996
20576,-0.21525355472836802
20577,-0.24557950764522207
20578,2.0807222140471535
20579,-0.30660068714269817
20580,1.4682874778973534
20581,0.041820024166349036
20582,0.29372752072635233
20583,-0.5760856105551482
20584,-1.1298677362329466
20585,0.05324774805935212
20586,-2.259103848243985
20587,-0.12573075392118455
20588,0.41726106663027224
20589,-0.6026099631700034
20590,-1.4285609643641124
20591,0.4160828486084215
20592,-0.04130463731866294
20593,0.09784950832678271
20594,0.7180403162923447
20595,-1.5138719349585237
20596,-0.9728746211748368
20597,-0.527056637991755
20598,0.6291221568039397
20599,0.7401759615980267
20600,-1.1937561067062799
20601,-0.3875289878811932
20602,-0.8758843186214087
20603,0.39772528574381055
20604,-0.8955022386500562
20605,0.1348093425234724
20606,-0.2693757770723619
20607,0.4962613529499158
20608,-0.2325498186089576
20609,-0.4372676763358797
20610,-0.10207401369259991
20611,-1.298535286920614
20612,-0.022807094401146012
20613,-1.6239548691548018
20614,-0.10236302188750378
20615,-0.8866351197538621
20616,-0.0771632740193793
20617,-0.6744997329986604
20618,-1.2763479825063822
20619,0.03748664500138673
20620,-1.3524324880018603
20621,-0.020810067414699984
20622,-1.2536787770552225
20623,-0.35603494220244114
20624,-0.1441255219909307
20625,-1.3706841182545073
20626,-0.1792802068348982
20627,-0.005285370159392646
20628,-0.09258491676522762
20629,0.33880706286166745
20630,-1.4137789208219609
20631,-0.4401114476756487
20632,-1.6892791332631159
20633,0.1608629222685454
20634,-0.10680752485173335
20635,-1.0172065619280715
20636,-0.7518951815296315
20637,0.948601361770125
20638,-0.4286953536878572
20639,0.39993852851287703
20640,-1.5619292014105364
20641,0.22939990668397037
20642,0.9745133287226672
20643,0.4804354280909054
20644,0.18318053868923154
20645,0.5154461567929105
20646,-0.5623227115487138
20647,-0.15929525940187345
20648,0.5458812886849438
20649,0.5919349052481501
20650,-0.7537504377558191
20651,-0.15648123660535848
20652,0.13198151911954126
20653,-0.04756360476920338
20654,-1.2188371009306367
20655,0.28628362294265935
20656,0.0454615408750142
