index,p0q0
0,0
1,0
2,0
3,0
4,-1
5,0
6,0
7,0
8,-1
9,0
10,-1
11,0
12,0
13,0
14,-1
15,0
16,-1
17,0
18,-1
19,0
20,-1
21,0
22,-1
23,0
24,-1
25,-1
26,-1
27,0
28,-1
29,-1
30,-1
31,0
32,-1
33,0
34,-1
35,0
36,-1
37,0
38,-1
39,0
40,-1
41,0
42,0
43,-1
44,0
45,-1
46,0
47,-1
48,1
49,-1
50,0
51,-1
52,-1
53,-1
54,0
55,-1
56,-1
57,-1
58,-1
59,-1
60,-1
61,-1
62,-1
63,-1
64,-1
65,-1
66,-1
67,0
68,-1
69,-1
70,-1
71,-1
72,-1
73,-1
74,0
75,-1
76,0
77,-1
78,0
79,-1
80,0
81,-1
82,0
83,-1
84,0
85,-1
86,0
87,0
88,-1
89,-1
90,0
91,-1
92,-1
93,-1
94,0
95,-1
96,-1
97,-1
98,0
99,-1
100,-1
101,-1
102,0
103,0
104,0
105,0
106,0
107,0
108,-1
109,0
110,-1
111,0
112,-1
113,-1
114,-1
115,0
116,-1
117,0
118,0
119,0
120,-1
121,-1
122,0
123,0
124,0
125,0
126,0
127,0
128,0
129,0
130,0
131,0
132,0
133,0
134,0
135,0
136,1
137,0
138,0
139,0
140,0
141,0
142,-1
143,0
144,-1
145,1
146,0
147,-2
148,2
149,0
150,-1
151,1
152,0
153,-1
154,1
155,0
156,-1
157,1
158,0
159,-1
160,1
161,0
162,-1
163,1
164,0
165,-1
166,1
167,0
168,-1
169,2
170,0
171,0
172,1
173,0
174,-1
175,2
176,0
177,-1
178,1
179,1
180,-1
181,0
182,0
183,0
184,-1
185,2
186,-1
187,-1
188,1
189,0
190,-1
191,1
192,-1
193,-1
194,2
195,-1
196,-1
197,0
198,-1
199,-1
200,-1
201,-1
202,0
203,-1
204,-1
205,-1
206,-1
207,-1
208,-1
209,-1
210,-1
211,-1
212,-1
213,0
214,1
215,-1
216,-1
217,2
218,0
219,0
220,-2
221,2
222,0
223,0
224,-1
225,2
226,0
227,-1
228,-1
229,3
230,0
231,-1
232,-1
233,2
234,0
235,0
236,-1
237,3
238,1
239,0
240,-1
241,2
242,-2
243,-1
244,-1
245,2
246,0
247,0
248,-1
249,0
250,0
251,0
252,-1
253,2
254,0
255,1
256,-1
257,2
258,0
259,0
260,0
261,2
262,1
263,1
264,-1
265,1
266,-1
267,0
268,-1
269,1
270,-1
271,1
272,-1
273,0
274,0
275,0
276,-1
277,0
278,0
279,0
280,-1
281,0
282,0
283,0
284,0
285,0
286,0
287,0
288,1
289,0
290,0
291,0
292,-1
293,0
294,-1
295,0
296,-2
297,0
298,0
299,-1
300,0
301,-1
302,0
303,-1
304,0
305,-2
306,0
307,-1
308,0
309,0
310,0
311,-1
312,0
313,-1
314,0
315,0
316,1
317,1
318,-1
319,0
320,1
321,1
322,-1
323,0
324,0
325,0
326,-1
327,0
328,1
329,0
330,-1
331,-1
332,-1
333,-1
334,-1
335,2
336,-1
337,0
338,-1
339,3
340,0
341,-1
342,0
343,2
344,-1
345,-1
346,0
347,3
348,-2
349,-1
350,-1
351,2
352,-1
353,-1
354,-1
355,3
356,-1
357,-2
358,-1
359,3
360,-1
361,-1
362,-1
363,3
364,-1
365,-1
366,-1
367,3
368,-1
369,-1
370,0
371,-1
372,3
373,-1
374,-1
375,-1
376,2
377,-1
378,0
379,0
380,-1
381,0
382,0
383,0
384,-1
385,-1
386,0
387,1
388,-1
389,-1
390,-2
391,0
392,-1
393,-1
394,-1
395,1
396,-1
397,-1
398,-1
399,0
400,-1
401,0
402,-2
403,0
404,-1
405,-1
406,0
407,0
408,0
409,-1
410,-2
411,1
412,-1
413,-1
414,-1
415,1
416,-1
417,-1
418,0
419,0
420,-1
421,0
422,-1
423,1
424,1
425,-1
426,1
427,0
428,0
429,1
430,1
431,0
432,2
433,1
434,0
435,0
436,1
437,0
438,0
439,1
440,1
441,0
442,0
443,0
444,1
445,0
446,-1
447,0
448,1
449,-1
450,-1
451,1
452,-1
453,-1
454,-1
455,-1
456,-1
457,1
458,-1
459,-2
460,1
461,-1
462,-1
463,1
464,-1
465,-1
466,1
467,0
468,0
469,0
470,0
471,1
472,0
473,0
474,1
475,0
476,0
477,0
478,0
479,0
480,0
481,0
482,0
483,0
484,0
485,0
486,0
487,0
488,0
489,0
490,0
491,0
492,0
493,0
494,0
495,-1
496,0
497,-1
498,-1
499,0
500,-1
501,0
502,0
503,-1
504,0
505,0
506,-1
507,0
508,-1
509,0
510,0
511,0
512,0
513,0
514,-2
515,-1
516,0
517,-1
518,0
519,0
520,-1
521,0
522,0
523,-1
524,-1
525,0
526,-1
527,0
528,0
529,-1
530,0
531,0
532,0
533,0
534,0
535,0
536,0
537,-1
538,0
539,0
540,0
541,0
542,0
543,-1
544,0
545,-1
546,0
547,-1
548,-1
549,0
550,0
551,-1
552,-1
553,-1
554,0
555,0
556,-1
557,-1
558,0
559,-1
560,-1
561,-1
562,0
563,-1
564,0
565,-1
566,0
567,-1
568,0
569,-1
570,0
571,-1
572,-1
573,-1
574,0
575,-1
576,-1
577,-1
578,0
579,-1
580,-1
581,-1
582,0
583,-1
584,1
585,0
586,0
587,-1
588,-1
589,0
590,0
591,0
592,0
593,0
594,0
595,0
596,-1
597,0
598,0
599,-1
600,0
601,-1
602,0
603,-1
604,0
605,-1
606,-1
607,-1
608,0
609,-1
610,0
611,-1
612,0
613,-1
614,0
615,-1
616,0
617,0
618,0
619,0
620,0
621,-1
622,0
623,0
624,0
625,0
626,1
627,0
628,-1
629,0
630,0
631,-1
632,0
633,-2
634,0
635,-1
636,-1
637,-1
638,0
639,-1
640,-1
641,-1
642,0
643,-2
644,-1
645,-2
646,0
647,-1
648,0
649,-1
650,0
651,0
652,0
653,0
654,0
655,-2
656,-1
657,-1
658,-1
659,-1
660,0
661,-1
662,0
663,-1
664,-1
665,-1
666,0
667,-1
668,-1
669,-1
670,-1
671,-1
672,-1
673,0
674,-1
675,-1
676,-1
677,0
678,0
679,-1
680,-1
681,0
682,-1
683,-1
684,-1
685,0
686,-1
687,-1
688,-1
689,0
690,-1
691,-1
692,-1
693,0
694,-1
695,-1
696,-1
697,-1
698,-1
699,-1
700,-1
701,-1
702,-1
703,-1
704,-1
705,0
706,-1
707,-1
708,0
709,-1
710,-1
711,-1
712,0
713,-1
714,0
715,-1
716,0
717,-1
718,-1
719,-1
720,-1
721,-1
722,-1
723,1
724,-1
725,-1
726,-1
727,0
728,0
729,-1
730,-1
731,0
732,0
733,-1
734,-1
735,0
736,-1
737,0
738,0
739,0
740,-1
741,0
742,0
743,0
744,0
745,0
746,0
747,0
748,0
749,0
750,0
751,0
752,0
753,0
754,0
755,0
756,0
757,0
758,0
759,0
760,-1
761,1
762,0
763,0
764,0
765,0
766,0
767,0
768,0
769,0
770,0
771,0
772,0
773,0
774,0
775,0
776,0
777,-1
778,0
779,0
780,0
781,0
782,-1
783,-1
784,0
785,0
786,0
787,0
788,0
789,0
790,0
791,0
792,-2
793,0
794,0
795,0
796,0
797,-1
798,1
799,0
800,0
801,0
802,0
803,0
804,0
805,-1
806,0
807,0
808,0
809,0
810,0
811,0
812,0
813,0
814,-1
815,1
816,-1
817,-1
818,2
819,-1
820,-1
821,1
822,-1
823,-1
824,2
825,0
826,0
827,-1
828,1
829,0
830,-1
831,1
832,0
833,-1
834,1
835,0
836,-1
837,1
838,0
839,-1
840,1
841,0
842,-1
843,1
844,0
845,1
846,1
847,0
848,0
849,-1
850,1
851,0
852,0
853,-1
854,1
855,0
856,1
857,-2
858,2
859,0
860,0
861,-1
862,1
863,0
864,1
865,0
866,1
867,0
868,0
869,-1
870,1
871,0
872,0
873,-1
874,1
875,-1
876,-1
877,1
878,0
879,-1
880,1
881,0
882,-1
883,1
884,0
885,-1
886,1
887,0
888,0
889,0
890,0
891,0
892,0
893,0
894,0
895,0
896,0
897,0
898,-1
899,0
900,0
901,0
902,0
903,1
904,0
905,0
906,0
907,-2
908,2
909,0
910,0
911,-1
912,2
913,0
914,-1
915,-1
916,2
917,0
918,0
919,-1
920,2
921,0
922,0
923,-2
924,2
925,1
926,0
927,-1
928,-1
929,0
930,1
931,-1
932,2
933,0
934,0
935,-1
936,2
937,0
938,0
939,-1
940,2
941,0
942,0
943,-1
944,2
945,0
946,0
947,-2
948,2
949,0
950,1
951,-2
952,2
953,-1
954,1
955,0
956,2
957,0
958,0
959,-1
960,3
961,0
962,0
963,-2
964,2
965,0
966,0
967,-2
968,2
969,0
970,1
971,-2
972,2
973,0
974,0
975,-1
976,2
977,1
978,0
979,-1
980,2
981,0
982,0
983,-1
984,3
985,0
986,-1
987,-1
988,2
989,0
990,-1
991,-1
992,2
993,0
994,0
995,0
996,0
997,1
998,0
999,1
1000,-1
1001,1
1002,-1
1003,1
1004,0
1005,1
1006,0
1007,0
1008,1
1009,0
1010,0
1011,1
1012,1
1013,0
1014,0
1015,1
1016,0
1017,-1
1018,1
1019,1
1020,0
1021,0
1022,0
1023,1
1024,0
1025,-1
1026,0
1027,0
1028,1
1029,-1
1030,0
1031,0
1032,0
1033,-1
1034,1
1035,1
1036,1
1037,0
1038,0
1039,-1
1040,0
1041,1
1042,0
1043,0
1044,0
1045,0
1046,0
1047,0
1048,2
1049,-1
1050,0
1051,1
1052,1
1053,0
1054,0
1055,1
1056,1
1057,0
1058,0
1059,0
1060,0
1061,0
1062,0
1063,0
1064,0
1065,0
1066,0
1067,0
1068,0
1069,-1
1070,0
1071,0
1072,0
1073,-1
1074,0
1075,0
1076,0
1077,0
1078,0
1079,0
1080,0
1081,-1
1082,0
1083,-2
1084,3
1085,-2
1086,-1
1087,0
1088,2
1089,-1
1090,0
1091,-1
1092,2
1093,-2
1094,-1
1095,-1
1096,2
1097,-1
1098,-1
1099,-1
1100,2
1101,-2
1102,-1
1103,-1
1104,2
1105,-1
1106,-2
1107,2
1108,-1
1109,-1
1110,-1
1111,3
1112,-1
1113,-1
1114,-1
1115,-1
1116,-1
1117,2
1118,-2
1119,-1
1120,0
1121,2
1122,-2
1123,-1
1124,-1
1125,2
1126,-2
1127,-1
1128,-2
1129,2
1130,-2
1131,-1
1132,-1
1133,2
1134,-1
1135,-1
1136,-1
1137,2
1138,-2
1139,0
1140,-1
1141,-1
1142,2
1143,-2
1144,-1
1145,-1
1146,2
1147,-2
1148,-1
1149,-1
1150,3
1151,-2
1152,-1
1153,-1
1154,0
1155,0
1156,-1
1157,1
1158,0
1159,-1
1160,1
1161,1
1162,-1
1163,1
1164,0
1165,-1
1166,1
1167,0
1168,-1
1169,1
1170,0
1171,1
1172,1
1173,1
1174,-1
1175,0
1176,-1
1177,-1
1178,0
1179,-1
1180,-1
1181,0
1182,0
1183,0
1184,-1
1185,-1
1186,-1
1187,-1
1188,-1
1189,-1
1190,-1
1191,0
1192,0
1193,-1
1194,-1
1195,0
1196,-1
1197,-1
1198,0
1199,-1
1200,-1
1201,0
1202,-1
1203,-1
1204,0
1205,0
1206,-1
1207,0
1208,-1
1209,-1
1210,0
1211,-1
1212,-1
1213,0
1214,0
1215,0
1216,-1
1217,0
1218,-1
1219,-1
1220,0
1221,0
1222,-1
1223,0
1224,0
1225,-1
1226,-1
1227,0
1228,-1
1229,-1
1230,0
1231,0
1232,-1
1233,0
1234,0
1235,0
1236,0
1237,-1
1238,0
1239,0
1240,0
1241,0
1242,0
1243,0
1244,-1
1245,0
1246,0
1247,-1
1248,0
1249,-1
1250,-1
1251,0
1252,-1
1253,-1
1254,0
1255,-1
1256,-1
1257,-1
1258,0
1259,-1
1260,0
1261,-1
1262,0
1263,-1
1264,0
1265,-1
1266,0
1267,-1
1268,0
1269,0
1270,-1
1271,0
1272,0
1273,0
1274,-1
1275,-1
1276,-1
1277,-1
1278,-1
1279,-1
1280,0
1281,-1
1282,0
1283,-1
1284,0
1285,-1
1286,0
1287,0
1288,-2
1289,0
1290,-1
1291,0
1292,-1
1293,0
1294,-1
1295,0
1296,-1
1297,0
1298,-1
1299,-1
1300,-1
1301,-1
1302,0
1303,-1
1304,-1
1305,-1
1306,-1
1307,-1
1308,-1
1309,-1
1310,0
1311,-1
1312,-1
1313,-1
1314,1
1315,-1
1316,-1
1317,-1
1318,0
1319,-1
1320,-1
1321,-1
1322,0
1323,-1
1324,0
1325,-1
1326,0
1327,-1
1328,-1
1329,-1
1330,0
1331,-1
1332,-1
1333,-1
1334,0
1335,-1
1336,0
1337,-1
1338,0
1339,-2
1340,0
1341,0
1342,0
1343,-1
1344,-1
1345,0
1346,0
1347,0
1348,-1
1349,0
1350,-1
1351,0
1352,-1
1353,-1
1354,0
1355,-1
1356,0
1357,0
1358,0
1359,0
1360,-1
1361,-1
1362,0
1363,0
1364,0
1365,0
1366,-2
1367,0
1368,0
1369,0
1370,0
1371,0
1372,0
1373,0
1374,0
1375,0
1376,0
1377,-1
1378,0
1379,-1
1380,-1
1381,1
1382,1
1383,-1
1384,1
1385,-2
1386,1
1387,0
1388,-1
1389,1
1390,0
1391,-1
1392,1
1393,0
1394,-1
1395,1
1396,0
1397,-1
1398,2
1399,-1
1400,-1
1401,1
1402,0
1403,-1
1404,1
1405,0
1406,-1
1407,2
1408,0
1409,-1
1410,1
1411,-1
1412,-1
1413,2
1414,1
1415,-2
1416,2
1417,0
1418,-1
1419,2
1420,0
1421,-2
1422,1
1423,0
1424,-1
1425,1
1426,1
1427,-1
1428,1
1429,0
1430,-1
1431,2
1432,-1
1433,-1
1434,-1
1435,-1
1436,-1
1437,-1
1438,-1
1439,-1
1440,-1
1441,-1
1442,0
1443,-1
1444,-1
1445,0
1446,-1
1447,-1
1448,0
1449,-1
1450,0
1451,0
1452,1
1453,2
1454,0
1455,0
1456,-1
1457,2
1458,0
1459,1
1460,-1
1461,2
1462,0
1463,0
1464,-1
1465,2
1466,0
1467,-1
1468,-2
1469,2
1470,0
1471,0
1472,0
1473,0
1474,0
1475,-1
1476,2
1477,0
1478,-1
1479,-1
1480,2
1481,1
1482,0
1483,-1
1484,2
1485,1
1486,-1
1487,-1
1488,3
1489,0
1490,-2
1491,0
1492,0
1493,1
1494,-1
1495,-1
1496,1
1497,-1
1498,1
1499,-1
1500,1
1501,-1
1502,1
1503,1
1504,0
1505,-1
1506,0
1507,1
1508,0
1509,-1
1510,0
1511,0
1512,0
1513,-1
1514,0
1515,0
1516,0
1517,-1
1518,0
1519,0
1520,0
1521,1
1522,0
1523,1
1524,0
1525,0
1526,-1
1527,0
1528,0
1529,-1
1530,0
1531,-1
1532,0
1533,0
1534,-2
1535,0
1536,-1
1537,0
1538,-1
1539,0
1540,-1
1541,0
1542,-1
1543,0
1544,-2
1545,0
1546,-2
1547,0
1548,0
1549,0
1550,1
1551,0
1552,0
1553,1
1554,1
1555,0
1556,-1
1557,0
1558,1
1559,1
1560,0
1561,-1
1562,-2
1563,0
1564,2
1565,-1
1566,0
1567,-1
1568,3
1569,-1
1570,-1
1571,-1
1572,3
1573,-1
1574,0
1575,0
1576,2
1577,-1
1578,-1
1579,-1
1580,2
1581,-1
1582,0
1583,-1
1584,3
1585,0
1586,-2
1587,3
1588,-1
1589,0
1590,-1
1591,-1
1592,2
1593,-1
1594,0
1595,0
1596,2
1597,-1
1598,0
1599,-1
1600,3
1601,-1
1602,-1
1603,0
1604,0
1605,-1
1606,-1
1607,-1
1608,3
1609,-1
1610,-1
1611,0
1612,1
1613,-1
1614,0
1615,-1
1616,-1
1617,0
1618,0
1619,-1
1620,0
1621,0
1622,1
1623,-1
1624,-1
1625,-1
1626,1
1627,-1
1628,0
1629,-1
1630,1
1631,-1
1632,-1
1633,0
1634,1
1635,-1
1636,0
1637,-1
1638,0
1639,0
1640,0
1641,-1
1642,1
1643,-1
1644,0
1645,-1
1646,0
1647,-1
1648,-1
1649,-1
1650,0
1651,-1
1652,-1
1653,-1
1654,0
1655,0
1656,0
1657,-1
1658,1
1659,0
1660,-1
1661,1
1662,0
1663,-1
1664,1
1665,0
1666,-1
1667,1
1668,0
1669,0
1670,1
1671,0
1672,0
1673,1
1674,1
1675,-1
1676,0
1677,0
1678,1
1679,0
1680,-1
1681,-1
1682,0
1683,0
1684,0
1685,1
1686,-1
1687,0
1688,-1
1689,-1
1690,-1
1691,-1
1692,1
1693,-1
1694,-1
1695,1
1696,-1
1697,0
1698,0
1699,-1
1700,-1
1701,0
1702,0
1703,0
1704,0
1705,0
1706,0
1707,0
1708,0
1709,0
1710,-1
1711,0
1712,0
1713,0
1714,0
1715,-2
1716,0
1717,0
1718,0
1719,0
1720,0
1721,0
1722,0
1723,0
1724,0
1725,0
1726,0
1727,-1
1728,0
1729,0
1730,0
1731,0
1732,-1
1733,0
1734,-1
1735,0
1736,0
1737,-2
1738,0
1739,0
1740,-1
1741,-1
1742,0
1743,0
1744,0
1745,0
1746,1
1747,0
1748,0
1749,-1
1750,0
1751,2
1752,-2
1753,-1
1754,0
1755,-1
1756,0
1757,0
1758,0
1759,-1
1760,0
1761,0
1762,0
1763,0
1764,-1
1765,0
1766,0
1767,0
1768,0
1769,-1
1770,0
1771,0
1772,-1
1773,0
1774,0
1775,0
1776,0
1777,0
1778,0
1779,0
1780,0
1781,0
1782,0
1783,0
1784,0
1785,0
1786,0
1787,-1
1788,0
1789,-1
1790,0
1791,-1
1792,-1
1793,0
1794,-1
1795,0
1796,0
1797,0
1798,-1
1799,-1
1800,-1
1801,0
1802,-1
1803,-1
1804,-1
1805,0
1806,-1
1807,0
1808,-2
1809,0
1810,-1
1811,-1
1812,0
1813,0
1814,-1
1815,0
1816,-1
1817,0
1818,-1
1819,-2
1820,0
1821,0
1822,0
1823,0
1824,-1
1825,-1
1826,0
1827,0
1828,0
1829,0
1830,0
1831,0
1832,0
1833,0
1834,0
1835,0
1836,0
1837,0
1838,-1
1839,0
1840,-1
1841,0
1842,-1
1843,0
1844,-1
1845,0
1846,0
1847,0
1848,0
1849,0
1850,-1
1851,0
1852,-1
1853,0
1854,0
1855,0
1856,-1
1857,0
1858,-1
1859,-1
1860,-1
1861,0
1862,0
1863,0
1864,-1
1865,0
1866,-1
1867,0
1868,0
1869,0
1870,-1
1871,0
1872,0
1873,-1
1874,0
1875,0
1876,0
1877,-1
1878,-1
1879,0
1880,-1
1881,0
1882,-2
1883,0
1884,-1
1885,-1
1886,-2
1887,0
1888,-1
1889,-1
1890,0
1891,0
1892,-1
1893,0
1894,0
1895,-1
1896,0
1897,-1
1898,-1
1899,0
1900,-1
1901,0
1902,0
1903,-1
1904,0
1905,0
1906,-1
1907,0
1908,0
1909,0
1910,0
1911,0
1912,-1
1913,-2
1914,-1
1915,1
1916,-1
1917,0
1918,0
1919,0
1920,-1
1921,0
1922,0
1923,-1
1924,0
1925,-1
1926,0
1927,-1
1928,-1
1929,-1
1930,0
1931,-1
1932,-1
1933,-1
1934,0
1935,-1
1936,-1
1937,-1
1938,0
1939,-1
1940,-1
1941,-1
1942,0
1943,-1
1944,-1
1945,-1
1946,0
1947,-1
1948,-1
1949,-1
1950,-1
1951,-1
1952,-1
1953,-1
1954,-1
1955,-1
1956,-2
1957,1
1958,-1
1959,-1
1960,-1
1961,-1
1962,-1
1963,-1
1964,-1
1965,0
1966,-1
1967,-1
1968,-1
1969,0
1970,-1
1971,0
1972,-1
1973,1
1974,-1
1975,0
1976,-1
1977,0
1978,0
1979,-1
1980,-1
1981,0
1982,-1
1983,-1
1984,-1
1985,0
1986,-1
1987,-1
1988,-1
1989,0
1990,-1
1991,0
1992,1
1993,0
1994,0
1995,0
1996,0
1997,0
1998,0
1999,0
2000,0
2001,0
2002,0
2003,0
2004,0
2005,0
2006,0
2007,0
2008,0
2009,0
2010,0
2011,0
2012,0
2013,0
2014,0
2015,1
2016,0
2017,-1
2018,0
2019,0
2020,0
2021,0
2022,0
2023,0
2024,0
2025,-1
2026,0
2027,1
2028,0
2029,0
2030,0
2031,0
2032,0
2033,0
2034,0
2035,0
2036,0
2037,0
2038,0
2039,0
2040,0
2041,0
2042,-1
2043,0
2044,0
2045,0
2046,-1
2047,0
2048,0
2049,0
2050,0
2051,0
2052,0
2053,0
2054,0
2055,0
2056,0
2057,0
2058,0
2059,0
2060,0
2061,0
2062,0
2063,0
2064,0
2065,0
2066,0
2067,-2
2068,1
2069,-1
2070,-2
2071,2
2072,0
2073,-2
2074,1
2075,0
2076,-2
2077,1
2078,0
2079,-2
2080,2
2081,0
2082,-1
2083,1
2084,0
2085,-2
2086,1
2087,-1
2088,-1
2089,1
2090,-1
2091,-1
2092,3
2093,0
2094,-1
2095,1
2096,0
2097,-1
2098,1
2099,0
2100,0
2101,-1
2102,1
2103,0
2104,0
2105,-1
2106,1
2107,0
2108,-1
2109,-1
2110,1
2111,0
2112,0
2113,-1
2114,1
2115,0
2116,0
2117,-2
2118,1
2119,0
2120,0
2121,-1
2122,1
2123,0
2124,0
2125,-1
2126,1
2127,1
2128,0
2129,-1
2130,1
2131,1
2132,0
2133,-1
2134,2
2135,0
2136,0
2137,0
2138,-1
2139,2
2140,0
2141,-1
2142,1
2143,0
2144,-1
2145,1
2146,0
2147,-2
2148,1
2149,0
2150,0
2151,0
2152,0
2153,0
2154,1
2155,0
2156,0
2157,-1
2158,0
2159,0
2160,-1
2161,0
2162,0
2163,-1
2164,-1
2165,0
2166,0
2167,0
2168,0
2169,0
2170,0
2171,1
2172,1
2173,0
2174,1
2175,0
2176,-1
2177,0
2178,0
2179,0
2180,3
2181,0
2182,1
2183,0
2184,1
2185,1
2186,-1
2187,2
2188,1
2189,3
2190,-2
2191,0
2192,-1
2193,2
2194,1
2195,1
2196,-2
2197,2
2198,1
2199,1
2200,-1
2201,2
2202,0
2203,0
2204,-2
2205,2
2206,0
2207,0
2208,-1
2209,2
2210,1
2211,0
2212,-1
2213,3
2214,0
2215,0
2216,-1
2217,2
2218,0
2219,0
2220,-1
2221,2
2222,0
2223,-1
2224,-1
2225,2
2226,0
2227,-1
2228,-1
2229,2
2230,0
2231,0
2232,-1
2233,2
2234,1
2235,0
2236,-1
2237,2
2238,0
2239,0
2240,-1
2241,2
2242,1
2243,0
2244,-1
2245,2
2246,0
2247,0
2248,-1
2249,2
2250,0
2251,-1
2252,-1
2253,2
2254,1
2255,0
2256,-1
2257,2
2258,0
2259,0
2260,0
2261,0
2262,1
2263,0
2264,0
2265,-1
2266,1
2267,-1
2268,1
2269,0
2270,0
2271,-1
2272,0
2273,0
2274,0
2275,1
2276,1
2277,1
2278,-1
2279,0
2280,0
2281,0
2282,0
2283,0
2284,0
2285,0
2286,-1
2287,0
2288,1
2289,0
2290,-1
2291,0
2292,0
2293,0
2294,-1
2295,0
2296,1
2297,1
2298,0
2299,0
2300,0
2301,1
2302,-1
2303,0
2304,1
2305,1
2306,0
2307,0
2308,1
2309,0
2310,0
2311,1
2312,0
2313,0
2314,1
2315,1
2316,-1
2317,0
2318,1
2319,0
2320,-1
2321,1
2322,0
2323,0
2324,0
2325,0
2326,0
2327,0
2328,-1
2329,0
2330,0
2331,0
2332,-1
2333,0
2334,0
2335,0
2336,0
2337,0
2338,0
2339,0
2340,-1
2341,0
2342,1
2343,1
2344,0
2345,0
2346,1
2347,1
2348,0
2349,2
2350,-2
2351,0
2352,-1
2353,3
2354,-2
2355,-1
2356,3
2357,-1
2358,-2
2359,-1
2360,3
2361,-1
2362,-1
2363,-1
2364,2
2365,-1
2366,-1
2367,-1
2368,2
2369,-1
2370,-1
2371,2
2372,-2
2373,-1
2374,-1
2375,2
2376,-1
2377,-1
2378,-1
2379,-1
2380,-1
2381,3
2382,-1
2383,-1
2384,-1
2385,2
2386,-1
2387,-1
2388,0
2389,1
2390,-1
2391,-1
2392,-1
2393,3
2394,0
2395,-2
2396,-1
2397,2
2398,-2
2399,-1
2400,-1
2401,3
2402,-2
2403,-1
2404,0
2405,3
2406,-1
2407,-1
2408,0
2409,0
2410,0
2411,-1
2412,-1
2413,2
2414,-1
2415,-1
2416,-1
2417,3
2418,-1
2419,-1
2420,1
2421,0
2422,-1
2423,1
2424,1
2425,-1
2426,0
2427,1
2428,0
2429,1
2430,0
2431,0
2432,0
2433,0
2434,-1
2435,0
2436,0
2437,0
2438,1
2439,1
2440,-1
2441,1
2442,1
2443,0
2444,0
2445,0
2446,0
2447,-1
2448,-1
2449,-1
2450,0
2451,-1
2452,0
2453,-1
2454,0
2455,-1
2456,-1
2457,0
2458,-1
2459,-1
2460,0
2461,-1
2462,-1
2463,0
2464,-1
2465,-1
2466,0
2467,-1
2468,-1
2469,0
2470,-1
2471,-1
2472,0
2473,0
2474,-1
2475,0
2476,-1
2477,-1
2478,0
2479,-1
2480,-1
2481,0
2482,0
2483,-1
2484,0
2485,-1
2486,-1
2487,0
2488,-1
2489,-1
2490,0
2491,0
2492,-1
2493,-1
2494,0
2495,-1
2496,-1
2497,0
2498,-1
2499,-1
2500,0
2501,0
2502,-1
2503,-1
2504,0
2505,0
2506,-1
2507,-1
2508,0
2509,0
2510,0
2511,0
2512,0
2513,0
2514,0
2515,1
2516,-1
2517,0
2518,-1
2519,0
2520,0
2521,-1
2522,0
2523,-1
2524,0
2525,0
2526,0
2527,0
2528,0
2529,-1
2530,0
2531,-1
2532,0
2533,-1
2534,0
2535,-1
2536,0
2537,-1
2538,0
2539,-1
2540,0
2541,-1
2542,0
2543,-1
2544,0
2545,0
2546,0
2547,-1
2548,0
2549,-1
2550,-1
2551,0
2552,1
2553,-1
2554,0
2555,0
2556,0
2557,-1
2558,-1
2559,0
2560,0
2561,-1
2562,0
2563,0
2564,0
2565,-1
2566,-2
2567,0
2568,-1
2569,1
2570,-1
2571,0
2572,-1
2573,0
2574,-1
2575,-1
2576,-1
2577,-1
2578,-1
2579,-1
2580,0
2581,0
2582,-1
2583,-1
2584,0
2585,-1
2586,-1
2587,-1
2588,-1
2589,0
2590,-1
2591,-1
2592,-1
2593,0
2594,0
2595,-1
2596,-1
2597,0
2598,-1
2599,-1
2600,-1
2601,0
2602,-1
2603,-1
2604,-1
2605,0
2606,-1
2607,-1
2608,-1
2609,0
2610,-1
2611,0
2612,-1
2613,0
2614,0
2615,-1
2616,0
2617,-1
2618,-1
2619,0
2620,0
2621,0
2622,0
2623,0
2624,1
2625,0
2626,0
2627,0
2628,0
2629,-1
2630,-1
2631,-1
2632,0
2633,-1
2634,0
2635,-1
2636,0
2637,-1
2638,0
2639,-1
2640,0
2641,0
2642,0
2643,0
2644,0
2645,0
2646,0
2647,0
2648,0
2649,-1
2650,0
2651,0
2652,0
2653,0
2654,0
2655,0
2656,0
2657,0
2658,0
2659,0
2660,0
2661,0
2662,-1
2663,2
2664,0
2665,-2
2666,2
2667,0
2668,-1
2669,1
2670,0
2671,-1
2672,1
2673,0
2674,-1
2675,1
2676,0
2677,-1
2678,1
2679,0
2680,-1
2681,3
2682,0
2683,-1
2684,1
2685,0
2686,-1
2687,1
2688,0
2689,-1
2690,1
2691,0
2692,-2
2693,1
2694,0
2695,-1
2696,1
2697,-1
2698,-1
2699,1
2700,0
2701,-2
2702,1
2703,0
2704,-1
2705,1
2706,0
2707,-1
2708,0
2709,-1
2710,2
2711,0
2712,-1
2713,-1
2714,-1
2715,-1
2716,-1
2717,-1
2718,-2
2719,-1
2720,-1
2721,-1
2722,-1
2723,0
2724,0
2725,-1
2726,-1
2727,-1
2728,-1
2729,-1
2730,-1
2731,0
2732,0
2733,1
2734,-1
2735,2
2736,0
2737,-1
2738,-1
2739,2
2740,0
2741,0
2742,-1
2743,2
2744,0
2745,0
2746,-1
2747,3
2748,0
2749,0
2750,-2
2751,2
2752,1
2753,0
2754,-1
2755,2
2756,1
2757,1
2758,-1
2759,2
2760,0
2761,0
2762,-1
2763,2
2764,1
2765,-1
2766,-1
2767,2
2768,0
2769,-1
2770,-2
2771,2
2772,0
2773,1
2774,0
2775,2
2776,0
2777,0
2778,-1
2779,2
2780,0
2781,1
2782,0
2783,1
2784,-1
2785,1
2786,-1
2787,1
2788,-1
2789,1
2790,-1
2791,0
2792,0
2793,0
2794,-1
2795,0
2796,0
2797,-1
2798,-1
2799,0
2800,1
2801,0
2802,-1
2803,0
2804,0
2805,0
2806,0
2807,0
2808,0
2809,0
2810,1
2811,1
2812,0
2813,1
2814,0
2815,0
2816,-2
2817,0
2818,-1
2819,0
2820,0
2821,-1
2822,0
2823,0
2824,0
2825,-1
2826,0
2827,-1
2828,0
2829,-1
2830,0
2831,-2
2832,1
2833,-1
2834,0
2835,1
2836,-1
2837,0
2838,0
2839,0
2840,0
2841,-1
2842,0
2843,0
2844,0
2845,-1
2846,0
2847,0
2848,0
2849,0
2850,0
2851,0
2852,0
2853,-1
2854,-1
2855,-1
2856,0
2857,-1
2858,3
2859,-1
2860,-1
2861,-1
2862,3
2863,-1
2864,-1
2865,3
2866,-1
2867,-1
2868,-1
2869,2
2870,-1
2871,-2
2872,-1
2873,3
2874,-1
2875,0
2876,-1
2877,3
2878,-1
2879,-1
2880,-1
2881,2
2882,-1
2883,-1
2884,-1
2885,2
2886,-1
2887,-1
2888,-2
2889,2
2890,-1
2891,-2
2892,-2
2893,3
2894,-1
2895,-1
2896,-1
2897,3
2898,-2
2899,0
2900,-1
2901,0
2902,0
2903,0
2904,-1
2905,-1
2906,-2
2907,0
2908,1
2909,-1
2910,-1
2911,-1
2912,1
2913,-1
2914,0
2915,1
2916,-1
2917,-1
2918,-1
2919,0
2920,0
2921,-1
2922,-1
2923,0
2924,0
2925,-2
2926,-2
2927,0
2928,-1
2929,-1
2930,-1
2931,1
2932,-1
2933,-1
2934,-1
2935,1
2936,-1
2937,0
2938,-1
2939,0
2940,0
2941,-1
2942,0
2943,-1
2944,0
2945,0
2946,0
2947,1
2948,0
2949,0
2950,1
2951,0
2952,0
2953,1
2954,0
2955,-1
2956,0
2957,1
2958,0
2959,1
2960,0
2961,0
2962,0
2963,1
2964,-1
2965,0
2966,0
2967,1
2968,0
2969,-1
2970,-1
2971,1
2972,-1
2973,-1
2974,1
2975,-1
2976,-1
2977,-1
2978,-2
2979,1
2980,-1
2981,-1
2982,1
2983,-1
2984,-1
2985,0
2986,-1
2987,-1
2988,1
2989,-1
2990,-2
2991,1
2992,0
2993,0
2994,0
2995,0
2996,0
2997,0
2998,0
2999,0
3000,0
3001,0
3002,0
3003,0
3004,0
3005,0
3006,-1
3007,0
3008,0
3009,-1
3010,0
3011,0
3012,0
3013,0
3014,1
3015,0
3016,0
3017,0
3018,0
3019,0
3020,0
3021,0
3022,0
3023,-1
3024,0
3025,-1
3026,0
3027,0
3028,-1
3029,1
3030,0
3031,-2
3032,0
3033,1
3034,0
3035,0
3036,-1
3037,0
3038,-1
3039,0
3040,0
3041,0
3042,-1
3043,0
3044,0
3045,0
3046,0
3047,0
3048,-2
3049,-1
3050,0
3051,0
3052,0
3053,-1
3054,0
3055,0
3056,-1
3057,0
3058,1
3059,0
3060,-1
3061,0
3062,0
3063,0
3064,0
3065,0
3066,0
3067,0
3068,0
3069,0
3070,-1
3071,0
3072,1
3073,0
3074,0
3075,-1
3076,-1
3077,0
3078,0
3079,-1
3080,0
3081,0
3082,0
3083,0
3084,0
3085,0
3086,0
3087,-1
3088,0
3089,0
3090,0
3091,-1
3092,0
3093,0
3094,-1
3095,-1
3096,0
3097,0
3098,-1
3099,0
3100,0
3101,-1
3102,0
3103,0
3104,0
3105,-1
3106,0
3107,-1
3108,0
3109,0
3110,-1
3111,0
3112,0
3113,0
3114,0
3115,0
3116,0
3117,0
3118,-2
3119,0
3120,0
3121,0
3122,-1
3123,-1
3124,0
3125,-1
3126,0
3127,-1
3128,0
3129,-1
3130,0
3131,-1
3132,0
3133,-1
3134,0
3135,-1
3136,-1
3137,-1
3138,0
3139,-1
3140,-1
3141,0
3142,-1
3143,-1
3144,0
3145,0
3146,0
3147,0
3148,-1
3149,0
3150,-1
3151,0
3152,0
3153,0
3154,0
3155,-1
3156,0
3157,0
3158,-1
3159,-1
3160,-2
3161,-1
3162,-1
3163,0
3164,-1
3165,0
3166,-1
3167,0
3168,-1
3169,0
3170,-2
3171,-1
3172,0
3173,0
3174,0
3175,0
3176,0
3177,-1
3178,0
3179,-1
3180,0
3181,1
3182,0
3183,-1
3184,0
3185,-1
3186,0
3187,0
3188,0
3189,0
3190,0
3191,-1
3192,0
3193,-1
3194,0
3195,-1
3196,0
3197,-1
3198,1
3199,-1
3200,-1
3201,0
3202,-1
3203,-1
3204,-1
3205,0
3206,-1
3207,0
3208,1
3209,-1
3210,-1
3211,-1
3212,0
3213,-1
3214,-1
3215,-1
3216,0
3217,-1
3218,-1
3219,-1
3220,0
3221,-1
3222,-1
3223,-1
3224,0
3225,-1
3226,-1
3227,0
3228,-1
3229,0
3230,-1
3231,-1
3232,-1
3233,-2
3234,-1
3235,-1
3236,0
3237,-1
3238,-1
3239,-1
3240,0
3241,-1
3242,-1
3243,-1
3244,0
3245,-1
3246,-1
3247,-1
3248,-1
3249,0
3250,0
3251,0
3252,0
3253,-1
3254,-1
3255,-1
3256,0
3257,0
3258,-1
3259,0
3260,0
3261,-1
3262,-1
3263,-1
3264,0
3265,-1
3266,0
3267,1
3268,0
3269,0
3270,0
3271,0
3272,0
3273,0
3274,0
3275,0
3276,0
3277,0
3278,0
3279,1
3280,0
3281,0
3282,0
3283,0
3284,0
3285,0
3286,0
3287,0
3288,-1
3289,0
3290,0
3291,0
3292,0
3293,0
3294,0
3295,0
3296,0
3297,0
3298,0
3299,0
3300,0
3301,0
3302,0
3303,0
3304,0
3305,0
3306,1
3307,0
3308,0
3309,0
3310,0
3311,0
3312,-1
3313,0
3314,0
3315,0
3316,-2
3317,0
3318,0
3319,-1
3320,-2
3321,0
3322,0
3323,-1
3324,0
3325,0
3326,0
3327,0
3328,0
3329,0
3330,0
3331,0
3332,0
3333,0
3334,0
3335,0
3336,0
3337,0
3338,0
3339,0
3340,1
3341,0
3342,0
3343,0
3344,-2
3345,1
3346,0
3347,-1
3348,1
3349,0
3350,-1
3351,1
3352,0
3353,-1
3354,0
3355,-1
3356,-1
3357,0
3358,0
3359,-1
3360,1
3361,0
3362,-1
3363,1
3364,0
3365,-1
3366,1
3367,-1
3368,-2
3369,2
3370,-1
3371,-2
3372,1
3373,0
3374,0
3375,0
3376,1
3377,0
3378,0
3379,-1
3380,1
3381,0
3382,0
3383,-1
3384,1
3385,0
3386,-1
3387,-1
3388,1
3389,0
3390,-1
3391,-2
3392,1
3393,0
3394,0
3395,-1
3396,1
3397,0
3398,-2
3399,1
3400,0
3401,0
3402,-2
3403,1
3404,0
3405,-1
3406,0
3407,1
3408,0
3409,0
3410,-1
3411,1
3412,0
3413,-1
3414,2
3415,0
3416,-1
3417,1
3418,0
3419,-1
3420,0
3421,0
3422,-1
3423,2
3424,0
3425,-1
3426,1
3427,0
3428,0
3429,0
3430,1
3431,0
3432,0
3433,-1
3434,1
3435,0
3436,0
3437,0
3438,1
3439,-1
3440,0
3441,0
3442,0
3443,0
3444,2
3445,0
3446,0
3447,0
3448,1
3449,1
3450,1
3451,0
3452,0
3453,-1
3454,2
3455,1
3456,0
3457,-1
3458,2
3459,1
3460,1
3461,-1
3462,2
3463,0
3464,-1
3465,-2
3466,2
3467,0
3468,0
3469,-1
3470,2
3471,0
3472,-1
3473,0
3474,0
3475,0
3476,-1
3477,2
3478,0
3479,0
3480,-2
3481,2
3482,0
3483,-1
3484,-2
3485,2
3486,0
3487,0
3488,-1
3489,2
3490,0
3491,0
3492,-2
3493,2
3494,1
3495,0
3496,-1
3497,2
3498,0
3499,-1
3500,2
3501,0
3502,-1
3503,-1
3504,2
3505,1
3506,-1
3507,-1
3508,2
3509,1
3510,1
3511,-1
3512,3
3513,1
3514,0
3515,-1
3516,2
3517,1
3518,0
3519,-2
3520,3
3521,0
3522,0
3523,-1
3524,3
3525,0
3526,0
3527,-1
3528,2
3529,0
3530,0
3531,0
3532,0
3533,0
3534,0
3535,1
3536,-1
3537,1
3538,-1
3539,1
3540,-1
3541,1
3542,0
3543,1
3544,1
3545,0
3546,0
3547,1
3548,0
3549,-1
3550,1
3551,0
3552,1
3553,0
3554,1
3555,1
3556,-1
3557,0
3558,0
3559,0
3560,-1
3561,0
3562,0
3563,1
3564,0
3565,0
3566,1
3567,-1
3568,0
3569,1
3570,0
3571,0
3572,0
3573,1
3574,1
3575,-1
3576,1
3577,1
3578,1
3579,-1
3580,0
3581,0
3582,-1
3583,0
3584,-1
3585,1
3586,-1
3587,0
3588,1
3589,0
3590,-1
3591,0
3592,0
3593,1
3594,-1
3595,0
3596,0
3597,1
3598,0
3599,0
3600,1
3601,1
3602,0
3603,0
3604,0
3605,-1
3606,0
3607,0
3608,0
3609,-1
3610,0
3611,0
3612,0
3613,-1
3614,0
3615,1
3616,1
3617,0
3618,-1
3619,-2
3620,3
3621,-1
3622,-1
3623,-1
3624,2
3625,-1
3626,-1
3627,-1
3628,2
3629,-1
3630,0
3631,-1
3632,3
3633,-2
3634,-1
3635,0
3636,0
3637,0
3638,-1
3639,-1
3640,2
3641,-2
3642,-1
3643,2
3644,-1
3645,-1
3646,2
3647,-1
3648,-1
3649,-1
3650,-1
3651,-1
3652,2
3653,-1
3654,-2
3655,-1
3656,2
3657,-1
3658,-2
3659,-1
3660,2
3661,-2
3662,-1
3663,-1
3664,3
3665,-2
3666,-1
3667,-1
3668,2
3669,-2
3670,-1
3671,-1
3672,2
3673,-2
3674,-1
3675,-2
3676,3
3677,-1
3678,-1
3679,-1
3680,3
3681,-2
3682,0
3683,0
3684,-1
3685,2
3686,-1
3687,-1
3688,-1
3689,2
3690,-1
3691,-1
3692,1
3693,0
3694,-5
3695,0
3696,1
3697,-2
3698,0
3699,1
3700,0
3701,1
3702,1
3703,0
3704,-1
3705,0
3706,0
3707,0
3708,0
3709,-1
3710,1
3711,0
3712,-1
3713,1
3714,1
3715,-1
3716,-1
3717,0
3718,-1
3719,0
3720,-1
3721,0
3722,-1
3723,-1
3724,0
3725,-1
3726,0
3727,-1
3728,-1
3729,0
3730,-1
3731,-1
3732,0
3733,0
3734,-1
3735,0
3736,-1
3737,-1
3738,0
3739,-1
3740,-1
3741,-2
3742,0
3743,-1
3744,-2
3745,-1
3746,-2
3747,0
3748,0
3749,-1
3750,-1
3751,0
3752,-1
3753,-1
3754,-1
3755,0
3756,0
3757,0
3758,0
3759,-1
3760,-1
3761,-1
3762,-1
3763,0
3764,0
3765,-1
3766,0
3767,0
3768,-1
3769,0
3770,-1
3771,-1
3772,0
3773,0
3774,0
3775,0
3776,0
3777,0
3778,0
3779,0
3780,-1
3781,0
3782,-1
3783,0
3784,0
3785,-1
3786,1
3787,-1
3788,0
3789,0
3790,0
3791,0
3792,0
3793,-1
3794,0
3795,0
3796,-1
3797,-1
3798,0
3799,0
3800,-1
3801,0
3802,-1
3803,0
3804,1
3805,0
3806,0
3807,-1
3808,-1
3809,-1
3810,0
3811,-1
3812,-1
3813,-1
3814,0
3815,-1
3816,-1
3817,0
3818,0
3819,0
3820,0
3821,-1
3822,0
3823,-1
3824,0
3825,-1
3826,-1
3827,-1
3828,-1
3829,0
3830,-1
3831,1
3832,-1
3833,0
3834,-1
3835,1
3836,-2
3837,0
3838,0
3839,-1
3840,0
3841,-1
3842,-1
3843,0
3844,-1
3845,-1
3846,-1
3847,-1
3848,-1
3849,0
3850,0
3851,-1
3852,-1
3853,0
3854,-1
3855,-1
3856,-1
3857,0
3858,-1
3859,-1
3860,-1
3861,0
3862,0
3863,-1
3864,-1
3865,0
3866,-1
3867,-1
3868,-1
3869,1
3870,-1
3871,-1
3872,-1
3873,0
3874,-1
3875,-1
3876,0
3877,0
3878,0
3879,0
3880,0
3881,0
3882,-1
3883,-1
3884,-1
3885,0
3886,-1
3887,0
3888,0
3889,0
3890,-1
3891,-1
3892,-1
3893,0
3894,-1
3895,-1
3896,0
3897,0
3898,0
3899,0
3900,0
3901,-1
3902,0
3903,0
3904,0
3905,0
3906,-1
3907,1
3908,0
3909,0
3910,0
3911,0
3912,0
3913,0
3914,0
3915,1
3916,-1
3917,0
3918,0
3919,-1
3920,0
3921,-1
3922,1
3923,0
3924,-1
3925,1
3926,0
3927,-1
3928,1
3929,0
3930,-2
3931,2
3932,0
3933,-1
3934,0
3935,0
3936,-1
3937,2
3938,0
3939,-1
3940,1
3941,0
3942,-1
3943,1
3944,0
3945,-1
3946,1
3947,0
3948,-2
3949,1
3950,-1
3951,-1
3952,1
3953,0
3954,-2
3955,2
3956,0
3957,-1
3958,1
3959,-1
3960,-1
3961,-1
3962,-1
3963,-1
3964,-1
3965,-1
3966,-1
3967,-1
3968,-1
3969,0
3970,-1
3971,-1
3972,-1
3973,-1
3974,-1
3975,-1
3976,-1
3977,1
3978,3
3979,1
3980,0
3981,-1
3982,2
3983,0
3984,1
3985,0
3986,-1
3987,-1
3988,2
3989,-1
3990,-1
3991,-1
3992,2
3993,0
3994,1
3995,-2
3996,2
3997,1
3998,1
3999,0
4000,3
4001,0
4002,0
4003,-2
4004,2
4005,1
4006,0
4007,-1
4008,2
4009,1
4010,2
4011,-2
4012,0
4013,-1
4014,1
4015,0
4016,0
4017,-1
4018,2
4019,0
4020,1
4021,-1
4022,1
4023,-1
4024,0
4025,-1
4026,0
4027,-1
4028,1
4029,-1
4030,0
4031,0
4032,0
4033,-2
4034,0
4035,0
4036,0
4037,-1
4038,0
4039,1
4040,0
4041,-1
4042,0
4043,0
4044,0
4045,-1
4046,0
4047,1
4048,0
4049,1
4050,0
4051,1
4052,0
4053,0
4054,-1
4055,0
4056,-1
4057,0
4058,0
4059,-2
4060,0
4061,-1
4062,0
4063,-1
4064,0
4065,-1
4066,0
4067,-1
4068,0
4069,-1
4070,0
4071,0
4072,1
4073,0
4074,-1
4075,0
4076,2
4077,1
4078,0
4079,0
4080,0
4081,-1
4082,0
4083,1
4084,1
4085,0
4086,-1
4087,-1
4088,-1
4089,0
4090,2
4091,-1
4092,0
4093,-1
4094,-2
4095,-1
4096,3
4097,-1
4098,0
4099,-1
4100,3
4101,-1
4102,-2
4103,-1
4104,3
4105,-1
4106,-1
4107,-1
4108,3
4109,-1
4110,-1
4111,0
4112,3
4113,-1
4114,0
4115,-1
4116,2
4117,-1
4118,-1
4119,-1
4120,3
4121,-1
4122,0
4123,-1
4124,3
4125,-1
4126,-1
4127,-1
4128,3
4129,-1
4130,-1
4131,0
4132,0
4133,0
4134,2
4135,0
4136,-1
4137,-1
4138,0
4139,0
4140,0
4141,-1
4142,0
4143,0
4144,-1
4145,-1
4146,1
4147,0
4148,-1
4149,-2
4150,0
4151,-1
4152,0
4153,1
4154,-1
4155,-2
4156,0
4157,0
4158,-1
4159,-1
4160,1
4161,-1
4162,0
4163,0
4164,-1
4165,-2
4166,-1
4167,0
4168,1
4169,1
4170,0
4171,1
4172,0
4173,1
4174,0
4175,-1
4176,0
4177,0
4178,0
4179,1
4180,-1
4181,0
4182,0
4183,1
4184,0
4185,0
4186,0
4187,1
4188,0
4189,-1
4190,1
4191,-1
4192,-1
4193,1
4194,-1
4195,-2
4196,-1
4197,0
4198,1
4199,-1
4200,-1
4201,-2
4202,-2
4203,1
4204,-1
4205,-1
4206,-1
4207,-1
4208,1
4209,0
4210,0
4211,0
4212,-1
4213,0
4214,-1
4215,0
4216,0
4217,0
4218,0
4219,0
4220,0
4221,0
4222,0
4223,0
4224,1
4225,-1
4226,0
4227,0
4228,0
4229,-1
4230,0
4231,0
4232,0
4233,0
4234,0
4235,-1
4236,-1
4237,0
4238,-1
4239,-1
4240,0
4241,-1
4242,0
4243,0
4244,-1
4245,0
4246,0
4247,0
4248,0
4249,0
4250,-1
4251,0
4252,-1
4253,-1
4254,0
4255,0
4256,-1
4257,0
4258,0
4259,1
4260,0
4261,-1
4262,0
4263,0
4264,-1
4265,-1
4266,0
4267,-1
4268,0
4269,0
4270,-1
4271,0
4272,0
4273,0
4274,0
4275,0
4276,0
4277,0
4278,-2
4279,0
4280,0
4281,-1
4282,0
4283,0
4284,0
4285,0
4286,-1
4287,0
4288,0
4289,-1
4290,0
4291,-1
4292,0
4293,0
4294,-1
4295,0
4296,-1
4297,0
4298,-1
4299,0
4300,0
4301,0
4302,-1
4303,0
4304,0
4305,0
4306,-1
4307,0
4308,-1
4309,0
4310,-1
4311,0
4312,-1
4313,0
4314,-1
4315,0
4316,-1
4317,0
4318,-1
4319,0
4320,0
4321,0
4322,0
4323,0
4324,0
4325,0
4326,-1
4327,0
4328,0
4329,-1
4330,0
4331,1
4332,-1
4333,-1
4334,0
4335,0
4336,0
4337,-2
4338,0
4339,0
4340,-1
4341,0
4342,-1
4343,-1
4344,0
4345,-1
4346,-1
4347,2
4348,2
4349,-1
4350,0
4351,-1
4352,0
4353,-1
4354,-1
4355,-1
4356,-1
4357,0
4358,-2
4359,0
4360,-1
4361,-1
4362,0
4363,0
4364,-1
4365,0
4366,-1
4367,0
4368,0
4369,-1
4370,-3
4371,0
4372,-1
4373,-1
4374,0
4375,0
4376,0
4377,-1
4378,1
4379,-1
4380,-1
4381,-1
4382,0
4383,-1
4384,-1
4385,-1
4386,0
4387,0
4388,-1
4389,-1
4390,0
4391,-1
4392,-1
4393,-1
4394,0
4395,-1
4396,-1
4397,-1
4398,0
4399,-1
4400,-1
4401,-1
4402,0
4403,-1
4404,-1
4405,-1
4406,-1
4407,-1
4408,-1
4409,0
4410,-1
4411,-1
4412,-1
4413,-1
4414,-1
4415,-1
4416,-1
4417,-1
4418,-1
4419,-2
4420,-1
4421,-1
4422,-1
4423,-1
4424,1
4425,-1
4426,0
4427,-1
4428,-1
4429,1
4430,0
4431,-1
4432,-1
4433,-3
4434,-1
4435,-1
4436,-1
4437,0
4438,-1
4439,-1
4440,-1
4441,0
4442,-1
4443,-1
4444,-1
4445,0
4446,-1
4447,0
4448,0
4449,0
4450,-1
4451,0
4452,1
4453,0
4454,-1
4455,0
4456,0
4457,0
4458,0
4459,0
4460,0
4461,0
4462,0
4463,0
4464,0
4465,0
4466,0
4467,0
4468,0
4469,0
4470,0
4471,0
4472,0
4473,0
4474,-1
4475,0
4476,0
4477,0
4478,0
4479,0
4480,0
4481,0
4482,0
4483,1
4484,0
4485,0
4486,1
4487,0
4488,0
4489,0
4490,0
4491,-1
4492,-3
4493,0
4494,0
4495,0
4496,-1
4497,0
4498,0
4499,-1
4500,0
4501,0
4502,-2
4503,0
4504,0
4505,-1
4506,1
4507,0
4508,-1
4509,1
4510,0
4511,-1
4512,2
4513,0
4514,-1
4515,2
4516,0
4517,-1
4518,2
4519,0
4520,-2
4521,2
4522,-1
4523,-1
4524,2
4525,0
4526,-1
4527,1
4528,0
4529,0
4530,-1
4531,1
4532,0
4533,0
4534,-1
4535,1
4536,0
4537,0
4538,-1
4539,1
4540,0
4541,0
4542,-2
4543,1
4544,0
4545,0
4546,-2
4547,1
4548,0
4549,0
4550,-1
4551,1
4552,0
4553,0
4554,-1
4555,2
4556,0
4557,-1
4558,2
4559,1
4560,-1
4561,1
4562,0
4563,-1
4564,0
4565,0
4566,0
4567,0
4568,0
4569,0
4570,-1
4571,0
4572,-1
4573,-1
4574,-1
4575,-1
4576,0
4577,0
4578,-1
4579,-1
4580,0
4581,0
4582,0
4583,1
4584,0
4585,1
4586,0
4587,-1
4588,2
4589,1
4590,0
4591,-2
4592,3
4593,1
4594,0
4595,-2
4596,2
4597,0
4598,0
4599,-2
4600,2
4601,0
4602,1
4603,-1
4604,2
4605,1
4606,0
4607,-1
4608,2
4609,0
4610,0
4611,-1
4612,2
4613,0
4614,0
4615,-1
4616,2
4617,0
4618,0
4619,-2
4620,2
4621,0
4622,0
4623,-1
4624,2
4625,0
4626,-1
4627,0
4628,-2
4629,0
4630,-1
4631,2
4632,0
4633,-1
4634,2
4635,1
4636,-2
4637,2
4638,0
4639,0
4640,-2
4641,2
4642,0
4643,-1
4644,-1
4645,2
4646,0
4647,0
4648,0
4649,0
4650,0
4651,0
4652,-1
4653,1
4654,-1
4655,1
4656,-1
4657,1
4658,0
4659,0
4660,0
4661,0
4662,1
4663,1
4664,1
4665,-1
4666,0
4667,0
4668,0
4669,-1
4670,1
4671,1
4672,1
4673,-1
4674,-1
4675,0
4676,0
4677,-1
4678,0
4679,1
4680,0
4681,0
4682,0
4683,1
4684,1
4685,0
4686,0
4687,0
4688,0
4689,0
4690,0
4691,1
4692,0
4693,-1
4694,0
4695,1
4696,0
4697,0
4698,1
4699,0
4700,-1
4701,0
4702,0
4703,-1
4704,-1
4705,0
4706,1
4707,1
4708,-1
4709,0
4710,0
4711,0
4712,-1
4713,0
4714,0
4715,0
4716,0
4717,0
4718,1
4719,0
4720,0
4721,0
4722,1
4723,1
4724,-1
4725,0
4726,0
4727,0
4728,-1
4729,-1
4730,-2
4731,0
4732,0
4733,0
4734,0
4735,-1
4736,2
4737,-1
4738,-1
4739,-1
4740,2
4741,-1
4742,-1
4743,-1
4744,3
4745,-1
4746,-2
4747,-1
4748,2
4749,-1
4750,-1
4751,-1
4752,2
4753,-1
4754,-1
4755,-1
4756,3
4757,-1
4758,-1
4759,2
4760,-2
4761,-1
4762,0
4763,-2
4764,-1
4765,-1
4766,2
4767,-1
4768,0
4769,-2
4770,2
4771,0
4772,-1
4773,-1
4774,2
4775,-1
4776,-2
4777,2
4778,0
4779,-2
4780,2
4781,-1
4782,-1
4783,2
4784,0
4785,1
4786,0
4787,-1
4788,0
4789,0
4790,-1
4791,0
4792,1
4793,0
4794,0
4795,0
4796,-1
4797,1
4798,0
4799,-1
4800,0
4801,0
4802,-1
4803,1
4804,0
4805,0
4806,-1
4807,-1
4808,0
4809,-1
4810,-1
4811,0
4812,-1
4813,-1
4814,0
4815,-1
4816,-1
4817,0
4818,-1
4819,-1
4820,0
4821,-1
4822,-1
4823,0
4824,0
4825,-1
4826,0
4827,0
4828,-1
4829,0
4830,0
4831,-1
4832,0
4833,0
4834,-1
4835,-1
4836,-1
4837,-1
4838,0
4839,-1
4840,0
4841,0
4842,-1
4843,0
4844,0
4845,0
4846,-1
4847,0
4848,0
4849,-1
4850,0
4851,0
4852,0
4853,0
4854,0
4855,0
4856,0
4857,0
4858,0
4859,1
4860,0
4861,0
4862,0
4863,0
4864,0
4865,-1
4866,0
4867,0
4868,-1
4869,0
4870,0
4871,0
4872,-1
4873,0
4874,0
4875,0
4876,0
4877,0
4878,-1
4879,-1
4880,-1
4881,0
4882,-1
4883,-1
4884,-1
4885,0
4886,-1
4887,-1
4888,-1
4889,-1
4890,-1
4891,0
4892,0
4893,0
4894,-1
4895,0
4896,-1
4897,0
4898,-1
4899,-1
4900,-1
4901,0
4902,0
4903,-1
4904,-1
4905,-1
4906,0
4907,-1
4908,-1
4909,-1
4910,-1
4911,-1
4912,0
4913,-1
4914,-1
4915,-1
4916,-1
4917,-1
4918,-1
4919,-1
4920,-1
4921,0
4922,-1
4923,-1
4924,-1
4925,0
4926,-1
4927,-1
4928,0
4929,0
4930,-1
4931,-1
4932,-1
4933,0
4934,0
4935,0
4936,-1
4937,0
4938,-1
4939,-1
4940,-1
4941,0
4942,-1
4943,-1
4944,-1
4945,0
4946,-1
4947,-1
4948,0
4949,0
4950,-1
4951,0
4952,-1
4953,0
4954,-1
4955,0
4956,-1
4957,0
4958,0
4959,0
4960,0
4961,-1
4962,0
4963,1
4964,0
4965,-1
4966,0
4967,0
4968,0
4969,0
4970,0
4971,0
4972,0
4973,0
4974,0
4975,-1
4976,0
4977,-1
4978,1
4979,-1
4980,-1
4981,2
4982,0
4983,-1
4984,1
4985,0
4986,-1
4987,2
4988,-1
4989,-1
4990,1
4991,0
4992,-1
4993,2
4994,0
4995,0
4996,0
4997,1
4998,0
4999,-1
5000,1
5001,-1
5002,-1
5003,1
5004,0
5005,-1
5006,1
5007,-1
5008,-1
5009,1
5010,0
5011,0
5012,-1
5013,1
5014,0
5015,-1
5016,2
5017,0
5018,-1
5019,-1
5020,-1
5021,-1
5022,-1
5023,-2
5024,-1
5025,0
5026,0
5027,-1
5028,0
5029,-1
5030,0
5031,0
5032,1
5033,-1
5034,2
5035,-1
5036,-1
5037,-2
5038,2
5039,0
5040,0
5041,-1
5042,2
5043,0
5044,0
5045,-1
5046,2
5047,0
5048,-1
5049,0
5050,3
5051,0
5052,-1
5053,-1
5054,2
5055,0
5056,0
5057,-1
5058,2
5059,0
5060,0
5061,-1
5062,2
5063,1
5064,1
5065,-1
5066,1
5067,0
5068,1
5069,-1
5070,0
5071,-1
5072,0
5073,0
5074,0
5075,-1
5076,0
5077,0
5078,0
5079,0
5080,1
5081,0
5082,0
5083,1
5084,-1
5085,0
5086,-1
5087,0
5088,-1
5089,0
5090,-1
5091,0
5092,-2
5093,0
5094,-1
5095,0
5096,-1
5097,0
5098,0
5099,1
5100,0
5101,-1
5102,0
5103,1
5104,1
5105,0
5106,0
5107,1
5108,1
5109,-1
5110,-2
5111,-1
5112,3
5113,-1
5114,-1
5115,2
5116,0
5117,-1
5118,1
5119,-1
5120,-1
5121,-1
5122,3
5123,-2
5124,0
5125,-1
5126,3
5127,-2
5128,0
5129,0
5130,2
5131,-2
5132,0
5133,-2
5134,-1
5135,2
5136,-1
5137,-1
5138,-2
5139,3
5140,-1
5141,-1
5142,-2
5143,3
5144,-1
5145,-1
5146,-2
5147,2
5148,-1
5149,-1
5150,-1
5151,0
5152,-1
5153,-1
5154,-2
5155,0
5156,0
5157,-1
5158,0
5159,1
5160,-1
5161,-1
5162,0
5163,0
5164,0
5165,-2
5166,-2
5167,0
5168,0
5169,0
5170,-1
5171,0
5172,-1
5173,0
5174,-1
5175,1
5176,0
5177,-1
5178,0
5179,-1
5180,0
5181,1
5182,0
5183,-1
5184,1
5185,0
5186,0
5187,1
5188,1
5189,0
5190,1
5191,-1
5192,0
5193,0
5194,1
5195,-1
5196,0
5197,-1
5198,0
5199,0
5200,-1
5201,0
5202,-1
5203,-1
5204,1
5205,-1
5206,-1
5207,-1
5208,0
5209,1
5210,0
5211,-1
5212,1
5213,-1
5214,-1
5215,0
5216,-1
5217,1
5218,0
5219,0
5220,-1
5221,0
5222,0
5223,0
5224,0
5225,0
5226,0
5227,0
5228,0
5229,0
5230,0
5231,-1
5232,0
5233,1
5234,-1
5235,0
5236,0
5237,-1
5238,0
5239,0
5240,0
5241,-1
5242,0
5243,-1
5244,0
5245,-3
5246,0
5247,0
5248,-1
5249,0
5250,0
5251,0
5252,0
5253,0
5254,1
5255,-1
5256,0
5257,0
5258,-1
5259,-1
5260,0
5261,-1
5262,0
5263,0
5264,0
5265,-1
5266,0
5267,0
5268,-2
5269,0
5270,0
5271,-1
5272,0
5273,0
5274,0
5275,0
5276,-1
5277,0
5278,0
5279,0
5280,0
5281,0
5282,-1
5283,0
5284,0
5285,0
5286,-1
5287,0
5288,-1
5289,0
5290,-1
5291,-1
5292,0
5293,0
5294,-1
5295,0
5296,-1
5297,0
5298,-1
5299,0
5300,-1
5301,0
5302,-1
5303,0
5304,-1
5305,0
5306,0
5307,0
5308,0
5309,-2
5310,0
5311,0
5312,0
5313,-1
5314,0
5315,0
5316,0
5317,0
5318,-1
5319,0
5320,-1
5321,0
5322,-1
5323,0
5324,0
5325,0
5326,-1
5327,-1
5328,-1
5329,0
5330,0
5331,0
5332,0
5333,0
5334,-1
5335,0
5336,0
5337,0
5338,0
5339,-1
5340,-1
5341,-1
5342,0
5343,-1
5344,0
5345,-1
5346,0
5347,-1
5348,0
5349,-1
5350,-1
5351,0
5352,-1
5353,0
5354,0
5355,-1
5356,-1
5357,0
5358,0
5359,-1
5360,0
5361,-1
5362,0
5363,-1
5364,0
5365,-1
5366,-1
5367,0
5368,0
5369,-1
5370,0
5371,-1
5372,0
5373,-1
5374,0
5375,-1
5376,0
5377,-1
5378,-1
5379,0
5380,0
5381,-1
5382,0
5383,-1
5384,0
5385,-2
5386,0
5387,-1
5388,-1
5389,-1
5390,0
5391,-1
5392,-1
5393,-1
5394,-1
5395,-1
5396,-1
5397,-1
5398,-1
5399,0
5400,-1
5401,-1
5402,0
5403,0
5404,-1
5405,-1
5406,0
5407,-1
5408,-1
5409,-1
5410,0
5411,-1
5412,-1
5413,-1
5414,0
5415,-1
5416,-1
5417,-1
5418,1
5419,0
5420,0
5421,1
5422,0
5423,0
5424,0
5425,0
5426,0
5427,0
5428,0
5429,0
5430,0
5431,0
5432,0
5433,0
5434,0
5435,0
5436,0
5437,0
5438,0
5439,0
5440,-1
5441,0
5442,0
5443,0
5444,-1
5445,0
5446,0
5447,0
5448,0
5449,0
5450,0
5451,0
5452,0
5453,0
5454,0
5455,-1
5456,-1
5457,-1
5458,1
5459,0
5460,-1
5461,0
5462,0
5463,0
5464,0
5465,0
5466,0
5467,0
5468,0
5469,0
5470,0
5471,0
5472,0
5473,0
5474,1
5475,0
5476,0
5477,0
5478,-2
5479,1
5480,0
5481,-1
5482,1
5483,-1
5484,-1
5485,2
5486,-1
5487,-1
5488,1
5489,-1
5490,-2
5491,1
5492,0
5493,-1
5494,2
5495,-1
5496,-1
5497,1
5498,0
5499,-1
5500,1
5501,0
5502,0
5503,-1
5504,1
5505,0
5506,0
5507,-1
5508,1
5509,0
5510,0
5511,-1
5512,1
5513,0
5514,1
5515,-1
5516,1
5517,0
5518,1
5519,-1
5520,1
5521,0
5522,1
5523,-1
5524,1
5525,0
5526,0
5527,-1
5528,1
5529,0
5530,-1
5531,2
5532,-1
5533,-1
5534,1
5535,0
5536,0
5537,0
5538,-1
5539,0
5540,-1
5541,0
5542,-1
5543,0
5544,0
5545,0
5546,0
5547,0
5548,0
5549,0
5550,0
5551,1
5552,0
5553,-1
5554,2
5555,0
5556,-1
5557,-1
5558,2
5559,1
5560,-1
5561,-1
5562,2
5563,0
5564,0
5565,-1
5566,2
5567,0
5568,0
5569,-1
5570,2
5571,0
5572,0
5573,-1
5574,2
5575,0
5576,0
5577,-2
5578,2
5579,1
5580,0
5581,-1
5582,3
5583,0
5584,1
5585,-2
5586,2
5587,0
5588,0
5589,-2
5590,2
5591,-1
5592,0
5593,-1
5594,2
5595,0
5596,0
5597,-1
5598,2
5599,1
5600,0
5601,-1
5602,2
5603,0
5604,0
5605,-1
5606,-1
5607,-1
5608,2
5609,0
5610,0
5611,-1
5612,2
5613,0
5614,0
5615,-1
5616,3
5617,0
5618,0
5619,0
5620,0
5621,1
5622,0
5623,1
5624,-1
5625,1
5626,0
5627,0
5628,0
5629,0
5630,0
5631,1
5632,0
5633,-1
5634,0
5635,1
5636,1
5637,0
5638,0
5639,1
5640,1
5641,-1
5642,0
5643,0
5644,0
5645,-1
5646,1
5647,0
5648,1
5649,0
5650,0
5651,-1
5652,0
5653,-1
5654,1
5655,1
5656,0
5657,-1
5658,0
5659,1
5660,1
5661,0
5662,0
5663,1
5664,1
5665,-1
5666,0
5667,1
5668,-1
5669,0
5670,0
5671,0
5672,-1
5673,0
5674,0
5675,1
5676,0
5677,0
5678,1
5679,0
5680,0
5681,-1
5682,-1
5683,2
5684,-2
5685,-1
5686,-1
5687,3
5688,-1
5689,-1
5690,-1
5691,2
5692,-1
5693,0
5694,-2
5695,3
5696,-1
5697,0
5698,-1
5699,2
5700,-2
5701,-1
5702,3
5703,-1
5704,-1
5705,0
5706,0
5707,-1
5708,-1
5709,2
5710,-1
5711,0
5712,-1
5713,3
5714,-2
5715,0
5716,2
5717,0
5718,-1
5719,-1
5720,3
5721,-1
5722,-1
5723,-1
5724,2
5725,-1
5726,-2
5727,-1
5728,2
5729,-1
5730,0
5731,-1
5732,2
5733,-1
5734,0
5735,-1
5736,2
5737,-1
5738,-1
5739,-1
5740,3
5741,-2
5742,-1
5743,1
5744,0
5745,-1
5746,0
5747,0
5748,0
5749,-1
5750,1
5751,1
5752,-1
5753,1
5754,1
5755,-1
5756,0
5757,0
5758,0
5759,0
5760,1
5761,1
5762,-1
5763,0
5764,-1
5765,0
5766,-1
5767,0
5768,-1
5769,-1
5770,-1
5771,-1
5772,-1
5773,0
5774,-1
5775,-1
5776,-1
5777,0
5778,-1
5779,-1
5780,0
5781,-1
5782,-1
5783,0
5784,0
5785,0
5786,-1
5787,0
5788,-1
5789,-1
5790,-1
5791,-1
5792,-1
5793,0
5794,0
5795,-1
5796,-1
5797,0
5798,0
5799,1
5800,0
5801,-1
5802,0
5803,0
5804,-1
5805,0
5806,0
5807,0
5808,-1
5809,0
5810,0
5811,0
5812,-1
5813,-1
5814,0
5815,0
5816,-1
5817,-1
5818,0
5819,0
5820,-1
5821,0
5822,-1
5823,0
5824,-1
5825,0
5826,0
5827,0
5828,-1
5829,-1
5830,0
5831,0
5832,-1
5833,0
5834,-1
5835,0
5836,-1
5837,-1
5838,0
5839,0
5840,-1
5841,0
5842,-1
5843,0
5844,-1
5845,-1
5846,-1
5847,0
5848,-1
5849,-1
5850,-1
5851,-1
5852,-1
5853,-1
5854,-1
5855,0
5856,-1
5857,-1
5858,-1
5859,-1
5860,0
5861,-1
5862,-1
5863,-1
5864,0
5865,-1
5866,-1
5867,-1
5868,0
5869,-1
5870,-1
5871,-1
5872,0
5873,-1
5874,-1
5875,-2
5876,0
5877,0
5878,-1
5879,-1
5880,0
5881,0
5882,-1
5883,-1
5884,0
5885,-1
5886,-1
5887,-1
5888,0
5889,-1
5890,-1
5891,-1
5892,0
5893,0
5894,0
5895,0
5896,-1
5897,-1
5898,-1
5899,0
5900,-1
5901,-1
5902,-1
5903,0
5904,-2
5905,0
5906,0
5907,0
5908,-1
5909,0
5910,0
5911,0
5912,0
5913,0
5914,0
5915,0
5916,-1
5917,0
5918,0
5919,0
5920,0
5921,-1
5922,0
5923,0
5924,0
5925,0
5926,0
5927,0
5928,0
5929,-1
5930,-1
5931,0
5932,-1
5933,1
5934,0
5935,-1
5936,1
5937,-1
5938,-1
5939,1
5940,0
5941,-2
5942,1
5943,-2
5944,2
5945,1
5946,-1
5947,1
5948,0
5949,-1
5950,1
5951,0
5952,-2
5953,2
5954,0
5955,-1
5956,1
5957,0
5958,-1
5959,1
5960,0
5961,-2
5962,0
5963,-1
5964,1
5965,0
5966,-1
5967,1
5968,0
5969,-1
5970,1
5971,0
5972,-1
5973,1
5974,0
5975,-1
5976,1
5977,0
5978,-1
5979,2
5980,-1
5981,-1
5982,-1
5983,-1
5984,-1
5985,-1
5986,-1
5987,-1
5988,-1
5989,-1
5990,-1
5991,0
5992,-1
5993,-1
5994,-1
5995,0
5996,-1
5997,-1
5998,0
5999,-1
6000,-1
6001,2
6002,0
6003,0
6004,-1
6005,2
6006,0
6007,-1
6008,-1
6009,2
6010,0
6011,1
6012,-1
6013,3
6014,0
6015,1
6016,-1
6017,2
6018,1
6019,0
6020,2
6021,1
6022,0
6023,-1
6024,3
6025,0
6026,1
6027,-1
6028,-2
6029,-1
6030,-1
6031,0
6032,1
6033,-2
6034,1
6035,-1
6036,0
6037,0
6038,0
6039,-1
6040,0
6041,0
6042,0
6043,-1
6044,0
6045,0
6046,0
6047,-1
6048,0
6049,0
6050,0
6051,-1
6052,0
6053,0
6054,0
6055,1
6056,1
6057,0
6058,-2
6059,0
6060,-1
6061,0
6062,0
6063,-1
6064,0
6065,-1
6066,0
6067,-1
6068,0
6069,-1
6070,0
6071,-1
6072,0
6073,0
6074,-1
6075,0
6076,-1
6077,0
6078,0
6079,0
6080,0
6081,-1
6082,0
6083,1
6084,0
6085,0
6086,0
6087,0
6088,0
6089,-1
6090,0
6091,0
6092,0
6093,0
6094,-1
6095,-1
6096,-1
6097,-2
6098,3
6099,-1
6100,-1
6101,-1
6102,3
6103,-1
6104,-1
6105,0
6106,2
6107,-1
6108,0
6109,-2
6110,3
6111,-1
6112,0
6113,-1
6114,3
6115,-1
6116,-1
6117,-2
6118,3
6119,-2
6120,-1
6121,2
6122,-1
6123,0
6124,2
6125,-1
6126,-2
6127,2
6128,-1
6129,-1
6130,-1
6131,3
6132,-1
6133,-1
6134,-1
6135,2
6136,-1
6137,-1
6138,0
6139,-1
6140,-1
6141,0
6142,0
6143,-1
6144,-1
6145,0
6146,-1
6147,0
6148,-1
6149,1
6150,-1
6151,0
6152,-1
6153,1
6154,-1
6155,-1
6156,0
6157,0
6158,0
6159,-1
6160,-2
6161,1
6162,0
6163,-1
6164,-1
6165,0
6166,0
6167,-1
6168,-1
6169,0
6170,-1
6171,-1
6172,-1
6173,0
6174,-1
6175,-1
6176,-1
6177,-1
6178,0
6179,-1
6180,1
6181,1
6182,0
6183,0
6184,0
6185,0
6186,0
6187,1
6188,-1
6189,1
6190,1
6191,0
6192,1
6193,-1
6194,0
6195,0
6196,1
6197,0
6198,-1
6199,-1
6200,0
6201,-1
6202,0
6203,-1
6204,-1
6205,1
6206,0
6207,-1
6208,1
6209,-1
6210,-1
6211,1
6212,-1
6213,-2
6214,0
6215,0
6216,0
6217,0
6218,0
6219,0
6220,0
6221,0
6222,-1
6223,0
6224,0
6225,0
6226,0
6227,1
6228,0
6229,0
6230,0
6231,0
6232,0
6233,0
6234,0
6235,0
6236,0
6237,0
6238,0
6239,0
6240,0
6241,-1
6242,-1
6243,-1
6244,0
6245,0
6246,-1
6247,0
6248,0
6249,-1
6250,-1
6251,0
6252,0
6253,0
6254,0
6255,-1
6256,0
6257,0
6258,0
6259,0
6260,0
6261,0
6262,0
6263,0
6264,0
6265,0
6266,0
6267,-1
6268,-1
6269,0
6270,-1
6271,0
6272,0
6273,-1
6274,0
6275,0
6276,-1
6277,0
6278,0
6279,-1
6280,0
6281,0
6282,-1
6283,0
6284,0
6285,0
6286,1
6287,1
6288,0
6289,0
6290,0
6291,0
6292,0
6293,0
6294,0
6295,0
6296,0
6297,-1
6298,-1
6299,0
6300,0
6301,-1
6302,0
6303,0
6304,0
6305,-1
6306,0
6307,-1
6308,0
6309,0
6310,-1
6311,0
6312,-1
6313,-1
6314,-1
6315,0
6316,-1
6317,0
6318,-1
6319,0
6320,-1
6321,0
6322,-1
6323,0
6324,-1
6325,0
6326,0
6327,0
6328,-1
6329,0
6330,-1
6331,0
6332,0
6333,0
6334,0
6335,-1
6336,0
6337,0
6338,0
6339,-1
6340,0
6341,1
6342,0
6343,-1
6344,0
6345,0
6346,0
6347,-2
6348,-1
6349,-1
6350,-1
6351,0
6352,-1
6353,0
6354,-1
6355,0
6356,-1
6357,0
6358,-1
6359,0
6360,-1
6361,0
6362,0
6363,0
6364,-1
6365,-1
6366,0
6367,0
6368,-1
6369,-1
6370,-1
6371,0
6372,0
6373,1
6374,0
6375,0
6376,0
6377,0
6378,-1
6379,0
6380,0
6381,0
6382,-1
6383,0
6384,0
6385,0
6386,-1
6387,0
6388,-2
6389,0
6390,-1
6391,0
6392,-1
6393,0
6394,-2
6395,-1
6396,-1
6397,0
6398,-1
6399,0
6400,-1
6401,0
6402,0
6403,-1
6404,-1
6405,0
6406,-1
6407,0
6408,0
6409,-1
6410,0
6411,-1
6412,-1
6413,0
6414,-1
6415,-1
6416,-1
6417,-1
6418,-1
6419,0
6420,-1
6421,0
6422,-1
6423,-1
6424,-1
6425,0
6426,-1
6427,-1
6428,-1
6429,0
6430,-1
6431,-1
6432,-1
6433,0
6434,-1
6435,-1
6436,-1
6437,0
6438,-1
6439,-1
6440,-1
6441,0
6442,-1
6443,-1
6444,-1
6445,0
6446,-1
6447,-1
6448,-1
6449,0
6450,-1
6451,-1
6452,-1
6453,-1
6454,0
6455,-1
6456,-1
6457,-1
6458,-1
6459,-1
6460,1
6461,-1
6462,-2
6463,-1
6464,-1
6465,-1
6466,0
6467,-1
6468,-1
6469,-1
6470,-1
6471,1
6472,-1
6473,-1
6474,-1
6475,-1
6476,-2
6477,-1
6478,0
6479,0
6480,-1
6481,-1
6482,-1
6483,-1
6484,-1
6485,0
6486,-1
6487,0
6488,-1
6489,-1
6490,-1
6491,0
6492,-1
6493,0
6494,0
6495,0
6496,0
6497,0
6498,0
6499,0
6500,0
6501,0
6502,0
6503,0
6504,0
6505,0
6506,-1
6507,0
6508,0
6509,0
6510,0
6511,0
6512,0
6513,0
6514,0
6515,-1
6516,0
6517,0
6518,0
6519,0
6520,-1
6521,0
6522,0
6523,0
6524,0
6525,0
6526,0
6527,0
6528,0
6529,0
6530,0
6531,0
6532,0
6533,0
6534,0
6535,0
6536,0
6537,0
6538,0
6539,-1
6540,0
6541,0
6542,0
6543,0
6544,0
6545,0
6546,-1
6547,-1
6548,0
6549,0
6550,-1
6551,0
6552,0
6553,0
6554,0
6555,0
6556,0
6557,0
6558,0
6559,0
6560,0
6561,0
6562,0
6563,0
6564,0
6565,0
6566,0
6567,0
6568,-1
6569,0
6570,0
6571,-2
6572,2
6573,0
6574,-1
6575,3
6576,0
6577,-1
6578,1
6579,0
6580,-1
6581,1
6582,0
6583,-1
6584,1
6585,0
6586,-1
6587,1
6588,0
6589,-1
6590,1
6591,0
6592,-1
6593,1
6594,-1
6595,-1
6596,1
6597,0
6598,-2
6599,1
6600,0
6601,-1
6602,1
6603,0
6604,-1
6605,-1
6606,1
6607,0
6608,0
6609,-1
6610,1
6611,0
6612,0
6613,-1
6614,1
6615,0
6616,0
6617,-1
6618,1
6619,0
6620,-1
6621,-1
6622,1
6623,0
6624,-1
6625,-1
6626,1
6627,0
6628,-2
6629,-1
6630,1
6631,0
6632,0
6633,-1
6634,1
6635,1
6636,0
6637,-1
6638,2
6639,0
6640,0
6641,-2
6642,2
6643,0
6644,-1
6645,1
6646,0
6647,-1
6648,3
6649,0
6650,-2
6651,1
6652,0
6653,-1
6654,1
6655,0
6656,0
6657,0
6658,-1
6659,0
6660,0
6661,0
6662,-1
6663,0
6664,0
6665,-1
6666,0
6667,0
6668,-1
6669,0
6670,-1
6671,-1
6672,0
6673,-1
6674,0
6675,0
6676,1
6677,1
6678,1
6679,0
6680,-1
6681,2
6682,0
6683,-1
6684,-1
6685,2
6686,0
6687,-1
6688,-1
6689,2
6690,0
6691,-1
6692,-2
6693,2
6694,0
6695,0
6696,-1
6697,2
6698,0
6699,0
6700,-1
6701,2
6702,1
6703,1
6704,-1
6705,2
6706,0
6707,0
6708,0
6709,1
6710,-1
6711,2
6712,-1
6713,1
6714,-1
6715,2
6716,0
6717,1
6718,-1
6719,2
6720,1
6721,0
6722,-1
6723,3
6724,0
6725,1
6726,-1
6727,2
6728,0
6729,0
6730,-1
6731,2
6732,0
6733,-1
6734,0
6735,0
6736,0
6737,-2
6738,2
6739,1
6740,0
6741,-1
6742,2
6743,0
6744,-1
6745,-1
6746,2
6747,0
6748,-1
6749,-1
6750,2
6751,1
6752,0
6753,0
6754,2
6755,0
6756,0
6757,-1
6758,2
6759,0
6760,0
6761,0
6762,0
6763,0
6764,0
6765,0
6766,0
6767,1
6768,0
6769,1
6770,-1
6771,1
6772,0
6773,0
6774,0
6775,-1
6776,1
6777,1
6778,1
6779,-1
6780,0
6781,-1
6782,1
6783,-1
6784,0
6785,1
6786,0
6787,0
6788,0
6789,0
6790,0
6791,-1
6792,0
6793,0
6794,1
6795,-1
6796,0
6797,0
6798,0
6799,-1
6800,0
6801,0
6802,0
6803,-1
6804,0
6805,0
6806,1
6807,-1
6808,0
6809,0
6810,0
6811,0
6812,0
6813,-1
6814,0
6815,1
6816,-1
6817,0
6818,1
6819,0
6820,-1
6821,0
6822,-1
6823,1
6824,0
6825,0
6826,1
6827,1
6828,0
6829,0
6830,0
6831,-1
6832,0
6833,1
6834,1
6835,-1
6836,1
6837,1
6838,0
6839,0
6840,0
6841,1
6842,1
6843,-1
6844,-1
6845,-2
6846,3
6847,-1
6848,-1
6849,-1
6850,3
6851,1
6852,-1
6853,-1
6854,2
6855,0
6856,-1
6857,2
6858,-1
6859,-1
6860,-1
6861,3
6862,-1
6863,-1
6864,3
6865,-2
6866,-1
6867,2
6868,-1
6869,0
6870,-1
6871,0
6872,-1
6873,2
6874,-1
6875,-2
6876,-2
6877,3
6878,-1
6879,-2
6880,-1
6881,2
6882,-1
6883,-1
6884,-1
6885,2
6886,-2
6887,0
6888,0
6889,3
6890,-1
6891,-1
6892,-1
6893,2
6894,-1
6895,-1
6896,-1
6897,2
6898,-1
6899,0
6900,-1
6901,3
6902,-1
6903,0
6904,-1
6905,3
6906,-1
6907,-2
6908,0
6909,2
6910,-1
6911,1
6912,0
6913,1
6914,0
6915,1
6916,0
6917,-1
6918,0
6919,0
6920,-1
6921,1
6922,1
6923,0
6924,0
6925,0
6926,0
6927,1
6928,0
6929,-1
6930,1
6931,0
6932,-1
6933,0
6934,0
6935,-1
6936,1
6937,1
6938,-1
6939,-1
6940,0
6941,0
6942,-1
6943,-1
6944,-1
6945,-1
6946,-1
6947,0
6948,-1
6949,-1
6950,0
6951,-1
6952,-1
6953,0
6954,0
6955,-1
6956,-1
6957,0
6958,-1
6959,0
6960,-1
6961,0
6962,-1
6963,-2
6964,0
6965,-1
6966,-1
6967,-1
6968,0
6969,-1
6970,-1
6971,-1
6972,0
6973,-1
6974,0
6975,0
6976,-1
6977,0
6978,-1
6979,-2
6980,0
6981,-2
6982,-1
6983,0
6984,0
6985,0
6986,-1
6987,-1
6988,-1
6989,-1
6990,0
6991,-1
6992,-1
6993,0
6994,0
6995,-1
6996,-1
6997,0
6998,0
6999,-1
7000,0
7001,0
7002,1
7003,0
7004,0
7005,0
7006,0
7007,-1
7008,0
7009,0
7010,0
7011,-2
7012,0
7013,0
7014,0
7015,0
7016,0
7017,0
7018,0
7019,-1
7020,0
7021,0
7022,0
7023,-1
7024,0
7025,0
7026,0
7027,-1
7028,0
7029,-1
7030,0
7031,0
7032,0
7033,0
7034,0
7035,0
7036,-1
7037,-1
7038,0
7039,-1
7040,-1
7041,-1
7042,0
7043,-1
7044,0
7045,0
7046,0
7047,-1
7048,0
7049,-1
7050,0
7051,-1
7052,-1
7053,0
7054,0
7055,0
7056,-1
7057,0
7058,-1
7059,0
7060,-1
7061,0
7062,-2
7063,-1
7064,0
7065,-1
7066,-1
7067,0
7068,-1
7069,-1
7070,-1
7071,-1
7072,-1
7073,-1
7074,-1
7075,0
7076,-1
7077,-1
7078,-1
7079,0
7080,-1
7081,-1
7082,-1
7083,0
7084,-1
7085,0
7086,-1
7087,1
7088,-1
7089,-1
7090,-1
7091,0
7092,-1
7093,-1
7094,-1
7095,0
7096,0
7097,0
7098,-1
7099,0
7100,0
7101,0
7102,0
7103,-1
7104,-1
7105,-1
7106,0
7107,-1
7108,0
7109,-1
7110,0
7111,-1
7112,0
7113,0
7114,0
7115,0
7116,-1
7117,-1
7118,1
7119,0
7120,0
7121,0
7122,0
7123,-1
7124,0
7125,0
7126,0
7127,0
7128,0
7129,0
7130,-1
7131,0
7132,0
7133,0
7134,0
7135,0
7136,0
7137,0
7138,-1
7139,-1
7140,-1
7141,0
7142,-2
7143,1
7144,-1
7145,-1
7146,1
7147,0
7148,-1
7149,1
7150,0
7151,-2
7152,2
7153,0
7154,-2
7155,2
7156,0
7157,-1
7158,1
7159,-1
7160,-1
7161,1
7162,0
7163,0
7164,1
7165,0
7166,-1
7167,2
7168,1
7169,-1
7170,1
7171,1
7172,-1
7173,2
7174,-1
7175,-1
7176,1
7177,0
7178,-1
7179,1
7180,0
7181,-1
7182,1
7183,-1
7184,-1
7185,-3
7186,-1
7187,0
7188,0
7189,0
7190,0
7191,0
7192,0
7193,0
7194,0
7195,0
7196,2
7197,0
7198,-1
7199,-1
7200,2
7201,0
7202,1
7203,-1
7204,2
7205,1
7206,0
7207,-1
7208,2
7209,1
7210,-1
7211,-1
7212,2
7213,0
7214,0
7215,-1
7216,2
7217,1
7218,0
7219,-1
7220,2
7221,1
7222,0
7223,-1
7224,2
7225,0
7226,1
7227,0
7228,1
7229,-1
7230,1
7231,-1
7232,1
7233,-1
7234,1
7235,-1
7236,0
7237,0
7238,0
7239,-1
7240,0
7241,1
7242,0
7243,0
7244,0
7245,0
7246,0
7247,-1
7248,0
7249,0
7250,0
7251,0
7252,1
7253,0
7254,0
7255,-2
7256,0
7257,-1
7258,0
7259,0
7260,0
7261,0
7262,0
7263,-1
7264,0
7265,-1
7266,-1
7267,-1
7268,0
7269,0
7270,0
7271,-1
7272,0
7273,0
7274,0
7275,0
7276,-1
7277,0
7278,0
7279,1
7280,-1
7281,1
7282,0
7283,0
7284,0
7285,0
7286,-1
7287,-1
7288,0
7289,-1
7290,2
7291,-2
7292,-1
7293,-1
7294,3
7295,-2
7296,-1
7297,-1
7298,3
7299,-2
7300,0
7301,-1
7302,2
7303,-1
7304,-1
7305,-1
7306,2
7307,-2
7308,-1
7309,-1
7310,3
7311,-1
7312,-1
7313,3
7314,-1
7315,-1
7316,-1
7317,3
7318,-1
7319,-1
7320,-1
7321,3
7322,0
7323,0
7324,-1
7325,3
7326,-2
7327,0
7328,-1
7329,3
7330,-1
7331,0
7332,-1
7333,1
7334,-1
7335,0
7336,0
7337,0
7338,-1
7339,0
7340,0
7341,-1
7342,-1
7343,-1
7344,1
7345,-1
7346,0
7347,-1
7348,0
7349,-1
7350,-1
7351,-1
7352,0
7353,-1
7354,-1
7355,-3
7356,0
7357,-1
7358,-1
7359,0
7360,0
7361,-1
7362,-1
7363,-2
7364,0
7365,-1
7366,-1
7367,1
7368,-1
7369,0
7370,-2
7371,0
7372,0
7373,-1
7374,-1
7375,-1
7376,-1
7377,0
7378,0
7379,-1
7380,0
7381,1
7382,-1
7383,1
7384,0
7385,0
7386,1
7387,0
7388,0
7389,0
7390,1
7391,0
7392,0
7393,1
7394,0
7395,-1
7396,-1
7397,-1
7398,1
7399,-1
7400,-1
7401,0
7402,-2
7403,1
7404,-1
7405,0
7406,-1
7407,1
7408,0
7409,0
7410,0
7411,0
7412,0
7413,0
7414,-1
7415,0
7416,0
7417,0
7418,1
7419,0
7420,0
7421,0
7422,0
7423,-1
7424,0
7425,0
7426,0
7427,0
7428,0
7429,0
7430,0
7431,-1
7432,1
7433,0
7434,-1
7435,-1
7436,0
7437,0
7438,-2
7439,0
7440,0
7441,-2
7442,0
7443,0
7444,-1
7445,0
7446,-1
7447,0
7448,0
7449,0
7450,0
7451,0
7452,-1
7453,-1
7454,0
7455,-1
7456,0
7457,0
7458,-1
7459,0
7460,0
7461,-2
7462,0
7463,0
7464,-1
7465,-1
7466,0
7467,-1
7468,0
7469,-1
7470,-1
7471,0
7472,1
7473,0
7474,0
7475,0
7476,0
7477,0
7478,0
7479,0
7480,-1
7481,0
7482,0
7483,0
7484,-1
7485,-1
7486,-1
7487,0
7488,-1
7489,0
7490,0
7491,0
7492,-1
7493,0
7494,0
7495,0
7496,-1
7497,-1
7498,0
7499,0
7500,-1
7501,0
7502,-1
7503,0
7504,-1
7505,0
7506,-1
7507,0
7508,0
7509,0
7510,0
7511,0
7512,0
7513,0
7514,0
7515,-1
7516,0
7517,1
7518,0
7519,-1
7520,0
7521,0
7522,0
7523,-1
7524,0
7525,0
7526,0
7527,0
7528,-1
7529,0
7530,0
7531,-1
7532,0
7533,0
7534,0
7535,-1
7536,0
7537,-1
7538,0
7539,-1
7540,0
7541,-1
7542,0
7543,-1
7544,0
7545,0
7546,0
7547,-1
7548,-1
7549,0
7550,0
7551,0
7552,0
7553,0
7554,-1
7555,0
7556,1
7557,-1
7558,0
7559,-1
7560,0
7561,-2
7562,0
7563,-1
7564,0
7565,-2
7566,-1
7567,-1
7568,0
7569,-1
7570,0
7571,-1
7572,0
7573,0
7574,-1
7575,-1
7576,0
7577,-1
7578,-1
7579,0
7580,-1
7581,-1
7582,0
7583,-1
7584,0
7585,-1
7586,0
7587,-1
7588,-1
7589,-1
7590,0
7591,-1
7592,-1
7593,-1
7594,0
7595,-1
7596,-1
7597,-1
7598,0
7599,-1
7600,-1
7601,-1
7602,0
7603,-1
7604,-1
7605,-1
7606,0
7607,0
7608,-1
7609,-1
7610,0
7611,-1
7612,-1
7613,-1
7614,-1
7615,-1
7616,-1
7617,0
7618,-1
7619,-1
7620,-1
7621,-1
7622,-1
7623,-1
7624,-1
7625,-1
7626,0
7627,-1
7628,-1
7629,-1
7630,-1
7631,-1
7632,-1
7633,0
7634,0
7635,-1
7636,-1
7637,0
7638,-1
7639,-1
7640,-1
7641,0
7642,-1
7643,-1
7644,-1
7645,0
7646,0
7647,0
7648,0
7649,0
7650,0
7651,0
7652,1
7653,0
7654,0
7655,0
7656,0
7657,0
7658,0
7659,0
7660,0
7661,0
7662,0
7663,0
7664,0
7665,0
7666,0
7667,0
7668,0
7669,0
7670,0
7671,0
7672,0
7673,-1
7674,0
7675,0
7676,0
7677,0
7678,0
7679,0
7680,0
7681,0
7682,-1
7683,0
7684,0
7685,0
7686,0
7687,0
7688,0
7689,0
7690,0
7691,1
7692,0
7693,-1
7694,0
7695,0
7696,0
7697,-1
7698,0
7699,0
7700,0
7701,0
7702,0
7703,0
7704,0
7705,0
7706,-1
7707,0
7708,0
7709,0
7710,-1
7711,0
7712,0
7713,-1
7714,0
7715,-1
7716,2
7717,0
7718,-2
7719,1
7720,-1
7721,-1
7722,1
7723,0
7724,-2
7725,1
7726,-1
7727,-1
7728,2
7729,0
7730,-1
7731,1
7732,0
7733,-2
7734,2
7735,0
7736,-2
7737,2
7738,0
7739,-1
7740,0
7741,0
7742,-1
7743,0
7744,-1
7745,-1
7746,1
7747,0
7748,0
7749,-1
7750,1
7751,0
7752,0
7753,-1
7754,1
7755,0
7756,0
7757,-1
7758,1
7759,0
7760,-1
7761,2
7762,-1
7763,-1
7764,1
7765,-1
7766,-2
7767,1
7768,0
7769,-2
7770,2
7771,0
7772,-1
7773,1
7774,0
7775,0
7776,0
7777,-1
7778,0
7779,0
7780,0
7781,0
7782,0
7783,-1
7784,0
7785,-1
7786,0
7787,0
7788,0
7789,0
7790,1
7791,0
7792,0
7793,-2
7794,2
7795,0
7796,0
7797,-1
7798,2
7799,0
7800,0
7801,-1
7802,2
7803,0
7804,0
7805,-1
7806,2
7807,1
7808,0
7809,-1
7810,2
7811,0
7812,0
7813,-1
7814,2
7815,1
7816,0
7817,-1
7818,1
7819,0
7820,0
7821,-1
7822,2
7823,1
7824,1
7825,-1
7826,2
7827,1
7828,0
7829,-1
7830,3
7831,0
7832,0
7833,0
7834,-1
7835,-1
7836,0
7837,1
7838,0
7839,-1
7840,2
7841,1
7842,-1
7843,-1
7844,2
7845,0
7846,-1
7847,-2
7848,3
7849,0
7850,0
7851,-1
7852,2
7853,0
7854,0
7855,-1
7856,2
7857,0
7858,0
7859,1
7860,0
7861,1
7862,-1
7863,0
7864,-1
7865,1
7866,0
7867,1
7868,0
7869,-1
7870,0
7871,1
7872,0
7873,0
7874,1
7875,1
7876,0
7877,0
7878,0
7879,1
7880,1
7881,0
7882,0
7883,1
7884,1
7885,0
7886,0
7887,0
7888,0
7889,0
7890,1
7891,0
7892,0
7893,1
7894,-1
7895,0
7896,1
7897,1
7898,0
7899,1
7900,1
7901,1
7902,-1
7903,0
7904,0
7905,0
7906,0
7907,0
7908,0
7909,1
7910,0
7911,1
7912,0
7913,1
7914,0
7915,-1
7916,-2
7917,2
7918,0
7919,-1
7920,0
7921,1
7922,0
7923,0
7924,-2
7925,2
7926,-2
7927,-1
7928,-1
7929,2
7930,-1
7931,-1
7932,-1
7933,3
7934,-2
7935,-1
7936,-1
7937,2
7938,-2
7939,-1
7940,-1
7941,-1
7942,-2
7943,3
7944,-1
7945,-1
7946,-1
7947,2
7948,-2
7949,-1
7950,0
7951,-1
7952,-1
7953,-1
7954,2
7955,-1
7956,-1
7957,-2
7958,3
7959,-1
7960,0
7961,0
7962,-2
7963,-1
7964,2
7965,-2
7966,-1
7967,1
7968,0
7969,-1
7970,1
7971,0
7972,0
7973,1
7974,0
7975,0
7976,1
7977,1
7978,-1
7979,1
7980,0
7981,-1
7982,1
7983,0
7984,0
7985,0
7986,0
7987,0
7988,1
7989,0
7990,-1
7991,-1
7992,-1
7993,-1
7994,-1
7995,-1
7996,-1
7997,0
7998,0
7999,0
8000,-1
8001,-1
8002,-1
8003,-1
8004,0
8005,-1
8006,-1
8007,0
8008,-1
8009,-1
8010,0
8011,-1
8012,-1
8013,0
8014,0
8015,-1
8016,-1
8017,0
8018,0
8019,-1
8020,0
8021,0
8022,0
8023,-1
8024,0
8025,0
8026,-1
8027,-1
8028,0
8029,0
8030,0
8031,0
8032,0
8033,0
8034,0
8035,0
8036,-1
8037,0
8038,0
8039,0
8040,0
8041,0
8042,0
8043,0
8044,0
8045,0
8046,0
8047,0
8048,-1
8049,-1
8050,0
8051,-1
8052,0
8053,0
8054,0
8055,-1
8056,0
8057,-1
8058,-1
8059,-1
8060,0
8061,0
8062,0
8063,-1
8064,0
8065,-1
8066,0
8067,0
8068,0
8069,-1
8070,-1
8071,0
8072,0
8073,-1
8074,0
8075,-1
8076,0
8077,-1
8078,0
8079,0
8080,0
8081,-1
8082,-1
8083,-1
8084,0
8085,-1
8086,-1
8087,0
8088,0
8089,-1
8090,-1
8091,0
8092,-1
8093,0
8094,-2
8095,0
8096,-1
8097,0
8098,-1
8099,0
8100,-1
8101,-1
8102,-1
8103,-1
8104,-1
8105,-1
8106,-1
8107,-1
8108,0
8109,-1
8110,-1
8111,-1
8112,0
8113,-1
8114,-1
8115,-1
8116,0
8117,-1
8118,-1
8119,-1
8120,0
8121,-1
8122,-1
8123,-1
8124,0
8125,0
8126,-1
8127,-1
8128,0
8129,-1
8130,-1
8131,-1
8132,1
8133,-1
8134,-1
8135,0
8136,0
8137,0
8138,-1
8139,-1
8140,0
8141,0
8142,-1
8143,-1
8144,0
8145,0
8146,1
8147,0
8148,-1
8149,0
8150,0
8151,0
8152,-1
8153,0
8154,0
8155,0
8156,0
8157,-1
8158,0
8159,-1
8160,0
8161,0
8162,1
8163,0
8164,0
8165,0
8166,0
8167,0
8168,0
8169,0
8170,0
8171,0
8172,0
8173,0
8174,0
8175,0
8176,0
8177,-1
8178,0
8179,0
8180,0
8181,0
8182,0
8183,0
8184,-1
8185,1
8186,0
8187,-2
8188,1
8189,-1
8190,-2
8191,1
8192,0
8193,-1
8194,2
8195,0
8196,-1
8197,2
8198,0
8199,-1
8200,1
8201,0
8202,-1
8203,1
8204,0
8205,-1
8206,1
8207,0
8208,-1
8209,1
8210,0
8211,-1
8212,1
8213,-1
8214,-2
8215,2
8216,0
8217,-1
8218,2
8219,0
8220,-1
8221,1
8222,0
8223,-1
8224,2
8225,0
8226,-1
8227,1
8228,-1
8229,0
8230,-1
8231,-1
8232,-1
8233,-1
8234,0
8235,-1
8236,-1
8237,-1
8238,-1
8239,0
8240,-1
8241,-1
8242,0
8243,-2
8244,0
8245,0
8246,0
8247,1
8248,2
8249,1
8250,-1
8251,-1
8252,2
8253,0
8254,0
8255,0
8256,0
8257,0
8258,-2
8259,2
8260,0
8261,0
8262,-1
8263,2
8264,1
8265,1
8266,-1
8267,2
8268,0
8269,0
8270,-1
8271,2
8272,1
8273,0
8274,-1
8275,3
8276,0
8277,0
8278,-1
8279,2
8280,0
8281,0
8282,-1
8283,2
8284,0
8285,0
8286,-1
8287,2
8288,1
8289,1
8290,-1
8291,1
8292,-1
8293,1
8294,-1
8295,1
8296,-1
8297,1
8298,-1
8299,0
8300,-1
8301,-1
8302,0
8303,0
8304,0
8305,-1
8306,0
8307,0
8308,0
8309,-1
8310,0
8311,0
8312,0
8313,-1
8314,0
8315,1
8316,0
8317,1
8318,0
8319,1
8320,0
8321,0
8322,-1
8323,0
8324,-1
8325,0
8326,0
8327,-2
8328,0
8329,-2
8330,0
8331,-2
8332,0
8333,-2
8334,-1
8335,-1
8336,0
8337,-1
8338,0
8339,-1
8340,0
8341,1
8342,0
8343,1
8344,1
8345,0
8346,0
8347,1
8348,1
8349,-1
8350,0
8351,1
8352,1
8353,0
8354,0
8355,1
8356,1
8357,-1
8358,-1
8359,-2
8360,-2
8361,2
8362,-1
8363,-1
8364,0
8365,3
8366,-1
8367,-1
8368,-1
8369,2
8370,-1
8371,-1
8372,-2
8373,3
8374,-1
8375,-1
8376,2
8377,-1
8378,-1
8379,-1
8380,3
8381,-1
8382,1
8383,-1
8384,3
8385,-1
8386,-1
8387,-1
8388,2
8389,-1
8390,0
8391,0
8392,3
8393,-1
8394,-1
8395,-1
8396,3
8397,-1
8398,-1
8399,-1
8400,2
8401,-1
8402,0
8403,-2
8404,2
8405,-1
8406,0
8407,-1
8408,-1
8409,0
8410,-1
8411,0
8412,-1
8413,0
8414,0
8415,0
8416,-1
8417,1
8418,-1
8419,0
8420,-1
8421,1
8422,0
8423,0
8424,0
8425,0
8426,0
8427,-1
8428,-1
8429,1
8430,-1
8431,0
8432,0
8433,1
8434,-1
8435,0
8436,-1
8437,1
8438,-1
8439,-1
8440,0
8441,0
8442,-1
8443,0
8444,-1
8445,0
8446,1
8447,-1
8448,1
8449,1
8450,-1
8451,1
8452,1
8453,-1
8454,0
8455,0
8456,0
8457,1
8458,0
8459,0
8460,0
8461,0
8462,-1
8463,0
8464,0
8465,0
8466,1
8467,0
8468,0
8469,0
8470,-1
8471,-2
8472,1
8473,-1
8474,-2
8475,1
8476,-1
8477,-1
8478,1
8479,-1
8480,-2
8481,1
8482,-1
8483,-2
8484,1
8485,-2
8486,-1
8487,1
8488,0
8489,-1
8490,0
8491,0
8492,0
8493,-1
8494,0
8495,0
8496,0
8497,0
8498,0
8499,0
8500,1
8501,0
8502,0
8503,0
8504,0
8505,0
8506,0
8507,0
8508,-1
8509,0
8510,0
8511,0
8512,0
8513,0
8514,0
8515,0
8516,-1
8517,-1
8518,0
8519,0
8520,-1
8521,-1
8522,-1
8523,0
8524,0
8525,-1
8526,0
8527,0
8528,-2
8529,-1
8530,1
8531,0
8532,1
8533,0
8534,0
8535,0
8536,0
8537,0
8538,0
8539,1
8540,-1
8541,1
8542,-1
8543,0
8544,0
8545,0
8546,-1
8547,0
8548,0
8549,-1
8550,0
8551,0
8552,-1
8553,0
8554,0
8555,-1
8556,0
8557,0
8558,-1
8559,0
8560,0
8561,-1
8562,0
8563,0
8564,0
8565,1
8566,0
8567,-1
8568,0
8569,0
8570,0
8571,0
8572,0
8573,0
8574,0
8575,-1
8576,-1
8577,-1
8578,0
8579,-1
8580,-1
8581,0
8582,0
8583,1
8584,0
8585,0
8586,-1
8587,0
8588,0
8589,0
8590,0
8591,-1
8592,-1
8593,0
8594,0
8595,0
8596,-1
8597,-1
8598,0
8599,0
8600,-1
8601,0
8602,-1
8603,0
8604,-1
8605,0
8606,-1
8607,0
8608,-1
8609,0
8610,-1
8611,0
8612,0
8613,0
8614,0
8615,-1
8616,0
8617,0
8618,-1
8619,-1
8620,0
8621,0
8622,0
8623,0
8624,-1
8625,0
8626,0
8627,0
8628,-1
8629,0
8630,-1
8631,0
8632,-1
8633,-1
8634,-1
8635,0
8636,-1
8637,0
8638,-1
8639,0
8640,0
8641,-1
8642,0
8643,0
8644,0
8645,-1
8646,-1
8647,0
8648,-1
8649,0
8650,-1
8651,0
8652,0
8653,0
8654,0
8655,-1
8656,0
8657,0
8658,-1
8659,0
8660,-1
8661,-1
8662,-1
8663,0
8664,-1
8665,0
8666,-1
8667,0
8668,-2
8669,0
8670,-1
8671,0
8672,-1
8673,0
8674,-1
8675,-1
8676,0
8677,-1
8678,-1
8679,0
8680,-1
8681,0
8682,0
8683,-1
8684,0
8685,0
8686,-2
8687,-1
8688,0
8689,-1
8690,0
8691,0
8692,-1
8693,-1
8694,-1
8695,0
8696,-1
8697,-1
8698,-1
8699,0
8700,-1
8701,-1
8702,-1
8703,0
8704,-1
8705,-1
8706,0
8707,0
8708,-1
8709,0
8710,-1
8711,0
8712,-1
8713,-1
8714,-1
8715,0
8716,-1
8717,-1
8718,-1
8719,0
8720,-1
8721,-1
8722,-1
8723,0
8724,-1
8725,0
8726,-1
8727,-1
8728,-1
8729,0
8730,-1
8731,-1
8732,1
8733,-1
8734,-1
8735,-1
8736,-1
8737,-1
8738,-1
8739,-1
8740,-1
8741,0
8742,-1
8743,-1
8744,-1
8745,-1
8746,-1
8747,-1
8748,1
8749,-1
8750,-1
8751,-1
8752,0
8753,-1
8754,-1
8755,-1
8756,0
8757,-1
8758,-1
8759,-1
8760,0
8761,-1
8762,-1
8763,-1
8764,0
8765,-1
8766,0
8767,0
8768,-1
8769,0
8770,0
8771,0
8772,0
8773,0
8774,0
8775,0
8776,0
8777,0
8778,0
8779,0
8780,0
8781,0
8782,0
8783,0
8784,0
8785,0
8786,-1
8787,-1
8788,-1
8789,0
8790,0
8791,0
8792,0
8793,0
8794,0
8795,0
8796,0
8797,0
8798,0
8799,0
8800,0
8801,0
8802,0
8803,0
8804,0
8805,0
8806,0
8807,0
8808,0
8809,0
8810,0
8811,0
8812,0
8813,0
8814,0
8815,0
8816,0
8817,-1
8818,0
8819,0
8820,0
8821,0
8822,0
8823,0
8824,0
8825,-1
8826,0
8827,0
8828,0
8829,0
8830,0
8831,-1
8832,0
8833,0
8834,0
8835,0
8836,0
8837,0
8838,0
8839,0
8840,0
8841,0
8842,0
8843,0
8844,0
8845,0
8846,-2
8847,1
8848,0
8849,-1
8850,2
8851,0
8852,-1
8853,1
8854,-1
8855,-1
8856,1
8857,0
8858,-1
8859,1
8860,0
8861,-1
8862,1
8863,0
8864,-2
8865,1
8866,0
8867,-2
8868,3
8869,0
8870,-1
8871,1
8872,0
8873,0
8874,-1
8875,1
8876,0
8877,0
8878,-1
8879,1
8880,0
8881,0
8882,-1
8883,1
8884,0
8885,0
8886,-1
8887,1
8888,0
8889,-1
8890,-1
8891,1
8892,0
8893,0
8894,-1
8895,1
8896,0
8897,0
8898,-1
8899,1
8900,0
8901,0
8902,-1
8903,1
8904,0
8905,0
8906,-1
8907,1
8908,0
8909,-1
8910,1
8911,-1
8912,-1
8913,2
8914,0
8915,-1
8916,1
8917,-2
8918,0
8919,0
8920,0
8921,0
8922,0
8923,0
8924,-1
8925,0
8926,0
8927,0
8928,0
8929,0
8930,0
8931,0
8932,0
8933,0
8934,0
8935,0
8936,1
8937,0
8938,0
8939,1
8940,0
8941,-1
8942,1
8943,0
8944,-1
8945,2
8946,1
8947,0
8948,-1
8949,3
8950,0
8951,0
8952,-2
8953,2
8954,0
8955,0
8956,-2
8957,2
8958,0
8959,-1
8960,0
8961,0
8962,0
8963,-1
8964,2
8965,0
8966,0
8967,-1
8968,2
8969,0
8970,0
8971,-1
8972,2
8973,0
8974,0
8975,-2
8976,2
8977,1
8978,0
8979,-2
8980,2
8981,0
8982,0
8983,-1
8984,2
8985,0
8986,0
8987,-1
8988,2
8989,0
8990,0
8991,-1
8992,2
8993,1
8994,-1
8995,-1
8996,3
8997,1
8998,-1
8999,-2
9000,2
9001,1
9002,0
9003,-1
9004,2
9005,0
9006,-1
9007,-1
9008,2
9009,0
9010,0
9011,-1
9012,3
9013,1
9014,0
9015,-1
9016,2
9017,0
9018,0
9019,-1
9020,2
9021,0
9022,0
9023,0
9024,0
9025,1
9026,0
9027,1
9028,-1
9029,1
9030,-1
9031,0
9032,-1
9033,1
9034,0
9035,0
9036,1
9037,-1
9038,1
9039,1
9040,1
9041,0
9042,0
9043,0
9044,1
9045,0
9046,0
9047,0
9048,0
9049,0
9050,0
9051,0
9052,1
9053,-1
9054,0
9055,1
9056,0
9057,-1
9058,0
9059,0
9060,1
9061,-1
9062,0
9063,0
9064,0
9065,0
9066,0
9067,1
9068,0
9069,0
9070,0
9071,0
9072,0
9073,-1
9074,0
9075,1
9076,1
9077,0
9078,0
9079,1
9080,1
9081,-1
9082,0
9083,0
9084,0
9085,0
9086,0
9087,0
9088,-1
9089,0
9090,1
9091,1
9092,0
9093,0
9094,0
9095,0
9096,0
9097,0
9098,0
9099,0
9100,-1
9101,0
9102,0
9103,0
9104,-1
9105,0
9106,0
9107,1
9108,0
9109,-1
9110,-2
9111,3
9112,0
9113,-1
9114,-1
9115,2
9116,-1
9117,-1
9118,-1
9119,2
9120,-1
9121,-1
9122,2
9123,-1
9124,-1
9125,-1
9126,2
9127,-1
9128,-1
9129,-1
9130,2
9131,-1
9132,-1
9133,3
9134,-2
9135,-1
9136,3
9137,-1
9138,-1
9139,2
9140,-1
9141,-2
9142,-1
9143,2
9144,-1
9145,-1
9146,-1
9147,3
9148,-2
9149,-1
9150,-1
9151,3
9152,-2
9153,-1
9154,-1
9155,2
9156,-1
9157,-1
9158,-1
9159,3
9160,-1
9161,-2
9162,-1
9163,2
9164,-2
9165,-1
9166,-1
9167,2
9168,-1
9169,-1
9170,-2
9171,3
9172,-1
9173,-1
9174,-1
9175,3
9176,-2
9177,-1
9178,-1
9179,2
9180,-2
9181,-1
9182,1
9183,0
9184,-1
9185,1
9186,0
9187,-1
9188,0
9189,0
9190,-1
9191,1
9192,0
9193,-1
9194,0
9195,0
9196,0
9197,0
9198,0
9199,-1
9200,1
9201,1
9202,-1
9203,-1
9204,0
9205,-1
9206,-1
9207,0
9208,0
9209,0
9210,0
9211,-1
9212,0
9213,0
9214,-1
9215,0
9216,-1
9217,-1
9218,0
9219,-1
9220,-1
9221,0
9222,0
9223,-1
9224,0
9225,-1
9226,-1
9227,0
9228,-1
9229,-1
9230,0
9231,0
9232,-1
9233,-1
9234,0
9235,0
9236,-1
9237,0
9238,-1
9239,-1
9240,0
9241,-1
9242,0
9243,0
9244,0
9245,-1
9246,-1
9247,0
9248,-1
9249,-1
9250,0
9251,0
9252,-1
9253,-1
9254,0
9255,-1
9256,-1
9257,0
9258,0
9259,0
9260,0
9261,-2
9262,0
9263,0
9264,-1
9265,0
9266,0
9267,0
9268,-1
9269,0
9270,0
9271,-1
9272,0
9273,0
9274,0
9275,0
9276,0
9277,-1
9278,0
9279,-1
9280,0
9281,-1
9282,0
9283,-1
9284,0
9285,-1
9286,0
9287,-1
9288,0
9289,0
9290,0
9291,-1
9292,0
9293,0
9294,0
9295,-1
9296,-1
9297,-1
9298,0
9299,-1
9300,0
9301,0
9302,0
9303,0
9304,0
9305,0
9306,0
9307,0
9308,0
9309,0
9310,0
9311,-1
9312,0
9313,-1
9314,0
9315,0
9316,0
9317,-1
9318,-1
9319,0
9320,-2
9321,0
9322,-1
9323,0
9324,-2
9325,0
9326,-1
9327,-1
9328,-1
9329,-1
9330,-1
9331,0
9332,-1
9333,-1
9334,-1
9335,-1
9336,0
9337,-1
9338,-1
9339,0
9340,-1
9341,-1
9342,-1
9343,0
9344,-1
9345,-1
9346,-1
9347,0
9348,-1
9349,-1
9350,-1
9351,-1
9352,-1
9353,-1
9354,0
9355,-1
9356,-1
9357,0
9358,0
9359,-1
9360,-1
9361,-1
9362,0
9363,-1
9364,-2
9365,-1
9366,0
9367,0
9368,0
9369,0
9370,0
9371,-1
9372,0
9373,-1
9374,0
9375,-1
9376,-1
9377,0
9378,0
9379,-1
9380,0
9381,0
9382,0
9383,-1
9384,0
9385,-1
9386,0
9387,0
9388,0
9389,0
9390,0
9391,0
9392,0
9393,0
9394,0
9395,-2
9396,0
9397,-1
9398,0
9399,-2
9400,0
9401,-1
9402,0
9403,0
9404,0
9405,0
9406,0
9407,0
9408,-1
9409,0
9410,0
9411,0
9412,1
9413,0
9414,1
9415,-1
9416,-1
9417,2
9418,-1
9419,-1
9420,1
9421,0
9422,-1
9423,1
9424,0
9425,-1
9426,2
9427,0
9428,-2
9429,1
9430,-1
9431,-1
9432,1
9433,0
9434,-1
9435,1
9436,0
9437,-2
9438,2
9439,0
9440,-2
9441,1
9442,0
9443,-1
9444,2
9445,0
9446,-2
9447,2
9448,-1
9449,-1
9450,1
9451,-1
9452,-2
9453,-1
9454,-1
9455,-1
9456,0
9457,-1
9458,-1
9459,-2
9460,-1
9461,-1
9462,-1
9463,-1
9464,-1
9465,0
9466,1
9467,1
9468,-1
9469,2
9470,0
9471,0
9472,-1
9473,2
9474,1
9475,-1
9476,-2
9477,2
9478,0
9479,0
9480,-1
9481,2
9482,0
9483,-1
9484,-2
9485,2
9486,0
9487,0
9488,-1
9489,2
9490,0
9491,0
9492,-1
9493,2
9494,0
9495,-1
9496,2
9497,0
9498,-1
9499,2
9500,0
9501,0
9502,-1
9503,2
9504,1
9505,1
9506,-1
9507,3
9508,0
9509,0
9510,-1
9511,2
9512,1
9513,1
9514,-1
9515,1
9516,-1
9517,1
9518,-1
9519,0
9520,-1
9521,0
9522,0
9523,1
9524,0
9525,0
9526,-1
9527,0
9528,0
9529,0
9530,-1
9531,0
9532,1
9533,0
9534,-1
9535,0
9536,0
9537,0
9538,-1
9539,0
9540,0
9541,0
9542,1
9543,0
9544,0
9545,0
9546,-1
9547,0
9548,0
9549,0
9550,-1
9551,0
9552,1
9553,-1
9554,0
9555,-1
9556,0
9557,-2
9558,0
9559,-1
9560,0
9561,0
9562,0
9563,0
9564,0
9565,-1
9566,0
9567,0
9568,1
9569,1
9570,-1
9571,0
9572,1
9573,0
9574,0
9575,0
9576,0
9577,1
9578,0
9579,1
9580,0
9581,0
9582,-1
9583,-2
9584,-1
9585,-1
9586,3
9587,-1
9588,-1
9589,0
9590,3
9591,-2
9592,-1
9593,-2
9594,2
9595,-1
9596,-1
9597,-1
9598,3
9599,-1
9600,-1
9601,0
9602,3
9603,-2
9604,-2
9605,-2
9606,3
9607,-2
9608,-1
9609,-1
9610,2
9611,-1
9612,-1
9613,-1
9614,3
9615,-1
9616,-1
9617,-1
9618,2
9619,-1
9620,-1
9621,-2
9622,2
9623,-1
9624,-1
9625,-1
9626,2
9627,-1
9628,-1
9629,-1
9630,3
9631,-2
9632,-1
9633,0
9634,0
9635,-1
9636,0
9637,-1
9638,0
9639,-1
9640,0
9641,-1
9642,1
9643,0
9644,0
9645,-1
9646,1
9647,0
9648,-1
9649,-2
9650,1
9651,-1
9652,-1
9653,-1
9654,1
9655,-1
9656,0
9657,-1
9658,0
9659,0
9660,-2
9661,1
9662,0
9663,0
9664,-1
9665,-1
9666,-1
9667,0
9668,0
9669,1
9670,0
9671,0
9672,0
9673,0
9674,-1
9675,1
9676,0
9677,-1
9678,1
9679,0
9680,1
9681,1
9682,-1
9683,2
9684,0
9685,0
9686,0
9687,1
9688,-1
9689,0
9690,0
9691,1
9692,-1
9693,-1
9694,-1
9695,1
9696,-1
9697,-1
9698,-2
9699,-1
9700,1
9701,-1
9702,-1
9703,1
9704,-1
9705,-1
9706,-1
9707,0
9708,-1
9709,1
9710,-1
9711,-2
9712,1
9713,0
9714,0
9715,0
9716,0
9717,0
9718,-1
9719,0
9720,0
9721,0
9722,0
9723,0
9724,-1
9725,0
9726,-1
9727,0
9728,0
9729,0
9730,0
9731,0
9732,0
9733,0
9734,0
9735,-1
9736,1
9737,-1
9738,0
9739,0
9740,0
9741,0
9742,0
9743,0
9744,0
9745,-1
9746,1
9747,0
9748,1
9749,0
9750,0
9751,-1
9752,1
9753,0
9754,-1
9755,0
9756,-1
9757,1
9758,-1
9759,0
9760,0
9761,0
9762,0
9763,0
9764,0
9765,0
9766,0
9767,-1
9768,0
9769,0
9770,-1
9771,0
9772,0
9773,-1
9774,0
9775,0
9776,0
9777,0
9778,0
9779,0
9780,0
9781,0
9782,0
9783,1
9784,0
9785,0
9786,1
9787,0
9788,1
9789,0
9790,1
9791,-1
9792,-1
9793,-1
9794,0
9795,-1
9796,0
9797,0
9798,0
9799,-1
9800,-1
9801,-1
9802,0
9803,0
9804,0
9805,0
9806,0
9807,-1
9808,0
9809,-1
9810,0
9811,0
9812,-1
9813,0
9814,0
9815,-1
9816,0
9817,-1
9818,0
9819,-1
9820,-1
9821,-1
9822,0
9823,-1
9824,-1
9825,-1
9826,0
9827,-1
9828,0
9829,-1
9830,0
9831,0
9832,0
9833,0
9834,0
9835,0
9836,0
9837,0
9838,0
9839,0
9840,0
9841,0
9842,0
9843,0
9844,0
9845,0
9846,-1
9847,0
9848,-1
9849,0
9850,-1
9851,0
9852,-1
9853,0
9854,-1
9855,-1
9856,0
9857,0
9858,-1
9859,0
9860,-1
9861,0
9862,-1
9863,0
9864,-1
9865,0
9866,0
9867,0
9868,-1
9869,0
9870,-1
9871,0
9872,-1
9873,0
9874,-1
9875,0
9876,-1
9877,-1
9878,0
9879,0
9880,-1
9881,1
9882,-1
9883,0
9884,-1
9885,0
9886,-1
9887,0
9888,-1
9889,0
9890,-2
9891,0
9892,-1
9893,-2
9894,0
9895,0
9896,0
9897,-1
9898,0
9899,1
9900,-1
9901,0
9902,0
9903,-1
9904,0
9905,0
9906,-1
9907,0
9908,0
9909,-1
9910,-1
9911,0
9912,-1
9913,-1
9914,0
9915,0
9916,0
9917,-1
9918,0
9919,-1
9920,-1
9921,-1
9922,-1
9923,-1
9924,-1
9925,0
9926,-1
9927,-1
9928,0
9929,0
9930,-1
9931,-1
9932,-1
9933,0
9934,-1
9935,-1
9936,-1
9937,0
9938,-1
9939,0
9940,-1
9941,0
9942,-1
9943,0
9944,-1
9945,0
9946,-1
9947,-1
9948,-1
9949,-1
9950,-1
9951,-1
9952,-1
9953,-1
9954,-1
9955,-1
9956,1
9957,-1
9958,-1
9959,-1
9960,-2
9961,-1
9962,-1
9963,0
9964,-1
9965,-1
9966,-1
9967,-1
9968,-1
9969,0
9970,-1
9971,-1
9972,-1
9973,-1
9974,-1
9975,-1
9976,-1
9977,-1
9978,-1
9979,-1
9980,-1
9981,0
9982,-1
9983,-1
9984,-1
9985,0
9986,-1
9987,0
9988,0
9989,0
9990,0
9991,0
9992,0
9993,0
9994,0
9995,0
9996,0
9997,0
9998,0
9999,0
10000,0
10001,0
10002,0
10003,0
10004,0
10005,0
10006,0
10007,0
10008,0
10009,0
10010,0
10011,0
10012,0
10013,0
10014,0
10015,-1
10016,0
10017,0
10018,0
10019,0
10020,0
10021,0
10022,0
10023,0
10024,0
10025,0
10026,0
10027,0
10028,0
10029,0
10030,0
10031,0
10032,0
10033,-1
10034,0
10035,0
10036,0
10037,0
10038,0
10039,0
10040,0
10041,0
10042,0
10043,0
10044,0
10045,0
10046,-1
10047,0
10048,-1
10049,0
10050,0
10051,0
10052,0
10053,0
10054,0
10055,0
10056,0
10057,0
10058,0
10059,0
10060,0
10061,-1
10062,0
10063,0
10064,-2
10065,0
10066,0
10067,-2
10068,1
10069,0
10070,-2
10071,2
10072,-1
10073,-1
10074,1
10075,0
10076,-1
10077,1
10078,0
10079,-1
10080,1
10081,0
10082,-1
10083,2
10084,0
10085,-1
10086,2
10087,-1
10088,-1
10089,1
10090,0
10091,-2
10092,1
10093,0
10094,0
10095,-1
10096,1
10097,0
10098,0
10099,-1
10100,1
10101,0
10102,0
10103,-1
10104,1
10105,0
10106,-1
10107,-1
10108,1
10109,0
10110,0
10111,-1
10112,1
10113,0
10114,0
10115,0
10116,1
10117,0
10118,-1
10119,1
10120,0
10121,0
10122,-1
10123,1
10124,0
10125,0
10126,-1
10127,2
10128,-1
10129,-1
10130,1
10131,0
10132,-2
10133,2
10134,0
10135,-1
10136,1
10137,-1
10138,0
10139,0
10140,0
10141,-1
10142,-1
10143,0
10144,0
10145,0
10146,0
10147,0
10148,0
10149,-1
10150,0
10151,0
10152,0
10153,0
10154,0
10155,-1
10156,0
10157,0
10158,0
10159,0
10160,1
10161,1
10162,0
10163,0
10164,-1
10165,2
10166,0
10167,0
10168,-1
10169,2
10170,1
10171,0
10172,-1
10173,3
10174,1
10175,0
10176,-1
10177,2
10178,0
10179,0
10180,-2
10181,2
10182,1
10183,0
10184,-1
10185,2
10186,0
10187,-1
10188,-1
10189,2
10190,0
10191,-1
10192,-2
10193,2
10194,0
10195,-1
10196,-2
10197,2
10198,1
10199,0
10200,-1
10201,2
10202,1
10203,0
10204,-2
10205,3
10206,-1
10207,0
10208,2
10209,0
10210,0
10211,-1
10212,2
10213,0
10214,0
10215,-2
10216,2
10217,0
10218,0
10219,-2
10220,2
10221,0
10222,0
10223,-2
10224,2
10225,0
10226,0
10227,-2
10228,2
10229,0
10230,0
10231,-1
10232,2
10233,0
10234,0
10235,-1
10236,2
10237,1
10238,0
10239,-1
10240,2
10241,1
10242,0
10243,-1
10244,2
10245,1
10246,0
10247,-1
10248,2
10249,0
10250,0
10251,0
10252,0
10253,0
10254,0
10255,1
10256,-1
10257,1
10258,-1
10259,1
10260,-1
10261,1
10262,0
10263,1
10264,0
10265,-1
10266,1
10267,1
10268,0
10269,-1
10270,0
10271,0
10272,1
10273,0
10274,0
10275,1
10276,1
10277,-1
10278,0
10279,-1
10280,0
10281,-1
10282,-1
10283,1
10284,0
10285,-1
10286,1
10287,0
10288,1
10289,0
10290,0
10291,1
10292,1
10293,1
10294,0
10295,-1
10296,-1
10297,0
10298,1
10299,1
10300,0
10301,-1
10302,-1
10303,1
10304,1
10305,0
10306,0
10307,0
10308,0
10309,0
10310,-1
10311,-1
10312,1
10313,0
10314,1
10315,0
10316,-1
10317,0
10318,0
10319,-1
10320,0
10321,-1
10322,0
10323,-1
10324,1
10325,0
10326,-2
10327,3
10328,-1
10329,-1
10330,-1
10331,2
10332,-2
10333,-1
10334,-2
10335,2
10336,-2
10337,-1
10338,-1
10339,2
10340,-1
10341,-1
10342,-1
10343,3
10344,-1
10345,0
10346,-1
10347,3
10348,-1
10349,-1
10350,-1
10351,2
10352,-1
10353,-1
10354,2
10355,-1
10356,-1
10357,-1
10358,-1
10359,-1
10360,-1
10361,2
10362,-1
10363,-1
10364,0
10365,2
10366,-1
10367,-1
10368,-1
10369,3
10370,-1
10371,-2
10372,0
10373,2
10374,-2
10375,-1
10376,-1
10377,2
10378,-1
10379,0
10380,0
10381,2
10382,-1
10383,-1
10384,-1
10385,2
10386,-2
10387,-2
10388,-1
10389,2
10390,-1
10391,-1
10392,-1
10393,2
10394,-1
10395,-2
10396,-1
10397,3
10398,-2
10399,-1
10400,1
10401,1
10402,-1
10403,1
10404,1
10405,-1
10406,0
10407,0
10408,-1
10409,1
10410,0
10411,-1
10412,1
10413,0
10414,0
10415,0
10416,0
10417,-1
10418,1
10419,1
10420,-1
10421,0
10422,-1
10423,-1
10424,0
10425,-1
10426,-1
10427,-1
10428,0
10429,0
10430,-1
10431,-1
10432,0
10433,0
10434,-1
10435,-1
10436,-1
10437,-1
10438,0
10439,-1
10440,-1
10441,0
10442,-1
10443,-1
10444,0
10445,-1
10446,-1
10447,0
10448,-1
10449,-1
10450,0
10451,0
10452,-1
10453,0
10454,0
10455,-1
10456,0
10457,-1
10458,-1
10459,0
10460,0
10461,-1
10462,0
10463,0
10464,0
10465,-1
10466,0
10467,-1
10468,-1
10469,0
10470,0
10471,-1
10472,0
10473,0
10474,-1
10475,0
10476,0
10477,0
10478,0
10479,-1
10480,0
10481,0
10482,0
10483,0
10484,0
10485,0
10486,0
10487,0
10488,0
10489,0
10490,-1
10491,1
10492,-1
10493,-1
10494,0
10495,0
10496,0
10497,0
10498,1
10499,-1
10500,0
10501,-2
10502,0
10503,-1
10504,0
10505,0
10506,0
10507,-1
10508,-1
10509,-1
10510,0
10511,-1
10512,0
10513,0
10514,0
10515,-1
10516,0
10517,0
10518,-1
10519,1
10520,-1
10521,1
10522,0
10523,0
10524,0
10525,0
10526,-1
10527,0
10528,-1
10529,0
10530,-1
10531,-2
10532,0
10533,0
10534,-1
10535,0
10536,0
10537,0
10538,0
10539,-1
10540,-1
10541,-1
10542,-1
10543,0
10544,-1
10545,-1
10546,0
10547,-1
10548,-1
10549,0
10550,-1
10551,-1
10552,0
10553,0
10554,-1
10555,-1
10556,0
10557,0
10558,0
10559,1
10560,-1
10561,1
10562,0
10563,0
10564,-1
10565,-1
10566,0
10567,-1
10568,-1
10569,-1
10570,0
10571,-1
10572,0
10573,1
10574,-1
10575,-1
10576,-1
10577,0
10578,-1
10579,0
10580,-1
10581,0
10582,-1
10583,-1
10584,-1
10585,0
10586,-1
10587,0
10588,-1
10589,1
10590,0
10591,0
10592,0
10593,-1
10594,1
10595,-1
10596,0
10597,-2
10598,-2
10599,-1
10600,-1
10601,0
10602,-1
10603,0
10604,0
10605,0
10606,0
10607,0
10608,-1
10609,0
10610,-1
10611,0
10612,1
10613,0
10614,0
10615,-1
10616,0
10617,-2
10618,0
10619,0
10620,0
10621,0
10622,0
10623,0
10624,0
10625,-1
10626,-1
10627,2
10628,-1
10629,0
10630,0
10631,0
10632,-1
10633,1
10634,0
10635,0
10636,0
10637,-1
10638,-1
10639,1
10640,-1
10641,0
10642,2
10643,0
10644,-1
10645,1
10646,-1
10647,0
10648,0
10649,0
10650,0
10651,0
10652,0
10653,-1
10654,1
10655,0
10656,-1
10657,1
10658,1
10659,0
10660,1
10661,0
10662,0
10663,1
10664,0
10665,-1
10666,2
10667,1
10668,0
10669,0
10670,0
10671,-1
10672,0
10673,0
10674,-1
10675,-1
10676,-1
10677,-1
10678,-1
10679,-1
10680,-1
10681,-1
10682,0
10683,0
10684,0
10685,0
10686,3
10687,-1
10688,0
10689,-1
10690,1
10691,-1
10692,2
10693,0
10694,0
10695,1
10696,0
10697,-1
10698,2
10699,0
10700,1
10701,-2
10702,3
10703,0
10704,-1
10705,2
10706,0
10707,-1
10708,0
10709,0
10710,-1
10711,-1
10712,2
10713,0
10714,-1
10715,-1
10716,2
10717,0
10718,0
10719,-1
10720,2
10721,0
10722,-1
10723,1
10724,-1
10725,-1
10726,1
10727,-1
10728,1
10729,-1
10730,-1
10731,-1
10732,2
10733,-1
10734,-1
10735,0
10736,1
10737,0
10738,0
10739,0
10740,2
10741,0
10742,0
10743,0
10744,1
10745,0
10746,0
10747,1
10748,0
10749,-1
10750,0
10751,-1
10752,1
10753,0
10754,-1
10755,0
10756,-2
10757,0
10758,-2
10759,0
10760,0
10761,0
10762,0
10763,-1
10764,0
10765,0
10766,-1
10767,0
10768,-1
10769,0
10770,0
10771,0
10772,0
10773,1
10774,1
10775,-1
10776,0
10777,-1
10778,1
10779,0
10780,0
10781,1
10782,0
10783,1
10784,1
10785,0
10786,-1
10787,-1
10788,-2
10789,-1
10790,0
10791,3
10792,-1
10793,0
10794,0
10795,3
10796,-1
10797,-1
10798,0
10799,0
10800,-1
10801,-1
10802,0
10803,0
10804,0
10805,0
10806,0
10807,0
10808,0
10809,-1
10810,0
10811,-3
10812,-1
10813,-1
10814,2
10815,-1
10816,-1
10817,-1
10818,3
10819,-2
10820,-1
10821,-2
10822,2
10823,-1
10824,0
10825,-3
10826,0
10827,-1
10828,0
10829,0
10830,-1
10831,-1
10832,0
10833,-1
10834,0
10835,-1
10836,-1
10837,-1
10838,0
10839,0
10840,0
10841,0
10842,0
10843,-1
10844,0
10845,0
10846,-1
10847,-1
10848,0
10849,-1
10850,-1
10851,0
10852,0
10853,0
10854,-1
10855,0
10856,0
10857,-1
10858,-1
10859,0
10860,-1
10861,-1
10862,0
10863,-1
10864,0
10865,1
10866,-1
10867,-1
10868,0
10869,0
10870,-2
10871,0
10872,1
10873,0
10874,-1
10875,1
10876,0
10877,-1
10878,1
10879,0
10880,0
10881,1
10882,0
10883,0
10884,0
10885,1
10886,-1
10887,-1
10888,1
10889,-1
10890,-1
10891,0
10892,-2
10893,-1
10894,-1
10895,-1
10896,-1
10897,-1
10898,1
10899,-1
10900,-1
10901,1
10902,-1
10903,-1
10904,1
10905,-1
10906,-1
10907,-2
10908,-1
10909,1
10910,0
10911,0
10912,1
10913,-1
10914,0
10915,0
10916,0
10917,0
10918,0
10919,0
10920,0
10921,-1
10922,-2
10923,0
10924,0
10925,-2
10926,0
10927,-1
10928,-1
10929,0
10930,-1
10931,0
10932,0
10933,-1
10934,0
10935,0
10936,0
10937,0
10938,-1
10939,0
10940,-1
10941,0
10942,0
10943,0
10944,0
10945,-1
10946,0
10947,0
10948,0
10949,1
10950,-2
10951,1
10952,0
10953,1
10954,0
10955,-1
10956,0
10957,0
10958,-1
10959,0
10960,0
10961,-1
10962,0
10963,0
10964,-1
10965,0
10966,0
10967,-1
10968,0
10969,0
10970,-1
10971,0
10972,0
10973,0
10974,0
10975,0
10976,0
10977,1
10978,0
10979,0
10980,0
10981,0
10982,0
10983,0
10984,0
10985,-1
10986,-1
10987,-1
10988,0
10989,-1
10990,0
10991,0
10992,0
10993,-1
10994,1
10995,0
10996,-1
10997,0
10998,-1
10999,0
11000,-1
11001,-1
11002,-1
11003,0
11004,1
11005,0
11006,0
11007,0
11008,0
11009,0
11010,0
11011,-1
11012,0
11013,0
11014,0
11015,-1
11016,0
11017,0
11018,-1
11019,0
11020,-2
11021,0
11022,0
11023,0
11024,0
11025,0
11026,0
11027,-1
11028,-1
11029,-1
11030,0
11031,-1
11032,-1
11033,0
11034,0
11035,0
11036,-1
11037,1
11038,0
11039,-3
11040,0
11041,-1
11042,0
11043,0
11044,0
11045,0
11046,0
11047,0
11048,0
11049,-1
11050,-1
11051,-1
11052,0
11053,-1
11054,0
11055,-2
11056,0
11057,0
11058,0
11059,-1
11060,-1
11061,-2
11062,-2
11063,0
11064,0
11065,-1
11066,0
11067,-1
11068,0
11069,0
11070,0
11071,0
11072,-1
11073,-1
11074,0
11075,0
11076,1
11077,0
11078,-1
11079,0
11080,0
11081,-1
11082,0
11083,-1
11084,0
11085,1
11086,-1
11087,0
11088,1
11089,0
11090,-1
11091,0
11092,-1
11093,-1
11094,-1
11095,0
11096,-1
11097,0
11098,1
11099,0
11100,0
11101,-1
11102,0
11103,0
11104,-1
11105,-1
11106,-1
11107,0
11108,0
11109,0
11110,0
11111,-1
11112,-1
11113,-1
11114,-1
11115,-1
11116,-1
11117,0
11118,-2
11119,1
11120,-1
11121,-3
11122,1
11123,-1
11124,-1
11125,0
11126,-1
11127,-1
11128,0
11129,-1
11130,-1
11131,-1
11132,-1
11133,0
11134,0
11135,0
11136,-1
11137,-1
11138,0
11139,0
11140,0
11141,1
11142,-1
11143,-1
11144,-1
11145,0
11146,-1
11147,-1
11148,-1
11149,0
11150,-1
11151,-1
11152,-1
11153,0
11154,-1
11155,0
11156,0
11157,0
11158,0
11159,-2
11160,0
11161,-1
11162,0
11163,0
11164,0
11165,0
11166,-1
11167,0
11168,0
11169,-1
11170,0
11171,0
11172,0
11173,-1
11174,0
11175,-1
11176,0
11177,0
11178,-1
11179,0
11180,0
11181,0
11182,0
11183,-2
11184,0
11185,0
11186,0
11187,0
11188,1
11189,-1
11190,0
11191,-1
11192,0
11193,0
11194,0
11195,0
11196,0
11197,0
11198,0
11199,1
11200,0
11201,-1
11202,-2
11203,0
11204,-1
11205,-1
11206,0
11207,0
11208,0
11209,0
11210,0
11211,0
11212,0
11213,0
11214,-1
11215,0
11216,0
11217,0
11218,0
11219,-2
11220,0
11221,0
11222,-1
11223,0
11224,0
11225,0
11226,-1
11227,0
11228,0
11229,-1
11230,-1
11231,0
11232,-1
11233,1
11234,-1
11235,-1
11236,1
11237,0
11238,-1
11239,2
11240,0
11241,0
11242,1
11243,0
11244,-2
11245,1
11246,0
11247,-2
11248,2
11249,0
11250,-2
11251,2
11252,0
11253,-1
11254,0
11255,-1
11256,1
11257,0
11258,-1
11259,1
11260,0
11261,0
11262,0
11263,-1
11264,1
11265,0
11266,-1
11267,1
11268,0
11269,-1
11270,1
11271,-2
11272,-1
11273,1
11274,0
11275,-1
11276,1
11277,0
11278,0
11279,-1
11280,1
11281,0
11282,-1
11283,1
11284,0
11285,0
11286,-1
11287,1
11288,0
11289,-1
11290,1
11291,0
11292,-1
11293,1
11294,0
11295,0
11296,1
11297,0
11298,-1
11299,0
11300,0
11301,1
11302,1
11303,0
11304,0
11305,0
11306,0
11307,0
11308,0
11309,0
11310,0
11311,0
11312,1
11313,0
11314,0
11315,1
11316,1
11317,1
11318,1
11319,1
11320,0
11321,1
11322,0
11323,-1
11324,0
11325,-1
11326,0
11327,0
11328,0
11329,-1
11330,2
11331,1
11332,1
11333,-1
11334,1
11335,-1
11336,-1
11337,1
11338,0
11339,-1
11340,2
11341,0
11342,0
11343,-1
11344,3
11345,-1
11346,-1
11347,0
11348,0
11349,1
11350,-2
11351,2
11352,0
11353,-1
11354,0
11355,-1
11356,-1
11357,2
11358,-1
11359,0
11360,-1
11361,2
11362,0
11363,-1
11364,0
11365,0
11366,-1
11367,0
11368,0
11369,-1
11370,-1
11371,2
11372,1
11373,-1
11374,0
11375,-1
11376,-1
11377,2
11378,-1
11379,1
11380,-2
11381,0
11382,0
11383,0
11384,0
11385,0
11386,-1
11387,2
11388,0
11389,0
11390,0
11391,1
11392,0
11393,1
11394,-1
11395,1
11396,-1
11397,1
11398,-1
11399,1
11400,0
11401,0
11402,1
11403,0
11404,-1
11405,1
11406,0
11407,1
11408,0
11409,1
11410,1
11411,0
11412,-1
11413,0
11414,0
11415,0
11416,0
11417,0
11418,0
11419,0
11420,-1
11421,0
11422,-1
11423,1
11424,0
11425,1
11426,0
11427,1
11428,0
11429,0
11430,0
11431,1
11432,0
11433,-1
11434,0
11435,-1
11436,1
11437,1
11438,1
11439,0
11440,-1
11441,0
11442,-1
11443,0
11444,-1
11445,1
11446,0
11447,1
11448,0
11449,-1
11450,0
11451,1
11452,1
11453,-1
11454,1
11455,1
11456,0
11457,-1
11458,1
11459,0
11460,0
11461,0
11462,0
11463,0
11464,-1
11465,0
11466,-1
11467,1
11468,-2
11469,-2
11470,3
11471,-1
11472,-1
11473,0
11474,0
11475,0
11476,-1
11477,-1
11478,2
11479,-1
11480,-1
11481,0
11482,0
11483,0
11484,-2
11485,0
11486,0
11487,-1
11488,-1
11489,0
11490,-2
11491,1
11492,-1
11493,0
11494,2
11495,-1
11496,0
11497,-1
11498,-2
11499,-1
11500,0
11501,0
11502,2
11503,-2
11504,0
11505,0
11506,0
11507,-1
11508,0
11509,0
11510,0
11511,-1
11512,0
11513,0
11514,0
11515,-1
11516,-1
11517,3
11518,-1
11519,-1
11520,-1
11521,0
11522,-1
11523,-1
11524,0
11525,0
11526,0
11527,-1
11528,-1
11529,2
11530,-1
11531,0
11532,0
11533,-1
11534,1
11535,0
11536,0
11537,0
11538,-1
11539,-1
11540,-1
11541,2
11542,-1
11543,-1
11544,0
11545,0
11546,-1
11547,0
11548,1
11549,-1
11550,-1
11551,0
11552,-1
11553,1
11554,1
11555,-1
11556,-1
11557,1
11558,-1
11559,1
11560,0
11561,0
11562,1
11563,0
11564,0
11565,1
11566,0
11567,0
11568,0
11569,0
11570,0
11571,-1
11572,0
11573,0
11574,0
11575,-1
11576,-1
11577,0
11578,0
11579,-1
11580,0
11581,-1
11582,-2
11583,0
11584,-1
11585,-1
11586,0
11587,-1
11588,-2
11589,-1
11590,-1
11591,0
11592,-1
11593,-1
11594,0
11595,-1
11596,-1
11597,-1
11598,-1
11599,0
11600,0
11601,-1
11602,-1
11603,-1
11604,-1
11605,0
11606,1
11607,0
11608,0
11609,-1
11610,-1
11611,0
11612,-1
11613,-1
11614,0
11615,0
11616,0
11617,0
11618,0
11619,0
11620,-1
11621,-1
11622,0
11623,0
11624,0
11625,0
11626,1
11627,0
11628,0
11629,0
11630,0
11631,0
11632,-1
11633,0
11634,0
11635,-1
11636,0
11637,-1
11638,0
11639,-1
11640,0
11641,-1
11642,-1
11643,0
11644,-1
11645,0
11646,-1
11647,0
11648,-1
11649,-1
11650,0
11651,-1
11652,0
11653,-1
11654,0
11655,0
11656,0
11657,0
11658,-2
11659,-2
11660,0
11661,-1
11662,0
11663,0
11664,-1
11665,-1
11666,-1
11667,-1
11668,-1
11669,-2
11670,-1
11671,-1
11672,0
11673,-1
11674,0
11675,0
11676,-1
11677,-1
11678,-2
11679,0
11680,0
11681,0
11682,1
11683,0
11684,0
11685,0
11686,-2
11687,1
11688,0
11689,-1
11690,1
11691,-1
11692,0
11693,0
11694,1
11695,-1
11696,0
11697,-1
11698,-1
11699,0
11700,-1
11701,-1
11702,-1
11703,0
11704,-1
11705,-1
11706,0
11707,0
11708,0
11709,0
11710,-1
11711,0
11712,0
11713,0
11714,-1
11715,-1
11716,1
11717,-1
11718,1
11719,-2
11720,-1
11721,0
11722,0
11723,-1
11724,1
11725,-2
11726,0
11727,0
11728,1
11729,-1
11730,1
11731,-2
11732,2
11733,-2
11734,1
11735,-1
11736,-1
11737,0
11738,0
11739,-1
11740,0
11741,-1
11742,-1
11743,0
11744,1
11745,0
11746,-1
11747,0
11748,-3
11749,0
11750,-1
11751,0
11752,-1
11753,-1
11754,-1
11755,1
11756,0
11757,1
11758,0
11759,-1
11760,-1
11761,0
11762,0
11763,0
11764,0
11765,-1
11766,-1
11767,-1
11768,0
11769,-1
11770,1
11771,0
11772,1
11773,-1
11774,0
11775,0
11776,-1
11777,-1
11778,0
11779,-1
11780,0
11781,1
11782,0
11783,0
11784,1
11785,0
11786,0
11787,0
11788,-1
11789,-1
11790,0
11791,0
11792,1
11793,1
11794,0
11795,0
11796,-1
11797,-1
11798,1
11799,0
11800,-2
11801,0
11802,-1
11803,0
11804,-2
11805,0
11806,0
11807,-1
11808,-1
11809,-1
11810,0
11811,0
11812,-1
11813,0
11814,0
11815,0
11816,0
11817,0
11818,3
11819,0
11820,-1
11821,0
11822,-1
11823,1
11824,1
11825,-1
11826,-1
11827,2
11828,0
11829,0
11830,0
11831,0
11832,0
11833,0
11834,-2
11835,-1
11836,1
11837,-1
11838,1
11839,1
11840,0
11841,1
11842,-1
11843,-1
11844,-1
11845,-1
11846,-1
11847,0
11848,0
11849,-1
11850,-1
11851,-1
11852,0
11853,1
11854,0
11855,-1
11856,1
11857,0
11858,-1
11859,1
11860,-1
11861,-1
11862,-1
11863,0
11864,-1
11865,1
11866,0
11867,1
11868,0
11869,-1
11870,1
11871,-1
11872,0
11873,-1
11874,1
11875,0
11876,1
11877,-1
11878,1
11879,0
11880,0
11881,-1
11882,1
11883,-1
11884,0
11885,0
11886,-1
11887,-1
11888,0
11889,1
11890,1
11891,0
11892,0
11893,-1
11894,0
11895,1
11896,1
11897,-3
11898,0
11899,0
11900,2
11901,0
11902,1
11903,2
11904,0
11905,2
11906,-1
11907,1
11908,0
11909,0
11910,0
11911,0
11912,0
11913,0
11914,-2
11915,0
11916,0
11917,-1
11918,0
11919,0
11920,-1
11921,-1
11922,0
11923,-1
11924,-1
11925,0
11926,0
11927,-1
11928,-1
11929,1
11930,0
11931,0
11932,0
11933,-2
11934,1
11935,0
11936,0
11937,0
11938,0
11939,-1
11940,0
11941,0
11942,-1
11943,-1
11944,0
11945,0
11946,0
11947,-1
11948,0
11949,0
11950,0
11951,0
11952,0
11953,0
11954,-2
11955,0
11956,-2
11957,0
11958,-1
11959,-1
11960,0
11961,0
11962,0
11963,-1
11964,-1
11965,-1
11966,0
11967,-1
11968,0
11969,0
11970,-2
11971,1
11972,-1
11973,-1
11974,0
11975,0
11976,0
11977,-2
11978,0
11979,-1
11980,-1
11981,-1
11982,-1
11983,-2
11984,0
11985,1
11986,-1
11987,0
11988,0
11989,1
11990,0
11991,-2
11992,-1
11993,0
11994,-1
11995,0
11996,0
11997,-2
11998,0
11999,1
12000,-1
12001,-2
12002,-1
12003,-1
12004,1
12005,1
12006,-2
12007,0
12008,-1
12009,-1
12010,1
12011,0
12012,1
12013,0
12014,0
12015,0
12016,0
12017,-1
12018,0
12019,-2
12020,0
12021,0
12022,1
12023,0
12024,0
12025,-1
12026,-1
12027,-2
12028,0
12029,-1
12030,-1
12031,1
12032,-1
12033,0
12034,1
12035,2
12036,0
12037,0
12038,0
12039,0
12040,-1
12041,0
12042,0
12043,0
12044,0
12045,-1
12046,-2
12047,0
12048,0
12049,0
12050,1
12051,0
12052,2
12053,2
12054,1
12055,0
12056,-1
12057,-1
12058,0
12059,0
12060,-1
12061,0
12062,-1
12063,0
12064,-2
12065,0
12066,0
12067,0
12068,2
12069,1
12070,0
12071,0
12072,1
12073,-1
12074,1
12075,0
12076,-1
12077,1
12078,-1
12079,0
12080,-1
12081,1
12082,-1
12083,-1
12084,-1
12085,1
12086,0
12087,2
12088,-2
12089,1
12090,0
12091,-1
12092,0
12093,0
12094,-1
12095,0
12096,1
12097,0
12098,-1
12099,-1
12100,-1
12101,-1
12102,0
12103,-1
12104,1
12105,-3
12106,0
12107,0
12108,-2
12109,-3
12110,0
12111,-2
12112,0
12113,0
12114,0
12115,0
12116,0
12117,0
12118,-1
12119,1
12120,-1
12121,3
12122,-1
12123,0
12124,-1
12125,0
12126,-1
12127,1
12128,0
12129,0
12130,0
12131,0
12132,1
12133,1
12134,0
12135,0
12136,2
12137,0
12138,-3
12139,1
12140,-1
12141,-2
12142,0
12143,-1
12144,0
12145,-1
12146,0
12147,-1
12148,-2
12149,1
12150,0
12151,0
12152,1
12153,0
12154,0
12155,-1
12156,0
12157,1
12158,-1
12159,0
12160,0
12161,-1
12162,-1
12163,-1
12164,0
12165,-1
12166,1
12167,0
12168,-1
12169,0
12170,-1
12171,0
12172,-1
12173,-1
12174,0
12175,-2
12176,0
12177,0
12178,-2
12179,0
12180,0
12181,0
12182,0
12183,0
12184,-1
12185,-1
12186,0
12187,0
12188,0
12189,1
12190,0
12191,-1
12192,-1
12193,-1
12194,-1
12195,0
12196,0
12197,1
12198,-1
12199,0
12200,1
12201,-1
12202,-1
12203,-1
12204,0
12205,-2
12206,0
12207,0
12208,1
12209,2
12210,-1
12211,2
12212,-1
12213,1
12214,1
12215,-1
12216,0
12217,1
12218,0
12219,-1
12220,1
12221,0
12222,0
12223,2
12224,0
12225,0
12226,0
12227,2
12228,-1
12229,0
12230,0
12231,0
12232,1
12233,-1
12234,0
12235,-1
12236,-1
12237,0
12238,-1
12239,-2
12240,-1
12241,-1
12242,0
12243,0
12244,0
12245,-2
12246,0
12247,-1
12248,0
12249,-1
12250,-2
12251,0
12252,-1
12253,0
12254,0
12255,-1
12256,0
12257,-2
12258,0
12259,0
12260,0
12261,-1
12262,-1
12263,-1
12264,1
12265,0
12266,0
12267,0
12268,0
12269,1
12270,-1
12271,1
12272,-1
12273,-1
12274,-1
12275,-1
12276,-1
12277,-1
12278,0
12279,0
12280,-1
12281,1
12282,-1
12283,0
12284,0
12285,1
12286,-1
12287,0
12288,-1
12289,-2
12290,-1
12291,0
12292,-1
12293,1
12294,0
12295,-1
12296,-2
12297,-2
12298,0
12299,0
12300,-1
12301,0
12302,0
12303,0
12304,0
12305,-1
12306,0
12307,-1
12308,0
12309,-1
12310,0
12311,0
12312,0
12313,0
12314,1
12315,0
12316,-1
12317,-1
12318,0
12319,0
12320,0
12321,1
12322,-1
12323,-1
12324,0
12325,-1
12326,0
12327,-1
12328,0
12329,-1
12330,0
12331,-1
12332,0
12333,-1
12334,0
12335,-1
12336,0
12337,-1
12338,0
12339,-1
12340,0
12341,-1
12342,-1
12343,-1
12344,-1
12345,-1
12346,0
12347,0
12348,-1
12349,0
12350,-2
12351,-1
12352,0
12353,-1
12354,1
12355,-1
12356,-3
12357,-1
12358,-1
12359,0
12360,0
12361,-2
12362,0
12363,0
12364,-1
12365,0
12366,0
12367,0
12368,-1
12369,0
12370,-1
12371,0
12372,-1
12373,0
12374,-1
12375,0
12376,-1
12377,0
12378,0
12379,0
12380,-2
12381,0
12382,-1
12383,-1
12384,0
12385,0
12386,0
12387,0
12388,0
12389,0
12390,0
12391,0
12392,0
12393,0
12394,0
12395,0
12396,-1
12397,0
12398,-1
12399,0
12400,0
12401,-1
12402,2
12403,0
12404,-1
12405,1
12406,0
12407,-1
12408,2
12409,-1
12410,0
12411,0
12412,0
12413,-1
12414,2
12415,-1
12416,0
12417,0
12418,0
12419,-1
12420,2
12421,0
12422,0
12423,1
12424,0
12425,-1
12426,1
12427,0
12428,-1
12429,1
12430,0
12431,-1
12432,2
12433,-1
12434,0
12435,-1
12436,2
12437,0
12438,-1
12439,0
12440,-1
12441,-1
12442,1
12443,-1
12444,-1
12445,-1
12446,0
12447,0
12448,1
12449,-1
12450,-1
12451,0
12452,1
12453,-1
12454,2
12455,-1
12456,1
12457,-1
12458,2
12459,0
12460,0
12461,-1
12462,2
12463,0
12464,0
12465,0
12466,1
12467,0
12468,-1
12469,2
12470,0
12471,1
12472,-1
12473,2
12474,0
12475,-1
12476,-1
12477,2
12478,1
12479,0
12480,-1
12481,2
12482,0
12483,1
12484,-1
12485,1
12486,-1
12487,1
12488,-1
12489,1
12490,0
12491,0
12492,-1
12493,3
12494,-1
12495,-1
12496,0
12497,0
12498,0
12499,-1
12500,0
12501,0
12502,0
12503,-1
12504,1
12505,0
12506,-1
12507,0
12508,0
12509,0
12510,0
12511,0
12512,0
12513,0
12514,0
12515,0
12516,0
12517,1
12518,0
12519,0
12520,0
12521,0
12522,-1
12523,0
12524,-1
12525,0
12526,-1
12527,0
12528,-1
12529,0
12530,0
12531,0
12532,-1
12533,3
12534,-1
12535,-1
12536,-2
12537,0
12538,0
12539,0
12540,0
12541,-2
12542,-1
12543,2
12544,-1
12545,-1
12546,0
12547,-1
12548,-2
12549,-1
12550,0
12551,-1
12552,-1
12553,3
12554,-1
12555,0
12556,-2
12557,2
12558,-2
12559,-1
12560,2
12561,-1
12562,-1
12563,-1
12564,3
12565,-1
12566,-1
12567,-1
12568,2
12569,-1
12570,-1
12571,0
12572,-2
12573,0
12574,1
12575,0
12576,-1
12577,0
12578,0
12579,-1
12580,0
12581,-1
12582,-1
12583,-1
12584,-1
12585,-1
12586,0
12587,-1
12588,0
12589,-1
12590,0
12591,-1
12592,-1
12593,-2
12594,0
12595,0
12596,-1
12597,0
12598,0
12599,-1
12600,1
12601,1
12602,-1
12603,-1
12604,-1
12605,2
12606,-1
12607,-1
12608,0
12609,0
12610,-1
12611,0
12612,0
12613,0
12614,0
12615,0
12616,-1
12617,0
12618,0
12619,0
12620,-2
12621,0
12622,-1
12623,0
12624,0
12625,-1
12626,0
12627,0
12628,0
12629,0
12630,0
12631,0
12632,-1
12633,1
12634,0
12635,0
12636,-1
12637,0
12638,1
12639,2
12640,-2
12641,0
12642,-1
12643,0
12644,1
12645,-1
12646,0
12647,-1
12648,0
12649,-1
12650,0
12651,0
12652,0
12653,-1
12654,0
12655,0
12656,-1
12657,0
12658,-1
12659,0
12660,0
12661,1
12662,0
12663,-1
12664,0
12665,0
12666,0
12667,0
12668,0
12669,0
12670,0
12671,0
12672,0
12673,-1
12674,1
12675,0
12676,-1
12677,0
12678,0
12679,0
12680,-1
12681,1
12682,0
12683,-1
12684,0
12685,-1
12686,0
12687,-2
12688,0
12689,-1
12690,0
12691,-1
12692,0
12693,-1
12694,0
12695,0
12696,0
12697,0
12698,-2
12699,-2
12700,0
12701,-1
12702,0
12703,0
12704,0
12705,1
12706,-1
12707,0
12708,-1
12709,0
12710,0
12711,-1
12712,0
12713,1
12714,-1
12715,0
12716,0
12717,0
12718,-1
12719,-1
12720,-1
12721,-1
12722,-1
12723,0
12724,0
12725,-1
12726,-1
12727,-1
12728,-1
12729,-1
12730,-1
12731,0
12732,-1
12733,-1
12734,-1
12735,-1
12736,-1
12737,-1
12738,-1
12739,-1
12740,-1
12741,0
12742,-1
12743,-1
12744,-1
12745,-1
12746,-1
12747,-1
12748,-1
12749,-1
12750,-2
12751,0
12752,-1
12753,-1
12754,0
12755,0
12756,0
12757,0
12758,0
12759,-1
12760,-1
12761,-1
12762,-1
12763,0
12764,-1
12765,0
12766,-2
12767,0
12768,-1
12769,0
12770,0
12771,0
12772,0
12773,0
12774,0
12775,0
12776,0
12777,0
12778,0
12779,0
12780,-1
12781,-1
12782,0
12783,0
12784,0
12785,0
12786,0
12787,-1
12788,-2
12789,0
12790,-1
12791,0
12792,-1
12793,0
12794,0
12795,0
12796,-2
12797,0
12798,0
12799,-2
12800,0
12801,-1
12802,0
12803,0
12804,-1
12805,0
12806,-1
12807,0
12808,0
12809,0
12810,0
12811,0
12812,0
12813,0
12814,-1
12815,0
12816,0
12817,0
12818,0
12819,0
12820,0
12821,0
12822,-2
12823,0
12824,-1
12825,0
12826,0
12827,0
12828,0
12829,0
12830,0
12831,0
12832,-1
12833,0
12834,-2
12835,0
12836,0
12837,-1
12838,0
12839,-2
12840,2
12841,0
12842,-2
12843,2
12844,0
12845,1
12846,0
12847,-1
12848,1
12849,-1
12850,-1
12851,1
12852,0
12853,-1
12854,1
12855,0
12856,0
12857,1
12858,-1
12859,-1
12860,1
12861,0
12862,-1
12863,1
12864,0
12865,-1
12866,1
12867,0
12868,0
12869,-1
12870,1
12871,0
12872,-1
12873,1
12874,0
12875,-1
12876,1
12877,0
12878,0
12879,0
12880,0
12881,-1
12882,-2
12883,0
12884,-1
12885,-1
12886,0
12887,0
12888,-2
12889,1
12890,-1
12891,-1
12892,-1
12893,0
12894,-1
12895,0
12896,0
12897,-1
12898,0
12899,-1
12900,0
12901,0
12902,0
12903,1
12904,0
12905,-1
12906,1
12907,-1
12908,0
12909,0
12910,1
12911,-1
12912,2
12913,0
12914,-1
12915,0
12916,0
12917,-1
12918,-1
12919,0
12920,-2
12921,3
12922,0
12923,0
12924,-2
12925,3
12926,0
12927,0
12928,-1
12929,1
12930,-1
12931,-1
12932,2
12933,0
12934,0
12935,-1
12936,2
12937,0
12938,-1
12939,-1
12940,2
12941,0
12942,0
12943,1
12944,0
12945,-1
12946,1
12947,-1
12948,1
12949,-1
12950,0
12951,0
12952,0
12953,-1
12954,1
12955,-1
12956,1
12957,-1
12958,1
12959,-1
12960,-1
12961,-1
12962,-1
12963,0
12964,0
12965,-1
12966,0
12967,-1
12968,-1
12969,1
12970,-1
12971,1
12972,0
12973,2
12974,-1
12975,0
12976,-1
12977,0
12978,-1
12979,-1
12980,3
12981,-1
12982,-1
12983,-1
12984,1
12985,-1
12986,1
12987,-2
12988,0
12989,-1
12990,0
12991,-1
12992,-1
12993,3
12994,-1
12995,0
12996,0
12997,0
12998,-2
12999,-1
13000,-1
13001,0
13002,-1
13003,-1
13004,0
13005,-2
13006,0
13007,1
13008,-1
13009,2
13010,-1
13011,-1
13012,-1
13013,-1
13014,-1
13015,0
13016,3
13017,-1
13018,-2
13019,-1
13020,0
13021,0
13022,-1
13023,0
13024,3
13025,-1
13026,-1
13027,-1
13028,3
13029,-2
13030,-1
13031,-1
13032,2
13033,-1
13034,-1
13035,3
13036,-1
13037,-1
13038,0
13039,0
13040,0
13041,-1
13042,-1
13043,2
13044,-1
13045,-1
13046,0
13047,2
13048,-1
13049,-1
13050,-1
13051,3
13052,-2
13053,-1
13054,-1
13055,1
13056,-1
13057,1
13058,0
13059,0
13060,1
13061,0
13062,-1
13063,0
13064,1
13065,-1
13066,0
13067,1
13068,-1
13069,1
13070,0
13071,-1
13072,0
13073,-1
13074,-1
13075,-1
13076,0
13077,-1
13078,0
13079,-1
13080,-1
13081,1
13082,0
13083,-1
13084,-1
13085,0
13086,-1
13087,0
13088,0
13089,-2
13090,0
13091,0
13092,0
13093,0
13094,0
13095,0
13096,-1
13097,0
13098,-1
13099,-1
13100,1
13101,0
13102,-1
13103,0
13104,-1
13105,-1
13106,0
13107,0
13108,-1
13109,0
13110,-1
13111,-1
13112,-1
13113,-1
13114,-1
13115,-1
13116,0
13117,-1
13118,-1
13119,-1
13120,0
13121,-1
13122,0
13123,-1
13124,-1
13125,-1
13126,0
13127,-1
13128,1
13129,-1
13130,0
13131,-1
13132,0
13133,-1
13134,-1
13135,0
13136,-3
13137,-1
13138,0
13139,-1
13140,0
13141,-1
13142,0
13143,0
13144,-1
13145,-1
13146,0
13147,1
13148,0
13149,0
13150,1
13151,-1
13152,0
13153,-1
13154,0
13155,0
13156,1
13157,0
13158,0
13159,0
13160,-2
13161,0
13162,0
13163,-1
13164,-1
13165,-1
13166,0
13167,1
13168,-1
13169,0
13170,0
13171,0
13172,-1
13173,-1
13174,-1
13175,1
13176,-1
13177,0
13178,-1
13179,0
13180,0
13181,0
13182,0
13183,-1
13184,2
13185,-1
13186,1
13187,1
13188,-1
13189,0
13190,0
13191,1
13192,0
13193,0
13194,0
13195,0
13196,0
13197,-1
13198,0
13199,0
13200,2
13201,-1
13202,-1
13203,-1
13204,0
13205,1
13206,-1
13207,1
13208,0
13209,-1
13210,0
13211,-2
13212,-1
13213,-1
13214,1
13215,-2
13216,0
13217,0
13218,-1
13219,1
13220,0
13221,-1
13222,0
13223,2
13224,0
13225,-1
13226,-1
13227,0
13228,0
13229,0
13230,-1
13231,-1
13232,-1
13233,-1
13234,-1
13235,-2
13236,-1
13237,-1
13238,-1
13239,0
13240,0
13241,1
13242,0
13243,0
13244,0
13245,0
13246,1
13247,0
13248,0
13249,-1
13250,0
13251,-1
13252,-1
13253,0
13254,-1
13255,-1
13256,0
13257,1
13258,0
13259,2
13260,-1
13261,-1
13262,-1
13263,0
13264,0
13265,-1
13266,-1
13267,-1
13268,0
13269,0
13270,-1
13271,0
13272,-2
13273,0
13274,-1
13275,0
13276,-1
13277,0
13278,0
13279,0
13280,-1
13281,-1
13282,-1
13283,0
13284,0
13285,0
13286,-1
13287,-1
13288,0
13289,0
13290,-1
13291,-1
13292,0
13293,-1
13294,0
13295,0
13296,0
13297,0
13298,0
13299,-1
13300,-2
13301,0
13302,-1
13303,-1
13304,-1
13305,0
13306,-1
13307,2
13308,0
13309,1
13310,2
13311,0
13312,2
13313,1
13314,-1
13315,0
13316,0
13317,1
13318,0
13319,0
13320,0
13321,0
13322,0
13323,2
13324,-2
13325,0
13326,0
13327,-1
13328,1
13329,0
13330,-1
13331,0
13332,-1
13333,0
13334,-1
13335,-1
13336,-1
13337,0
13338,0
13339,0
13340,0
13341,-1
13342,0
13343,0
13344,-1
13345,0
13346,0
13347,0
13348,-1
13349,0
13350,-1
13351,2
13352,-1
13353,-2
13354,0
13355,-1
13356,0
13357,2
13358,1
13359,0
13360,0
13361,0
13362,1
13363,0
13364,0
13365,0
13366,0
13367,0
13368,1
13369,0
13370,1
13371,0
13372,0
13373,0
13374,0
13375,1
13376,1
13377,0
13378,0
13379,1
13380,0
13381,0
13382,0
13383,-2
13384,-1
13385,-1
13386,0
13387,0
13388,-4
13389,-1
13390,-1
13391,-1
13392,-1
13393,-3
13394,-1
13395,0
13396,0
13397,-1
13398,-1
13399,-3
13400,-1
13401,-1
13402,-1
13403,-1
13404,0
13405,-1
13406,-1
13407,-1
13408,0
13409,0
13410,-4
13411,-1
13412,-2
13413,-1
13414,2
13415,-1
13416,0
13417,-2
13418,0
13419,-2
13420,0
13421,-1
13422,0
13423,-1
13424,2
13425,0
13426,0
13427,1
13428,0
13429,1
13430,0
13431,0
13432,-1
13433,0
13434,1
13435,0
13436,0
13437,0
13438,-1
13439,0
13440,0
13441,0
13442,1
13443,-3
13444,0
13445,-1
13446,0
13447,0
13448,2
13449,0
13450,1
13451,-1
13452,1
13453,-1
13454,-1
13455,0
13456,1
13457,0
13458,1
13459,-1
13460,-1
13461,-1
13462,-1
13463,0
13464,-1
13465,0
13466,-1
13467,0
13468,0
13469,-2
13470,-1
13471,-9
13472,0
13473,-1
13474,-1
13475,2
13476,-6
13477,0
13478,-1
13479,-1
13480,0
13481,1
13482,-1
13483,0
13484,-1
13485,0
13486,-7
13487,-1
13488,0
13489,-1
13490,-1
13491,-1
13492,-1
13493,-1
13494,-1
13495,-1
13496,-2
13497,0
13498,1
13499,0
13500,-1
13501,-1
13502,-1
13503,-1
13504,0
13505,0
13506,-1
13507,0
13508,-1
13509,0
13510,-1
13511,0
13512,-1
13513,-2
13514,-1
13515,-1
13516,-1
13517,0
13518,-1
13519,0
13520,1
13521,0
13522,0
13523,1
13524,1
13525,-1
13526,0
13527,0
13528,-1
13529,-1
13530,-2
13531,-1
13532,0
13533,0
13534,0
13535,-1
13536,-1
13537,-2
13538,-1
13539,0
13540,1
13541,0
13542,-1
13543,-1
13544,-1
13545,-1
13546,0
13547,0
13548,0
13549,0
13550,1
13551,-1
13552,-1
13553,0
13554,-1
13555,-1
13556,0
13557,-1
13558,0
13559,0
13560,0
13561,-1
13562,0
13563,-1
13564,-2
13565,0
13566,1
13567,0
13568,-1
13569,-1
13570,0
13571,1
13572,0
13573,-1
13574,0
13575,0
13576,2
13577,0
13578,-1
13579,-1
13580,-2
13581,-2
13582,-2
13583,-1
13584,-1
13585,0
13586,0
13587,-1
13588,0
13589,-1
13590,-1
13591,-2
13592,-1
13593,-1
13594,-1
13595,-1
13596,1
13597,0
13598,0
13599,0
13600,-1
13601,0
13602,0
13603,1
13604,0
13605,-1
13606,0
13607,0
13608,0
13609,-1
13610,0
13611,1
13612,1
13613,1
13614,1
13615,1
13616,0
13617,-1
13618,-1
13619,0
13620,0
13621,1
13622,0
13623,0
13624,0
13625,0
13626,0
13627,0
13628,0
13629,-1
13630,1
13631,0
13632,1
13633,0
13634,1
13635,0
13636,0
13637,1
13638,0
13639,0
13640,0
13641,1
13642,0
13643,0
13644,-1
13645,1
13646,1
13647,-1
13648,-1
13649,2
13650,0
13651,0
13652,0
13653,-1
13654,2
13655,0
13656,1
13657,-1
13658,0
13659,-1
13660,-1
13661,0
13662,1
13663,2
13664,-1
13665,2
13666,1
13667,0
13668,-1
13669,0
13670,1
13671,0
13672,0
13673,-1
13674,1
13675,1
13676,1
13677,1
13678,0
13679,0
13680,0
13681,0
13682,0
13683,0
13684,0
13685,0
13686,1
13687,0
13688,-1
13689,-1
13690,0
13691,1
13692,-1
13693,-1
13694,1
13695,-1
13696,-1
13697,-1
13698,0
13699,0
13700,-2
13701,0
13702,-1
13703,0
13704,0
13705,-1
13706,-1
13707,-1
13708,-1
13709,0
13710,0
13711,-1
13712,0
13713,-1
13714,-1
13715,-1
13716,0
13717,0
13718,0
13719,-1
13720,0
13721,-1
13722,0
13723,1
13724,-1
13725,0
13726,-1
13727,1
13728,0
13729,1
13730,2
13731,1
13732,0
13733,-1
13734,0
13735,-1
13736,-1
13737,2
13738,0
13739,-1
13740,-1
13741,-1
13742,-1
13743,-1
13744,-1
13745,0
13746,0
13747,1
13748,0
13749,-1
13750,0
13751,0
13752,0
13753,0
13754,1
13755,1
13756,0
13757,-1
13758,-1
13759,0
13760,2
13761,0
13762,0
13763,0
13764,-1
13765,-1
13766,0
13767,0
13768,-1
13769,-1
13770,-2
13771,0
13772,-1
13773,0
13774,-1
13775,0
13776,-1
13777,0
13778,0
13779,-1
13780,0
13781,0
13782,0
13783,-1
13784,0
13785,1
13786,-1
13787,0
13788,0
13789,-1
13790,0
13791,-2
13792,0
13793,-1
13794,-1
13795,-1
13796,0
13797,0
13798,0
13799,-2
13800,-1
13801,0
13802,-1
13803,-1
13804,1
13805,0
13806,1
13807,0
13808,0
13809,0
13810,0
13811,0
13812,0
13813,-1
13814,0
13815,0
13816,0
13817,1
13818,-1
13819,-1
13820,-1
13821,-1
13822,-2
13823,-3
13824,0
13825,0
13826,0
13827,0
13828,0
13829,0
13830,0
13831,-1
13832,0
13833,-1
13834,0
13835,0
13836,0
13837,-1
13838,0
13839,1
13840,0
13841,0
13842,1
13843,-1
13844,-1
13845,0
13846,-1
13847,-1
13848,-1
13849,2
13850,0
13851,-2
13852,-1
13853,0
13854,-1
13855,0
13856,-1
13857,0
13858,0
13859,-1
13860,0
13861,0
13862,-1
13863,-1
13864,-1
13865,0
13866,-1
13867,0
13868,0
13869,0
13870,0
13871,1
13872,0
13873,0
13874,0
13875,1
13876,1
13877,1
13878,0
13879,0
13880,0
13881,3
13882,2
13883,-1
13884,0
13885,-1
13886,2
13887,0
13888,1
13889,0
13890,0
13891,0
13892,-1
13893,1
13894,0
13895,2
13896,1
13897,0
13898,-1
13899,1
13900,1
13901,-1
13902,0
13903,-1
13904,-1
13905,0
13906,0
13907,1
13908,-1
13909,0
13910,0
13911,0
13912,0
13913,0
13914,1
13915,1
13916,-1
13917,1
13918,1
13919,0
13920,0
13921,0
13922,-1
13923,0
13924,0
13925,0
13926,1
13927,0
13928,0
13929,0
13930,-1
13931,0
13932,0
13933,0
13934,0
13935,0
13936,0
13937,1
13938,0
13939,0
13940,1
13941,0
13942,-1
13943,0
13944,0
13945,0
13946,-1
13947,-1
13948,0
13949,-1
13950,-1
13951,0
13952,0
13953,-1
13954,-1
13955,0
13956,-1
13957,0
13958,-1
13959,-1
13960,0
13961,0
13962,-1
13963,0
13964,0
13965,0
13966,0
13967,-1
13968,0
13969,-1
13970,0
13971,0
13972,0
13973,-1
13974,0
13975,0
13976,-1
13977,0
13978,0
13979,0
13980,-1
13981,0
13982,-9
13983,-1
13984,0
13985,-1
13986,0
13987,-4
13988,-1
13989,-1
13990,0
13991,-1
13992,0
13993,-1
13994,0
13995,-1
13996,-1
13997,-1
13998,0
13999,-2
14000,-1
14001,-1
14002,-1
14003,-1
14004,-1
14005,0
14006,0
14007,-1
14008,0
14009,-1
14010,-1
14011,-1
14012,-1
14013,0
14014,-1
14015,1
14016,0
14017,-1
14018,-1
14019,0
14020,0
14021,0
14022,-1
14023,0
14024,0
14025,0
14026,0
14027,-1
14028,0
14029,-1
14030,0
14031,-1
14032,1
14033,0
14034,0
14035,-1
14036,-1
14037,0
14038,0
14039,-2
14040,0
14041,-1
14042,0
14043,0
14044,-1
14045,-1
14046,0
14047,0
14048,-1
14049,0
14050,0
14051,0
14052,-1
14053,0
14054,-1
14055,-1
14056,0
14057,-1
14058,-1
14059,-1
14060,0
14061,-1
14062,0
14063,0
14064,0
14065,-1
14066,-1
14067,0
14068,-1
14069,-1
14070,0
14071,1
14072,-1
14073,0
14074,0
14075,-1
14076,0
14077,0
14078,-1
14079,-1
14080,3
14081,0
14082,0
14083,-1
14084,1
14085,-1
14086,0
14087,0
14088,1
14089,-1
14090,2
14091,0
14092,-1
14093,3
14094,0
14095,-1
14096,0
14097,0
14098,-1
14099,2
14100,0
14101,1
14102,-1
14103,0
14104,-1
14105,1
14106,-1
14107,-1
14108,1
14109,-1
14110,1
14111,-1
14112,1
14113,-1
14114,-2
14115,1
14116,-1
14117,1
14118,-1
14119,-1
14120,1
14121,-1
14122,-1
14123,0
14124,-2
14125,-1
14126,0
14127,0
14128,0
14129,0
14130,-1
14131,0
14132,-2
14133,1
14134,0
14135,0
14136,2
14137,0
14138,1
14139,-1
14140,0
14141,-1
14142,1
14143,-1
14144,0
14145,0
14146,0
14147,0
14148,0
14149,0
14150,-1
14151,1
14152,-2
14153,-1
14154,-1
14155,1
14156,-1
14157,0
14158,0
14159,1
14160,-1
14161,0
14162,-1
14163,0
14164,0
14165,-1
14166,0
14167,-2
14168,-2
14169,-1
14170,0
14171,-1
14172,-1
14173,0
14174,-2
14175,-1
14176,-1
14177,2
14178,-2
14179,-1
14180,-1
14181,-2
14182,0
14183,-1
14184,-2
14185,2
14186,-1
14187,-1
14188,-1
14189,3
14190,-1
14191,0
14192,-1
14193,3
14194,1
14195,-1
14196,0
14197,-2
14198,1
14199,-2
14200,1
14201,0
14202,-1
14203,0
14204,-2
14205,0
14206,1
14207,0
14208,0
14209,-1
14210,1
14211,-1
14212,0
14213,-2
14214,0
14215,0
14216,-1
14217,0
14218,-1
14219,0
14220,0
14221,-2
14222,0
14223,-1
14224,0
14225,-1
14226,0
14227,-1
14228,0
14229,1
14230,0
14231,0
14232,1
14233,-1
14234,0
14235,-1
14236,0
14237,1
14238,-1
14239,0
14240,-2
14241,0
14242,-4
14243,0
14244,0
14245,0
14246,-1
14247,0
14248,-1
14249,0
14250,1
14251,0
14252,0
14253,0
14254,0
14255,-1
14256,0
14257,-1
14258,0
14259,0
14260,-1
14261,-1
14262,-1
14263,1
14264,-1
14265,-1
14266,0
14267,-1
14268,3
14269,-1
14270,-1
14271,0
14272,-1
14273,-1
14274,0
14275,-1
14276,0
14277,-1
14278,-1
14279,0
14280,-2
14281,0
14282,-1
14283,-1
14284,-2
14285,0
14286,1
14287,0
14288,-1
14289,-1
14290,0
14291,-1
14292,0
14293,-1
14294,0
14295,0
14296,1
14297,0
14298,0
14299,0
14300,1
14301,-2
14302,0
14303,-1
14304,0
14305,-1
14306,0
14307,0
14308,-2
14309,0
14310,1
14311,0
14312,-1
14313,0
14314,0
14315,0
14316,0
14317,0
14318,-1
14319,-1
14320,-1
14321,-1
14322,0
14323,0
14324,-1
14325,1
14326,0
14327,0
14328,0
14329,0
14330,-1
14331,0
14332,0
14333,-1
14334,0
14335,0
14336,0
14337,0
14338,0
14339,0
14340,-1
14341,0
14342,0
14343,-1
14344,0
14345,-1
14346,-1
14347,-2
14348,0
14349,-1
14350,-1
14351,-1
14352,0
14353,-1
14354,-1
14355,0
14356,0
14357,-1
14358,-1
14359,0
14360,0
14361,-1
14362,0
14363,-2
14364,-1
14365,-1
14366,-2
14367,0
14368,0
14369,-1
14370,0
14371,-1
14372,0
14373,0
14374,-1
14375,0
14376,-2
14377,0
14378,0
14379,-1
14380,0
14381,0
14382,-1
14383,0
14384,-1
14385,0
14386,-1
14387,0
14388,-1
14389,0
14390,-1
14391,-1
14392,-1
14393,-1
14394,0
14395,-1
14396,-1
14397,-1
14398,0
14399,0
14400,0
14401,0
14402,0
14403,-3
14404,0
14405,0
14406,0
14407,-1
14408,0
14409,0
14410,-2
14411,-1
14412,0
14413,1
14414,0
14415,-1
14416,-1
14417,-1
14418,0
14419,0
14420,0
14421,-1
14422,0
14423,-1
14424,-1
14425,-1
14426,-1
14427,-1
14428,-1
14429,-1
14430,-1
14431,-1
14432,-1
14433,0
14434,-1
14435,0
14436,0
14437,0
14438,0
14439,-1
14440,-1
14441,-1
14442,-1
14443,0
14444,-1
14445,-1
14446,0
14447,-1
14448,1
14449,0
14450,0
14451,-1
14452,-2
14453,0
14454,-2
14455,-1
14456,0
14457,-1
14458,1
14459,0
14460,0
14461,0
14462,0
14463,0
14464,0
14465,-1
14466,-2
14467,0
14468,-2
14469,0
14470,0
14471,0
14472,0
14473,0
14474,0
14475,0
14476,0
14477,0
14478,0
14479,0
14480,1
14481,-1
14482,0
14483,-1
14484,-2
14485,0
14486,-2
14487,0
14488,0
14489,0
14490,0
14491,0
14492,0
14493,0
14494,-1
14495,0
14496,0
14497,-2
14498,0
14499,-1
14500,-1
14501,1
14502,0
14503,0
14504,-2
14505,0
14506,0
14507,0
14508,0
14509,-1
14510,0
14511,0
14512,0
14513,-1
14514,-1
14515,0
14516,0
14517,-1
14518,0
14519,-1
14520,1
14521,0
14522,0
14523,0
14524,0
14525,0
14526,0
14527,-1
14528,-1
14529,0
14530,-1
14531,-1
14532,-3
14533,-1
14534,-1
14535,-1
14536,-1
14537,-1
14538,-1
14539,0
14540,0
14541,0
14542,-2
14543,-1
14544,-1
14545,0
14546,-2
14547,0
14548,1
14549,0
14550,0
14551,0
14552,-1
14553,0
14554,0
14555,0
14556,0
14557,-1
14558,1
14559,0
14560,0
14561,0
14562,0
14563,-1
14564,0
14565,0
14566,-1
14567,0
14568,0
14569,-1
14570,2
14571,1
14572,0
14573,-1
14574,3
14575,1
14576,0
14577,-1
14578,2
14579,0
14580,0
14581,-1
14582,1
14583,0
14584,1
14585,0
14586,0
14587,1
14588,-1
14589,2
14590,0
14591,0
14592,0
14593,1
14594,-1
14595,0
14596,0
14597,0
14598,-1
14599,2
14600,-1
14601,0
14602,1
14603,0
14604,0
14605,0
14606,0
14607,0
14608,1
14609,0
14610,0
14611,-1
14612,0
14613,1
14614,0
14615,1
14616,0
14617,1
14618,-1
14619,0
14620,-1
14621,1
14622,-1
14623,0
14624,-1
14625,0
14626,-1
14627,0
14628,-1
14629,1
14630,-1
14631,-1
14632,1
14633,-1
14634,0
14635,-1
14636,1
14637,-1
14638,1
14639,0
14640,1
14641,-1
14642,-1
14643,1
14644,-1
14645,-1
14646,0
14647,1
14648,-1
14649,1
14650,-1
14651,0
14652,-1
14653,0
14654,-1
14655,1
14656,-1
14657,-1
14658,-1
14659,0
14660,-1
14661,0
14662,0
14663,-1
14664,-1
14665,1
14666,0
14667,0
14668,0
14669,0
14670,1
14671,-1
14672,1
14673,-1
14674,-1
14675,0
14676,0
14677,-1
14678,0
14679,0
14680,-1
14681,0
14682,-1
14683,0
14684,-1
14685,-1
14686,-1
14687,0
14688,-1
14689,0
14690,1
14691,-1
14692,-1
14693,0
14694,0
14695,-3
14696,0
14697,0
14698,-1
14699,0
14700,0
14701,1
14702,0
14703,-1
14704,3
14705,-1
14706,0
14707,1
14708,-2
14709,1
14710,-1
14711,-1
14712,0
14713,-1
14714,0
14715,-2
14716,0
14717,2
14718,-2
14719,-1
14720,3
14721,-1
14722,-1
14723,2
14724,0
14725,-1
14726,2
14727,0
14728,-1
14729,0
14730,-2
14731,-2
14732,0
14733,-2
14734,0
14735,1
14736,-1
14737,-1
14738,2
14739,-1
14740,0
14741,-1
14742,3
14743,-1
14744,1
14745,0
14746,0
14747,0
14748,0
14749,1
14750,0
14751,0
14752,0
14753,0
14754,0
14755,0
14756,0
14757,-1
14758,-1
14759,2
14760,0
14761,1
14762,-2
14763,-1
14764,0
14765,-1
14766,-1
14767,-1
14768,-1
14769,-1
14770,0
14771,-2
14772,0
14773,1
14774,0
14775,0
14776,0
14777,0
14778,0
14779,1
14780,0
14781,0
14782,0
14783,1
14784,0
14785,-1
14786,-1
14787,0
14788,-1
14789,1
14790,0
14791,1
14792,-1
14793,0
14794,0
14795,0
14796,-1
14797,0
14798,-1
14799,0
14800,0
14801,0
14802,0
14803,-1
14804,-1
14805,-2
14806,0
14807,-1
14808,0
14809,-1
14810,0
14811,-2
14812,-1
14813,0
14814,0
14815,-1
14816,-1
14817,-2
14818,1
14819,-1
14820,0
14821,-1
14822,-1
14823,0
14824,0
14825,-1
14826,0
14827,0
14828,0
14829,-1
14830,-1
14831,0
14832,0
14833,-1
14834,-1
14835,0
14836,0
14837,-1
14838,0
14839,-1
14840,0
14841,0
14842,0
14843,1
14844,1
14845,0
14846,0
14847,1
14848,0
14849,0
14850,-2
14851,0
14852,0
14853,-1
14854,-1
14855,0
14856,0
14857,0
14858,1
14859,-1
14860,-1
14861,0
14862,0
14863,1
14864,-1
14865,0
14866,0
14867,1
14868,0
14869,0
14870,0
14871,-1
14872,-1
14873,0
14874,0
14875,0
14876,0
14877,1
14878,-1
14879,0
14880,-2
14881,0
14882,0
14883,0
14884,0
14885,0
14886,0
14887,0
14888,0
14889,0
14890,0
14891,0
14892,0
14893,-1
14894,0
14895,0
14896,0
14897,0
14898,0
14899,-1
14900,-1
14901,1
14902,0
14903,-1
14904,0
14905,2
14906,-1
14907,0
14908,1
14909,0
14910,0
14911,-2
14912,0
14913,0
14914,-1
14915,0
14916,-1
14917,-1
14918,3
14919,-1
14920,0
14921,-1
14922,2
14923,0
14924,0
14925,-1
14926,0
14927,-1
14928,2
14929,-1
14930,0
14931,0
14932,-1
14933,-1
14934,0
14935,-1
14936,0
14937,-1
14938,2
14939,-1
14940,-2
14941,0
14942,-1
14943,0
14944,-1
14945,0
14946,0
14947,-1
14948,-1
14949,-1
14950,0
14951,0
14952,0
14953,0
14954,0
14955,0
14956,0
14957,0
14958,1
14959,-1
14960,1
14961,1
14962,1
14963,-2
14964,0
14965,0
14966,0
14967,0
14968,0
14969,-2
14970,0
14971,-1
14972,-1
14973,0
14974,0
14975,0
14976,0
14977,1
14978,-1
14979,-1
14980,0
14981,0
14982,0
14983,-1
14984,1
14985,-2
14986,-1
14987,-1
14988,0
14989,0
14990,1
14991,0
14992,-1
14993,-1
14994,-2
14995,0
14996,0
14997,2
14998,-1
14999,0
15000,2
15001,-1
15002,0
15003,-2
15004,-1
15005,0
15006,0
15007,-2
15008,-1
15009,3
15010,0
15011,0
15012,3
15013,0
15014,-1
15015,1
15016,2
15017,0
15018,0
15019,0
15020,0
15021,-2
15022,0
15023,0
15024,-1
15025,-1
15026,2
15027,-1
15028,2
15029,0
15030,-1
15031,0
15032,2
15033,0
15034,0
15035,0
15036,-1
15037,2
15038,0
15039,-1
15040,-2
15041,-1
15042,2
15043,-1
15044,-1
15045,-1
15046,0
15047,0
15048,0
15049,0
15050,0
15051,0
15052,-1
15053,0
15054,0
15055,-1
15056,-1
15057,-1
15058,0
15059,1
15060,0
15061,-1
15062,0
15063,0
15064,-1
15065,0
15066,0
15067,0
15068,-1
15069,-1
15070,0
15071,0
15072,0
15073,0
15074,0
15075,0
15076,0
15077,0
15078,0
15079,-1
15080,0
15081,-1
15082,-2
15083,1
15084,0
15085,-1
15086,2
15087,3
15088,0
15089,0
15090,1
15091,-2
15092,1
15093,0
15094,0
15095,0
15096,0
15097,0
15098,0
15099,0
15100,0
15101,1
15102,0
15103,-1
15104,0
15105,-1
15106,0
15107,-1
15108,0
15109,0
15110,-2
15111,0
15112,0
15113,0
15114,-1
15115,0
15116,0
15117,0
15118,0
15119,0
15120,0
15121,-1
15122,0
15123,0
15124,0
15125,-1
15126,0
15127,-1
15128,0
15129,0
15130,0
15131,1
15132,0
15133,0
15134,-1
15135,0
15136,-1
15137,1
15138,-1
15139,0
15140,0
15141,0
15142,0
15143,-1
15144,0
15145,-1
15146,0
15147,0
15148,-1
15149,0
15150,0
15151,0
15152,-2
15153,0
15154,0
15155,0
15156,0
15157,0
15158,0
15159,-1
15160,-1
15161,-1
15162,-1
15163,0
15164,-1
15165,-1
15166,-1
15167,0
15168,-1
15169,-2
15170,-1
15171,-1
15172,0
15173,0
15174,0
15175,-1
15176,0
15177,-1
15178,0
15179,-1
15180,0
15181,0
15182,-1
15183,0
15184,0
15185,-1
15186,-1
15187,0
15188,-1
15189,0
15190,-1
15191,0
15192,-1
15193,-1
15194,-1
15195,-1
15196,-1
15197,-2
15198,-1
15199,-2
15200,0
15201,0
15202,0
15203,0
15204,-1
15205,0
15206,0
15207,0
15208,-1
15209,-1
15210,0
15211,0
15212,0
15213,-1
15214,-1
15215,-1
15216,0
15217,0
15218,-1
15219,0
15220,0
15221,-1
15222,0
15223,0
15224,0
15225,-1
15226,0
15227,0
15228,1
15229,-2
15230,0
15231,0
15232,-1
15233,0
15234,0
15235,0
15236,0
15237,0
15238,1
15239,0
15240,0
15241,1
15242,0
15243,-1
15244,1
15245,-2
15246,-1
15247,-1
15248,0
15249,0
15250,0
15251,1
15252,1
15253,0
15254,0
15255,0
15256,0
15257,1
15258,0
15259,1
15260,0
15261,0
15262,1
15263,-1
15264,-1
15265,0
15266,0
15267,-1
15268,0
15269,1
15270,0
15271,0
15272,-1
15273,-1
15274,0
15275,0
15276,0
15277,-2
15278,-1
15279,0
15280,-1
15281,2
15282,0
15283,0
15284,0
15285,-1
15286,0
15287,0
15288,0
15289,0
15290,-1
15291,0
15292,0
15293,-2
15294,0
15295,0
15296,0
15297,-2
15298,0
15299,0
15300,0
15301,0
15302,-1
15303,0
15304,1
15305,0
15306,1
15307,0
15308,0
15309,-1
15310,0
15311,1
15312,0
15313,0
15314,0
15315,0
15316,-1
15317,0
15318,0
15319,0
15320,0
15321,1
15322,0
15323,0
15324,1
15325,-1
15326,0
15327,1
15328,0
15329,0
15330,-1
15331,0
15332,-1
15333,0
15334,0
15335,0
15336,0
15337,0
15338,0
15339,-1
15340,-1
15341,1
15342,0
15343,0
15344,0
15345,1
15346,0
15347,0
15348,0
15349,1
15350,0
15351,-1
15352,-1
15353,-1
15354,0
15355,0
15356,-1
15357,0
15358,0
15359,1
15360,1
15361,0
15362,1
15363,0
15364,-1
15365,0
15366,0
15367,-1
15368,0
15369,0
15370,-1
15371,1
15372,-1
15373,-1
15374,1
15375,-1
15376,0
15377,0
15378,-1
15379,2
15380,0
15381,-1
15382,-1
15383,0
15384,0
15385,0
15386,-1
15387,-1
15388,-1
15389,0
15390,-1
15391,0
15392,-1
15393,1
15394,1
15395,0
15396,-1
15397,0
15398,-1
15399,0
15400,-1
15401,0
15402,0
15403,-1
15404,0
15405,1
15406,-1
15407,-1
15408,2
15409,0
15410,-1
15411,0
15412,0
15413,-1
15414,-2
15415,-1
15416,0
15417,1
15418,0
15419,0
15420,1
15421,1
15422,1
15423,0
15424,1
15425,1
15426,0
15427,1
15428,-1
15429,0
15430,0
15431,0
15432,-1
15433,1
15434,-1
15435,0
15436,0
15437,-2
15438,0
15439,-1
15440,0
15441,0
15442,0
15443,-1
15444,1
15445,-1
15446,-1
15447,1
15448,-1
15449,0
15450,0
15451,0
15452,0
15453,-1
15454,0
15455,-1
15456,-1
15457,1
15458,-1
15459,-1
15460,-1
15461,-1
15462,0
15463,-1
15464,1
15465,-1
15466,0
15467,0
15468,-1
15469,1
15470,0
15471,-1
15472,1
15473,0
15474,0
15475,-1
15476,0
15477,-1
15478,0
15479,0
15480,-1
15481,-1
15482,1
15483,0
15484,1
15485,-1
15486,-1
15487,1
15488,0
15489,0
15490,0
15491,0
15492,-2
15493,0
15494,-1
15495,0
15496,0
15497,-1
15498,1
15499,0
15500,0
15501,0
15502,-1
15503,0
15504,-2
15505,-2
15506,0
15507,-1
15508,0
15509,-1
15510,0
15511,-2
15512,0
15513,-1
15514,-1
15515,0
15516,-1
15517,-1
15518,0
15519,0
15520,-1
15521,0
15522,-2
15523,0
15524,0
15525,-1
15526,-1
15527,1
15528,0
15529,-1
15530,-1
15531,0
15532,-2
15533,0
15534,-1
15535,-1
15536,0
15537,-2
15538,0
15539,-1
15540,0
15541,-2
15542,0
15543,0
15544,0
15545,-1
15546,2
15547,1
15548,-1
15549,-1
15550,1
15551,-1
15552,1
15553,0
15554,-1
15555,0
15556,-2
15557,0
15558,0
15559,-1
15560,1
15561,0
15562,0
15563,0
15564,0
15565,-1
15566,0
15567,3
15568,0
15569,0
15570,-1
15571,-2
15572,0
15573,0
15574,0
15575,0
15576,0
15577,0
15578,0
15579,-1
15580,1
15581,-1
15582,-1
15583,1
15584,1
15585,1
15586,0
15587,0
15588,0
15589,-1
15590,0
15591,-1
15592,0
15593,0
15594,-1
15595,-1
15596,0
15597,0
15598,-1
15599,0
15600,0
15601,-1
15602,0
15603,-1
15604,0
15605,0
15606,0
15607,0
15608,0
15609,-1
15610,1
15611,-1
15612,-1
15613,0
15614,0
15615,0
15616,0
15617,0
15618,-1
15619,0
15620,-1
15621,0
15622,0
15623,-1
15624,0
15625,-1
15626,0
15627,-1
15628,-1
15629,-1
15630,0
15631,-1
15632,0
15633,-1
15634,0
15635,-1
15636,-1
15637,1
15638,0
15639,0
15640,-1
15641,-1
15642,-1
15643,-1
15644,-1
15645,0
15646,-1
15647,0
15648,0
15649,-1
15650,-1
15651,0
15652,-1
15653,0
15654,-1
15655,0
15656,0
15657,-2
15658,0
15659,0
15660,-1
15661,-1
15662,0
15663,-1
15664,-1
15665,-1
15666,-1
15667,-1
15668,0
15669,-1
15670,-1
15671,0
15672,-1
15673,-1
15674,-1
15675,0
15676,-2
15677,-1
15678,-1
15679,0
15680,-1
15681,0
15682,-1
15683,0
15684,1
15685,0
15686,0
15687,0
15688,-1
15689,1
15690,-1
15691,0
15692,-1
15693,0
15694,-1
15695,-2
15696,0
15697,0
15698,0
15699,-1
15700,0
15701,0
15702,0
15703,-1
15704,0
15705,0
15706,0
15707,-1
15708,0
15709,0
15710,0
15711,0
15712,1
15713,-1
15714,0
15715,0
15716,-1
15717,0
15718,0
15719,0
15720,0
15721,-2
15722,0
15723,-1
15724,0
15725,0
15726,0
15727,0
15728,0
15729,-1
15730,-1
15731,0
15732,0
15733,-1
15734,-1
15735,0
15736,-1
15737,0
15738,0
15739,-1
15740,0
15741,0
15742,-1
15743,-1
15744,0
15745,0
15746,0
15747,0
15748,-1
15749,1
15750,2
15751,0
15752,0
15753,-2
15754,2
15755,-1
15756,3
15757,-1
15758,0
15759,1
15760,-1
15761,0
15762,-1
15763,1
15764,0
15765,0
15766,2
15767,-1
15768,0
15769,0
15770,0
15771,1
15772,-1
15773,0
15774,-1
15775,0
15776,1
15777,-1
15778,1
15779,-1
15780,0
15781,-1
15782,1
15783,-1
15784,1
15785,-1
15786,0
15787,-1
15788,2
15789,-2
15790,-1
15791,0
15792,-1
15793,1
15794,0
15795,-1
15796,0
15797,-1
15798,0
15799,-1
15800,-1
15801,0
15802,0
15803,1
15804,-1
15805,0
15806,-1
15807,1
15808,0
15809,1
15810,0
15811,0
15812,0
15813,-2
15814,0
15815,-2
15816,-1
15817,0
15818,-3
15819,0
15820,-2
15821,0
15822,0
15823,0
15824,0
15825,0
15826,1
15827,0
15828,0
15829,0
15830,0
15831,0
15832,0
15833,-1
15834,0
15835,0
15836,-1
15837,0
15838,0
15839,0
15840,1
15841,0
15842,0
15843,0
15844,1
15845,-1
15846,0
15847,-1
15848,0
15849,-2
15850,0
15851,0
15852,0
15853,1
15854,0
15855,0
15856,0
15857,1
15858,0
15859,-1
15860,0
15861,1
15862,1
15863,0
15864,0
15865,0
15866,-1
15867,0
15868,-1
15869,0
15870,0
15871,-1
15872,-1
15873,-1
15874,2
15875,-1
15876,-2
15877,0
15878,-1
15879,0
15880,-2
15881,-1
15882,1
15883,0
15884,-2
15885,0
15886,0
15887,0
15888,0
15889,0
15890,0
15891,1
15892,-1
15893,0
15894,0
15895,-2
15896,0
15897,0
15898,-1
15899,0
15900,-1
15901,-1
15902,1
15903,0
15904,0
15905,-1
15906,-1
15907,3
15908,-1
15909,0
15910,0
15911,0
15912,0
15913,1
15914,-2
15915,0
15916,-1
15917,1
15918,0
15919,0
15920,-1
15921,0
15922,-1
15923,-1
15924,0
15925,-1
15926,-1
15927,-1
15928,-2
15929,-2
15930,-1
15931,0
15932,-1
15933,-1
15934,0
15935,-3
15936,1
15937,-2
15938,0
15939,0
15940,-3
15941,0
15942,0
15943,0
15944,0
15945,0
15946,0
15947,-1
15948,-1
15949,0
15950,0
15951,0
15952,0
15953,0
15954,-2
15955,0
15956,-1
15957,0
15958,1
15959,-1
15960,-2
15961,1
15962,0
15963,0
15964,0
15965,-1
15966,0
15967,-2
15968,0
15969,0
15970,-1
15971,0
15972,3
15973,-1
15974,-1
15975,0
15976,0
15977,0
15978,0
15979,0
15980,-1
15981,0
15982,-1
15983,0
15984,1
15985,0
15986,0
15987,0
15988,-1
15989,0
15990,0
15991,0
15992,0
15993,0
15994,0
15995,-1
15996,-1
15997,0
15998,-2
15999,0
16000,0
16001,0
16002,0
16003,-1
16004,0
16005,0
16006,0
16007,0
16008,0
16009,0
16010,-1
16011,0
16012,0
16013,0
16014,0
16015,0
16016,0
16017,0
16018,-1
16019,-1
16020,0
16021,-1
16022,0
16023,0
16024,-1
16025,0
16026,0
16027,-1
16028,0
16029,0
16030,0
16031,-1
16032,0
16033,-1
16034,0
16035,-1
16036,0
16037,0
16038,0
16039,-1
16040,0
16041,0
16042,0
16043,-1
16044,0
16045,0
16046,0
16047,0
16048,0
16049,-1
16050,0
16051,0
16052,0
16053,-2
16054,0
16055,-1
16056,0
16057,1
16058,0
16059,0
16060,-1
16061,-1
16062,0
16063,0
16064,0
16065,-1
16066,-1
16067,0
16068,0
16069,-1
16070,0
16071,0
16072,0
16073,0
16074,0
16075,0
16076,0
16077,0
16078,0
16079,1
16080,0
16081,0
16082,0
16083,0
16084,-1
16085,-1
16086,-1
16087,0
16088,-1
16089,0
16090,0
16091,-1
16092,0
16093,-1
16094,-1
16095,-1
16096,-1
16097,-1
16098,-1
16099,0
16100,-1
16101,0
16102,-1
16103,0
16104,-1
16105,0
16106,-2
16107,0
16108,0
16109,0
16110,-1
16111,-1
16112,-1
16113,-1
16114,-1
16115,-1
16116,0
16117,-1
16118,-1
16119,0
16120,-1
16121,-1
16122,0
16123,0
16124,-1
16125,-1
16126,-1
16127,0
16128,0
16129,-1
16130,0
16131,0
16132,1
16133,0
16134,0
16135,0
16136,1
16137,0
16138,-1
16139,-1
16140,-1
16141,-1
16142,0
16143,0
16144,-1
16145,0
16146,0
16147,-1
16148,0
16149,-1
16150,0
16151,-1
16152,-1
16153,-1
16154,0
16155,-1
16156,-1
16157,-1
16158,0
16159,-1
16160,-1
16161,-1
16162,0
16163,0
16164,-1
16165,0
16166,-1
16167,0
16168,0
16169,-1
16170,0
16171,1
16172,1
16173,0
16174,0
16175,-1
16176,0
16177,0
16178,-1
16179,-1
16180,-1
16181,0
16182,-1
16183,1
16184,0
16185,0
16186,-1
16187,0
16188,0
16189,0
16190,1
16191,0
16192,0
16193,0
16194,1
16195,0
16196,1
16197,0
16198,0
16199,0
16200,-1
16201,1
16202,-2
16203,1
16204,-1
16205,-1
16206,0
16207,-1
16208,-1
16209,-1
16210,0
16211,-1
16212,-1
16213,0
16214,0
16215,-1
16216,-1
16217,0
16218,0
16219,0
16220,0
16221,0
16222,-2
16223,0
16224,0
16225,-2
16226,-2
16227,-1
16228,0
16229,0
16230,0
16231,-1
16232,-2
16233,0
16234,-1
16235,-1
16236,0
16237,0
16238,-1
16239,-1
16240,0
16241,0
16242,-1
16243,0
16244,0
16245,0
16246,0
16247,0
16248,0
16249,0
16250,0
16251,0
16252,0
16253,-2
16254,0
16255,0
16256,-2
16257,0
16258,0
16259,0
16260,1
16261,-1
16262,0
16263,0
16264,0
16265,0
16266,-2
16267,0
16268,-1
16269,0
16270,-2
16271,0
16272,0
16273,-2
16274,0
16275,0
16276,0
16277,0
16278,0
16279,0
16280,0
16281,0
16282,0
16283,0
16284,0
16285,0
16286,-1
16287,-1
16288,0
16289,0
16290,-1
16291,-1
16292,-1
16293,1
16294,0
16295,-2
16296,1
16297,-1
16298,-1
16299,0
16300,-1
16301,-1
16302,0
16303,-1
16304,-1
16305,0
16306,-1
16307,-1
16308,1
16309,-1
16310,1
16311,1
16312,-2
16313,-1
16314,-1
16315,1
16316,-1
16317,1
16318,1
16319,0
16320,-2
16321,0
16322,-1
16323,-1
16324,1
16325,1
16326,1
16327,1
16328,1
16329,1
16330,-1
16331,2
16332,0
16333,0
16334,-1
16335,-1
16336,0
16337,-2
16338,2
16339,0
16340,-1
16341,2
16342,-1
16343,0
16344,2
16345,-1
16346,0
16347,-1
16348,1
16349,1
16350,-2
16351,2
16352,0
16353,0
16354,0
16355,-1
16356,0
16357,0
16358,-1
16359,0
16360,1
16361,0
16362,-1
16363,2
16364,0
16365,-1
16366,3
16367,0
16368,-1
16369,0
16370,0
16371,0
16372,0
16373,0
16374,-1
16375,-1
16376,2
16377,0
16378,2
16379,-1
16380,1
16381,-1
16382,0
16383,0
16384,-1
16385,2
16386,1
16387,-1
16388,0
16389,1
16390,-1
16391,0
16392,1
16393,-1
16394,0
16395,0
16396,0
16397,-1
16398,-1
16399,0
16400,0
16401,0
16402,0
16403,0
16404,0
16405,-1
16406,-1
16407,0
16408,0
16409,-1
16410,-1
16411,0
16412,0
16413,1
16414,0
16415,-1
16416,1
16417,-1
16418,0
16419,-1
16420,0
16421,-1
16422,1
16423,-1
16424,1
16425,-1
16426,1
16427,-1
16428,0
16429,-1
16430,0
16431,-1
16432,1
16433,-1
16434,1
16435,0
16436,0
16437,1
16438,0
16439,1
16440,1
16441,-1
16442,0
16443,-1
16444,1
16445,-2
16446,-1
16447,1
16448,0
16449,1
16450,1
16451,-1
16452,-2
16453,1
16454,0
16455,0
16456,0
16457,0
16458,0
16459,0
16460,1
16461,0
16462,1
16463,-1
16464,0
16465,0
16466,1
16467,-1
16468,0
16469,1
16470,-1
16471,-1
16472,1
16473,0
16474,0
16475,0
16476,0
16477,0
16478,0
16479,0
16480,1
16481,0
16482,0
16483,1
16484,0
16485,0
16486,0
16487,-1
16488,1
16489,0
16490,1
16491,0
16492,0
16493,0
16494,1
16495,-1
16496,-1
16497,1
16498,-1
16499,1
16500,-1
16501,-1
16502,1
16503,0
16504,1
16505,-1
16506,-1
16507,1
16508,0
16509,-1
16510,-1
16511,3
16512,-1
16513,-1
16514,0
16515,0
16516,-1
16517,2
16518,-2
16519,-1
16520,0
16521,-2
16522,-2
16523,0
16524,0
16525,0
16526,1
16527,0
16528,0
16529,0
16530,1
16531,-1
16532,0
16533,0
16534,0
16535,1
16536,-1
16537,-1
16538,0
16539,0
16540,1
16541,0
16542,-1
16543,3
16544,-1
16545,0
16546,-2
16547,-1
16548,0
16549,-2
16550,1
16551,0
16552,-1
16553,0
16554,0
16555,-1
16556,0
16557,0
16558,0
16559,-1
16560,0
16561,1
16562,0
16563,-1
16564,0
16565,0
16566,0
16567,0
16568,0
16569,0
16570,0
16571,0
16572,0
16573,-1
16574,0
16575,1
16576,0
16577,0
16578,1
16579,0
16580,-1
16581,1
16582,0
16583,0
16584,-1
16585,-1
16586,-1
16587,-1
16588,0
16589,0
16590,0
16591,0
16592,-1
16593,0
16594,-1
16595,0
16596,0
16597,-1
16598,-1
16599,-1
16600,0
16601,1
16602,0
16603,-1
16604,0
16605,-1
16606,-1
16607,0
16608,0
16609,-1
16610,0
16611,0
16612,-1
16613,0
16614,0
16615,0
16616,0
16617,0
16618,0
16619,0
16620,-2
16621,-2
16622,-1
16623,-1
16624,-2
16625,-1
16626,0
16627,-1
16628,-2
16629,0
16630,0
16631,-1
16632,-1
16633,-2
16634,-1
16635,-2
16636,-1
16637,-2
16638,-1
16639,-1
16640,-1
16641,0
16642,0
16643,0
16644,-1
16645,0
16646,-1
16647,-1
16648,-1
16649,-1
16650,-1
16651,-1
16652,0
16653,-1
16654,0
16655,-1
16656,-1
16657,-1
16658,0
16659,0
16660,-1
16661,-1
16662,0
16663,-1
16664,0
16665,0
16666,-1
16667,0
16668,-1
16669,0
16670,0
16671,-1
16672,0
16673,0
16674,-1
16675,-1
16676,0
16677,0
16678,0
16679,0
16680,1
16681,-1
16682,0
16683,0
16684,1
16685,1
16686,-1
16687,0
16688,-1
16689,0
16690,-1
16691,-2
16692,0
16693,0
16694,0
16695,0
16696,0
16697,0
16698,0
16699,0
16700,0
16701,0
16702,0
16703,0
16704,1
16705,-1
16706,-1
16707,0
16708,0
16709,0
16710,-1
16711,0
16712,0
16713,-1
16714,-1
16715,0
16716,-1
16717,-1
16718,0
16719,-1
16720,0
16721,0
16722,0
16723,-2
16724,2
16725,-1
16726,0
16727,0
16728,-1
16729,0
16730,1
16731,0
16732,0
16733,1
16734,0
16735,-1
16736,2
16737,-1
16738,0
16739,-1
16740,0
16741,0
16742,-1
16743,-2
16744,2
16745,0
16746,1
16747,-1
16748,-1
16749,-1
16750,-1
16751,-2
16752,-1
16753,1
16754,-1
16755,-1
16756,-2
16757,-1
16758,-1
16759,1
16760,-1
16761,-1
16762,0
16763,1
16764,0
16765,1
16766,-1
16767,0
16768,0
16769,0
16770,-1
16771,0
16772,-2
16773,0
16774,3
16775,-1
16776,0
16777,0
16778,0
16779,-1
16780,-1
16781,0
16782,0
16783,0
16784,-1
16785,0
16786,0
16787,0
16788,0
16789,-1
16790,-1
16791,1
16792,-1
16793,-2
16794,0
16795,-1
16796,0
16797,0
16798,-1
16799,-1
16800,1
16801,-1
16802,-1
16803,1
16804,-1
16805,1
16806,-1
16807,0
16808,-3
16809,0
16810,-1
16811,0
16812,0
16813,0
16814,-1
16815,0
16816,0
16817,-2
16818,0
16819,0
16820,1
16821,0
16822,0
16823,0
16824,-2
16825,0
16826,0
16827,0
16828,-2
16829,0
16830,0
16831,0
16832,-1
16833,0
16834,-1
16835,0
16836,0
16837,0
16838,-1
16839,0
16840,0
16841,0
16842,-2
16843,0
16844,0
16845,0
16846,1
16847,-1
16848,0
16849,-2
16850,-1
16851,-1
16852,1
16853,-1
16854,-1
16855,2
16856,-1
16857,-1
16858,2
16859,-1
16860,-1
16861,2
16862,-1
16863,-1
16864,0
16865,2
16866,-1
16867,0
16868,3
16869,1
16870,1
16871,0
16872,0
16873,0
16874,1
16875,-1
16876,0
16877,0
16878,-1
16879,0
16880,0
16881,-1
16882,-1
16883,0
16884,0
16885,-1
16886,0
16887,0
16888,-2
16889,0
16890,0
16891,0
16892,0
16893,1
16894,-1
16895,-1
16896,0
16897,0
16898,-1
16899,0
16900,0
16901,-1
16902,-1
16903,-2
16904,0
16905,-1
16906,-1
16907,2
16908,-1
16909,0
16910,3
16911,0
16912,2
16913,-2
16914,-1
16915,0
16916,-1
16917,0
16918,3
16919,-1
16920,0
16921,0
16922,0
16923,0
16924,-1
16925,0
16926,-2
16927,0
16928,1
16929,0
16930,0
16931,0
16932,-1
16933,0
16934,-1
16935,0
16936,0
16937,-3
16938,1
16939,-1
16940,0
16941,-1
16942,-1
16943,0
16944,0
16945,-1
16946,0
16947,-1
16948,0
16949,-1
16950,1
16951,0
16952,0
16953,0
16954,-2
16955,-1
16956,0
16957,-1
16958,0
16959,0
16960,1
16961,-1
16962,0
16963,-1
16964,0
16965,-2
16966,0
16967,1
16968,0
16969,-1
16970,0
16971,0
16972,-1
16973,0
16974,0
16975,0
16976,0
16977,0
16978,0
16979,0
16980,-1
16981,0
16982,-2
16983,0
16984,0
16985,0
16986,0
16987,0
16988,-1
16989,0
16990,-1
16991,0
16992,0
16993,-1
16994,0
16995,-1
16996,0
16997,1
16998,-1
16999,-2
17000,0
17001,-1
17002,0
17003,-1
17004,0
17005,0
17006,-1
17007,-1
17008,-2
17009,0
17010,-1
17011,0
17012,-2
17013,-1
17014,0
17015,-1
17016,0
17017,-2
17018,0
17019,-1
17020,1
17021,0
17022,0
17023,0
17024,-1
17025,0
17026,-1
17027,0
17028,-1
17029,0
17030,-1
17031,0
17032,0
17033,0
17034,0
17035,-1
17036,-2
17037,0
17038,1
17039,0
17040,0
17041,0
17042,-1
17043,0
17044,-1
17045,0
17046,-1
17047,0
17048,-1
17049,-1
17050,0
17051,-1
17052,0
17053,-1
17054,-1
17055,0
17056,-1
17057,-1
17058,-1
17059,-3
17060,-1
17061,-1
17062,0
17063,-1
17064,0
17065,-2
17066,0
17067,-2
17068,-1
17069,0
17070,-1
17071,0
17072,-1
17073,1
17074,1
17075,0
17076,0
17077,-1
17078,0
17079,-1
17080,0
17081,0
17082,-1
17083,-1
17084,-2
17085,0
17086,-1
17087,0
17088,-2
17089,-1
17090,0
17091,-1
17092,-2
17093,0
17094,0
17095,1
17096,0
17097,-1
17098,0
17099,1
17100,0
17101,0
17102,1
17103,0
17104,0
17105,0
17106,-2
17107,0
17108,0
17109,0
17110,0
17111,-1
17112,0
17113,0
17114,0
17115,-1
17116,-2
17117,0
17118,-1
17119,-2
17120,-2
17121,0
17122,0
17123,0
17124,0
17125,0
17126,-1
17127,0
17128,0
17129,-1
17130,-1
17131,0
17132,0
17133,0
17134,0
17135,-2
17136,0
17137,-1
17138,-1
17139,1
17140,-1
17141,1
17142,0
17143,-1
17144,0
17145,-1
17146,-2
17147,0
17148,1
17149,0
17150,-2
17151,-1
17152,1
17153,-1
17154,0
17155,0
17156,0
17157,-1
17158,0
17159,0
17160,0
17161,0
17162,1
17163,0
17164,-1
17165,2
17166,-1
17167,-1
17168,0
17169,0
17170,-1
17171,2
17172,0
17173,0
17174,1
17175,0
17176,0
17177,-1
17178,2
17179,0
17180,0
17181,1
17182,-1
17183,0
17184,0
17185,0
17186,0
17187,0
17188,0
17189,-1
17190,0
17191,0
17192,0
17193,-1
17194,0
17195,-1
17196,-1
17197,2
17198,0
17199,0
17200,-3
17201,0
17202,-3
17203,1
17204,-1
17205,-2
17206,-1
17207,-1
17208,1
17209,-1
17210,0
17211,0
17212,0
17213,0
17214,0
17215,0
17216,0
17217,1
17218,0
17219,0
17220,0
17221,-1
17222,0
17223,1
17224,-1
17225,-1
17226,1
17227,-1
17228,-1
17229,-1
17230,0
17231,-2
17232,0
17233,0
17234,-1
17235,-1
17236,0
17237,-1
17238,0
17239,-1
17240,0
17241,-1
17242,-1
17243,-1
17244,1
17245,-1
17246,-2
17247,0
17248,-1
17249,0
17250,0
17251,-1
17252,-1
17253,0
17254,1
17255,-1
17256,0
17257,0
17258,0
17259,-1
17260,0
17261,0
17262,0
17263,0
17264,-1
17265,-1
17266,0
17267,-1
17268,-1
17269,1
17270,0
17271,0
17272,-1
17273,-1
17274,1
17275,-1
17276,0
17277,-1
17278,0
17279,0
17280,0
17281,-2
17282,0
17283,0
17284,0
17285,-1
17286,0
17287,-2
17288,1
17289,0
17290,0
17291,2
17292,1
17293,-1
17294,-2
17295,2
17296,-1
17297,0
17298,2
17299,1
17300,-1
17301,-1
17302,1
17303,0
17304,-1
17305,0
17306,0
17307,0
17308,-1
17309,0
17310,0
17311,0
17312,-1
17313,0
17314,-2
17315,0
17316,3
17317,-1
17318,0
17319,0
17320,0
17321,-2
17322,2
17323,0
17324,0
17325,1
17326,0
17327,0
17328,-1
17329,-1
17330,-1
17331,3
17332,-1
17333,-1
17334,0
17335,0
17336,-1
17337,0
17338,-2
17339,-1
17340,-1
17341,-2
17342,0
17343,1
17344,-1
17345,0
17346,1
17347,0
17348,0
17349,-1
17350,0
17351,0
17352,-1
17353,0
17354,-2
17355,-1
17356,1
17357,0
17358,-1
17359,0
17360,-1
17361,0
17362,-1
17363,-1
17364,0
17365,0
17366,0
17367,-1
17368,0
17369,-1
17370,-1
17371,-1
17372,-1
17373,-1
17374,-1
17375,-1
17376,-1
17377,-1
17378,-1
17379,-1
17380,-1
17381,-1
17382,-1
17383,-1
17384,0
17385,-1
17386,0
17387,-1
17388,-1
17389,0
17390,0
17391,-1
17392,0
17393,0
17394,0
17395,-1
17396,0
17397,0
17398,0
17399,-1
17400,0
17401,-1
17402,-1
17403,0
17404,-1
17405,0
17406,-1
17407,2
17408,0
17409,0
17410,-1
17411,2
17412,0
17413,-1
17414,0
17415,0
17416,0
17417,-1
17418,0
17419,-1
17420,1
17421,-1
17422,1
17423,-1
17424,0
17425,-1
17426,1
17427,-1
17428,1
17429,0
17430,0
17431,-1
17432,0
17433,-1
17434,0
17435,-1
17436,0
17437,1
17438,1
17439,1
17440,0
17441,-1
17442,-2
17443,-1
17444,3
17445,-1
17446,-1
17447,-1
17448,-1
17449,-1
17450,2
17451,-1
17452,-2
17453,-1
17454,3
17455,-2
17456,0
17457,-1
17458,3
17459,-1
17460,-1
17461,0
17462,0
17463,0
17464,-1
17465,0
17466,0
17467,0
17468,-1
17469,-1
17470,0
17471,0
17472,-1
17473,0
17474,-1
17475,0
17476,0
17477,0
17478,-1
17479,0
17480,0
17481,3
17482,-1
17483,-1
17484,0
17485,0
17486,0
17487,0
17488,0
17489,-1
17490,0
17491,-2
17492,0
17493,0
17494,0
17495,-1
17496,0
17497,-1
17498,0
17499,-1
17500,0
17501,0
17502,0
17503,-1
17504,0
17505,-1
17506,0
17507,0
17508,0
17509,-1
17510,-1
17511,-1
17512,0
17513,-1
17514,0
17515,0
17516,-1
17517,-1
17518,0
17519,-1
17520,0
17521,0
17522,0
17523,0
17524,-1
17525,-1
17526,0
17527,-1
17528,0
17529,0
17530,-1
17531,0
17532,0
17533,0
17534,-1
17535,0
17536,-1
17537,0
17538,-1
17539,-1
17540,-1
17541,-1
17542,0
17543,-1
17544,0
17545,-1
17546,0
17547,-1
17548,-1
17549,-1
17550,0
17551,-1
17552,-1
17553,-1
17554,0
17555,-1
17556,0
17557,-1
17558,0
17559,1
17560,0
17561,1
17562,-1
17563,-1
17564,-1
17565,0
17566,0
17567,0
17568,0
17569,0
17570,0
17571,0
17572,0
17573,0
17574,0
17575,0
17576,0
17577,0
17578,0
17579,0
17580,0
17581,0
17582,-1
17583,0
17584,0
17585,0
17586,0
17587,0
17588,0
17589,0
17590,0
17591,0
17592,0
17593,0
17594,0
17595,0
17596,-1
17597,-1
17598,1
17599,-1
17600,-1
17601,0
17602,-1
17603,1
17604,-1
17605,0
17606,1
17607,-1
17608,-1
17609,1
17610,-1
17611,-1
17612,1
17613,1
17614,0
17615,-1
17616,2
17617,1
17618,0
17619,-2
17620,2
17621,0
17622,2
17623,-2
17624,0
17625,-2
17626,2
17627,0
17628,0
17629,-1
17630,2
17631,0
17632,-1
17633,-1
17634,2
17635,0
17636,1
17637,-2
17638,2
17639,0
17640,0
17641,-2
17642,2
17643,-1
17644,-1
17645,0
17646,0
17647,-1
17648,0
17649,-1
17650,-1
17651,-1
17652,-1
17653,1
17654,-1
17655,0
17656,-1
17657,0
17658,-1
17659,0
17660,-1
17661,0
17662,-1
17663,1
17664,-1
17665,0
17666,-1
17667,1
17668,-1
17669,0
17670,-1
17671,0
17672,-1
17673,1
17674,-1
17675,0
17676,0
17677,1
17678,0
17679,-1
17680,0
17681,1
17682,0
17683,-1
17684,0
17685,1
17686,0
17687,-1
17688,1
17689,0
17690,0
17691,0
17692,0
17693,1
17694,1
17695,-1
17696,0
17697,1
17698,0
17699,0
17700,0
17701,1
17702,-1
17703,1
17704,1
17705,-1
17706,0
17707,1
17708,1
17709,-1
17710,0
17711,1
17712,1
17713,-1
17714,-1
17715,-1
17716,3
17717,-1
17718,-1
17719,-1
17720,2
17721,-1
17722,-1
17723,-1
17724,3
17725,-2
17726,-1
17727,-1
17728,2
17729,-1
17730,-1
17731,-1
17732,3
17733,-1
17734,-1
17735,-1
17736,3
17737,-1
17738,-1
17739,-1
17740,1
17741,-1
17742,-1
17743,0
17744,0
17745,0
17746,0
17747,-1
17748,0
17749,0
17750,-1
17751,1
17752,0
17753,-1
17754,0
17755,0
17756,0
17757,-1
17758,0
17759,0
17760,0
17761,-1
17762,-1
17763,-1
17764,0
17765,-1
17766,0
17767,0
17768,0
17769,-1
17770,-1
17771,-1
17772,1
17773,-1
17774,0
17775,0
17776,0
17777,-1
17778,0
17779,-1
17780,0
17781,-1
17782,0
17783,-1
17784,0
17785,-1
17786,-1
17787,-1
17788,-1
17789,-1
17790,0
17791,0
17792,0
17793,-1
17794,-1
17795,-1
17796,0
17797,-1
17798,0
17799,-1
17800,-1
17801,-1
17802,0
17803,-1
17804,0
17805,-1
17806,0
17807,-1
17808,0
17809,-1
17810,0
17811,0
17812,0
17813,0
17814,0
17815,-1
17816,0
17817,-1
17818,0
17819,0
17820,0
17821,0
17822,-1
17823,0
17824,-2
17825,-1
17826,0
17827,-1
17828,0
17829,-1
17830,-1
17831,-1
17832,-1
17833,-1
17834,-1
17835,-1
17836,-1
17837,-1
17838,-1
17839,-1
17840,-1
17841,-1
17842,-1
17843,-1
17844,0
17845,-1
17846,0
17847,-1
17848,0
17849,0
17850,0
17851,-1
17852,0
17853,-1
17854,-1
17855,-1
17856,0
17857,-1
17858,0
17859,0
17860,0
17861,-1
17862,-1
17863,-1
17864,0
17865,-1
17866,-1
17867,-1
17868,0
17869,0
17870,-1
17871,0
17872,0
17873,-1
17874,0
17875,-1
17876,0
17877,-1
17878,-1
17879,-1
17880,0
17881,0
17882,0
17883,0
17884,1
17885,-1
17886,0
17887,-1
17888,0
17889,-1
17890,0
17891,-1
17892,0
17893,0
17894,0
17895,-1
17896,-1
17897,-1
17898,0
17899,-1
17900,0
17901,0
17902,0
17903,-1
17904,0
17905,0
17906,0
17907,0
17908,0
17909,0
17910,-2
17911,-1
17912,0
17913,0
17914,0
17915,0
17916,1
17917,0
17918,0
17919,0
17920,0
17921,0
17922,-1
17923,-1
17924,-1
17925,-1
17926,1
17927,0
17928,-1
17929,-1
17930,-1
17931,-1
17932,0
17933,-2
17934,0
17935,0
17936,-1
17937,-1
17938,0
17939,-1
17940,-1
17941,-1
17942,1
17943,0
17944,-1
17945,2
17946,0
17947,-1
17948,-1
17949,2
17950,0
17951,0
17952,-1
17953,2
17954,0
17955,-1
17956,-1
17957,2
17958,-1
17959,0
17960,-1
17961,2
17962,0
17963,0
17964,-1
17965,2
17966,1
17967,0
17968,-1
17969,2
17970,0
17971,0
17972,-2
17973,2
17974,0
17975,1
17976,0
17977,-1
17978,0
17979,1
17980,-1
17981,1
17982,-1
17983,0
17984,-1
17985,-1
17986,1
17987,-1
17988,1
17989,-1
17990,1
17991,-1
17992,0
17993,1
17994,0
17995,-1
17996,1
17997,-1
17998,1
17999,0
18000,0
18001,1
18002,-2
18003,-2
18004,1
18005,-1
18006,-1
18007,-1
18008,1
18009,-1
18010,0
18011,-1
18012,0
18013,-1
18014,-1
18015,-1
18016,-1
18017,0
18018,-3
18019,1
18020,-1
18021,0
18022,0
18023,0
18024,-1
18025,0
18026,0
18027,0
18028,-2
18029,-1
18030,0
18031,-1
18032,1
18033,-1
18034,0
18035,0
18036,-1
18037,0
18038,-1
18039,0
18040,0
18041,0
18042,0
18043,-1
18044,0
18045,-1
18046,0
18047,-2
18048,0
18049,-1
18050,0
18051,-1
18052,0
18053,-1
18054,0
18055,-2
18056,0
18057,0
18058,1
18059,0
18060,0
18061,0
18062,1
18063,0
18064,0
18065,0
18066,1
18067,0
18068,0
18069,0
18070,0
18071,1
18072,0
18073,1
18074,1
18075,-1
18076,-1
18077,-1
18078,-1
18079,-1
18080,2
18081,-1
18082,-2
18083,0
18084,2
18085,-2
18086,-2
18087,0
18088,2
18089,-1
18090,-2
18091,-1
18092,2
18093,-1
18094,-1
18095,0
18096,3
18097,-1
18098,0
18099,-1
18100,3
18101,-1
18102,-2
18103,-1
18104,3
18105,-1
18106,-1
18107,-1
18108,2
18109,-1
18110,-1
18111,-1
18112,2
18113,-1
18114,0
18115,-1
18116,3
18117,-2
18118,-1
18119,3
18120,-1
18121,-1
18122,0
18123,3
18124,-1
18125,-1
18126,0
18127,0
18128,0
18129,-1
18130,0
18131,0
18132,0
18133,-1
18134,0
18135,0
18136,0
18137,1
18138,0
18139,0
18140,0
18141,1
18142,-1
18143,0
18144,-1
18145,0
18146,-1
18147,-1
18148,1
18149,-1
18150,-1
18151,0
18152,0
18153,-1
18154,0
18155,0
18156,-1
18157,1
18158,0
18159,-1
18160,-1
18161,-2
18162,0
18163,0
18164,-1
18165,1
18166,0
18167,0
18168,0
18169,0
18170,0
18171,0
18172,0
18173,0
18174,0
18175,0
18176,0
18177,0
18178,0
18179,0
18180,0
18181,0
18182,1
18183,0
18184,0
18185,0
18186,0
18187,0
18188,0
18189,-1
18190,0
18191,1
18192,0
18193,-1
18194,0
18195,-1
18196,-1
18197,0
18198,0
18199,0
18200,0
18201,0
18202,-1
18203,0
18204,0
18205,0
18206,1
18207,-1
18208,1
18209,0
18210,0
18211,-1
18212,1
18213,-1
18214,0
18215,-1
18216,0
18217,-1
18218,0
18219,0
18220,0
18221,-1
18222,-1
18223,0
18224,-3
18225,0
18226,0
18227,-1
18228,-1
18229,-1
18230,-1
18231,0
18232,0
18233,-1
18234,0
18235,0
18236,-1
18237,0
18238,0
18239,0
18240,0
18241,0
18242,0
18243,0
18244,1
18245,0
18246,-1
18247,0
18248,0
18249,0
18250,-1
18251,0
18252,-1
18253,0
18254,-1
18255,0
18256,-1
18257,-1
18258,0
18259,0
18260,-1
18261,0
18262,-1
18263,-1
18264,0
18265,0
18266,0
18267,-1
18268,-1
18269,0
18270,0
18271,-1
18272,0
18273,-1
18274,0
18275,0
18276,0
18277,-1
18278,-1
18279,0
18280,0
18281,0
18282,0
18283,0
18284,0
18285,-1
18286,0
18287,-1
18288,-1
18289,-1
18290,-1
18291,-2
18292,-1
18293,-1
18294,-1
18295,0
18296,0
18297,0
18298,-1
18299,0
18300,0
18301,0
18302,-1
18303,0
18304,-1
18305,0
18306,0
18307,0
18308,0
18309,0
18310,-1
18311,0
18312,-1
18313,0
18314,0
18315,1
18316,0
18317,-1
18318,0
18319,0
18320,-1
18321,0
18322,0
18323,0
18324,0
18325,0
18326,0
18327,0
18328,0
18329,-1
18330,-1
18331,-1
18332,0
18333,-1
18334,0
18335,-1
18336,0
18337,-2
18338,0
18339,-2
18340,0
18341,-1
18342,0
18343,-1
18344,1
18345,-2
18346,0
18347,-1
18348,-1
18349,-2
18350,0
18351,-1
18352,0
18353,-1
18354,1
18355,-1
18356,0
18357,-1
18358,0
18359,-1
18360,-1
18361,-1
18362,-1
18363,0
18364,-1
18365,0
18366,0
18367,-1
18368,-1
18369,0
18370,-1
18371,0
18372,-1
18373,0
18374,-1
18375,-1
18376,-1
18377,-4
18378,0
18379,-1
18380,0
18381,-1
18382,0
18383,-1
18384,-1
18385,-1
18386,0
18387,-1
18388,-1
18389,-1
18390,-1
18391,-1
18392,-1
18393,-1
18394,-1
18395,-1
18396,-1
18397,-1
18398,0
18399,-1
18400,-1
18401,-1
18402,0
18403,0
18404,-1
18405,-1
18406,-1
18407,-1
18408,0
18409,0
18410,-1
18411,-1
18412,0
18413,0
18414,-1
18415,-1
18416,0
18417,-1
18418,-1
18419,-1
18420,1
18421,0
18422,-1
18423,-1
18424,0
18425,-1
18426,-1
18427,-1
18428,0
18429,-1
18430,0
18431,-1
18432,0
18433,-1
18434,-1
18435,-1
18436,0
18437,-1
18438,-1
18439,-1
18440,1
18441,0
18442,0
18443,0
18444,0
18445,0
18446,0
18447,0
18448,1
18449,0
18450,1
18451,1
18452,0
18453,0
18454,-2
18455,0
18456,-1
18457,-1
18458,-1
18459,0
18460,0
18461,-1
18462,-1
18463,0
18464,-1
18465,-1
18466,-1
18467,0
18468,-1
18469,-1
18470,-1
18471,0
18472,0
18473,-1
18474,-1
18475,0
18476,0
18477,0
18478,0
18479,0
18480,0
18481,0
18482,0
18483,0
18484,0
18485,0
18486,-1
18487,0
18488,-1
18489,0
18490,1
18491,0
18492,0
18493,0
18494,-1
18495,0
18496,1
18497,0
18498,0
18499,0
18500,0
18501,0
18502,1
18503,0
18504,0
18505,0
18506,0
18507,0
18508,-1
18509,0
18510,0
18511,0
18512,0
18513,0
18514,0
18515,0
18516,-1
18517,0
18518,0
18519,0
18520,-1
18521,0
18522,0
18523,0
18524,0
18525,0
18526,0
18527,-1
18528,0
18529,0
18530,0
18531,-1
18532,0
18533,0
18534,0
18535,0
18536,0
18537,0
18538,0
18539,0
18540,0
18541,0
18542,0
18543,0
18544,0
18545,0
18546,0
18547,0
18548,-1
18549,-2
18550,-1
18551,0
18552,0
18553,0
18554,0
18555,-1
18556,0
18557,-1
18558,0
18559,-1
18560,1
18561,-1
18562,-1
18563,1
18564,-1
18565,-1
18566,0
18567,-1
18568,-1
18569,1
18570,-1
18571,-1
18572,1
18573,-2
18574,-1
18575,1
18576,0
18577,0
18578,0
18579,0
18580,0
18581,-1
18582,2
18583,0
18584,0
18585,-1
18586,2
18587,0
18588,0
18589,-1
18590,2
18591,0
18592,0
18593,-1
18594,2
18595,1
18596,-1
18597,-1
18598,2
18599,0
18600,-1
18601,-2
18602,2
18603,0
18604,0
18605,-2
18606,2
18607,0
18608,-1
18609,0
18610,0
18611,0
18612,-1
18613,-1
18614,2
18615,1
18616,0
18617,-1
18618,2
18619,1
18620,0
18621,-1
18622,2
18623,0
18624,1
18625,-1
18626,2
18627,0
18628,0
18629,-1
18630,2
18631,1
18632,1
18633,-1
18634,2
18635,0
18636,2
18637,-2
18638,0
18639,-3
18640,-1
18641,0
18642,1
18643,0
18644,-1
18645,2
18646,1
18647,0
18648,-1
18649,2
18650,0
18651,0
18652,0
18653,0
18654,0
18655,0
18656,0
18657,0
18658,-1
18659,0
18660,0
18661,0
18662,0
18663,-1
18664,0
18665,-1
18666,0
18667,-1
18668,-1
18669,1
18670,-1
18671,1
18672,-1
18673,-1
18674,0
18675,-1
18676,0
18677,-1
18678,0
18679,-1
18680,0
18681,0
18682,1
18683,-1
18684,1
18685,-1
18686,1
18687,-1
18688,0
18689,-1
18690,0
18691,-1
18692,1
18693,0
18694,0
18695,-1
18696,1
18697,0
18698,1
18699,-1
18700,0
18701,-1
18702,0
18703,-1
18704,0
18705,-1
18706,1
18707,-1
18708,1
18709,0
18710,1
18711,1
18712,-1
18713,0
18714,0
18715,1
18716,0
18717,0
18718,1
18719,1
18720,-2
18721,0
18722,0
18723,0
18724,-1
18725,0
18726,1
18727,0
18728,0
18729,0
18730,1
18731,1
18732,0
18733,0
18734,1
18735,1
18736,0
18737,0
18738,1
18739,0
18740,0
18741,0
18742,1
18743,0
18744,-1
18745,0
18746,-1
18747,1
18748,-1
18749,0
18750,0
18751,1
18752,-1
18753,1
18754,1
18755,-1
18756,0
18757,1
18758,0
18759,-1
18760,1
18761,1
18762,1
18763,0
18764,1
18765,-1
18766,0
18767,-1
18768,0
18769,0
18770,0
18771,0
18772,1
18773,1
18774,1
18775,0
18776,0
18777,1
18778,0
18779,0
18780,1
18781,0
18782,0
18783,0
18784,1
18785,0
18786,-1
18787,-1
18788,-1
18789,3
18790,-1
18791,-2
18792,-1
18793,3
18794,-1
18795,-2
18796,3
18797,-1
18798,-1
18799,-1
18800,3
18801,-1
18802,-1
18803,-1
18804,3
18805,-1
18806,-2
18807,-1
18808,2
18809,-1
18810,0
18811,-1
18812,2
18813,-1
18814,0
18815,-1
18816,3
18817,-1
18818,-2
18819,-1
18820,-1
18821,-1
18822,0
18823,2
18824,-1
18825,-1
18826,-1
18827,3
18828,-1
18829,-2
18830,0
18831,3
18832,-1
18833,0
18834,-1
18835,3
18836,-1
18837,0
18838,-1
18839,3
18840,-2
18841,-1
18842,-1
18843,3
18844,-2
18845,-1
18846,-1
18847,2
18848,-1
18849,-2
18850,-1
18851,3
18852,-1
18853,-1
18854,-1
18855,2
18856,-2
18857,0
18858,-1
18859,2
18860,-1
18861,0
18862,0
18863,-1
18864,0
18865,0
18866,0
18867,0
18868,0
18869,0
18870,0
18871,0
18872,-2
18873,0
18874,0
18875,-1
18876,0
18877,0
18878,-2
18879,0
18880,0
18881,0
18882,0
18883,-1
18884,-1
18885,0
18886,-1
18887,0
18888,-1
18889,1
18890,-1
18891,-1
18892,1
18893,0
18894,0
18895,0
18896,-1
18897,-1
18898,0
18899,0
18900,-1
18901,0
18902,-1
18903,0
18904,0
18905,0
18906,-1
18907,0
18908,0
18909,-1
18910,0
18911,-1
18912,0
18913,-1
18914,0
18915,-2
18916,0
18917,-1
18918,-1
18919,-1
18920,0
18921,-1
18922,0
18923,-1
18924,-1
18925,-1
18926,0
18927,-1
18928,-1
18929,0
18930,0
18931,0
18932,-2
18933,0
18934,0
18935,0
18936,-1
18937,0
18938,-1
18939,0
18940,-1
18941,-1
18942,-1
18943,0
18944,-1
18945,-1
18946,-1
18947,1
18948,-1
18949,0
18950,1
18951,0
18952,-1
18953,1
18954,0
18955,0
18956,1
18957,0
18958,0
18959,0
18960,0
18961,0
18962,0
18963,0
18964,0
18965,0
18966,-1
18967,-1
18968,0
18969,0
18970,1
18971,1
18972,0
18973,0
18974,0
18975,0
18976,0
18977,1
18978,-1
18979,-1
18980,-1
18981,0
18982,-1
18983,-1
18984,-1
18985,0
18986,0
18987,0
18988,0
18989,0
18990,0
18991,0
18992,0
18993,0
18994,0
18995,0
18996,-1
18997,-2
18998,-1
18999,-1
19000,0
19001,-1
19002,0
19003,-1
19004,0
19005,0
19006,-2
19007,0
19008,-1
19009,0
19010,0
19011,-1
19012,0
19013,0
19014,0
19015,0
19016,0
19017,0
19018,0
19019,0
19020,0
19021,-1
19022,0
19023,-1
19024,1
19025,0
19026,0
19027,0
19028,-1
19029,-1
19030,-1
19031,-1
19032,-1
19033,0
19034,-1
19035,-1
19036,-1
19037,0
19038,-1
19039,0
19040,0
19041,-1
19042,-1
19043,0
19044,0
19045,-1
19046,1
19047,-1
19048,-1
19049,2
19050,-1
19051,-1
19052,-2
19053,2
19054,0
19055,-1
19056,2
19057,-2
19058,1
19059,-1
19060,0
19061,1
19062,-1
19063,2
19064,0
19065,-1
19066,0
19067,0
19068,-1
19069,-2
19070,2
19071,1
19072,-1
19073,0
19074,0
19075,1
19076,-1
19077,1
19078,-1
19079,1
19080,-1
19081,1
19082,0
19083,1
19084,0
19085,1
19086,-1
19087,2
19088,-1
19089,0
19090,-2
19091,1
19092,-1
19093,1
19094,-1
19095,-1
19096,0
19097,-1
19098,0
19099,0
19100,-1
19101,-1
19102,-1
19103,0
19104,-1
19105,0
19106,0
19107,1
19108,-1
19109,-1
19110,0
19111,-1
19112,0
19113,0
19114,-1
19115,-1
19116,2
19117,0
19118,-1
19119,-1
19120,-2
19121,1
19122,0
19123,0
19124,-1
19125,1
19126,-1
19127,0
19128,-1
19129,0
19130,1
19131,-1
19132,0
19133,-1
19134,0
19135,1
19136,-1
19137,0
19138,-1
19139,0
19140,-2
19141,0
19142,-1
19143,0
19144,-1
19145,0
19146,1
19147,-1
19148,0
19149,-1
19150,0
19151,0
19152,-2
19153,1
19154,-1
19155,-1
19156,0
19157,1
19158,1
19159,1
19160,1
19161,0
19162,0
19163,0
19164,1
19165,1
19166,-1
19167,-1
19168,-1
19169,-1
19170,3
19171,-1
19172,-2
19173,-1
19174,3
19175,-1
19176,-2
19177,0
19178,-2
19179,0
19180,0
19181,0
19182,-1
19183,-1
19184,0
19185,-2
19186,0
19187,-2
19188,-1
19189,3
19190,-1
19191,0
19192,-1
19193,0
19194,0
19195,-1
19196,-2
19197,1
19198,0
19199,-1
19200,-1
19201,2
19202,-1
19203,-1
19204,0
19205,-3
19206,-1
19207,-1
19208,3
19209,-1
19210,-1
19211,-1
19212,3
19213,-1
19214,-1
19215,0
19216,0
19217,0
19218,-1
19219,0
19220,0
19221,0
19222,-1
19223,0
19224,-1
19225,0
19226,-1
19227,1
19228,0
19229,0
19230,-1
19231,2
19232,1
19233,-1
19234,-1
19235,0
19236,-1
19237,0
19238,1
19239,-1
19240,1
19241,0
19242,-1
19243,1
19244,-1
19245,-1
19246,1
19247,1
19248,-1
19249,0
19250,-1
19251,1
19252,-1
19253,-1
19254,-1
19255,-1
19256,0
19257,0
19258,-1
19259,0
19260,-2
19261,0
19262,-1
19263,-2
19264,0
19265,0
19266,-1
19267,0
19268,-1
19269,-2
19270,0
19271,-1
19272,0
19273,0
19274,-1
19275,0
19276,-2
19277,0
19278,-1
19279,0
19280,0
19281,-1
19282,0
19283,0
19284,0
19285,0
19286,-1
19287,-2
19288,3
19289,-1
19290,-1
19291,0
19292,0
19293,0
19294,-1
19295,0
19296,0
19297,-1
19298,0
19299,-1
19300,0
19301,0
19302,-2
19303,0
19304,0
19305,-1
19306,0
19307,0
19308,0
19309,0
19310,0
19311,-1
19312,0
19313,0
19314,0
19315,0
19316,1
19317,0
19318,0
19319,0
19320,0
19321,0
19322,0
19323,1
19324,-1
19325,0
19326,0
19327,0
19328,0
19329,-1
19330,0
19331,-1
19332,0
19333,-1
19334,0
19335,-1
19336,0
19337,-1
19338,-1
19339,-1
19340,0
19341,0
19342,0
19343,0
19344,-1
19345,-1
19346,-1
19347,0
19348,0
19349,-1
19350,-1
19351,-1
19352,-1
19353,0
19354,0
19355,0
19356,0
19357,0
19358,0
19359,0
19360,0
19361,-1
19362,0
19363,-2
19364,0
19365,0
19366,-1
19367,-1
19368,-1
19369,-2
19370,0
19371,-1
19372,0
19373,0
19374,-1
19375,0
19376,-1
19377,0
19378,0
19379,0
19380,0
19381,0
19382,0
19383,0
19384,0
19385,0
19386,0
19387,0
19388,0
19389,-1
19390,0
19391,-1
19392,0
19393,-1
19394,0
19395,0
19396,-1
19397,-1
19398,0
19399,-1
19400,0
19401,0
19402,0
19403,0
19404,-1
19405,0
19406,-1
19407,0
19408,-1
19409,0
19410,-2
19411,0
19412,0
19413,-1
19414,-1
19415,0
19416,-1
19417,-1
19418,-1
19419,0
19420,-1
19421,-4
19422,0
19423,-1
19424,-1
19425,0
19426,0
19427,0
19428,0
19429,-1
19430,0
19431,-1
19432,0
19433,-1
19434,0
19435,0
19436,0
19437,-1
19438,0
19439,-1
19440,-1
19441,-3
19442,-1
19443,0
19444,-1
19445,0
19446,0
19447,-1
19448,-1
19449,-1
19450,0
19451,-1
19452,0
19453,0
19454,0
19455,0
19456,1
19457,-1
19458,-1
19459,0
19460,-1
19461,0
19462,-1
19463,0
19464,-1
19465,0
19466,-1
19467,0
19468,0
19469,1
19470,0
19471,-1
19472,0
19473,0
19474,0
19475,0
19476,-1
19477,1
19478,0
19479,1
19480,-1
19481,1
19482,0
19483,0
19484,0
19485,1
19486,0
19487,1
19488,0
19489,-1
19490,0
19491,0
19492,0
19493,-1
19494,-1
19495,-1
19496,0
19497,-1
19498,0
19499,0
19500,0
19501,-1
19502,0
19503,0
19504,0
19505,0
19506,-1
19507,-2
19508,0
19509,-1
19510,-1
19511,0
19512,-1
19513,-1
19514,0
19515,1
19516,-1
19517,0
19518,0
19519,0
19520,-1
19521,0
19522,0
19523,0
19524,-1
19525,1
19526,0
19527,0
19528,-2
19529,0
19530,-1
19531,0
19532,0
19533,0
19534,0
19535,0
19536,1
19537,0
19538,0
19539,0
19540,0
19541,0
19542,0
19543,0
19544,0
19545,0
19546,0
19547,0
19548,-1
19549,-2
19550,0
19551,0
19552,0
19553,0
19554,-1
19555,0
19556,0
19557,-1
19558,0
19559,0
19560,-2
19561,0
19562,0
19563,0
19564,-4
19565,0
19566,0
19567,0
19568,-1
19569,0
19570,0
19571,0
19572,-1
19573,0
19574,0
19575,1
19576,-1
19577,0
19578,-1
19579,-1
19580,1
19581,0
19582,-2
19583,0
19584,0
19585,-2
19586,1
19587,1
19588,-1
19589,1
19590,0
19591,0
19592,-1
19593,-1
19594,-2
19595,1
19596,1
19597,0
19598,-1
19599,1
19600,-1
19601,-1
19602,1
19603,1
19604,-1
19605,0
19606,-2
19607,1
19608,-1
19609,0
19610,1
19611,0
19612,1
19613,0
19614,0
19615,-1
19616,2
19617,1
19618,-1
19619,0
19620,-1
19621,-1
19622,2
19623,-2
19624,-1
19625,-1
19626,2
19627,1
19628,0
19629,-1
19630,2
19631,1
19632,-1
19633,-1
19634,0
19635,0
19636,0
19637,-1
19638,-1
19639,0
19640,0
19641,-1
19642,3
19643,-2
19644,0
19645,-1
19646,2
19647,0
19648,0
19649,-1
19650,2
19651,0
19652,-1
19653,2
19654,-1
19655,0
19656,0
19657,0
19658,0
19659,0
19660,0
19661,-1
19662,-2
19663,2
19664,0
19665,2
19666,1
19667,0
19668,0
19669,-1
19670,-1
19671,2
19672,0
19673,-1
19674,0
19675,1
19676,0
19677,0
19678,0
19679,0
19680,0
19681,-1
19682,1
19683,0
19684,-1
19685,0
19686,0
19687,0
19688,1
19689,0
19690,0
19691,1
19692,-1
19693,-1
19694,0
19695,-1
19696,0
19697,0
19698,-1
19699,0
19700,-1
19701,0
19702,0
19703,0
19704,-1
19705,-1
19706,-1
19707,0
19708,-1
19709,1
19710,-1
19711,1
19712,-2
19713,1
19714,-2
19715,1
19716,0
19717,0
19718,-1
19719,0
19720,-1
19721,1
19722,-1
19723,1
19724,-1
19725,1
19726,-1
19727,1
19728,-1
19729,0
19730,1
19731,1
19732,0
19733,0
19734,0
19735,1
19736,0
19737,1
19738,0
19739,0
19740,1
19741,1
19742,0
19743,0
19744,1
19745,1
19746,1
19747,0
19748,-1
19749,0
19750,0
19751,0
19752,0
19753,1
19754,0
19755,-1
19756,1
19757,1
19758,0
19759,0
19760,1
19761,0
19762,1
19763,0
19764,0
19765,-1
19766,0
19767,1
19768,-1
19769,1
19770,1
19771,1
19772,0
19773,-1
19774,0
19775,-2
19776,0
19777,0
19778,0
19779,1
19780,0
19781,0
19782,1
19783,0
19784,0
19785,1
19786,0
19787,0
19788,0
19789,0
19790,-1
19791,-1
19792,-1
19793,3
19794,-1
19795,-1
19796,-1
19797,3
19798,-1
19799,-2
19800,-1
19801,3
19802,-1
19803,-1
19804,-1
19805,3
19806,-1
19807,-2
19808,-1
19809,3
19810,-1
19811,-1
19812,0
19813,-2
19814,1
19815,-1
19816,-1
19817,2
19818,-1
19819,-2
19820,1
19821,-4
19822,1
19823,-2
19824,-1
19825,3
19826,0
19827,-1
19828,0
19829,0
19830,0
19831,-2
19832,0
19833,3
19834,-2
19835,-1
19836,-1
19837,3
19838,-1
19839,-1
19840,2
19841,0
19842,-1
19843,3
19844,-2
19845,-1
19846,-1
19847,3
19848,-1
19849,-1
19850,0
19851,-3
19852,1
19853,0
19854,0
19855,0
19856,0
19857,-1
19858,0
19859,0
19860,-1
19861,1
19862,0
19863,0
19864,-1
19865,0
19866,0
19867,0
19868,0
19869,0
19870,-1
19871,0
19872,0
19873,0
19874,0
19875,-2
19876,0
19877,0
19878,0
19879,0
19880,0
19881,1
19882,-1
19883,0
19884,0
19885,0
19886,0
19887,-1
19888,0
19889,-1
19890,0
19891,0
19892,-1
19893,0
19894,0
19895,0
19896,-1
19897,-1
19898,0
19899,0
19900,0
19901,0
19902,-1
19903,1
19904,0
19905,0
19906,-1
19907,-1
19908,-1
19909,-1
19910,-1
19911,-1
19912,-1
19913,0
19914,0
19915,-1
19916,0
19917,0
19918,0
19919,0
19920,0
19921,0
19922,-2
19923,0
19924,-1
19925,1
19926,-1
19927,-1
19928,-2
19929,0
19930,0
19931,-1
19932,-1
19933,0
19934,2
19935,0
19936,-1
19937,-1
19938,-1
19939,0
19940,-1
19941,-1
19942,-1
19943,-1
19944,0
19945,0
19946,-1
19947,-1
19948,0
19949,1
19950,-1
19951,0
19952,-1
19953,-1
19954,0
19955,0
19956,0
19957,0
19958,0
19959,0
19960,0
19961,-1
19962,0
19963,-1
19964,-1
19965,0
19966,0
19967,0
19968,-1
19969,0
19970,-2
19971,0
19972,0
19973,0
19974,-2
19975,-1
19976,0
19977,0
19978,-1
19979,-2
19980,0
19981,-1
19982,0
19983,-2
19984,-2
19985,-1
19986,-2
19987,-1
19988,0
19989,0
19990,-1
19991,0
19992,-1
19993,1
19994,0
19995,0
19996,0
19997,2
19998,-1
19999,0
20000,-1
20001,-2
20002,-1
20003,2
20004,-1
20005,-1
20006,1
20007,0
20008,0
20009,0
20010,-1
20011,0
20012,0
20013,1
20014,0
20015,0
20016,-1
20017,1
20018,-1
20019,-1
20020,-1
20021,-1
20022,0
20023,0
20024,0
20025,0
20026,-1
20027,0
20028,0
20029,0
20030,-1
20031,-1
20032,1
20033,-1
20034,0
20035,-1
20036,-1
20037,1
20038,-1
20039,0
20040,-1
20041,0
20042,1
20043,0
20044,0
20045,0
20046,3
20047,1
20048,-2
20049,0
20050,-1
20051,0
20052,-1
20053,0
20054,-1
20055,-1
20056,1
20057,-1
20058,1
20059,-1
20060,1
20061,0
20062,1
20063,0
20064,1
20065,-1
20066,0
20067,-1
20068,0
20069,-1
20070,-1
20071,0
20072,-1
20073,0
20074,-1
20075,0
20076,-1
20077,0
20078,-1
20079,0
20080,-1
20081,0
20082,-1
20083,0
20084,0
20085,-2
20086,0
20087,0
20088,0
20089,-1
20090,0
20091,-2
20092,1
20093,-1
20094,0
20095,0
20096,1
20097,-2
20098,0
20099,0
20100,-1
20101,0
20102,-2
20103,0
20104,1
20105,-1
20106,0
20107,0
20108,-2
20109,-1
20110,2
20111,0
20112,0
20113,0
20114,1
20115,-2
20116,0
20117,0
20118,-1
20119,0
20120,-1
20121,-1
20122,0
20123,2
20124,0
20125,-1
20126,1
20127,0
20128,-1
20129,0
20130,0
20131,1
20132,0
20133,-3
20134,0
20135,-1
20136,-1
20137,0
20138,-2
20139,-1
20140,-1
20141,-1
20142,1
20143,0
20144,-1
20145,-1
20146,0
20147,-1
20148,0
20149,-2
20150,-1
20151,0
20152,0
20153,-1
20154,-2
20155,1
20156,-2
20157,0
20158,0
20159,-2
20160,0
20161,-1
20162,1
20163,-1
20164,0
20165,1
20166,1
20167,3
20168,0
20169,-2
20170,-2
20171,-1
20172,-2
20173,0
20174,0
20175,-1
20176,0
20177,-1
20178,-1
20179,0
20180,0
20181,0
20182,0
20183,1
20184,0
20185,3
20186,-1
20187,0
20188,-1
20189,0
20190,1
20191,0
20192,-1
20193,0
20194,-1
20195,-1
20196,0
20197,-1
20198,0
20199,0
20200,0
20201,-1
20202,-1
20203,0
20204,0
20205,1
20206,0
20207,0
20208,0
20209,0
20210,0
20211,-1
20212,0
20213,0
20214,0
20215,-1
20216,1
20217,0
20218,0
20219,0
20220,0
20221,1
20222,0
20223,0
20224,0
20225,0
20226,0
20227,1
20228,0
20229,-1
20230,0
20231,0
20232,-1
20233,-1
20234,-1
20235,0
20236,0
20237,0
20238,0
20239,-1
20240,0
20241,1
20242,0
20243,-1
20244,0
20245,0
20246,0
20247,-1
20248,-1
20249,-1
20250,0
20251,-2
20252,-2
20253,0
20254,0
20255,-1
20256,0
20257,0
20258,-1
20259,-1
20260,0
20261,0
20262,-1
20263,0
20264,-1
20265,-1
20266,-1
20267,-1
20268,-1
20269,-1
20270,-1
20271,-2
20272,-1
20273,0
20274,-1
20275,-1
20276,-1
20277,0
20278,-1
20279,-1
20280,1
20281,0
20282,0
20283,-1
20284,-2
20285,-1
20286,-1
20287,0
20288,-1
20289,0
20290,0
20291,0
20292,-1
20293,-1
20294,0
20295,0
20296,0
20297,0
20298,0
20299,-1
20300,-1
20301,0
20302,1
20303,-1
20304,-1
20305,0
20306,-1
20307,1
20308,0
20309,0
20310,-1
20311,-1
20312,0
20313,0
20314,-1
20315,0
20316,1
20317,-1
20318,0
20319,0
20320,0
20321,1
20322,1
20323,0
20324,0
20325,0
20326,0
20327,0
20328,0
20329,-2
20330,0
20331,0
20332,0
20333,0
20334,0
20335,-1
20336,1
20337,0
20338,0
20339,0
20340,-2
20341,0
20342,0
20343,0
20344,1
20345,0
20346,0
20347,0
20348,0
20349,0
20350,-1
20351,-2
20352,0
20353,0
20354,0
20355,0
20356,-1
20357,-1
20358,0
20359,0
20360,0
20361,0
20362,-1
20363,0
20364,0
20365,-2
20366,0
20367,-1
20368,0
20369,0
20370,0
20371,-1
20372,-1
20373,0
20374,0
20375,0
20376,0
20377,-2
20378,0
20379,0
20380,0
20381,0
20382,-1
20383,1
20384,0
20385,0
20386,-1
20387,0
20388,0
20389,0
20390,0
20391,0
20392,-1
20393,0
20394,0
20395,0
20396,-1
20397,0
20398,0
20399,0
20400,-1
20401,0
20402,-1
20403,-1
20404,-1
20405,-2
20406,0
20407,1
20408,0
20409,1
20410,-1
20411,0
20412,0
20413,0
20414,1
20415,0
20416,-1
20417,-1
20418,3
20419,1
20420,0
20421,-1
20422,0
20423,-1
20424,3
20425,1
20426,0
20427,0
20428,0
20429,1
20430,1
20431,-1
20432,1
20433,1
20434,-1
20435,2
20436,-1
20437,1
20438,0
20439,-2
20440,1
20441,-1
20442,1
20443,0
20444,1
20445,-1
20446,-1
20447,-1
20448,0
20449,1
20450,0
20451,0
20452,0
20453,-1
20454,1
20455,-2
20456,1
20457,0
20458,0
20459,0
20460,1
20461,0
20462,0
20463,1
20464,1
20465,0
20466,0
20467,1
20468,-1
20469,0
20470,-1
20471,0
20472,0
20473,0
20474,-1
20475,0
20476,0
20477,0
20478,1
20479,0
20480,-2
20481,0
20482,-1
20483,-1
20484,0
20485,0
20486,-1
20487,-1
20488,1
20489,-1
20490,-1
20491,-1
20492,0
20493,0
20494,0
20495,-1
20496,1
20497,0
20498,1
20499,-2
20500,0
20501,-1
20502,-1
20503,-1
20504,-1
20505,0
20506,0
20507,1
20508,1
20509,0
20510,1
20511,-1
20512,0
20513,-1
20514,0
20515,-1
20516,0
20517,-1
20518,0
20519,1
20520,-1
20521,-1
20522,1
20523,0
20524,0
20525,-1
20526,-1
20527,0
20528,-1
20529,0
20530,0
20531,-1
20532,0
20533,0
20534,-2
20535,0
20536,1
20537,0
20538,1
20539,-1
20540,-1
20541,0
20542,0
20543,0
20544,0
20545,0
20546,-1
20547,0
20548,2
20549,0
20550,0
20551,0
20552,1
20553,0
20554,0
20555,-2
20556,0
20557,-1
20558,3
20559,0
20560,0
20561,0
20562,-1
20563,-1
20564,0
20565,0
20566,-1
20567,-1
20568,2
20569,2
20570,-2
20571,0
20572,2
20573,-1
20574,0
20575,2
20576,0
20577,-1
20578,2
20579,-1
20580,1
20581,-1
20582,0
20583,0
20584,-2
20585,0
20586,-2
20587,0
20588,0
20589,-1
20590,-1
20591,0
20592,1
20593,-1
20594,0
20595,0
20596,-1
20597,-1
20598,0
20599,1
20600,-1
20601,-1
20602,-1
20603,1
20604,-1
20605,1
20606,0
20607,0
20608,0
20609,-1
20610,-1
20611,-1
20612,0
20613,-1
20614,0
20615,-1
20616,0
20617,-1
20618,-1
20619,0
20620,-1
20621,0
20622,-1
20623,-1
20624,-1
20625,0
20626,0
20627,0
20628,-1
20629,0
20630,-1
20631,-1
20632,-1
20633,0
20634,0
20635,-1
20636,-1
20637,1
20638,0
20639,0
20640,-1
20641,0
20642,1
20643,1
20644,0
20645,1
20646,-1
20647,0
20648,1
20649,1
20650,0
20651,0
20652,0
20653,0
20654,-1
20655,0
20656,0
